iata_code,name,city,country,lat,lng,is_international,label,source_url
AAE,Annaba,Annaba,Algeria,36.822225,7.809167,false,Annaba (AAE),https://raw.githubusercontent.com/algolia/datasets/master/airports/airports.json
AAL,Aalborg,Aalborg,Denmark,57.092789,9.849164,false,Aalborg (AAL),https://raw.githubusercontent.com/algolia/datasets/master/airports/airports.json
AAN,Al Ain International Airport,Al Ain,United Arab Emirates,24.261667,55.609167,true,Al Ain (AAN),https://raw.githubusercontent.com/algolia/datasets/master/airports/airports.json
AAQ,Vityazevo,Anapa,Russia,45.002097,37.347272,false,Anapa (AAQ),https://raw.githubusercontent.com/algolia/datasets/master/airports/airports.json
AAR,Aarhus,Aarhus,Denmark,56.300017,10.619008,false,Aarhus (AAR),https://raw.githubusercontent.com/algolia/datasets/master/airports/airports.json
AAT,Altay Airport,Altay,China,47.866667,88.116667,false,Altay (AAT),https://raw.githubusercontent.com/algolia/datasets/master/airports/airports.json
AAX,Araxa Airport,Araxa,Brazil,-19.563056,-46.960278,false,Araxa (AAX),https://raw.githubusercontent.com/algolia/datasets/master/airports/airports.json
AAY,Al Ghaidah Intl,Al Ghaidah Intl,Yemen,16.191667,52.175,true,Al Ghaidah Intl (AAY),https://raw.githubusercontent.com/algolia/datasets/master/airports/airports.json
ABA,Abakan,Abakan,Russia,53.74,91.385,false,Abakan (ABA),https://raw.githubusercontent.com/algolia/datasets/master/airports/airports.json
ABD,Abadan,Abadan,Iran,30.371111,48.228333,false,Abadan (ABD),https://raw.githubusercontent.com/algolia/datasets/master/airports/airports.json
ABE,Lehigh Valley Intl,Allentown,United States,40.652083,-75.440806,true,Allentown (ABE),https://raw.githubusercontent.com/algolia/datasets/master/airports/airports.json
ABI,Abilene Rgnl,Abilene,United States,32.411319,-99.681897,false,Abilene (ABI),https://raw.githubusercontent.com/algolia/datasets/master/airports/airports.json
ABJ,Abidjan Felix Houphouet Boigny Intl,Abidjan,Cote d'Ivoire,5.261386,-3.926294,true,Abidjan (ABJ),https://raw.githubusercontent.com/algolia/datasets/master/airports/airports.json
ABL,Ambler Airport,Ambler,United States,67.106389,-157.8575,false,Ambler (ABL),https://raw.githubusercontent.com/algolia/datasets/master/airports/airports.json
ABM,Bamaga Injinoo,Amberley,Australia,-10.950833,142.459444,false,Amberley (ABM),https://raw.githubusercontent.com/algolia/datasets/master/airports/airports.json
ABQ,Albuquerque International Sunport,Albuquerque,United States,35.0402222,-106.6091944,true,Albuquerque (ABQ),https://raw.githubusercontent.com/algolia/datasets/master/airports/airports.json
ABR,Aberdeen Regional Airport,Aberdeen,United States,45.4491,-98.4218,false,Aberdeen (ABR),https://raw.githubusercontent.com/algolia/datasets/master/airports/airports.json
ABS,Abu Simbel,Abu Simbel,Egypt,22.375953,31.611722,false,Abu Simbel (ABS),https://raw.githubusercontent.com/algolia/datasets/master/airports/airports.json
ABT,Al Baha,El-baha,Saudi Arabia,20.296139,41.634277,false,El-baha (ABT),https://raw.githubusercontent.com/algolia/datasets/master/airports/airports.json
ABV,Nnamdi Azikiwe Intl,Abuja,Nigeria,9.006792,7.263172,true,Abuja (ABV),https://raw.githubusercontent.com/algolia/datasets/master/airports/airports.json
ABX,Albury,Albury,Australia,-36.067778,146.958056,false,Albury (ABX),https://raw.githubusercontent.com/algolia/datasets/master/airports/airports.json
ABY,Southwest Georgia Regional Airport,Albany,United States,31.5355,-84.1945,false,Albany (ABY),https://raw.githubusercontent.com/algolia/datasets/master/airports/airports.json
ABZ,Dyce,Aberdeen,United Kingdom,57.201944,-2.197778,false,Aberdeen (ABZ),https://raw.githubusercontent.com/algolia/datasets/master/airports/airports.json
ACA,General Juan N Alvarez Intl,Acapulco,Mexico,16.757061,-99.753953,true,Acapulco (ACA),https://raw.githubusercontent.com/algolia/datasets/master/airports/airports.json
ACC,Kotoka Intl,Accra,Ghana,5.605186,-0.166786,true,Accra (ACC),https://raw.githubusercontent.com/algolia/datasets/master/airports/airports.json
ACE,Lanzarote,Las Palmas,Spain,28.945464,-13.605225,false,Las Palmas (ACE),https://raw.githubusercontent.com/algolia/datasets/master/airports/airports.json
ACH,St Gallen Altenrhein,Altenrhein,Switzerland,47.485033,9.560775,false,Altenrhein (ACH),https://raw.githubusercontent.com/algolia/datasets/master/airports/airports.json
ACI,Alderney,Alderney,Guernsey,49.706111,-2.214722,false,Alderney (ACI),https://raw.githubusercontent.com/algolia/datasets/master/airports/airports.json
ACK,Nantucket Mem,Nantucket,United States,41.253053,-70.060181,false,Nantucket (ACK),https://raw.githubusercontent.com/algolia/datasets/master/airports/airports.json
ACR,Araracuara Airport,Araracuara,Colombia,-0.58,-72.41,false,Araracuara (ACR),https://raw.githubusercontent.com/algolia/datasets/master/airports/airports.json
ACT,Waco Rgnl,Waco,United States,31.611289,-97.230519,false,Waco (ACT),https://raw.githubusercontent.com/algolia/datasets/master/airports/airports.json
ACU,Achutupo Airport,Achutupo,Panama,9.2,-77.98,false,Achutupo (ACU),https://raw.githubusercontent.com/algolia/datasets/master/airports/airports.json
ACV,Arcata,Arcata CA,United States,40.978111,-124.108611,false,Arcata CA (ACV),https://raw.githubusercontent.com/algolia/datasets/master/airports/airports.json
ACX,Xingyi Airport,Xingyi,China,25.0882,104.9587,false,Xingyi (ACX),https://raw.githubusercontent.com/algolia/datasets/master/airports/airports.json
ACY,Atlantic City Intl,Atlantic City,United States,39.457583,-74.577167,true,Atlantic City (ACY),https://raw.githubusercontent.com/algolia/datasets/master/airports/airports.json
ADA,Adana,Adana,Turkey,36.982166,35.280388,false,Adana (ADA),https://raw.githubusercontent.com/algolia/datasets/master/airports/airports.json
ADB,Adnan Menderes,Izmir,Turkey,38.292392,27.156953,false,Izmir (ADB),https://raw.githubusercontent.com/algolia/datasets/master/airports/airports.json
ADD,Bole Intl,Addis Ababa,Ethiopia,8.977889,38.799319,true,Addis Ababa (ADD),https://raw.githubusercontent.com/algolia/datasets/master/airports/airports.json
ADE,Aden Intl,Aden,Yemen,12.829542,45.028792,true,Aden (ADE),https://raw.githubusercontent.com/algolia/datasets/master/airports/airports.json
ADF,Adiyaman Airport,Adiyaman,Turkey,37.7314,38.4689,false,Adiyaman (ADF),https://raw.githubusercontent.com/algolia/datasets/master/airports/airports.json
ADK,Adak Airport,Adak Island,United States,51.878,-176.646,false,Adak Island (ADK),https://raw.githubusercontent.com/algolia/datasets/master/airports/airports.json
ADL,Adelaide Intl,Adelaide,Australia,-34.945,138.530556,true,Adelaide (ADL),https://raw.githubusercontent.com/algolia/datasets/master/airports/airports.json
ADQ,Kodiak,Kodiak,United States,57.749967,-152.493856,false,Kodiak (ADQ),https://raw.githubusercontent.com/algolia/datasets/master/airports/airports.json
ADU,Ardabil Airport,Ardabil,Iran,38.325678,48.424356,false,Ardabil (ADU),https://raw.githubusercontent.com/algolia/datasets/master/airports/airports.json
ADZ,Gustavo Rojas Pinilla,San Andres Island,Colombia,12.583594,-81.711192,false,San Andres Island (ADZ),https://raw.githubusercontent.com/algolia/datasets/master/airports/airports.json
AEB,Tianyang,Baise,China,23.72,106.96,false,Baise (AEB),https://raw.githubusercontent.com/algolia/datasets/master/airports/airports.json
AEP,Aeroparque Jorge Newbery,Buenos Aires,Argentina,-34.559175,-58.415606,false,Buenos Aires (AEP),https://raw.githubusercontent.com/algolia/datasets/master/airports/airports.json
AER,Sochi,Sochi,Russia,43.449928,39.956589,false,Sochi (AER),https://raw.githubusercontent.com/algolia/datasets/master/airports/airports.json
AES,Vigra,Alesund,Norway,62.560372,6.110164,false,Alesund (AES),https://raw.githubusercontent.com/algolia/datasets/master/airports/airports.json
AET,Allakaket Airport,Allakaket,United States,66.5519,-152.6222,false,Allakaket (AET),https://raw.githubusercontent.com/algolia/datasets/master/airports/airports.json
AEX,Alexandria Intl,Alexandria,United States,31.3274,-92.549833,true,Alexandria (AEX),https://raw.githubusercontent.com/algolia/datasets/master/airports/airports.json
AEY,Akureyri,Akureyri,Iceland,65.659994,-18.072703,false,Akureyri (AEY),https://raw.githubusercontent.com/algolia/datasets/master/airports/airports.json
AFA,San Rafael,San Rafael,Argentina,-34.588314,-68.403854,false,San Rafael (AFA),https://raw.githubusercontent.com/algolia/datasets/master/airports/airports.json
AFL,Alta Floresta,Alta Floresta,Brazil,-9.866092,-56.106206,false,Alta Floresta (AFL),https://raw.githubusercontent.com/algolia/datasets/master/airports/airports.json
AFZ,Sabzevar National Airport,Sabzevar,Iran,36.168083,57.595183,false,Sabzevar (AFZ),https://raw.githubusercontent.com/algolia/datasets/master/airports/airports.json
AGA,Inezgane,Agadir,Morocco,30.381353,-9.546311,false,Agadir (AGA),https://raw.githubusercontent.com/algolia/datasets/master/airports/airports.json
AGB,Augsburg,Augsburg,Germany,48.425158,10.931764,false,Augsburg (AGB),https://raw.githubusercontent.com/algolia/datasets/master/airports/airports.json
AGF,La Garenne,Agen,France,44.174721,0.590556,false,Agen (AGF),https://raw.githubusercontent.com/algolia/datasets/master/airports/airports.json
AGH,Ängelholm-Helsingborg Airport,Ängelholm,Sweden,56.2961,12.8471,false,Ängelholm (AGH),https://raw.githubusercontent.com/algolia/datasets/master/airports/airports.json
AGM,Tasiilaq,Angmagssalik,Greenland,65.612222,-37.618333,false,Angmagssalik (AGM),https://raw.githubusercontent.com/algolia/datasets/master/airports/airports.json
AGN,Angoon Seaplane Base,Angoon,United States,57.503611,-134.585,false,Angoon (AGN),https://raw.githubusercontent.com/algolia/datasets/master/airports/airports.json
AGP,Malaga,Malaga,Spain,36.6749,-4.499106,false,Malaga (AGP),https://raw.githubusercontent.com/algolia/datasets/master/airports/airports.json
AGR,Agra,Agra,India,27.155831,77.960892,false,Agra (AGR),https://raw.githubusercontent.com/algolia/datasets/master/airports/airports.json
AGS,Augusta Rgnl At Bush Fld,Bush Field,United States,33.369944,-81.9645,false,Bush Field (AGS),https://raw.githubusercontent.com/algolia/datasets/master/airports/airports.json
AGT,Ciudad del Este,Ciudad del Este,Paraguay,-25.4555,-54.843592,false,Ciudad del Este (AGT),https://raw.githubusercontent.com/algolia/datasets/master/airports/airports.json
AGU,Jesus Teran Intl,Aguascalientes,Mexico,21.705558,-102.317858,true,Aguascalientes (AGU),https://raw.githubusercontent.com/algolia/datasets/master/airports/airports.json
AGX,Agatti,Agatti Island,India,10.823656,72.176042,false,Agatti Island (AGX),https://raw.githubusercontent.com/algolia/datasets/master/airports/airports.json
AHB,Abha,Abha,Saudi Arabia,18.240367,42.656625,false,Abha (AHB),https://raw.githubusercontent.com/algolia/datasets/master/airports/airports.json
AHE,Ahe Airport,Ahe,French Polynesia,-14.4281,-146.257,false,Ahe (AHE),https://raw.githubusercontent.com/algolia/datasets/master/airports/airports.json
AHN,Athens Ben Epps Airport,Athens,United States,33.9486,-83.3263,false,Athens (AHN),https://raw.githubusercontent.com/algolia/datasets/master/airports/airports.json
AHO,Alghero,Alghero,Italy,40.632133,8.290772,false,Alghero (AHO),https://raw.githubusercontent.com/algolia/datasets/master/airports/airports.json
AHU,Cherif El Idrissi,Al Hociema,Morocco,35.177103,-3.839525,false,Al Hociema (AHU),https://raw.githubusercontent.com/algolia/datasets/master/airports/airports.json
AIA,Alliance Municipal Airport,Alliance,United States,42.053333,-102.803889,false,Alliance (AIA),https://raw.githubusercontent.com/algolia/datasets/master/airports/airports.json
AIN,Wainwright Airport,Wainwright,United States,70.638056,-159.994722,false,Wainwright (AIN),https://raw.githubusercontent.com/algolia/datasets/master/airports/airports.json
AIT,Aitutaki,Aitutaki,Cook Islands,-18.830922,-159.764233,false,Aitutaki (AIT),https://raw.githubusercontent.com/algolia/datasets/master/airports/airports.json
AIU,Atiu Island Airport,Atiu Island,Cook Islands,-19.9678,-158.119,false,Atiu Island (AIU),https://raw.githubusercontent.com/algolia/datasets/master/airports/airports.json
AJA,Campo Dell Oro,Ajaccio,France,41.923637,8.802917,false,Ajaccio (AJA),https://raw.githubusercontent.com/algolia/datasets/master/airports/airports.json
AJF,Al-Jawf Domestic Airport,Al-Jawf,Saudi Arabia,29.785133,40.100006,false,Al-Jawf (AJF),https://raw.githubusercontent.com/algolia/datasets/master/airports/airports.json
AJI,Agri Airport,Agri,Turkey,39.6546,43.0271,false,Agri (AJI),https://raw.githubusercontent.com/algolia/datasets/master/airports/airports.json
AJL,Aizawl,Aizwal,India,23.746603,92.802767,false,Aizwal (AJL),https://raw.githubusercontent.com/algolia/datasets/master/airports/airports.json
AJR,Arvidsjaur,Arvidsjaur,Sweden,65.590278,19.281944,false,Arvidsjaur (AJR),https://raw.githubusercontent.com/algolia/datasets/master/airports/airports.json
AJU,Santa Maria,Aracaju,Brazil,-10.984,-37.070333,false,Aracaju (AJU),https://raw.githubusercontent.com/algolia/datasets/master/airports/airports.json
AKB,Atka Airport,Atka,United States,52.220278,-174.206389,false,Atka (AKB),https://raw.githubusercontent.com/algolia/datasets/master/airports/airports.json
AKF,Kufra,Kufra,Libya,24.178728,23.313958,false,Kufra (AKF),https://raw.githubusercontent.com/algolia/datasets/master/airports/airports.json
AKI,Akiak Airport,Akiak,United States,60.902778,-161.230556,false,Akiak (AKI),https://raw.githubusercontent.com/algolia/datasets/master/airports/airports.json
AKJ,Asahikawa,Asahikawa,Japan,43.670833,142.4475,false,Asahikawa (AKJ),https://raw.githubusercontent.com/algolia/datasets/master/airports/airports.json
AKK,Akhiok Airport,Akhiok,United States,56.938611,-154.1825,false,Akhiok (AKK),https://raw.githubusercontent.com/algolia/datasets/master/airports/airports.json
AKL,Auckland Intl,Auckland,New Zealand,-37.008056,174.791667,true,Auckland (AKL),https://raw.githubusercontent.com/algolia/datasets/master/airports/airports.json
AKN,King Salmon,King Salmon,United States,58.676778,-156.649278,false,King Salmon (AKN),https://raw.githubusercontent.com/algolia/datasets/master/airports/airports.json
AKP,Anaktuvuk Pass Airport,Anaktuvuk Pass,United States,68.1336,-151.743,false,Anaktuvuk Pass (AKP),https://raw.githubusercontent.com/algolia/datasets/master/airports/airports.json
AKU,Aksu Airport,Aksu,China,41.2625,80.2917,false,Aksu (AKU),https://raw.githubusercontent.com/algolia/datasets/master/airports/airports.json
AKV,Akulivik Airport,Akulivik,Canada,60.8186,-78.1486,false,Akulivik (AKV),https://raw.githubusercontent.com/algolia/datasets/master/airports/airports.json
AKX,Aktyubinsk,Aktyubinsk,Kazakhstan,50.245833,57.206667,false,Aktyubinsk (AKX),https://raw.githubusercontent.com/algolia/datasets/master/airports/airports.json
AKY,Sittwe,Sittwe,Burma,20.132708,92.872628,false,Sittwe (AKY),https://raw.githubusercontent.com/algolia/datasets/master/airports/airports.json
ALA,Almaty,Alma-ata,Kazakhstan,43.352072,77.040508,false,Alma-ata (ALA),https://raw.githubusercontent.com/algolia/datasets/master/airports/airports.json
ALB,Albany Intl,Albany,United States,42.748267,-73.801692,true,Albany (ALB),https://raw.githubusercontent.com/algolia/datasets/master/airports/airports.json
ALC,Alicante,Alicante,Spain,38.282169,-0.558156,false,Alicante (ALC),https://raw.githubusercontent.com/algolia/datasets/master/airports/airports.json
ALF,Alta,Alta,Norway,69.976111,23.371667,false,Alta (ALF),https://raw.githubusercontent.com/algolia/datasets/master/airports/airports.json
ALG,Houari Boumediene,Algier,Algeria,36.691014,3.215408,false,Algier (ALG),https://raw.githubusercontent.com/algolia/datasets/master/airports/airports.json
ALH,Albany Airport,Albany,Australia,-34.9433,117.809,false,Albany (ALH),https://raw.githubusercontent.com/algolia/datasets/master/airports/airports.json
ALO,Waterloo Regional Airport,Waterloo,United States,42.5571,-92.4003,false,Waterloo (ALO),https://raw.githubusercontent.com/algolia/datasets/master/airports/airports.json
ALS,San Luis Valley Regional Airport,Alamosa,United States,37.435,-105.866667,false,Alamosa (ALS),https://raw.githubusercontent.com/algolia/datasets/master/airports/airports.json
ALW,Walla Walla Regional Airport,Walla Walla,United States,46.0949,-118.288,false,Walla Walla (ALW),https://raw.githubusercontent.com/algolia/datasets/master/airports/airports.json
AMA,Rick Husband Amarillo Intl,Amarillo,United States,35.219369,-101.705931,true,Amarillo (AMA),https://raw.githubusercontent.com/algolia/datasets/master/airports/airports.json
AMD,Ahmedabad,Ahmedabad,India,23.077242,72.63465,false,Ahmedabad (AMD),https://raw.githubusercontent.com/algolia/datasets/master/airports/airports.json
AMH,Arba Minch,Arba Minch,Ethiopia,6.039389,37.590453,false,Arba Minch (AMH),https://raw.githubusercontent.com/algolia/datasets/master/airports/airports.json
AMM,Queen Alia Intl,Amman,Jordan,31.722556,35.993214,true,Amman (AMM),https://raw.githubusercontent.com/algolia/datasets/master/airports/airports.json
AMQ,Pattimura,Ambon,Indonesia,-3.710264,128.089136,false,Ambon (AMQ),https://raw.githubusercontent.com/algolia/datasets/master/airports/airports.json
AMS,Schiphol,Amsterdam,Netherlands,52.308613,4.763889,false,Amsterdam (AMS),https://raw.githubusercontent.com/algolia/datasets/master/airports/airports.json
ANC,Ted Stevens Anchorage Intl,Anchorage,United States,61.174361,-149.996361,true,Anchorage (ANC),https://raw.githubusercontent.com/algolia/datasets/master/airports/airports.json
ANF,Cerro Moreno Intl,Antofagasta,Chile,-23.444478,-70.4451,true,Antofagasta (ANF),https://raw.githubusercontent.com/algolia/datasets/master/airports/airports.json
ANG,Brie Champniers,Angouleme,France,45.729247,0.221456,false,Angouleme (ANG),https://raw.githubusercontent.com/algolia/datasets/master/airports/airports.json
ANI,Aniak Airport,Aniak,United States,61.5816,-159.543,false,Aniak (ANI),https://raw.githubusercontent.com/algolia/datasets/master/airports/airports.json
ANM,Antsirabato,Antalaha,Madagascar,-14.999411,50.320233,false,Antalaha (ANM),https://raw.githubusercontent.com/algolia/datasets/master/airports/airports.json
ANR,Deurne,Antwerp,Belgium,51.189444,4.460278,false,Antwerp (ANR),https://raw.githubusercontent.com/algolia/datasets/master/airports/airports.json
ANS,Andahuaylas,Andahuaylas,Peru,-13.706408,-73.350378,false,Andahuaylas (ANS),https://raw.githubusercontent.com/algolia/datasets/master/airports/airports.json
ANU,V C Bird Intl,Antigua,Antigua and Barbuda,17.136749,-61.792667,true,Antigua (ANU),https://raw.githubusercontent.com/algolia/datasets/master/airports/airports.json
ANV,Anvik Airport,Anvik,United States,62.6467,-160.191,false,Anvik (ANV),https://raw.githubusercontent.com/algolia/datasets/master/airports/airports.json
ANX,Andenes,Andoya,Norway,69.2925,16.144167,false,Andoya (ANX),https://raw.githubusercontent.com/algolia/datasets/master/airports/airports.json
AOE,Anadolu Airport,Eskissehir,Turkey,39.809858,30.519378,false,Eskissehir (AOE),https://raw.githubusercontent.com/algolia/datasets/master/airports/airports.json
AOI,Falconara,Ancona,Italy,43.616389,13.362222,false,Ancona (AOI),https://raw.githubusercontent.com/algolia/datasets/master/airports/airports.json
AOJ,Aomori,Aomori,Japan,40.734722,140.690833,false,Aomori (AOJ),https://raw.githubusercontent.com/algolia/datasets/master/airports/airports.json
AOK,Karpathos,Karpathos,Greece,35.421408,27.146008,false,Karpathos (AOK),https://raw.githubusercontent.com/algolia/datasets/master/airports/airports.json
AOO,Altoona Blair Co,Altoona,United States,40.296372,-78.320022,false,Altoona (AOO),https://raw.githubusercontent.com/algolia/datasets/master/airports/airports.json
AOR,Sultan Abdul Halim,Alor Setar,Malaysia,6.189667,100.398183,false,Alor Setar (AOR),https://raw.githubusercontent.com/algolia/datasets/master/airports/airports.json
AOS,Amook Bay Seaplane Base,Amook Bay,United States,57.471389,-153.815278,false,Amook Bay (AOS),https://raw.githubusercontent.com/algolia/datasets/master/airports/airports.json
APF,Naples Muni,Naples,United States,26.152619,-81.775294,false,Naples (APF),https://raw.githubusercontent.com/algolia/datasets/master/airports/airports.json
APL,Nampula,Nampula,Mozambique,-15.105611,39.2818,false,Nampula (APL),https://raw.githubusercontent.com/algolia/datasets/master/airports/airports.json
APN,Alpena County Regional Airport,Alpena,United States,45.0781,-83.5603,false,Alpena (APN),https://raw.githubusercontent.com/algolia/datasets/master/airports/airports.json
APO,Apartadó Airport,Apartadó,Colombia,7.033,-77.2,false,Apartadó (APO),https://raw.githubusercontent.com/algolia/datasets/master/airports/airports.json
APW,Faleolo Intl,Faleolo,Samoa,-13.829969,-172.008336,true,Faleolo (APW),https://raw.githubusercontent.com/algolia/datasets/master/airports/airports.json
AQA,Araraquara,Araracuara,Brazil,-21.812,-48.133028,false,Araracuara (AQA),https://raw.githubusercontent.com/algolia/datasets/master/airports/airports.json
AQG,Anqing Airport,Anqing,China,30.5822,117.0502,false,Anqing (AQG),https://raw.githubusercontent.com/algolia/datasets/master/airports/airports.json
AQI,Qaisumah,Hafr Al-batin,Saudi Arabia,28.335192,46.125069,false,Hafr Al-batin (AQI),https://raw.githubusercontent.com/algolia/datasets/master/airports/airports.json
AQJ,Aqaba King Hussein Intl,Aqaba,Jordan,29.611619,35.018067,true,Aqaba (AQJ),https://raw.githubusercontent.com/algolia/datasets/master/airports/airports.json
AQP,Rodriguez Ballon,Arequipa,Peru,-16.341072,-71.583083,false,Arequipa (AQP),https://raw.githubusercontent.com/algolia/datasets/master/airports/airports.json
ARC,Arctic Village Airport,Arctic Village,United States,68.1147,-145.579,false,Arctic Village (ARC),https://raw.githubusercontent.com/algolia/datasets/master/airports/airports.json
ARH,Talagi,Arkhangelsk,Russia,64.360281,40.430167,false,Arkhangelsk (ARH),https://raw.githubusercontent.com/algolia/datasets/master/airports/airports.json
ARI,Chacalluta,Arica,Chile,-18.348531,-70.338742,false,Arica (ARI),https://raw.githubusercontent.com/algolia/datasets/master/airports/airports.json
ARK,Arusha,Arusha,Tanzania,-3.367794,36.633333,false,Arusha (ARK),https://raw.githubusercontent.com/algolia/datasets/master/airports/airports.json
ARM,Armidale,Armidale,Australia,-30.528056,151.617222,false,Armidale (ARM),https://raw.githubusercontent.com/algolia/datasets/master/airports/airports.json
ARN,Arlanda,Stockholm,Sweden,59.651944,17.918611,false,Stockholm (ARN),https://raw.githubusercontent.com/algolia/datasets/master/airports/airports.json
ART,Watertown Intl,Watertown,United States,43.991922,-76.021739,true,Watertown (ART),https://raw.githubusercontent.com/algolia/datasets/master/airports/airports.json
ARU,Aracatuba,Aracatuba,Brazil,-21.141342,-50.424722,false,Aracatuba (ARU),https://raw.githubusercontent.com/algolia/datasets/master/airports/airports.json
ARW,Arad,Arad,Romania,46.17655,21.262022,false,Arad (ARW),https://raw.githubusercontent.com/algolia/datasets/master/airports/airports.json
ASB,Ashgabat,Ashkhabad,Turkmenistan,37.986814,58.360967,false,Ashkhabad (ASB),https://raw.githubusercontent.com/algolia/datasets/master/airports/airports.json
ASE,Aspen Pitkin County Sardy Field,Aspen,United States,39.2232,-106.869,false,Aspen (ASE),https://raw.githubusercontent.com/algolia/datasets/master/airports/airports.json
ASF,Astrakhan,Astrakhan,Russia,46.283333,48.006278,false,Astrakhan (ASF),https://raw.githubusercontent.com/algolia/datasets/master/airports/airports.json
ASJ,Amami,Amami,Japan,28.430633,129.712542,false,Amami (ASJ),https://raw.githubusercontent.com/algolia/datasets/master/airports/airports.json
ASM,Asmara Intl,Asmara,Eritrea,15.291853,38.910667,true,Asmara (ASM),https://raw.githubusercontent.com/algolia/datasets/master/airports/airports.json
ASO,Asosa,Asosa,Ethiopia,10.01855,34.586253,false,Asosa (ASO),https://raw.githubusercontent.com/algolia/datasets/master/airports/airports.json
ASP,Alice Springs,Alice Springs,Australia,-23.806667,133.902222,false,Alice Springs (ASP),https://raw.githubusercontent.com/algolia/datasets/master/airports/airports.json
ASR,Erkilet,Kayseri,Turkey,38.770386,35.495428,false,Kayseri (ASR),https://raw.githubusercontent.com/algolia/datasets/master/airports/airports.json
ASU,Silvio Pettirossi Intl,Asuncion,Paraguay,-25.23985,-57.519133,true,Asuncion (ASU),https://raw.githubusercontent.com/algolia/datasets/master/airports/airports.json
ASV,Amboseli Airport,Amboseli National Park,Kenya,-2.64505,37.2531,false,Amboseli National Park (ASV),https://raw.githubusercontent.com/algolia/datasets/master/airports/airports.json
ASW,Aswan Intl,Aswan,Egypt,23.964356,32.819975,true,Aswan (ASW),https://raw.githubusercontent.com/algolia/datasets/master/airports/airports.json
ATA,Comandante Fap German Arias Graziani,Anta,Peru,-9.347444,-77.598392,false,Anta (ATA),https://raw.githubusercontent.com/algolia/datasets/master/airports/airports.json
ATC,Arthurs Town Airport,Arthur's Town,Bahamas,24.629417,-75.673775,false,Arthur's Town (ATC),https://raw.githubusercontent.com/algolia/datasets/master/airports/airports.json
ATD,Uru Harbour Airport,Atoifi,Solomon Islands,-8.87333,161.011,false,Atoifi (ATD),https://raw.githubusercontent.com/algolia/datasets/master/airports/airports.json
ATH,Eleftherios Venizelos Intl,Athens,Greece,37.936358,23.944467,true,Athens (ATH),https://raw.githubusercontent.com/algolia/datasets/master/airports/airports.json
ATK,Atqasuk Edward Burnell Sr Memorial Airport,Atqasuk,United States,70.4673,-157.436,false,Atqasuk (ATK),https://raw.githubusercontent.com/algolia/datasets/master/airports/airports.json
ATL,Hartsfield Jackson Atlanta Intl,Atlanta,United States,33.636719,-84.428067,true,Atlanta (ATL),https://raw.githubusercontent.com/algolia/datasets/master/airports/airports.json
ATM,Altamira,Altamira,Brazil,-3.253906,-52.253978,false,Altamira (ATM),https://raw.githubusercontent.com/algolia/datasets/master/airports/airports.json
ATQ,Amritsar,Amritsar,India,31.709594,74.797264,false,Amritsar (ATQ),https://raw.githubusercontent.com/algolia/datasets/master/airports/airports.json
ATT,Camp Mabry Austin City,Austin TX,United States,30.31666,-97.7666,false,Austin TX (ATT),https://raw.githubusercontent.com/algolia/datasets/master/airports/airports.json
ATW,Appleton,Appleton,United States,44.257526,-88.507576,false,Appleton (ATW),https://raw.githubusercontent.com/algolia/datasets/master/airports/airports.json
ATY,Watertown Regional Airport,Watertown,United States,44.914,-97.1547,false,Watertown (ATY),https://raw.githubusercontent.com/algolia/datasets/master/airports/airports.json
ATZ,Asyut International Airport,Asyut,Egypt,27.046508,31.011983,true,Asyut (ATZ),https://raw.githubusercontent.com/algolia/datasets/master/airports/airports.json
AUA,Reina Beatrix Intl,Oranjestad,Aruba,12.501389,-70.015221,true,Oranjestad (AUA),https://raw.githubusercontent.com/algolia/datasets/master/airports/airports.json
AUC,Santiago Perez,Arauca,Colombia,7.068881,-70.736925,false,Arauca (AUC),https://raw.githubusercontent.com/algolia/datasets/master/airports/airports.json
AUG,Augusta State,Augusta,United States,44.320647,-69.797317,false,Augusta (AUG),https://raw.githubusercontent.com/algolia/datasets/master/airports/airports.json
AUH,Abu Dhabi Intl,Abu Dhabi,United Arab Emirates,24.432972,54.651138,true,Abu Dhabi (AUH),https://raw.githubusercontent.com/algolia/datasets/master/airports/airports.json
AUK,Alakanuk Airport,Alakanuk,United States,62.68,-164.66,false,Alakanuk (AUK),https://raw.githubusercontent.com/algolia/datasets/master/airports/airports.json
AUQ,Hiva Oa-Atuona Airport,Hiva-oa,French Polynesia,-9.768794,-139.011256,false,Hiva-oa (AUQ),https://raw.githubusercontent.com/algolia/datasets/master/airports/airports.json
AUR,Aurillac,Aurillac,France,44.891388,2.421944,false,Aurillac (AUR),https://raw.githubusercontent.com/algolia/datasets/master/airports/airports.json
AUS,Austin Bergstrom Intl,Austin,United States,30.194528,-97.669889,true,Austin (AUS),https://raw.githubusercontent.com/algolia/datasets/master/airports/airports.json
AUU,Aurukun Airport,Aurukun,Australia,-13.3539,141.721,false,Aurukun (AUU),https://raw.githubusercontent.com/algolia/datasets/master/airports/airports.json
AUX,Araguaina Airport,Araguaina,Brazil,-7.228333,-48.240833,false,Araguaina (AUX),https://raw.githubusercontent.com/algolia/datasets/master/airports/airports.json
AUY,Anelghowhat Airport,Anelghowhat,Vanuatu,-20.2492,169.771,false,Anelghowhat (AUY),https://raw.githubusercontent.com/algolia/datasets/master/airports/airports.json
AVL,Asheville Regional Airport,Asheville,United States,35.436194,-82.541806,false,Asheville (AVL),https://raw.githubusercontent.com/algolia/datasets/master/airports/airports.json
AVN,Caumont,Avignon,France,43.9073,4.901831,false,Avignon (AVN),https://raw.githubusercontent.com/algolia/datasets/master/airports/airports.json
AVP,Wilkes Barre Scranton Intl,Scranton,United States,41.338478,-75.723403,true,Scranton (AVP),https://raw.githubusercontent.com/algolia/datasets/master/airports/airports.json
AVV,Avalon,Avalon,Australia,-38.039444,144.469444,false,Avalon (AVV),https://raw.githubusercontent.com/algolia/datasets/master/airports/airports.json
AWD,Aniwa Airport,Aniwa,Vanuatu,-19.24,169.605,false,Aniwa (AWD),https://raw.githubusercontent.com/algolia/datasets/master/airports/airports.json
AWZ,Ahwaz,Ahwaz,Iran,31.337431,48.76195,false,Ahwaz (AWZ),https://raw.githubusercontent.com/algolia/datasets/master/airports/airports.json
AXA,Wallblake,The Valley,Anguilla,18.204834,-63.055084,false,The Valley (AXA),https://raw.githubusercontent.com/algolia/datasets/master/airports/airports.json
AXD,Dimokritos,Alexandroupolis,Greece,40.855869,25.956264,false,Alexandroupolis (AXD),https://raw.githubusercontent.com/algolia/datasets/master/airports/airports.json
AXK,Ataq,Ataq,Yemen,14.551322,46.826183,false,Ataq (AXK),https://raw.githubusercontent.com/algolia/datasets/master/airports/airports.json
AXM,El Eden,Armenia,Colombia,4.452775,-75.766447,false,Armenia (AXM),https://raw.githubusercontent.com/algolia/datasets/master/airports/airports.json
AXP,Spring Point,Spring Point,Bahamas,22.441828,-73.970858,false,Spring Point (AXP),https://raw.githubusercontent.com/algolia/datasets/master/airports/airports.json
AXR,Arutua,Arutua,French Polynesia,-15.248289,-146.616708,false,Arutua (AXR),https://raw.githubusercontent.com/algolia/datasets/master/airports/airports.json
AXT,Akita,Akita,Japan,39.615556,140.218611,false,Akita (AXT),https://raw.githubusercontent.com/algolia/datasets/master/airports/airports.json
AXU,Axum,Axum,Ethiopia,14.14675,38.772833,false,Axum (AXU),https://raw.githubusercontent.com/algolia/datasets/master/airports/airports.json
AYP,Coronel Fap Alfredo Mendivil Duarte,Ayacucho,Peru,-13.154819,-74.204417,false,Ayacucho (AYP),https://raw.githubusercontent.com/algolia/datasets/master/airports/airports.json
AYQ,Ayers Rock,Uluru,Australia,-25.186111,130.975556,false,Uluru (AYQ),https://raw.githubusercontent.com/algolia/datasets/master/airports/airports.json
AYT,Antalya,Antalya,Turkey,36.898731,30.800461,false,Antalya (AYT),https://raw.githubusercontent.com/algolia/datasets/master/airports/airports.json
AZA,Phoenix-Mesa Gateway,Mesa,United States,33.307833,-111.655,false,Mesa (AZA),https://raw.githubusercontent.com/algolia/datasets/master/airports/airports.json
AZD,Yazd Shahid Sadooghi,Yazd,Iran,31.904908,54.276503,false,Yazd (AZD),https://raw.githubusercontent.com/algolia/datasets/master/airports/airports.json
AZI,Bateen,Abu Dhabi,United Arab Emirates,24.428333,54.458084,false,Abu Dhabi (AZI),https://raw.githubusercontent.com/algolia/datasets/master/airports/airports.json
AZN,Andizhan Airport,Andizhan,Uzbekistan,40.7277,72.294,false,Andizhan (AZN),https://raw.githubusercontent.com/algolia/datasets/master/airports/airports.json
AZO,Kalamazoo,Kalamazoo,United States,42.234875,-85.552058,false,Kalamazoo (AZO),https://raw.githubusercontent.com/algolia/datasets/master/airports/airports.json
AZR,Touat Cheikh Sidi Mohamed Belkebir,Adrar,Algeria,27.837589,-0.186414,false,Adrar (AZR),https://raw.githubusercontent.com/algolia/datasets/master/airports/airports.json
AZS,Samaná El Catey International Airport,Samana,Dominican Republic,19.267,-69.742,true,Samana (AZS),https://raw.githubusercontent.com/algolia/datasets/master/airports/airports.json
BAH,Bahrain Intl,Bahrain,Bahrain,26.270834,50.63361,true,Bahrain (BAH),https://raw.githubusercontent.com/algolia/datasets/master/airports/airports.json
BAL,Batman,Batman,Turkey,37.928969,41.116583,false,Batman (BAL),https://raw.githubusercontent.com/algolia/datasets/master/airports/airports.json
BAQ,Ernesto Cortissoz,Barranquilla,Colombia,10.889589,-74.780819,false,Barranquilla (BAQ),https://raw.githubusercontent.com/algolia/datasets/master/airports/airports.json
BAV,Baotou Airport,Baotou,China,40.56,109.997,false,Baotou (BAV),https://raw.githubusercontent.com/algolia/datasets/master/airports/airports.json
BAX,Barnaul,Barnaul,Russia,53.363775,83.538533,false,Barnaul (BAX),https://raw.githubusercontent.com/algolia/datasets/master/airports/airports.json
BAY,Tautii Magheraus,Baia Mare,Romania,47.658389,23.470022,false,Baia Mare (BAY),https://raw.githubusercontent.com/algolia/datasets/master/airports/airports.json
BAZ,Barcelos Airport,Barcelos,Brazil,-0.975,-62.923889,false,Barcelos (BAZ),https://raw.githubusercontent.com/algolia/datasets/master/airports/airports.json
BBA,Balmaceda,Balmaceda,Chile,-45.916058,-71.689475,false,Balmaceda (BBA),https://raw.githubusercontent.com/algolia/datasets/master/airports/airports.json
BBI,Bhubaneshwar,Bhubaneswar,India,20.244364,85.817781,false,Bhubaneswar (BBI),https://raw.githubusercontent.com/algolia/datasets/master/airports/airports.json
BBK,Kasane,Kasane,Botswana,-17.832875,25.1624,false,Kasane (BBK),https://raw.githubusercontent.com/algolia/datasets/master/airports/airports.json
BBN,Bario Airport,Bario,Malaysia,3.73389,115.479,false,Bario (BBN),https://raw.githubusercontent.com/algolia/datasets/master/airports/airports.json
BBO,Berbera,Berbera,Somalia,10.389167,44.941106,false,Berbera (BBO),https://raw.githubusercontent.com/algolia/datasets/master/airports/airports.json
BCD,Bacolod,Bacolod,Philippines,10.642511,122.929617,false,Bacolod (BCD),https://raw.githubusercontent.com/algolia/datasets/master/airports/airports.json
BCI,Barcaldine Airport,Barcaldine,Australia,-23.5653,145.307,false,Barcaldine (BCI),https://raw.githubusercontent.com/algolia/datasets/master/airports/airports.json
BCN,Barcelona,Barcelona,Spain,41.297078,2.078464,false,Barcelona (BCN),https://raw.githubusercontent.com/algolia/datasets/master/airports/airports.json
BCV,Hector Silva Airstrip,Belmopan,Belize,17.269444,-88.776111,false,Belmopan (BCV),https://raw.githubusercontent.com/algolia/datasets/master/airports/airports.json
BDA,Bermuda Intl,Bermuda,Bermuda,32.364042,-64.678703,true,Bermuda (BDA),https://raw.githubusercontent.com/algolia/datasets/master/airports/airports.json
BDB,Bundaberg,Bundaberg,Australia,-24.903889,152.318611,false,Bundaberg (BDB),https://raw.githubusercontent.com/algolia/datasets/master/airports/airports.json
BDH,Bandar Lengeh,Bandar Lengeh,Iran,26.532,54.824847,false,Bandar Lengeh (BDH),https://raw.githubusercontent.com/algolia/datasets/master/airports/airports.json
BDJ,Syamsudin Noor,Banjarmasin,Indonesia,-3.442356,114.762553,false,Banjarmasin (BDJ),https://raw.githubusercontent.com/algolia/datasets/master/airports/airports.json
BDL,Bradley Intl,Windsor Locks,United States,41.938889,-72.683222,true,Windsor Locks (BDL),https://raw.githubusercontent.com/algolia/datasets/master/airports/airports.json
BDO,Husein Sastranegara,Bandung,Indonesia,-6.900625,107.576294,false,Bandung (BDO),https://raw.githubusercontent.com/algolia/datasets/master/airports/airports.json
BDP,Chandragadhi Airport,Chandragarhi,Nepal,26.570822,88.079578,false,Chandragarhi (BDP),https://raw.githubusercontent.com/algolia/datasets/master/airports/airports.json
BDQ,Vadodara,Baroda,India,22.336164,73.226289,false,Baroda (BDQ),https://raw.githubusercontent.com/algolia/datasets/master/airports/airports.json
BDS,Casale,Brindisi,Italy,40.657633,17.947033,false,Brindisi (BDS),https://raw.githubusercontent.com/algolia/datasets/master/airports/airports.json
BDU,Bardufoss,Bardufoss,Norway,69.055758,18.540356,false,Bardufoss (BDU),https://raw.githubusercontent.com/algolia/datasets/master/airports/airports.json
BEB,Benbecula,Benbecula,United Kingdom,57.481111,-7.362778,false,Benbecula (BEB),https://raw.githubusercontent.com/algolia/datasets/master/airports/airports.json
BEG,Beograd,Belgrade,Serbia,44.818444,20.309139,false,Belgrade (BEG),https://raw.githubusercontent.com/algolia/datasets/master/airports/airports.json
BEJ,Barau(Kalimaru) Airport,Tanjung Redep-Borneo Island,Indonesia,2.155497,117.432256,false,Tanjung Redep-Borneo Island (BEJ),https://raw.githubusercontent.com/algolia/datasets/master/airports/airports.json
BEL,Val De Cans Intl,Belem,Brazil,-1.37925,-48.476292,true,Belem (BEL),https://raw.githubusercontent.com/algolia/datasets/master/airports/airports.json
BEN,Benina,Benghazi,Libya,32.096786,20.269472,false,Benghazi (BEN),https://raw.githubusercontent.com/algolia/datasets/master/airports/airports.json
BES,Guipavas,Brest,France,48.447911,-4.418539,false,Brest (BES),https://raw.githubusercontent.com/algolia/datasets/master/airports/airports.json
BET,Bethel,Bethel,United States,60.779778,-161.838,false,Bethel (BET),https://raw.githubusercontent.com/algolia/datasets/master/airports/airports.json
BEU,Bedourie Airport,Bedourie,Australia,-24.3461,139.46,false,Bedourie (BEU),https://raw.githubusercontent.com/algolia/datasets/master/airports/airports.json
BEW,Beira,Beira,Mozambique,-19.796419,34.907556,false,Beira (BEW),https://raw.githubusercontent.com/algolia/datasets/master/airports/airports.json
BEY,Rafic Hariri Intl,Beirut,Lebanon,33.820931,35.488389,true,Beirut (BEY),https://raw.githubusercontent.com/algolia/datasets/master/airports/airports.json
BFD,Bradford Regional Airport,Bradford,United States,41.8031,-78.6401,false,Bradford (BFD),https://raw.githubusercontent.com/algolia/datasets/master/airports/airports.json
BFF,Western Nebraska Regional Airport,Scottsbluff,United States,41.874,-103.596,false,Scottsbluff (BFF),https://raw.githubusercontent.com/algolia/datasets/master/airports/airports.json
BFI,Boeing Fld King Co Intl,Seattle,United States,47.53,-122.301947,true,Seattle (BFI),https://raw.githubusercontent.com/algolia/datasets/master/airports/airports.json
BFJ,Bijie Feixiong Airport,Bijie,China,27.253,105.426,false,Bijie (BFJ),https://raw.githubusercontent.com/algolia/datasets/master/airports/airports.json
BFL,Meadows Fld,Bakersfield,United States,35.433598,-119.05677,false,Bakersfield (BFL),https://raw.githubusercontent.com/algolia/datasets/master/airports/airports.json
BFN,Bloemfontein Intl,Bloemfontein,South Africa,-29.092722,26.302444,true,Bloemfontein (BFN),https://raw.githubusercontent.com/algolia/datasets/master/airports/airports.json
BFQ,Bahia Piña Airport,Bahia Piña,Panama,7.583,-78.2,false,Bahia Piña (BFQ),https://raw.githubusercontent.com/algolia/datasets/master/airports/airports.json
BFS,Belfast Intl,Belfast,United Kingdom,54.6575,-6.215833,true,Belfast (BFS),https://raw.githubusercontent.com/algolia/datasets/master/airports/airports.json
BFV,Buri Ram,Buri Ram,Thailand,15.229539,103.253231,false,Buri Ram (BFV),https://raw.githubusercontent.com/algolia/datasets/master/airports/airports.json
BGA,Palonegro,Bucaramanga,Colombia,7.1265,-73.184778,false,Bucaramanga (BGA),https://raw.githubusercontent.com/algolia/datasets/master/airports/airports.json
BGF,Bangui M Poko,Bangui,Central African Republic,4.398475,18.518786,false,Bangui (BGF),https://raw.githubusercontent.com/algolia/datasets/master/airports/airports.json
BGG,Bingol,Bingol,Turkey,38.86111,40.5925,false,Bingol (BGG),https://raw.githubusercontent.com/algolia/datasets/master/airports/airports.json
BGI,Grantley Adams Intl,Bridgetown,Barbados,13.074603,-59.492456,true,Bridgetown (BGI),https://raw.githubusercontent.com/algolia/datasets/master/airports/airports.json
BGM,Greater Binghamton Edwin A Link Fld,Binghamton,United States,42.208689,-75.979839,false,Binghamton (BGM),https://raw.githubusercontent.com/algolia/datasets/master/airports/airports.json
BGO,Flesland,Bergen,Norway,60.293386,5.218142,false,Bergen (BGO),https://raw.githubusercontent.com/algolia/datasets/master/airports/airports.json
BGR,Bangor Intl,Bangor,United States,44.807444,-68.828139,true,Bangor (BGR),https://raw.githubusercontent.com/algolia/datasets/master/airports/airports.json
BGW,Baghdad International Airport,Baghdad,Iraq,33.262539,44.234578,true,Baghdad (BGW),https://raw.githubusercontent.com/algolia/datasets/master/airports/airports.json
BGY,Bergamo Orio Al Serio,Bergamo,Italy,45.673889,9.704166,false,Bergamo (BGY),https://raw.githubusercontent.com/algolia/datasets/master/airports/airports.json
BHB,Hancock County - Bar Harbor,Bar Harbor,United States,44.4497689,-68.3615653,false,Bar Harbor (BHB),https://raw.githubusercontent.com/algolia/datasets/master/airports/airports.json
BHD,Belfast City,Belfast,United Kingdom,54.618056,-5.8725,false,Belfast (BHD),https://raw.githubusercontent.com/algolia/datasets/master/airports/airports.json
BHE,Woodbourne,Woodbourne,New Zealand,-41.518333,173.870278,false,Woodbourne (BHE),https://raw.githubusercontent.com/algolia/datasets/master/airports/airports.json
BHH,Bisha,Bisha,Saudi Arabia,19.98435,42.620881,false,Bisha (BHH),https://raw.githubusercontent.com/algolia/datasets/master/airports/airports.json
BHI,Comandante Espora,Bahia Blanca,Argentina,-38.724967,-62.169317,false,Bahia Blanca (BHI),https://raw.githubusercontent.com/algolia/datasets/master/airports/airports.json
BHJ,Bhuj,Bhuj,India,23.287828,69.670147,false,Bhuj (BHJ),https://raw.githubusercontent.com/algolia/datasets/master/airports/airports.json
BHK,Bukhara,Bukhara,Uzbekistan,39.775,64.483333,false,Bukhara (BHK),https://raw.githubusercontent.com/algolia/datasets/master/airports/airports.json
BHM,Birmingham Intl,Birmingham,United States,33.562942,-86.75355,true,Birmingham (BHM),https://raw.githubusercontent.com/algolia/datasets/master/airports/airports.json
BHO,Bhopal,Bhopal,India,23.287467,77.337375,false,Bhopal (BHO),https://raw.githubusercontent.com/algolia/datasets/master/airports/airports.json
BHQ,Broken Hill Airport,Broken Hill,Australia,-32.0014,141.472,false,Broken Hill (BHQ),https://raw.githubusercontent.com/algolia/datasets/master/airports/airports.json
BHR,Bharatpur Airport,Bharatpur,Nepal,27.6781,84.4294,false,Bharatpur (BHR),https://raw.githubusercontent.com/algolia/datasets/master/airports/airports.json
BHS,Bathurst Airport,Bathurst,Australia,-33.4094,149.652,false,Bathurst (BHS),https://raw.githubusercontent.com/algolia/datasets/master/airports/airports.json
BHU,Bhavnagar,Bhaunagar,India,21.752206,72.185181,false,Bhaunagar (BHU),https://raw.githubusercontent.com/algolia/datasets/master/airports/airports.json
BHV,Bahawalpur Airport,Bahawalpur,Pakistan,29.3481,71.717981,false,Bahawalpur (BHV),https://raw.githubusercontent.com/algolia/datasets/master/airports/airports.json
BHX,Birmingham,Birmingham,United Kingdom,52.453856,-1.748028,false,Birmingham (BHX),https://raw.githubusercontent.com/algolia/datasets/master/airports/airports.json
BHY,Beihai Airport,Beihai,China,21.5394,109.294,false,Beihai (BHY),https://raw.githubusercontent.com/algolia/datasets/master/airports/airports.json
BIA,Poretta,Bastia,France,42.552664,9.483731,false,Bastia (BIA),https://raw.githubusercontent.com/algolia/datasets/master/airports/airports.json
BIK,Frans Kaisiepo,Biak,Indonesia,-1.190017,136.107997,false,Biak (BIK),https://raw.githubusercontent.com/algolia/datasets/master/airports/airports.json
BIL,Billings Logan International Airport,Billings,United States,45.80921,-108.537654,true,Billings (BIL),https://raw.githubusercontent.com/algolia/datasets/master/airports/airports.json
BIM,South Bimini,Alice Town,Bahamas,25.699881,-79.264656,false,Alice Town (BIM),https://raw.githubusercontent.com/algolia/datasets/master/airports/airports.json
BIO,Bilbao,Bilbao,Spain,43.301097,-2.910608,false,Bilbao (BIO),https://raw.githubusercontent.com/algolia/datasets/master/airports/airports.json
BIQ,Anglet,Biarritz-bayonne,France,43.468419,-1.523325,false,Biarritz-bayonne (BIQ),https://raw.githubusercontent.com/algolia/datasets/master/airports/airports.json
BIR,Biratnagar,Biratnagar,Nepal,26.481453,87.264036,false,Biratnagar (BIR),https://raw.githubusercontent.com/algolia/datasets/master/airports/airports.json
BIS,Bismarck Municipal Airport,Bismarck,United States,46.775842,-100.757931,false,Bismarck (BIS),https://raw.githubusercontent.com/algolia/datasets/master/airports/airports.json
BJA,Soummam,Bejaja,Algeria,36.711997,5.069922,false,Bejaja (BJA),https://raw.githubusercontent.com/algolia/datasets/master/airports/airports.json
BJB,Bojnourd Airport,Bojnourd,Iran,37.492958,57.308219,false,Bojnourd (BJB),https://raw.githubusercontent.com/algolia/datasets/master/airports/airports.json
BJF,Batsfjord,Batsfjord,Norway,70.600278,29.6925,false,Batsfjord (BJF),https://raw.githubusercontent.com/algolia/datasets/master/airports/airports.json
BJI,Bemidji Regional Airport,Bemidji,United States,47.510722,-94.934722,false,Bemidji (BJI),https://raw.githubusercontent.com/algolia/datasets/master/airports/airports.json
BJL,Banjul Intl,Banjul,Gambia,13.337961,-16.652206,true,Banjul (BJL),https://raw.githubusercontent.com/algolia/datasets/master/airports/airports.json
BJM,Bujumbura Intl,Bujumbura,Burundi,-3.324019,29.318519,true,Bujumbura (BJM),https://raw.githubusercontent.com/algolia/datasets/master/airports/airports.json
BJR,Bahir Dar,Bahar Dar,Ethiopia,11.608075,37.321644,false,Bahar Dar (BJR),https://raw.githubusercontent.com/algolia/datasets/master/airports/airports.json
BJV,Bodrum - Milas,Bodrum,Turkey,37.249,27.667,false,Bodrum (BJV),https://raw.githubusercontent.com/algolia/datasets/master/airports/airports.json
BJX,Guanajuato Intl,Del Bajio,Mexico,20.993464,-101.480847,true,Del Bajio (BJX),https://raw.githubusercontent.com/algolia/datasets/master/airports/airports.json
BJZ,Talavera La Real,Badajoz,Spain,38.89125,-6.821333,false,Badajoz (BJZ),https://raw.githubusercontent.com/algolia/datasets/master/airports/airports.json
BKC,Buckland Airport,Buckland,United States,65.981667,-161.149167,false,Buckland (BKC),https://raw.githubusercontent.com/algolia/datasets/master/airports/airports.json
BKG,Branson LLC,Branson,United States,36.531994,-93.200556,false,Branson (BKG),https://raw.githubusercontent.com/algolia/datasets/master/airports/airports.json
BKI,Kota Kinabalu Intl,Kota Kinabalu,Malaysia,5.937208,116.051181,true,Kota Kinabalu (BKI),https://raw.githubusercontent.com/algolia/datasets/master/airports/airports.json
BKK,Suvarnabhumi Intl,Bangkok,Thailand,13.681108,100.747283,true,Bangkok (BKK),https://raw.githubusercontent.com/algolia/datasets/master/airports/airports.json
BKM,Bakalalan Airport,Bakalalan,Malaysia,3.974,115.618,false,Bakalalan (BKM),https://raw.githubusercontent.com/algolia/datasets/master/airports/airports.json
BKO,Senou,Bamako,Mali,12.533544,-7.949944,false,Bamako (BKO),https://raw.githubusercontent.com/algolia/datasets/master/airports/airports.json
BKQ,Blackall,Blackall,Australia,-24.427778,145.428611,false,Blackall (BKQ),https://raw.githubusercontent.com/algolia/datasets/master/airports/airports.json
BKS,Fatmawati Soekarno,Bengkulu,Indonesia,-3.8637,102.339036,false,Bengkulu (BKS),https://raw.githubusercontent.com/algolia/datasets/master/airports/airports.json
BKW,Raleigh County Memorial Airport,Beckley,United States,37.7873,-81.1242,false,Beckley (BKW),https://raw.githubusercontent.com/algolia/datasets/master/airports/airports.json
BKY,Bukavu Kavumu,Bukavu/kavumu,Congo (Kinshasa),-2.308978,28.808803,false,Bukavu/kavumu (BKY),https://raw.githubusercontent.com/algolia/datasets/master/airports/airports.json
BKZ,Bukoba Airport,Bukoba,Tanzania,-1.3,31.8,false,Bukoba (BKZ),https://raw.githubusercontent.com/algolia/datasets/master/airports/airports.json
BLA,General Jose Antonio Anzoategui Intl,Barcelona,Venezuela,10.107139,-64.689161,true,Barcelona (BLA),https://raw.githubusercontent.com/algolia/datasets/master/airports/airports.json
BLD,Boulder City Municipal Airport,Boulder City,United States,35.5651,-114.514,false,Boulder City (BLD),https://raw.githubusercontent.com/algolia/datasets/master/airports/airports.json
BLE,Borlange,Borlange,Sweden,60.422017,15.515211,false,Borlange (BLE),https://raw.githubusercontent.com/algolia/datasets/master/airports/airports.json
BLI,Bellingham Intl,Bellingham,United States,48.792694,-122.537528,true,Bellingham (BLI),https://raw.githubusercontent.com/algolia/datasets/master/airports/airports.json
BLJ,Batna Airport,Batna,Algeria,35.752106,6.308589,false,Batna (BLJ),https://raw.githubusercontent.com/algolia/datasets/master/airports/airports.json
BLK,Blackpool,Blackpool,United Kingdom,53.771667,-3.028611,false,Blackpool (BLK),https://raw.githubusercontent.com/algolia/datasets/master/airports/airports.json
BLL,Billund,Billund,Denmark,55.740322,9.151778,false,Billund (BLL),https://raw.githubusercontent.com/algolia/datasets/master/airports/airports.json
BLQ,Bologna,Bologna,Italy,44.535444,11.288667,false,Bologna (BLQ),https://raw.githubusercontent.com/algolia/datasets/master/airports/airports.json
BLR,Bangalore,Bangalore,India,12.949986,77.668206,false,Bangalore (BLR),https://raw.githubusercontent.com/algolia/datasets/master/airports/airports.json
BLV,Scott Afb Midamerica,Belleville,United States,38.545178,-89.835183,false,Belleville (BLV),https://raw.githubusercontent.com/algolia/datasets/master/airports/airports.json
BLZ,Chileka Intl,Blantyre,Malawi,-15.679053,34.974014,true,Blantyre (BLZ),https://raw.githubusercontent.com/algolia/datasets/master/airports/airports.json
BMA,Bromma,Stockholm,Sweden,59.354372,17.94165,false,Stockholm (BMA),https://raw.githubusercontent.com/algolia/datasets/master/airports/airports.json
BME,Broome,Broome,Australia,-17.8,122.2,false,Broome (BME),https://raw.githubusercontent.com/algolia/datasets/master/airports/airports.json
BMI,Central Illinois Rgnl,Bloomington,United States,40.477111,-88.915917,false,Bloomington (BMI),https://raw.githubusercontent.com/algolia/datasets/master/airports/airports.json
BMU,Muhammad Salahuddin,Bima,Indonesia,-8.539647,118.687322,false,Bima (BMU),https://raw.githubusercontent.com/algolia/datasets/master/airports/airports.json
BMV,Buon Ma Thuot Airport,Buonmethuot,Vietnam,12.668311,108.120272,false,Buonmethuot (BMV),https://raw.githubusercontent.com/algolia/datasets/master/airports/airports.json
BMW,Bordj Badji Mokhtar Airport,Bordj Badji Mokhtar,Algeria,21.375,0.923889,false,Bordj Badji Mokhtar (BMW),https://raw.githubusercontent.com/algolia/datasets/master/airports/airports.json
BMY,Belep Islands Airport,Waala,New Caledonia,-19.7206,163.661,false,Waala (BMY),https://raw.githubusercontent.com/algolia/datasets/master/airports/airports.json
BNA,Nashville Intl,Nashville,United States,36.124472,-86.678194,true,Nashville (BNA),https://raw.githubusercontent.com/algolia/datasets/master/airports/airports.json
BND,Bandar Abbass Intl,Bandar Abbas,Iran,27.218317,56.37785,true,Bandar Abbas (BND),https://raw.githubusercontent.com/algolia/datasets/master/airports/airports.json
BNE,Brisbane Intl,Brisbane,Australia,-27.384167,153.1175,true,Brisbane (BNE),https://raw.githubusercontent.com/algolia/datasets/master/airports/airports.json
BNI,Benin,Benin,Nigeria,6.316981,5.599503,false,Benin (BNI),https://raw.githubusercontent.com/algolia/datasets/master/airports/airports.json
BNK,Ballina Byron Gateway,Ballina Byron Bay,Australia,-28.833889,153.5625,false,Ballina Byron Bay (BNK),https://raw.githubusercontent.com/algolia/datasets/master/airports/airports.json
BNN,Bronnoy,Bronnoysund,Norway,65.461111,12.2175,false,Bronnoysund (BNN),https://raw.githubusercontent.com/algolia/datasets/master/airports/airports.json
BNS,Barinas,Barinas,Venezuela,8.619575,-70.220825,false,Barinas (BNS),https://raw.githubusercontent.com/algolia/datasets/master/airports/airports.json
BNX,Banja Luka International Airport,Banja Luka,Bosnia and Herzegovina,44.941444,17.297501,true,Banja Luka (BNX),https://raw.githubusercontent.com/algolia/datasets/master/airports/airports.json
BNY,Bellona,Bellona,Solomon Islands,-11.302,159.8,false,Bellona (BNY),https://raw.githubusercontent.com/algolia/datasets/master/airports/airports.json
BOB,Bora Bora,Bora Bora,French Polynesia,-16.444378,-151.751286,false,Bora Bora (BOB),https://raw.githubusercontent.com/algolia/datasets/master/airports/airports.json
BOC,Bocas Del Toro Intl,Bocas Del Toro,Panama,9.340853,-82.250842,true,Bocas Del Toro (BOC),https://raw.githubusercontent.com/algolia/datasets/master/airports/airports.json
BOD,Merignac,Bordeaux,France,44.828335,-0.715556,false,Bordeaux (BOD),https://raw.githubusercontent.com/algolia/datasets/master/airports/airports.json
BOG,Eldorado Intl,Bogota,Colombia,4.701594,-74.146947,true,Bogota (BOG),https://raw.githubusercontent.com/algolia/datasets/master/airports/airports.json
BOH,Bournemouth,Bournemouth,United Kingdom,50.78,-1.8425,false,Bournemouth (BOH),https://raw.githubusercontent.com/algolia/datasets/master/airports/airports.json
BOI,Boise Air Terminal,Boise,United States,43.564361,-116.222861,false,Boise (BOI),https://raw.githubusercontent.com/algolia/datasets/master/airports/airports.json
BOJ,Burgas,Bourgas,Bulgaria,42.569583,27.515236,false,Bourgas (BOJ),https://raw.githubusercontent.com/algolia/datasets/master/airports/airports.json
BOM,Chhatrapati Shivaji Intl,Mumbai,India,19.088686,72.867919,true,Mumbai (BOM),https://raw.githubusercontent.com/algolia/datasets/master/airports/airports.json
BON,Flamingo,Kralendijk,Netherlands Antilles,12.131044,-68.268511,false,Kralendijk (BON),https://raw.githubusercontent.com/algolia/datasets/master/airports/airports.json
BOO,Bodo,Bodo,Norway,67.269167,14.365278,false,Bodo (BOO),https://raw.githubusercontent.com/algolia/datasets/master/airports/airports.json
BOS,General Edward Lawrence Logan Intl,Boston,United States,42.364347,-71.005181,true,Boston (BOS),https://raw.githubusercontent.com/algolia/datasets/master/airports/airports.json
BOY,Bobo Dioulasso,Bobo-dioulasso,Burkina Faso,11.160056,-4.330969,false,Bobo-dioulasso (BOY),https://raw.githubusercontent.com/algolia/datasets/master/airports/airports.json
BPN,Sepinggan,Balikpapan,Indonesia,-1.268272,116.894478,false,Balikpapan (BPN),https://raw.githubusercontent.com/algolia/datasets/master/airports/airports.json
BPS,Aeroporto de Porto Seguro,Porto Seguro,Brazil,-16.438611,-39.080833,false,Porto Seguro (BPS),https://raw.githubusercontent.com/algolia/datasets/master/airports/airports.json
BPT,Southeast Texas Rgnl,Beaumont,United States,29.950833,-94.020694,false,Beaumont (BPT),https://raw.githubusercontent.com/algolia/datasets/master/airports/airports.json
BPX,Qamdo Bangda Airport,Bangda,China,30.5536,97.1083,false,Bangda (BPX),https://raw.githubusercontent.com/algolia/datasets/master/airports/airports.json
BQB,Brusselton,Brusselton,Australia,-33.687222,115.400278,false,Brusselton (BQB),https://raw.githubusercontent.com/algolia/datasets/master/airports/airports.json
BQK,Brunswick Golden Isles Airport,Brunswick,United States,31.2588,-81.4665,false,Brunswick (BQK),https://raw.githubusercontent.com/algolia/datasets/master/airports/airports.json
BQL,Boulia Airport,Boulia,Australia,-22.9133,139.9,false,Boulia (BQL),https://raw.githubusercontent.com/algolia/datasets/master/airports/airports.json
BQN,Rafael Hernandez,Aguadilla,Puerto Rico,18.494861,-67.129444,false,Aguadilla (BQN),https://raw.githubusercontent.com/algolia/datasets/master/airports/airports.json
BQS,Ignatyevo,Blagoveschensk,Russia,50.425394,127.412478,false,Blagoveschensk (BQS),https://raw.githubusercontent.com/algolia/datasets/master/airports/airports.json
BRA,Barreiras Airport,Barreiras,Brazil,-12.083333,-45,false,Barreiras (BRA),https://raw.githubusercontent.com/algolia/datasets/master/airports/airports.json
BRC,San Carlos De Bariloche,San Carlos De Bariloche,Argentina,-41.151172,-71.157542,false,San Carlos De Bariloche (BRC),https://raw.githubusercontent.com/algolia/datasets/master/airports/airports.json
BRD,Brainerd Lakes Rgnl,Brainerd,United States,46.398308,-94.138078,false,Brainerd (BRD),https://raw.githubusercontent.com/algolia/datasets/master/airports/airports.json
BRE,Neuenland,Bremen,Germany,53.0475,8.786667,false,Bremen (BRE),https://raw.githubusercontent.com/algolia/datasets/master/airports/airports.json
BRI,Bari,Bari,Italy,41.138856,16.760594,false,Bari (BRI),https://raw.githubusercontent.com/algolia/datasets/master/airports/airports.json
BRL,Southeast Iowa Regional Airport,Burlington,United States,40.7832,-91.1255,false,Burlington (BRL),https://raw.githubusercontent.com/algolia/datasets/master/airports/airports.json
BRM,Barquisimeto Intl,Barquisimeto,Venezuela,10.042747,-69.358619,true,Barquisimeto (BRM),https://raw.githubusercontent.com/algolia/datasets/master/airports/airports.json
BRN,Bern Belp,Bern,Switzerland,46.9141,7.497153,false,Bern (BRN),https://raw.githubusercontent.com/algolia/datasets/master/airports/airports.json
BRO,Brownsville South Padre Island Intl,Brownsville,United States,25.906833,-97.425861,true,Brownsville (BRO),https://raw.githubusercontent.com/algolia/datasets/master/airports/airports.json
BRQ,Turany,Brno,Czech Republic,49.151269,16.694433,false,Brno (BRQ),https://raw.githubusercontent.com/algolia/datasets/master/airports/airports.json
BRR,Barra Airport,Barra,United Kingdom,57.0228,-7.44306,false,Barra (BRR),https://raw.githubusercontent.com/algolia/datasets/master/airports/airports.json
BRS,Bristol,Bristol,United Kingdom,51.382669,-2.719089,false,Bristol (BRS),https://raw.githubusercontent.com/algolia/datasets/master/airports/airports.json
BRU,Brussels Natl,Brussels,Belgium,50.901389,4.484444,false,Brussels (BRU),https://raw.githubusercontent.com/algolia/datasets/master/airports/airports.json
BRW,Wiley Post Will Rogers Mem,Barrow,United States,71.285446,-156.766003,false,Barrow (BRW),https://raw.githubusercontent.com/algolia/datasets/master/airports/airports.json
BSA,Bosaso Airport,Bosaso,Somalia,11.2753,49.1494,false,Bosaso (BSA),https://raw.githubusercontent.com/algolia/datasets/master/airports/airports.json
BSB,Presidente Juscelino Kubitschek,Brasilia,Brazil,-15.8711,-47.918625,false,Brasilia (BSB),https://raw.githubusercontent.com/algolia/datasets/master/airports/airports.json
BSC,Jose Celestino Mutis,Bahia Solano,Colombia,6.202917,-77.394675,false,Bahia Solano (BSC),https://raw.githubusercontent.com/algolia/datasets/master/airports/airports.json
BSD,Baoshan Airport,Baoshan,China,25.053333,99.168333,false,Baoshan (BSD),https://raw.githubusercontent.com/algolia/datasets/master/airports/airports.json
BSG,Bata,Bata,Equatorial Guinea,1.905469,9.805681,false,Bata (BSG),https://raw.githubusercontent.com/algolia/datasets/master/airports/airports.json
BSK,Biskra,Biskra,Algeria,34.793289,5.738231,false,Biskra (BSK),https://raw.githubusercontent.com/algolia/datasets/master/airports/airports.json
BSL,EuroAirport Basel-Mulhouse-Freiburg,Basel,Switzerland,47.59,7.529167,false,Basel (BSL),https://raw.githubusercontent.com/algolia/datasets/master/airports/airports.json
BSO,Basco Airport,Basco,Philippines,20.451322,121.979883,false,Basco (BSO),https://raw.githubusercontent.com/algolia/datasets/master/airports/airports.json
BSR,Basrah Intl,Basrah,Iraq,30.549069,47.662142,true,Basrah (BSR),https://raw.githubusercontent.com/algolia/datasets/master/airports/airports.json
BTH,Hang Nadim,Batam,Indonesia,1.121028,104.118753,false,Batam (BTH),https://raw.githubusercontent.com/algolia/datasets/master/airports/airports.json
BTI,Barter Island Lrrs,Barter Island,United States,70.133989,-143.581867,false,Barter Island (BTI),https://raw.githubusercontent.com/algolia/datasets/master/airports/airports.json
BTJ,Sultan Iskandarmuda,Banda Aceh,Indonesia,5.523522,95.420372,false,Banda Aceh (BTJ),https://raw.githubusercontent.com/algolia/datasets/master/airports/airports.json
BTK,Bratsk,Bratsk,Russia,56.370556,101.698331,false,Bratsk (BTK),https://raw.githubusercontent.com/algolia/datasets/master/airports/airports.json
BTM,Bert Mooney Airport,Butte,United States,45.954806,-112.497472,false,Butte (BTM),https://raw.githubusercontent.com/algolia/datasets/master/airports/airports.json
BTR,Baton Rouge Metro Ryan Fld,Baton Rouge,United States,30.533167,-91.149639,false,Baton Rouge (BTR),https://raw.githubusercontent.com/algolia/datasets/master/airports/airports.json
BTS,M R Stefanik,Bratislava,Slovakia,48.170167,17.212667,false,Bratislava (BTS),https://raw.githubusercontent.com/algolia/datasets/master/airports/airports.json
BTT,Bettles,Bettles,United States,66.913944,-151.529056,false,Bettles (BTT),https://raw.githubusercontent.com/algolia/datasets/master/airports/airports.json
BTU,Bintulu,Bintulu,Malaysia,3.12385,113.020472,false,Bintulu (BTU),https://raw.githubusercontent.com/algolia/datasets/master/airports/airports.json
BTV,Burlington Intl,Burlington,United States,44.471861,-73.153278,true,Burlington (BTV),https://raw.githubusercontent.com/algolia/datasets/master/airports/airports.json
BUA,Buka Airport,Buka Island,Papua New Guinea,-5.42232,154.673,false,Buka Island (BUA),https://raw.githubusercontent.com/algolia/datasets/master/airports/airports.json
BUC,Burketown Airport,Burketown,Australia,-17.7486,139.534,false,Burketown (BUC),https://raw.githubusercontent.com/algolia/datasets/master/airports/airports.json
BUD,Ferihegy,Budapest,Hungary,47.436933,19.255592,false,Budapest (BUD),https://raw.githubusercontent.com/algolia/datasets/master/airports/airports.json
BUF,Buffalo Niagara Intl,Buffalo,United States,42.940525,-78.732167,true,Buffalo (BUF),https://raw.githubusercontent.com/algolia/datasets/master/airports/airports.json
BUN,Gerardo Tobar Lopez,Buenaventura,Colombia,3.819628,-76.989767,false,Buenaventura (BUN),https://raw.githubusercontent.com/algolia/datasets/master/airports/airports.json
BUQ,J M Nkomo Intl,Bulawayo,Zimbabwe,-20.017431,28.617869,true,Bulawayo (BUQ),https://raw.githubusercontent.com/algolia/datasets/master/airports/airports.json
BUR,Bob Hope,Burbank,United States,34.200667,-118.358667,false,Burbank (BUR),https://raw.githubusercontent.com/algolia/datasets/master/airports/airports.json
BUS,Batumi,Batumi,Georgia,41.610278,41.599694,false,Batumi (BUS),https://raw.githubusercontent.com/algolia/datasets/master/airports/airports.json
BUX,Bunia,Bunia,Congo (Kinshasa),1.565719,30.220833,false,Bunia (BUX),https://raw.githubusercontent.com/algolia/datasets/master/airports/airports.json
BUZ,Bushehr,Bushehr,Iran,28.944811,50.834637,false,Bushehr (BUZ),https://raw.githubusercontent.com/algolia/datasets/master/airports/airports.json
BVA,Tille,Beauvais,France,49.454444,2.112778,false,Beauvais (BVA),https://raw.githubusercontent.com/algolia/datasets/master/airports/airports.json
BVB,Boa Vista,Boa Vista,Brazil,2.846311,-60.690069,false,Boa Vista (BVB),https://raw.githubusercontent.com/algolia/datasets/master/airports/airports.json
BVC,Rabil,Boa Vista,Cape Verde,16.136531,-22.888897,false,Boa Vista (BVC),https://raw.githubusercontent.com/algolia/datasets/master/airports/airports.json
BVE,La Roche,Brive,France,45.150833,1.469167,false,Brive (BVE),https://raw.githubusercontent.com/algolia/datasets/master/airports/airports.json
BVG,Berlevag,Berlevag,Norway,70.866667,29,false,Berlevag (BVG),https://raw.githubusercontent.com/algolia/datasets/master/airports/airports.json
BVH,Vilhena,Vilhena,Brazil,-12.694375,-60.098269,false,Vilhena (BVH),https://raw.githubusercontent.com/algolia/datasets/master/airports/airports.json
BVI,Birdsville Airport,Birdsville,Australia,-25.8975,139.348,false,Birdsville (BVI),https://raw.githubusercontent.com/algolia/datasets/master/airports/airports.json
BVS,Breves Airport,Breves,Brazil,-1.681944,-50.48,false,Breves (BVS),https://raw.githubusercontent.com/algolia/datasets/master/airports/airports.json
BVV,Burevestnik Airport,Iturup Island,Russia,44.92,147.621667,false,Iturup Island (BVV),https://raw.githubusercontent.com/algolia/datasets/master/airports/airports.json
BWA,Bhairahawa,Bhairawa,Nepal,27.505703,83.41625,false,Bhairawa (BWA),https://raw.githubusercontent.com/algolia/datasets/master/airports/airports.json
BWI,Baltimore Washington Intl,Baltimore,United States,39.175361,-76.668333,true,Baltimore (BWI),https://raw.githubusercontent.com/algolia/datasets/master/airports/airports.json
BWK,Brac,Brac,Croatia,43.285719,16.679719,false,Brac (BWK),https://raw.githubusercontent.com/algolia/datasets/master/airports/airports.json
BWN,Brunei Intl,Bandar Seri Begawan,Brunei,4.9442,114.928353,true,Bandar Seri Begawan (BWN),https://raw.githubusercontent.com/algolia/datasets/master/airports/airports.json
BWT,Wynyard Airport,Burnie,Australia,-40.9989,145.731,false,Burnie (BWT),https://raw.githubusercontent.com/algolia/datasets/master/airports/airports.json
BXB,Babo,Babo,Indonesia,-2.532242,133.438894,false,Babo (BXB),https://raw.githubusercontent.com/algolia/datasets/master/airports/airports.json
BXR,Bam Airport,Bam,Iran,29.084169,58.450042,false,Bam (BXR),https://raw.githubusercontent.com/algolia/datasets/master/airports/airports.json
BXU,Butuan,Butuan,Philippines,8.951322,125.477972,false,Butuan (BXU),https://raw.githubusercontent.com/algolia/datasets/master/airports/airports.json
BYC,Yacuiba,Yacuiba,Bolivia,-21.960925,-63.651669,false,Yacuiba (BYC),https://raw.githubusercontent.com/algolia/datasets/master/airports/airports.json
BYN,Bayankhongor Airport,Bayankhongor,Mongolia,46.1633,100.704,false,Bayankhongor (BYN),https://raw.githubusercontent.com/algolia/datasets/master/airports/airports.json
BYO,Bonito Airport,Bointo,Brazil,-21.247222,-56.4525,false,Bointo (BYO),https://raw.githubusercontent.com/algolia/datasets/master/airports/airports.json
BZE,Philip S W Goldson Intl,Belize City,Belize,17.539144,-88.308203,true,Belize City (BZE),https://raw.githubusercontent.com/algolia/datasets/master/airports/airports.json
BZG,Bydgoszcz Ignacy Jan Paderewski Airport,Bydgoszcz,Poland,53.0968,17.9777,false,Bydgoszcz (BZG),https://raw.githubusercontent.com/algolia/datasets/master/airports/airports.json
BZL,Barisal Airport,Barisal,Bangladesh,22.801,90.3012,false,Barisal (BZL),https://raw.githubusercontent.com/algolia/datasets/master/airports/airports.json
BZN,Gallatin Field,Bozeman,United States,45.777643,-111.160151,false,Bozeman (BZN),https://raw.githubusercontent.com/algolia/datasets/master/airports/airports.json
BZO,Bolzano,Bolzano,Italy,46.460194,11.326383,false,Bolzano (BZO),https://raw.githubusercontent.com/algolia/datasets/master/airports/airports.json
BZR,Vias,Beziers,France,43.323522,3.353903,false,Beziers (BZR),https://raw.githubusercontent.com/algolia/datasets/master/airports/airports.json
BZV,Maya Maya,Brazzaville,Congo (Brazzaville),-4.2517,15.253031,false,Brazzaville (BZV),https://raw.githubusercontent.com/algolia/datasets/master/airports/airports.json
CAB,Cabinda,Cabinda,Angola,-5.596992,12.188353,false,Cabinda (CAB),https://raw.githubusercontent.com/algolia/datasets/master/airports/airports.json
CAC,Cascavel,Cascavel,Brazil,-25.000339,-53.500764,false,Cascavel (CAC),https://raw.githubusercontent.com/algolia/datasets/master/airports/airports.json
CAE,Columbia Metropolitan,Columbia,United States,33.938833,-81.119528,false,Columbia (CAE),https://raw.githubusercontent.com/algolia/datasets/master/airports/airports.json
CAG,Elmas,Cagliari,Italy,39.251469,9.054283,false,Cagliari (CAG),https://raw.githubusercontent.com/algolia/datasets/master/airports/airports.json
CAH,Ca Mau,Ca Mau,Vietnam,9.188049,105.174721,false,Ca Mau (CAH),https://raw.githubusercontent.com/algolia/datasets/master/airports/airports.json
CAI,Cairo Intl,Cairo,Egypt,30.121944,31.405556,true,Cairo (CAI),https://raw.githubusercontent.com/algolia/datasets/master/airports/airports.json
CAJ,Canaima,Canaima,Venezuela,6.231989,-62.854433,false,Canaima (CAJ),https://raw.githubusercontent.com/algolia/datasets/master/airports/airports.json
CAK,Akron Canton Regional Airport,Akron,United States,40.9160833,-81.4421944,false,Akron (CAK),https://raw.githubusercontent.com/algolia/datasets/master/airports/airports.json
CAL,Campbeltown Airport,Campbeltown,United Kingdom,55.4372,-5.68639,false,Campbeltown (CAL),https://raw.githubusercontent.com/algolia/datasets/master/airports/airports.json
CAN,Baiyun Intl,Guangzhou,China,23.392436,113.298786,true,Guangzhou (CAN),https://raw.githubusercontent.com/algolia/datasets/master/airports/airports.json
CAP,Cap Haitien Intl,Cap Haitien,Haiti,19.732989,-72.194739,true,Cap Haitien (CAP),https://raw.githubusercontent.com/algolia/datasets/master/airports/airports.json
CAW,Bartolomeu Lisandro,Campos,Brazil,-21.698333,-41.301669,false,Campos (CAW),https://raw.githubusercontent.com/algolia/datasets/master/airports/airports.json
CAY,Rochambeau,Cayenne,French Guiana,4.819808,-52.360447,false,Cayenne (CAY),https://raw.githubusercontent.com/algolia/datasets/master/airports/airports.json
CBB,Jorge Wilsterman,Cochabamba,Bolivia,-17.421058,-66.177114,false,Cochabamba (CBB),https://raw.githubusercontent.com/algolia/datasets/master/airports/airports.json
CBH,Béchar Boudghene Ben Ali Lotfi Airport,Béchar,Algeria,31.6457,-2.26986,false,Béchar (CBH),https://raw.githubusercontent.com/algolia/datasets/master/airports/airports.json
CBO,Cotabato,Cotabato,Philippines,7.165242,124.209619,false,Cotabato (CBO),https://raw.githubusercontent.com/algolia/datasets/master/airports/airports.json
CBQ,Calabar,Calabar,Nigeria,4.976019,8.347197,false,Calabar (CBQ),https://raw.githubusercontent.com/algolia/datasets/master/airports/airports.json
CBR,Canberra,Canberra,Australia,-35.306944,149.195,false,Canberra (CBR),https://raw.githubusercontent.com/algolia/datasets/master/airports/airports.json
CBT,Catumbela Airport,Catumbela,Angola,-12.4792,13.4869,false,Catumbela (CBT),https://raw.githubusercontent.com/algolia/datasets/master/airports/airports.json
CCC,Cayo Coco Airport,Cayo Coco,Cuba,22.5132,-78.511,false,Cayo Coco (CCC),https://raw.githubusercontent.com/algolia/datasets/master/airports/airports.json
CCF,Salvaza,Carcassonne,France,43.215978,2.306317,false,Carcassonne (CCF),https://raw.githubusercontent.com/algolia/datasets/master/airports/airports.json
CCJ,Calicut,Calicut,India,11.136839,75.9553,false,Calicut (CCJ),https://raw.githubusercontent.com/algolia/datasets/master/airports/airports.json
CCK,Cocos Keeling Island Airport,Cocos Keeling Island,Cocos (Keeling) Islands,-12.1883,96.8339,false,Cocos Keeling Island (CCK),https://raw.githubusercontent.com/algolia/datasets/master/airports/airports.json
CCM,Forquilhinha,Criciuma,Brazil,-28.725817,-49.424739,false,Criciuma (CCM),https://raw.githubusercontent.com/algolia/datasets/master/airports/airports.json
CCP,Carriel Sur Intl,Concepcion,Chile,-36.77265,-73.063106,true,Concepcion (CCP),https://raw.githubusercontent.com/algolia/datasets/master/airports/airports.json
CCS,Simon Bolivar Intl,Caracas,Venezuela,10.603117,-66.990583,true,Caracas (CCS),https://raw.githubusercontent.com/algolia/datasets/master/airports/airports.json
CCU,Netaji Subhash Chandra Bose Intl,Kolkata,India,22.654739,88.446722,true,Kolkata (CCU),https://raw.githubusercontent.com/algolia/datasets/master/airports/airports.json
CCV,Craig Cove Airport,Craig Cove,Vanuatu,-16.265,167.924,false,Craig Cove (CCV),https://raw.githubusercontent.com/algolia/datasets/master/airports/airports.json
CDB,Cold Bay,Cold Bay,United States,55.206061,-162.725436,false,Cold Bay (CDB),https://raw.githubusercontent.com/algolia/datasets/master/airports/airports.json
CDC,Cedar City Rgnl,Cedar City,United States,37.700967,-113.098847,false,Cedar City (CDC),https://raw.githubusercontent.com/algolia/datasets/master/airports/airports.json
CDG,Charles De Gaulle,Paris,France,49.012779,2.55,false,Paris (CDG),https://raw.githubusercontent.com/algolia/datasets/master/airports/airports.json
CDJ,Conceicao Do Araguaia,Conceicao Do Araguaia,Brazil,-8.348347,-49.301528,false,Conceicao Do Araguaia (CDJ),https://raw.githubusercontent.com/algolia/datasets/master/airports/airports.json
CDR,Chadron Municipal Airport,Chadron,United States,42.8375,-103.095556,false,Chadron (CDR),https://raw.githubusercontent.com/algolia/datasets/master/airports/airports.json
CDV,Merle K Mudhole Smith,Cordova,United States,60.491778,-145.477556,false,Cordova (CDV),https://raw.githubusercontent.com/algolia/datasets/master/airports/airports.json
CEB,Mactan Cebu Intl,Cebu,Philippines,10.307542,123.979439,true,Cebu (CEB),https://raw.githubusercontent.com/algolia/datasets/master/airports/airports.json
CEC,Del Norte County Airport,Crescent City,United States,41.7802,-124.237,false,Crescent City (CEC),https://raw.githubusercontent.com/algolia/datasets/master/airports/airports.json
CED,Ceduna Airport,Ceduna,Australia,-32.1306,133.71,false,Ceduna (CED),https://raw.githubusercontent.com/algolia/datasets/master/airports/airports.json
CEE,Cherepovets Airport,Cherepovets,Russia,59.2736,38.0158,false,Cherepovets (CEE),https://raw.githubusercontent.com/algolia/datasets/master/airports/airports.json
CEG,Hawarden,Hawarden,United Kingdom,53.178056,-2.977778,false,Hawarden (CEG),https://raw.githubusercontent.com/algolia/datasets/master/airports/airports.json
CEI,Chiang Rai Intl,Chiang Rai,Thailand,19.952342,99.882928,true,Chiang Rai (CEI),https://raw.githubusercontent.com/algolia/datasets/master/airports/airports.json
CEK,Balandino,Chelyabinsk,Russia,55.305836,61.503333,false,Chelyabinsk (CEK),https://raw.githubusercontent.com/algolia/datasets/master/airports/airports.json
CEM,Central Airport,Central,United States,65.573889,-144.780833,false,Central (CEM),https://raw.githubusercontent.com/algolia/datasets/master/airports/airports.json
CEN,Ciudad Obregon Intl,Ciudad Obregon,Mexico,27.392639,-109.833111,true,Ciudad Obregon (CEN),https://raw.githubusercontent.com/algolia/datasets/master/airports/airports.json
CEZ,Cortez Muni,Cortez,United States,37.303,-108.628056,false,Cortez (CEZ),https://raw.githubusercontent.com/algolia/datasets/master/airports/airports.json
CFB,Cabo Frio International Airport,Cabo Frio,Brazil,-22.921667,-42.074167,true,Cabo Frio (CFB),https://raw.githubusercontent.com/algolia/datasets/master/airports/airports.json
CFC,Carlos Alberto da Costa Neves Airport,Cacador,Brazil,-26.788333,-50.939722,false,Cacador (CFC),https://raw.githubusercontent.com/algolia/datasets/master/airports/airports.json
CFE,Auvergne,Clermont-Ferrand,France,45.786661,3.169169,false,Clermont-Ferrand (CFE),https://raw.githubusercontent.com/algolia/datasets/master/airports/airports.json
CFN,Donegal Airport,Dongloe,Ireland,55.044192,-8.341,false,Dongloe (CFN),https://raw.githubusercontent.com/algolia/datasets/master/airports/airports.json
CFR,Carpiquet,Caen,France,49.173333,-0.45,false,Caen (CFR),https://raw.githubusercontent.com/algolia/datasets/master/airports/airports.json
CFS,Coffs Harbour,Coff's Harbour,Australia,-30.320556,153.116389,false,Coff's Harbour (CFS),https://raw.githubusercontent.com/algolia/datasets/master/airports/airports.json
CFU,Ioannis Kapodistrias Intl,Kerkyra/corfu,Greece,39.601944,19.911667,true,Kerkyra/corfu (CFU),https://raw.githubusercontent.com/algolia/datasets/master/airports/airports.json
CGA,Craig Seaplane Base,Craig,United States,55.478889,-133.147778,false,Craig (CGA),https://raw.githubusercontent.com/algolia/datasets/master/airports/airports.json
CGB,Marechal Rondon,Cuiaba,Brazil,-15.652931,-56.116719,false,Cuiaba (CGB),https://raw.githubusercontent.com/algolia/datasets/master/airports/airports.json
CGD,Changde Airport,Changde,China,28.9189,111.64,false,Changde (CGD),https://raw.githubusercontent.com/algolia/datasets/master/airports/airports.json
CGH,Congonhas,Sao Paulo,Brazil,-23.626692,-46.655375,false,Sao Paulo (CGH),https://raw.githubusercontent.com/algolia/datasets/master/airports/airports.json
CGI,Cape Girardeau Regional Airport,Cape Girardeau,United States,37.2253,-89.5708,false,Cape Girardeau (CGI),https://raw.githubusercontent.com/algolia/datasets/master/airports/airports.json
CGK,Soekarno Hatta Intl,Jakarta,Indonesia,-6.125567,106.655897,true,Jakarta (CGK),https://raw.githubusercontent.com/algolia/datasets/master/airports/airports.json
CGM,Camiguin Airport,Camiguin,Philippines,9.25352,124.707,false,Camiguin (CGM),https://raw.githubusercontent.com/algolia/datasets/master/airports/airports.json
CGN,Koln Bonn,Cologne,Germany,50.865917,7.142744,false,Cologne (CGN),https://raw.githubusercontent.com/algolia/datasets/master/airports/airports.json
CGO,Xinzheng,Zhengzhou,China,34.519672,113.840889,false,Zhengzhou (CGO),https://raw.githubusercontent.com/algolia/datasets/master/airports/airports.json
CGP,Shah Amanat Intl,Chittagong,Bangladesh,22.249611,91.813286,true,Chittagong (CGP),https://raw.githubusercontent.com/algolia/datasets/master/airports/airports.json
CGQ,Changchun,Changchun,China,43.5412,125.1201,false,Changchun (CGQ),https://raw.githubusercontent.com/algolia/datasets/master/airports/airports.json
CGR,Campo Grande,Campo Grande,Brazil,-20.468667,-54.6725,false,Campo Grande (CGR),https://raw.githubusercontent.com/algolia/datasets/master/airports/airports.json
CGY,Cagayan De Oro,Ladag,Philippines,8.415619,124.611219,false,Ladag (CGY),https://raw.githubusercontent.com/algolia/datasets/master/airports/airports.json
CHA,Lovell Fld,Chattanooga,United States,35.035278,-85.203808,false,Chattanooga (CHA),https://raw.githubusercontent.com/algolia/datasets/master/airports/airports.json
CHC,Christchurch Intl,Christchurch,New Zealand,-43.489358,172.532225,true,Christchurch (CHC),https://raw.githubusercontent.com/algolia/datasets/master/airports/airports.json
CHG,Chaoyang Airport,Chaoyang,China,41.5381,120.435,false,Chaoyang (CHG),https://raw.githubusercontent.com/algolia/datasets/master/airports/airports.json
CHO,Charlottesville-Albemarle,Charlottesville VA,United States,38.138639,-78.452861,false,Charlottesville VA (CHO),https://raw.githubusercontent.com/algolia/datasets/master/airports/airports.json
CHQ,Souda,Chania,Greece,35.531747,24.149678,false,Chania (CHQ),https://raw.githubusercontent.com/algolia/datasets/master/airports/airports.json
CHS,Charleston Afb Intl,Charleston,United States,32.898647,-80.040528,true,Charleston (CHS),https://raw.githubusercontent.com/algolia/datasets/master/airports/airports.json
CHU,Chuathbaluk Airport,Chuathbaluk,United States,61.579167,-159.215556,false,Chuathbaluk (CHU),https://raw.githubusercontent.com/algolia/datasets/master/airports/airports.json
CHX,Cap Manuel Nino Intl,Changuinola,Panama,9.458636,-82.516806,true,Changuinola (CHX),https://raw.githubusercontent.com/algolia/datasets/master/airports/airports.json
CHY,Choiseul Bay Airport,Choiseul Bay,Solomon Islands,-6.711944,156.396111,false,Choiseul Bay (CHY),https://raw.githubusercontent.com/algolia/datasets/master/airports/airports.json
CIA,Ciampino,Rome,Italy,41.799361,12.594936,false,Rome (CIA),https://raw.githubusercontent.com/algolia/datasets/master/airports/airports.json
CIC,Chico Muni,Chico,United States,39.795383,-121.858422,false,Chico (CIC),https://raw.githubusercontent.com/algolia/datasets/master/airports/airports.json
CID,Cedar Rapids,Cedar Rapids,United States,41.884694,-91.710806,false,Cedar Rapids (CID),https://raw.githubusercontent.com/algolia/datasets/master/airports/airports.json
CIF,Chifeng Airport,Chifeng,China,42.235,118.908,false,Chifeng (CIF),https://raw.githubusercontent.com/algolia/datasets/master/airports/airports.json
CIH,Changzhi Airport,Changzhi,China,36.2475,113.126,false,Changzhi (CIH),https://raw.githubusercontent.com/algolia/datasets/master/airports/airports.json
CIJ,Heroes Del Acre,Cobija,Bolivia,-11.040436,-68.782972,false,Cobija (CIJ),https://raw.githubusercontent.com/algolia/datasets/master/airports/airports.json
CIK,Chalkyitsik Airport,Chalkyitsik,United States,66.645,-143.74,false,Chalkyitsik (CIK),https://raw.githubusercontent.com/algolia/datasets/master/airports/airports.json
CIP,Chipata Airport,Chipata,Zambia,-13.5583,32.5872,false,Chipata (CIP),https://raw.githubusercontent.com/algolia/datasets/master/airports/airports.json
CIT,Shymkent,Chimkent,Kazakhstan,42.364167,69.478889,false,Chimkent (CIT),https://raw.githubusercontent.com/algolia/datasets/master/airports/airports.json
CIU,Chippewa County International Airport,Sault Ste Marie,United States,46.2508,-84.4724,true,Sault Ste Marie (CIU),https://raw.githubusercontent.com/algolia/datasets/master/airports/airports.json
CIX,Capt Jose A Quinones Gonzales Intl,Chiclayo,Peru,-6.787475,-79.828097,true,Chiclayo (CIX),https://raw.githubusercontent.com/algolia/datasets/master/airports/airports.json
CIY,Comiso,Comiso,Italy,37,14.6144,false,Comiso (CIY),https://raw.githubusercontent.com/algolia/datasets/master/airports/airports.json
CIZ,Coari Airport,Coari,Brazil,-4.085,-63.140833,false,Coari (CIZ),https://raw.githubusercontent.com/algolia/datasets/master/airports/airports.json
CJA,Mayor General FAP Armando Revoredo Iglesias Airport,Cajamarca,Peru,-7.139183,-78.4894,false,Cajamarca (CJA),https://raw.githubusercontent.com/algolia/datasets/master/airports/airports.json
CJB,Coimbatore,Coimbatore,India,11.030031,77.043383,false,Coimbatore (CJB),https://raw.githubusercontent.com/algolia/datasets/master/airports/airports.json
CJC,El Loa,Calama,Chile,-22.498175,-68.903575,false,Calama (CJC),https://raw.githubusercontent.com/algolia/datasets/master/airports/airports.json
CJJ,Cheongju International Airport,Chongju,South Korea,36.7166,127.499119,true,Chongju (CJJ),https://raw.githubusercontent.com/algolia/datasets/master/airports/airports.json
CJL,Chitral Airport,Chitral,Pakistan,35.886592,71.800578,false,Chitral (CJL),https://raw.githubusercontent.com/algolia/datasets/master/airports/airports.json
CJM,Chumphon,Chumphon,Thailand,10.7112,99.361706,false,Chumphon (CJM),https://raw.githubusercontent.com/algolia/datasets/master/airports/airports.json
CJS,Abraham Gonzalez Intl,Ciudad Juarez,Mexico,31.636133,-106.428667,true,Ciudad Juarez (CJS),https://raw.githubusercontent.com/algolia/datasets/master/airports/airports.json
CJU,Jeju Intl,Cheju,South Korea,33.511306,126.493028,true,Cheju (CJU),https://raw.githubusercontent.com/algolia/datasets/master/airports/airports.json
CKB,Harrison Marion Regional Airport,Clarksburg,United States,39.2966,-80.2281,false,Clarksburg (CKB),https://raw.githubusercontent.com/algolia/datasets/master/airports/airports.json
CKD,Crooked Creek Airport,Crooked Creek,United States,61.867778,-158.135,false,Crooked Creek (CKD),https://raw.githubusercontent.com/algolia/datasets/master/airports/airports.json
CKG,Jiangbei,Chongqing,China,29.719217,106.641678,false,Chongqing (CKG),https://raw.githubusercontent.com/algolia/datasets/master/airports/airports.json
CKH,Chokurdakh Airport,Chokurdah,Russia,70.6231,147.902,false,Chokurdah (CKH),https://raw.githubusercontent.com/algolia/datasets/master/airports/airports.json
CKS,Carajas Airport,Parauapebas,Brazil,-6.11781,-50.0035,false,Parauapebas (CKS),https://raw.githubusercontent.com/algolia/datasets/master/airports/airports.json
CKY,Conakry,Conakry,Guinea,9.576889,-13.611961,false,Conakry (CKY),https://raw.githubusercontent.com/algolia/datasets/master/airports/airports.json
CKZ,Canakkale Airport,Canakkale,Turkey,40.137722,26.426777,false,Canakkale (CKZ),https://raw.githubusercontent.com/algolia/datasets/master/airports/airports.json
CLD,McClellan-Palomar Airport,Carlsbad,United States,33.0742,-117.1648,false,Carlsbad (CLD),https://raw.githubusercontent.com/algolia/datasets/master/airports/airports.json
CLE,Cleveland Hopkins Intl,Cleveland,United States,41.411689,-81.849794,true,Cleveland (CLE),https://raw.githubusercontent.com/algolia/datasets/master/airports/airports.json
CLJ,Cluj Napoca,Cluj-napoca,Romania,46.785167,23.686167,false,Cluj-napoca (CLJ),https://raw.githubusercontent.com/algolia/datasets/master/airports/airports.json
CLL,Easterwood Fld,College Station,United States,30.588583,-96.363833,false,College Station (CLL),https://raw.githubusercontent.com/algolia/datasets/master/airports/airports.json
CLM,William R Fairchild International Airport,Port Angeles,United States,48.1202,-123.5,true,Port Angeles (CLM),https://raw.githubusercontent.com/algolia/datasets/master/airports/airports.json
CLO,Alfonso Bonilla Aragon Intl,Cali,Colombia,3.543222,-76.381583,true,Cali (CLO),https://raw.githubusercontent.com/algolia/datasets/master/airports/airports.json
CLQ,Colima,Colima,Mexico,19.277011,-103.577397,false,Colima (CLQ),https://raw.githubusercontent.com/algolia/datasets/master/airports/airports.json
CLT,Charlotte Douglas Intl,Charlotte,United States,35.214,-80.943139,true,Charlotte (CLT),https://raw.githubusercontent.com/algolia/datasets/master/airports/airports.json
CLV,Caldas Novas,Caldas Novas,Brazil,-17.7267,-48.6114,false,Caldas Novas (CLV),https://raw.githubusercontent.com/algolia/datasets/master/airports/airports.json
CLY,Saint Catherine,Calvi,France,42.530753,8.793189,false,Calvi (CLY),https://raw.githubusercontent.com/algolia/datasets/master/airports/airports.json
CMA,Cunnamulla Airport,Cunnamulla,Australia,-28.03,145.622,false,Cunnamulla (CMA),https://raw.githubusercontent.com/algolia/datasets/master/airports/airports.json
CMB,Bandaranaike Intl Colombo,Colombo,Sri Lanka,7.180756,79.884117,true,Colombo (CMB),https://raw.githubusercontent.com/algolia/datasets/master/airports/airports.json
CME,Ciudad Del Carmen Intl,Ciudad Del Carmen,Mexico,18.653739,-91.799017,true,Ciudad Del Carmen (CME),https://raw.githubusercontent.com/algolia/datasets/master/airports/airports.json
CMG,Corumba Intl,Corumba,Brazil,-19.011931,-57.673053,true,Corumba (CMG),https://raw.githubusercontent.com/algolia/datasets/master/airports/airports.json
CMH,Port Columbus Intl,Columbus,United States,39.997972,-82.891889,true,Columbus (CMH),https://raw.githubusercontent.com/algolia/datasets/master/airports/airports.json
CMI,Champaign,Champaign,United States,40.03925,-88.278056,false,Champaign (CMI),https://raw.githubusercontent.com/algolia/datasets/master/airports/airports.json
CMN,Mohammed V Intl,Casablanca,Morocco,33.367467,-7.589967,true,Casablanca (CMN),https://raw.githubusercontent.com/algolia/datasets/master/airports/airports.json
CMP,Campo Alegre Airport,Santana do Araguaia,Brazil,-9.505,-50.625,false,Santana do Araguaia (CMP),https://raw.githubusercontent.com/algolia/datasets/master/airports/airports.json
CMU,Chimbu Airport,Kundiawa,Papua New Guinea,-6.02429,144.971,false,Kundiawa (CMU),https://raw.githubusercontent.com/algolia/datasets/master/airports/airports.json
CMW,Ignacio Agramonte Intl,Camaguey,Cuba,21.420428,-77.847433,true,Camaguey (CMW),https://raw.githubusercontent.com/algolia/datasets/master/airports/airports.json
CMX,Houghton County Memorial Airport,Hancock,United States,47.1684,-88.4891,false,Hancock (CMX),https://raw.githubusercontent.com/algolia/datasets/master/airports/airports.json
CND,Mihail Kogalniceanu,Constanta,Romania,44.362222,28.488333,false,Constanta (CND),https://raw.githubusercontent.com/algolia/datasets/master/airports/airports.json
CNF,Tancredo Neves Intl,Belo Horizonte,Brazil,-19.63375,-43.968856,true,Belo Horizonte (CNF),https://raw.githubusercontent.com/algolia/datasets/master/airports/airports.json
CNJ,Cloncurry Airport,Cloncurry,Australia,-20.6686,140.504,false,Cloncurry (CNJ),https://raw.githubusercontent.com/algolia/datasets/master/airports/airports.json
CNM,Cavern City Air Terminal,Carlsbad,United States,32.337472,-104.263278,false,Carlsbad (CNM),https://raw.githubusercontent.com/algolia/datasets/master/airports/airports.json
CNP,Neerlerit Inaat Airport,Neerlerit Inaat,Greenland,70.7433,-22.6606,false,Neerlerit Inaat (CNP),https://raw.githubusercontent.com/algolia/datasets/master/airports/airports.json
CNS,Cairns Intl,Cairns,Australia,-16.885833,145.755278,true,Cairns (CNS),https://raw.githubusercontent.com/algolia/datasets/master/airports/airports.json
CNX,Chiang Mai Intl,Chiang Mai,Thailand,18.766847,98.962644,true,Chiang Mai (CNX),https://raw.githubusercontent.com/algolia/datasets/master/airports/airports.json
CNY,Canyonlands Field,Moab,United States,38.755,-109.754722,false,Moab (CNY),https://raw.githubusercontent.com/algolia/datasets/master/airports/airports.json
COD,Yellowstone Rgnl,Cody,United States,44.520194,-109.023806,false,Cody (COD),https://raw.githubusercontent.com/algolia/datasets/master/airports/airports.json
COK,Cochin,Kochi,India,10.155556,76.391389,false,Kochi (COK),https://raw.githubusercontent.com/algolia/datasets/master/airports/airports.json
COO,Cadjehoun,Cotonou,Benin,6.357228,2.384353,false,Cotonou (COO),https://raw.githubusercontent.com/algolia/datasets/master/airports/airports.json
COQ,Choibalsan Airport,Choibalsan,Mongolia,48.1357,114.646,false,Choibalsan (COQ),https://raw.githubusercontent.com/algolia/datasets/master/airports/airports.json
COR,Ambrosio L V Taravella,Cordoba,Argentina,-31.323619,-64.207953,false,Cordoba (COR),https://raw.githubusercontent.com/algolia/datasets/master/airports/airports.json
COS,City Of Colorado Springs Muni,Colorado Springs,United States,38.805805,-104.700778,false,Colorado Springs (COS),https://raw.githubusercontent.com/algolia/datasets/master/airports/airports.json
COU,Columbia Rgnl,Columbia,United States,38.818094,-92.219631,false,Columbia (COU),https://raw.githubusercontent.com/algolia/datasets/master/airports/airports.json
CPC,Aviador C Campos,San Martin Des Andes,Argentina,-40.075383,-71.137294,false,San Martin Des Andes (CPC),https://raw.githubusercontent.com/algolia/datasets/master/airports/airports.json
CPD,Coober Pedy Airport,Coober Pedy,Australia,-29.04,134.721,false,Coober Pedy (CPD),https://raw.githubusercontent.com/algolia/datasets/master/airports/airports.json
CPE,Ingeniero Alberto Acuna Ongay Intl,Campeche,Mexico,19.816794,-90.500314,true,Campeche (CPE),https://raw.githubusercontent.com/algolia/datasets/master/airports/airports.json
CPH,Kastrup,Copenhagen,Denmark,55.617917,12.655972,false,Copenhagen (CPH),https://raw.githubusercontent.com/algolia/datasets/master/airports/airports.json
CPO,Copiapo,Copiapo,Chile,-27,-70,false,Copiapo (CPO),https://raw.githubusercontent.com/algolia/datasets/master/airports/airports.json
CPR,Natrona Co Intl,Casper,United States,42.908,-106.464417,true,Casper (CPR),https://raw.githubusercontent.com/algolia/datasets/master/airports/airports.json
CPT,Cape Town Intl,Cape Town,South Africa,-33.964806,18.601667,true,Cape Town (CPT),https://raw.githubusercontent.com/algolia/datasets/master/airports/airports.json
CPV,Presidente Joao Suassuna,Campina Grande,Brazil,-7.269917,-35.896364,false,Campina Grande (CPV),https://raw.githubusercontent.com/algolia/datasets/master/airports/airports.json
CPX,Culebra Airport,Culebra Island,Puerto Rico,18.3127,-65.3034,false,Culebra Island (CPX),https://raw.githubusercontent.com/algolia/datasets/master/airports/airports.json
CRA,Craiova,Craiova,Romania,44.318139,23.888611,false,Craiova (CRA),https://raw.githubusercontent.com/algolia/datasets/master/airports/airports.json
CRD,Comodoro Rivadavia,Comodoro Rivadavia,Argentina,-45.785347,-67.465508,false,Comodoro Rivadavia (CRD),https://raw.githubusercontent.com/algolia/datasets/master/airports/airports.json
CRI,Colonel Hill Airport,Colonel Hill,Bahamas,22.745561,-74.182353,false,Colonel Hill (CRI),https://raw.githubusercontent.com/algolia/datasets/master/airports/airports.json
CRK,Diosdado Macapagal International,Angeles City,Philippines,15.185833,120.560278,true,Angeles City (CRK),https://raw.githubusercontent.com/algolia/datasets/master/airports/airports.json
CRL,Brussels South,Charleroi,Belgium,50.459197,4.453817,false,Charleroi (CRL),https://raw.githubusercontent.com/algolia/datasets/master/airports/airports.json
CRM,Catarman National Airport,Catarman,Philippines,12.502417,124.635778,false,Catarman (CRM),https://raw.githubusercontent.com/algolia/datasets/master/airports/airports.json
CRP,Corpus Christi Intl,Corpus Christi,United States,27.770361,-97.501222,true,Corpus Christi (CRP),https://raw.githubusercontent.com/algolia/datasets/master/airports/airports.json
CRW,Yeager,Charleston,United States,38.373147,-81.593189,false,Charleston (CRW),https://raw.githubusercontent.com/algolia/datasets/master/airports/airports.json
CSG,Columbus Metropolitan Airport,Columbus,United States,32.5163333,-84.9388611,false,Columbus (CSG),https://raw.githubusercontent.com/algolia/datasets/master/airports/airports.json
CSH,Solovki Airport,Solovetsky Islands,Russia,65.03,35.7333,false,Solovetsky Islands (CSH),https://raw.githubusercontent.com/algolia/datasets/master/airports/airports.json
CSK,Cap Skiring,Cap Skiring,Senegal,12.4102,-16.746125,false,Cap Skiring (CSK),https://raw.githubusercontent.com/algolia/datasets/master/airports/airports.json
CSX,Huanghua,Changcha,China,28.189158,113.219633,false,Changcha (CSX),https://raw.githubusercontent.com/algolia/datasets/master/airports/airports.json
CSY,Cheboksary Airport,Cheboksary,Russia,56.0903,47.3473,false,Cheboksary (CSY),https://raw.githubusercontent.com/algolia/datasets/master/airports/airports.json
CTA,Catania Fontanarossa,Catania,Italy,37.466781,15.0664,false,Catania (CTA),https://raw.githubusercontent.com/algolia/datasets/master/airports/airports.json
CTC,Catamarca,Catamarca,Argentina,-28.593214,-65.750925,false,Catamarca (CTC),https://raw.githubusercontent.com/algolia/datasets/master/airports/airports.json
CTG,Rafael Nunez,Cartagena,Colombia,10.442381,-75.512961,false,Cartagena (CTG),https://raw.githubusercontent.com/algolia/datasets/master/airports/airports.json
CTL,Charleville,Charlieville,Australia,-26.413334,146.2625,false,Charlieville (CTL),https://raw.githubusercontent.com/algolia/datasets/master/airports/airports.json
CTM,Chetumal Intl,Chetumal,Mexico,18.504667,-88.326847,true,Chetumal (CTM),https://raw.githubusercontent.com/algolia/datasets/master/airports/airports.json
CTS,New Chitose,Sapporo,Japan,42.7752,141.692283,false,Sapporo (CTS),https://raw.githubusercontent.com/algolia/datasets/master/airports/airports.json
CTU,Shuangliu,Chengdu,China,30.578528,103.947086,false,Chengdu (CTU),https://raw.githubusercontent.com/algolia/datasets/master/airports/airports.json
CUC,Camilo Daza,Cucuta,Colombia,7.927567,-72.511547,false,Cucuta (CUC),https://raw.githubusercontent.com/algolia/datasets/master/airports/airports.json
CUE,Mariscal Lamar,Cuenca,Ecuador,-2.889467,-78.984397,false,Cuenca (CUE),https://raw.githubusercontent.com/algolia/datasets/master/airports/airports.json
CUF,Levaldigi,Cuneo,Italy,44.547019,7.623217,false,Cuneo (CUF),https://raw.githubusercontent.com/algolia/datasets/master/airports/airports.json
CUK,Caye Caulker Airport,Caye Caulker,Belize,17.7347,-88.0325,false,Caye Caulker (CUK),https://raw.githubusercontent.com/algolia/datasets/master/airports/airports.json
CUL,Culiacan Intl,Culiacan,Mexico,24.764547,-107.474717,true,Culiacan (CUL),https://raw.githubusercontent.com/algolia/datasets/master/airports/airports.json
CUM,Antonio Jose De Sucre,Cumana,Venezuela,10.450333,-64.130472,false,Cumana (CUM),https://raw.githubusercontent.com/algolia/datasets/master/airports/airports.json
CUN,Cancun Intl,Cancun,Mexico,21.036528,-86.877083,true,Cancun (CUN),https://raw.githubusercontent.com/algolia/datasets/master/airports/airports.json
CUQ,Coen Airport,Coen,Australia,-13.7608,143.114,false,Coen (CUQ),https://raw.githubusercontent.com/algolia/datasets/master/airports/airports.json
CUR,Hato,Willemstad,Netherlands Antilles,12.188853,-68.959803,false,Willemstad (CUR),https://raw.githubusercontent.com/algolia/datasets/master/airports/airports.json
CUU,General R Fierro Villalobos Intl,Chihuahua,Mexico,28.702875,-105.964567,true,Chihuahua (CUU),https://raw.githubusercontent.com/algolia/datasets/master/airports/airports.json
CUZ,Teniente Alejandro Velasco Astete Intl,Cuzco,Peru,-13.535722,-71.938781,true,Cuzco (CUZ),https://raw.githubusercontent.com/algolia/datasets/master/airports/airports.json
CVG,Cincinnati Northern Kentucky Intl,Cincinnati,United States,39.048836,-84.667822,true,Cincinnati (CVG),https://raw.githubusercontent.com/algolia/datasets/master/airports/airports.json
CVM,General Pedro Jose Mendez Intl,Ciudad Victoria,Mexico,23.703336,-98.956486,true,Ciudad Victoria (CVM),https://raw.githubusercontent.com/algolia/datasets/master/airports/airports.json
CVU,Corvo Airport,Corvo,Portugal,39.6715,-31.1136,false,Corvo (CVU),https://raw.githubusercontent.com/algolia/datasets/master/airports/airports.json
CWA,Central Wisconsin,Wassau,United States,44.772726,-89.646635,false,Wassau (CWA),https://raw.githubusercontent.com/algolia/datasets/master/airports/airports.json
CWB,Afonso Pena,Curitiba,Brazil,-25.528475,-49.175775,false,Curitiba (CWB),https://raw.githubusercontent.com/algolia/datasets/master/airports/airports.json
CWL,Cardiff,Cardiff,United Kingdom,51.396667,-3.343333,false,Cardiff (CWL),https://raw.githubusercontent.com/algolia/datasets/master/airports/airports.json
CXB,Coxs Bazar,Cox's Bazar,Bangladesh,21.452194,91.963889,false,Cox's Bazar (CXB),https://raw.githubusercontent.com/algolia/datasets/master/airports/airports.json
CXF,Coldfoot Airport,Coldfoot,United States,67.251389,-150.176111,false,Coldfoot (CXF),https://raw.githubusercontent.com/algolia/datasets/master/airports/airports.json
CXH,Vancouver Coal Harbour,Vancouver,Canada,49.289722,-123.115833,false,Vancouver (CXH),https://raw.githubusercontent.com/algolia/datasets/master/airports/airports.json
CXI,Cassidy Intl,Kiritimati,Kiribati,1.986161,-157.349778,true,Kiritimati (CXI),https://raw.githubusercontent.com/algolia/datasets/master/airports/airports.json
CXJ,Campo Dos Bugres,Caxias Do Sul,Brazil,-29.197064,-51.187536,false,Caxias Do Sul (CXJ),https://raw.githubusercontent.com/algolia/datasets/master/airports/airports.json
CXR,Cam Ranh Airport,Nha Trang,Vietnam,11.998153,109.219372,false,Nha Trang (CXR),https://raw.githubusercontent.com/algolia/datasets/master/airports/airports.json
CYB,Gerrard Smith Intl,Cayman Barac,Cayman Islands,19.686981,-79.882789,true,Cayman Barac (CYB),https://raw.githubusercontent.com/algolia/datasets/master/airports/airports.json
CYF,Chefornak Airport,Chefornak,United States,60.149167,-164.285556,false,Chefornak (CYF),https://raw.githubusercontent.com/algolia/datasets/master/airports/airports.json
CYO,Vilo Acuna Intl,Cayo Largo del Sur,Cuba,21.616453,-81.545989,true,Cayo Largo del Sur (CYO),https://raw.githubusercontent.com/algolia/datasets/master/airports/airports.json
CYP,Calbayog Airport,Calbayog City,Philippines,12.072706,124.545092,false,Calbayog City (CYP),https://raw.githubusercontent.com/algolia/datasets/master/airports/airports.json
CYS,Cheyenne Rgnl Jerry Olson Fld,Cheyenne,United States,41.155722,-104.811839,false,Cheyenne (CYS),https://raw.githubusercontent.com/algolia/datasets/master/airports/airports.json
CYX,Cherskiy Airport,Cherskiy,Russia,68.7406,161.338,false,Cherskiy (CYX),https://raw.githubusercontent.com/algolia/datasets/master/airports/airports.json
CYZ,Cauayan Airport,Cauayan,Philippines,16.929861,121.753036,false,Cauayan (CYZ),https://raw.githubusercontent.com/algolia/datasets/master/airports/airports.json
CZE,Jose Leonardo Chirinos,Coro,Venezuela,11.414867,-69.681656,false,Coro (CZE),https://raw.githubusercontent.com/algolia/datasets/master/airports/airports.json
CZH,Municipal,Corozal,Belize,18.3822,-88.4119,false,Corozal (CZH),https://raw.githubusercontent.com/algolia/datasets/master/airports/airports.json
CZL,Mohamed Boudiaf Intl,Constantine,Algeria,36.276028,6.620386,true,Constantine (CZL),https://raw.githubusercontent.com/algolia/datasets/master/airports/airports.json
CZM,Cozumel Intl,Cozumel,Mexico,20.522403,-86.925644,true,Cozumel (CZM),https://raw.githubusercontent.com/algolia/datasets/master/airports/airports.json
CZS,Cruzeiro do Sul,Cruzeiro do Sul,Brazil,-7.599906,-72.769489,false,Cruzeiro do Sul (CZS),https://raw.githubusercontent.com/algolia/datasets/master/airports/airports.json
CZU,Las Brujas,Corozal,Colombia,9.332742,-75.285594,false,Corozal (CZU),https://raw.githubusercontent.com/algolia/datasets/master/airports/airports.json
CZX,Changzhou,Changzhou,China,31.941667,119.711667,false,Changzhou (CZX),https://raw.githubusercontent.com/algolia/datasets/master/airports/airports.json
DAB,Daytona Beach Intl,Daytona Beach,United States,29.179917,-81.058056,true,Daytona Beach (DAB),https://raw.githubusercontent.com/algolia/datasets/master/airports/airports.json
DAC,Zia Intl,Dhaka,Bangladesh,23.843333,90.397781,true,Dhaka (DAC),https://raw.githubusercontent.com/algolia/datasets/master/airports/airports.json
DAD,Danang Intl,Danang,Vietnam,16.043917,108.19937,true,Danang (DAD),https://raw.githubusercontent.com/algolia/datasets/master/airports/airports.json
DAL,Dallas Love Fld,Dallas,United States,32.847111,-96.851778,false,Dallas (DAL),https://raw.githubusercontent.com/algolia/datasets/master/airports/airports.json
DAR,Mwalimu Julius K Nyerere Intl,Dar Es Salaam,Tanzania,-6.878111,39.202625,true,Dar Es Salaam (DAR),https://raw.githubusercontent.com/algolia/datasets/master/airports/airports.json
DAT,Datong Airport,Datong,China,40.0603,113.482,false,Datong (DAT),https://raw.githubusercontent.com/algolia/datasets/master/airports/airports.json
DAU,Daru Airport,Daru,Papua New Guinea,-9.08676,143.208,false,Daru (DAU),https://raw.githubusercontent.com/algolia/datasets/master/airports/airports.json
DAV,Enrique Malek Intl,David,Panama,8.391003,-82.434992,true,David (DAV),https://raw.githubusercontent.com/algolia/datasets/master/airports/airports.json
DAX,Dachuan Airport,Dazhou,China,31.3,107.5,false,Dazhou (DAX),https://raw.githubusercontent.com/algolia/datasets/master/airports/airports.json
DAY,James M Cox Dayton Intl,Dayton,United States,39.902375,-84.219375,true,Dayton (DAY),https://raw.githubusercontent.com/algolia/datasets/master/airports/airports.json
DBA,Dalbandin Airport,Dalbandin,Pakistan,28.8783,64.3998,false,Dalbandin (DBA),https://raw.githubusercontent.com/algolia/datasets/master/airports/airports.json
DBO,Dubbo,Dubbo,Australia,-32.216667,148.574722,false,Dubbo (DBO),https://raw.githubusercontent.com/algolia/datasets/master/airports/airports.json
DBQ,Dubuque Rgnl,Dubuque IA,United States,42.402,-90.709472,false,Dubuque IA (DBQ),https://raw.githubusercontent.com/algolia/datasets/master/airports/airports.json
DBV,Dubrovnik,Dubrovnik,Croatia,42.561353,18.268244,false,Dubrovnik (DBV),https://raw.githubusercontent.com/algolia/datasets/master/airports/airports.json
DCA,Ronald Reagan Washington Natl,Washington,United States,38.852083,-77.037722,false,Washington (DCA),https://raw.githubusercontent.com/algolia/datasets/master/airports/airports.json
DCM,Mazamet,Castres,France,43.55625,2.289183,false,Castres (DCM),https://raw.githubusercontent.com/algolia/datasets/master/airports/airports.json
DCY,Yading Daocheng,Daocheng,China,29.3231,100.0533,false,Daocheng (DCY),https://raw.githubusercontent.com/algolia/datasets/master/airports/airports.json
DDC,Dodge City Regional Airport,Dodge City,United States,37.7634,-99.9656,false,Dodge City (DDC),https://raw.githubusercontent.com/algolia/datasets/master/airports/airports.json
DDG,Dandong,Dandong,China,40.0255,124.2866,false,Dandong (DDG),https://raw.githubusercontent.com/algolia/datasets/master/airports/airports.json
DEA,Dera Ghazi Khan Airport,Dera Ghazi Khan,Pakistan,29.961011,70.485925,false,Dera Ghazi Khan (DEA),https://raw.githubusercontent.com/algolia/datasets/master/airports/airports.json
DEB,Debrecen,Debrecen,Hungary,47.488917,21.615333,false,Debrecen (DEB),https://raw.githubusercontent.com/algolia/datasets/master/airports/airports.json
DEC,Decatur,Decatur,United States,39.834564,-88.865689,false,Decatur (DEC),https://raw.githubusercontent.com/algolia/datasets/master/airports/airports.json
DED,Dehradun,Dehra Dun,India,30.189689,78.180256,false,Dehra Dun (DED),https://raw.githubusercontent.com/algolia/datasets/master/airports/airports.json
DEE,Mendeleevo,Yuzhno-Kurilsk,Russia,43.5739,145.4107,false,Yuzhno-Kurilsk (DEE),https://raw.githubusercontent.com/algolia/datasets/master/airports/airports.json
DEL,Indira Gandhi Intl,Delhi,India,28.5665,77.103088,true,Delhi (DEL),https://raw.githubusercontent.com/algolia/datasets/master/airports/airports.json
DEN,Denver Intl,Denver,United States,39.861656,-104.673178,true,Denver (DEN),https://raw.githubusercontent.com/algolia/datasets/master/airports/airports.json
DFW,Dallas Fort Worth Intl,Dallas-Fort Worth,United States,32.896828,-97.037997,true,Dallas-Fort Worth (DFW),https://raw.githubusercontent.com/algolia/datasets/master/airports/airports.json
DGA,Dangriga Airport,Dangriga,Belize,16.966667,-88.216667,false,Dangriga (DGA),https://raw.githubusercontent.com/algolia/datasets/master/airports/airports.json
DGO,Durango Intl,Durango,Mexico,24.124194,-104.528014,true,Durango (DGO),https://raw.githubusercontent.com/algolia/datasets/master/airports/airports.json
DGT,Dumaguete,Dumaguete,Philippines,9.333714,123.300472,false,Dumaguete (DGT),https://raw.githubusercontent.com/algolia/datasets/master/airports/airports.json
DHI,Dhangarhi,Dhangarhi,Nepal,28.753333,80.581944,false,Dhangarhi (DHI),https://raw.githubusercontent.com/algolia/datasets/master/airports/airports.json
DHM,Kangra Airport,Kangra,India,32.1651,76.2634,false,Kangra (DHM),https://raw.githubusercontent.com/algolia/datasets/master/airports/airports.json
DHN,Dothan Rgnl,Dothan,United States,31.321339,-85.449628,false,Dothan (DHN),https://raw.githubusercontent.com/algolia/datasets/master/airports/airports.json
DIB,Dibrugarh Airport,Dibrugarh,India,27.4839,95.0169,false,Dibrugarh (DIB),https://raw.githubusercontent.com/algolia/datasets/master/airports/airports.json
DIE,Arrachart,Antsiranana,Madagascar,-12.3494,49.291747,false,Antsiranana (DIE),https://raw.githubusercontent.com/algolia/datasets/master/airports/airports.json
DIG,Diqing Airport,Shangri-La,China,27.7936,99.6772,false,Shangri-La (DIG),https://raw.githubusercontent.com/algolia/datasets/master/airports/airports.json
DIJ,Longvic,Dijon,France,47.26889,5.09,false,Dijon (DIJ),https://raw.githubusercontent.com/algolia/datasets/master/airports/airports.json
DIK,Dickinson Theodore Roosevelt Regional Airport,Dickinson,United States,46.7975,-102.801944,false,Dickinson (DIK),https://raw.githubusercontent.com/algolia/datasets/master/airports/airports.json
DIL,Presidente Nicolau Lobato Intl,Dili,East Timor,-8.546553,125.524719,true,Dili (DIL),https://raw.githubusercontent.com/algolia/datasets/master/airports/airports.json
DIN,Dien Bien Phu Airport,Dienbienphu,Vietnam,21.397481,103.007831,false,Dienbienphu (DIN),https://raw.githubusercontent.com/algolia/datasets/master/airports/airports.json
DIR,Dire Dawa Intl,Dire Dawa,Ethiopia,9.6247,41.854203,true,Dire Dawa (DIR),https://raw.githubusercontent.com/algolia/datasets/master/airports/airports.json
DIU,Diu Airport,Diu,India,20.7131,70.9211,false,Diu (DIU),https://raw.githubusercontent.com/algolia/datasets/master/airports/airports.json
DIW,Dickwella Airport,Dickwella,Sri Lanka,5.966667,80.683333,false,Dickwella (DIW),https://raw.githubusercontent.com/algolia/datasets/master/airports/airports.json
DIY,Diyarbakir,Diyabakir,Turkey,37.893897,40.201019,false,Diyabakir (DIY),https://raw.githubusercontent.com/algolia/datasets/master/airports/airports.json
DJB,Sultan Thaha,Jambi,Indonesia,-1.638017,103.644378,false,Jambi (DJB),https://raw.githubusercontent.com/algolia/datasets/master/airports/airports.json
DJE,Zarzis,Djerba,Tunisia,33.875031,10.775461,false,Djerba (DJE),https://raw.githubusercontent.com/algolia/datasets/master/airports/airports.json
DJG,Tiska,Djanet,Algeria,24.292767,9.452444,false,Djanet (DJG),https://raw.githubusercontent.com/algolia/datasets/master/airports/airports.json
DJJ,Sentani,Jayapura,Indonesia,-2.576953,140.516372,false,Jayapura (DJJ),https://raw.githubusercontent.com/algolia/datasets/master/airports/airports.json
DKR,Leopold Sedar Senghor Intl,Dakar,Senegal,14.739708,-17.490225,true,Dakar (DKR),https://raw.githubusercontent.com/algolia/datasets/master/airports/airports.json
DLA,Douala,Douala,Cameroon,4.006081,9.719481,false,Douala (DLA),https://raw.githubusercontent.com/algolia/datasets/master/airports/airports.json
DLC,Zhoushuizi,Dalian,China,38.965667,121.5386,false,Dalian (DLC),https://raw.githubusercontent.com/algolia/datasets/master/airports/airports.json
DLE,Tavaux,Dole,France,47.039014,5.42725,false,Dole (DLE),https://raw.githubusercontent.com/algolia/datasets/master/airports/airports.json
DLG,Dillingham,Dillingham,United States,59.044667,-158.5055,false,Dillingham (DLG),https://raw.githubusercontent.com/algolia/datasets/master/airports/airports.json
DLH,Duluth Intl,Duluth,United States,46.842091,-92.193649,true,Duluth (DLH),https://raw.githubusercontent.com/algolia/datasets/master/airports/airports.json
DLI,Dalat,Dalat,Vietnam,11.75,108.367,false,Dalat (DLI),https://raw.githubusercontent.com/algolia/datasets/master/airports/airports.json
DLM,Dalaman,Dalaman,Turkey,36.713056,28.7925,false,Dalaman (DLM),https://raw.githubusercontent.com/algolia/datasets/master/airports/airports.json
DLU,Dali,Dali,China,25.649444,100.319444,false,Dali (DLU),https://raw.githubusercontent.com/algolia/datasets/master/airports/airports.json
DLY,Dillon's Bay Airport,Dillon's Bay,Vanuatu,-18.7694,169.001,false,Dillon's Bay (DLY),https://raw.githubusercontent.com/algolia/datasets/master/airports/airports.json
DLZ,Dalanzadgad Airport,Dalanzadgad,Mongolia,43.5917,104.43,false,Dalanzadgad (DLZ),https://raw.githubusercontent.com/algolia/datasets/master/airports/airports.json
DMB,Taraz,Dzhambul,Kazakhstan,42.853611,71.303611,false,Dzhambul (DMB),https://raw.githubusercontent.com/algolia/datasets/master/airports/airports.json
DMD,Doomadgee Airport,Doomadgee,Australia,-17.9403,138.822,false,Doomadgee (DMD),https://raw.githubusercontent.com/algolia/datasets/master/airports/airports.json
DME,Domododevo,Moscow,Russia,55.408611,37.906111,false,Moscow (DME),https://raw.githubusercontent.com/algolia/datasets/master/airports/airports.json
DMK,Don Muang Intl,Bangkok,Thailand,13.912583,100.60675,true,Bangkok (DMK),https://raw.githubusercontent.com/algolia/datasets/master/airports/airports.json
DMM,King Fahd Intl,Dammam,Saudi Arabia,26.471161,49.79789,true,Dammam (DMM),https://raw.githubusercontent.com/algolia/datasets/master/airports/airports.json
DMU,Dimapur Airport,Dimapur,India,25.8839,93.7711,false,Dimapur (DMU),https://raw.githubusercontent.com/algolia/datasets/master/airports/airports.json
DND,Dundee,Dundee,United Kingdom,56.452499,-3.025833,false,Dundee (DND),https://raw.githubusercontent.com/algolia/datasets/master/airports/airports.json
DNH,Dunhuang Airport,Dunhuang,China,40.094,94.4818,false,Dunhuang (DNH),https://raw.githubusercontent.com/algolia/datasets/master/airports/airports.json
DNK,Dnipropetrovsk Intl,Dnepropetrovsk,Ukraine,48.357222,35.100556,true,Dnepropetrovsk (DNK),https://raw.githubusercontent.com/algolia/datasets/master/airports/airports.json
DNR,Pleurtuit,Dinard,France,48.587683,-2.079958,false,Dinard (DNR),https://raw.githubusercontent.com/algolia/datasets/master/airports/airports.json
DNZ,Cardak,Denizli,Turkey,37.785567,29.701297,false,Denizli (DNZ),https://raw.githubusercontent.com/algolia/datasets/master/airports/airports.json
DOH,Doha Intl,Doha,Qatar,25.261125,51.565056,true,Doha (DOH),https://raw.githubusercontent.com/algolia/datasets/master/airports/airports.json
DOK,Donetsk Intl,Donetsk,Ukraine,48.073611,37.739722,true,Donetsk (DOK),https://raw.githubusercontent.com/algolia/datasets/master/airports/airports.json
DOL,St Gatien,Deauville,France,49.365339,0.154306,false,Deauville (DOL),https://raw.githubusercontent.com/algolia/datasets/master/airports/airports.json
DOM,Melville Hall,Dominica,Dominica,15.547028,-61.3,false,Dominica (DOM),https://raw.githubusercontent.com/algolia/datasets/master/airports/airports.json
DOU,Dourados Airport,Dourados,Brazil,-22.220833,-54.805833,false,Dourados (DOU),https://raw.githubusercontent.com/algolia/datasets/master/airports/airports.json
DOY,Dongying Airport,Dongying,China,37.2716,118.2819,false,Dongying (DOY),https://raw.githubusercontent.com/algolia/datasets/master/airports/airports.json
DPL,Dipolog,Dipolog,Philippines,8.601261,123.334481,false,Dipolog (DPL),https://raw.githubusercontent.com/algolia/datasets/master/airports/airports.json
DPO,Devonport Airport,Devonport,Australia,-41.1697,146.43,false,Devonport (DPO),https://raw.githubusercontent.com/algolia/datasets/master/airports/airports.json
DPS,Bali Ngurah Rai,Denpasar,Indonesia,-8.748169,115.167172,false,Denpasar (DPS),https://raw.githubusercontent.com/algolia/datasets/master/airports/airports.json
DRG,Deering Airport,Deering,United States,66.0696,-162.766,false,Deering (DRG),https://raw.githubusercontent.com/algolia/datasets/master/airports/airports.json
DRK,Drake Bay Airport,Puntarenas,Costa Rica,8.71889,-83.6417,false,Puntarenas (DRK),https://raw.githubusercontent.com/algolia/datasets/master/airports/airports.json
DRO,Durango La Plata Co,Durango,United States,37.151516,-107.75377,false,Durango (DRO),https://raw.githubusercontent.com/algolia/datasets/master/airports/airports.json
DRS,Dresden,Dresden,Germany,51.132767,13.767161,false,Dresden (DRS),https://raw.githubusercontent.com/algolia/datasets/master/airports/airports.json
DRW,Darwin Intl,Darwin,Australia,-12.4083333,130.87266,true,Darwin (DRW),https://raw.githubusercontent.com/algolia/datasets/master/airports/airports.json
DSA,Robin Hood Doncaster Sheffield Airport,Doncaster,Sheffield,0,53.474722,false,Doncaster (DSA),https://raw.githubusercontent.com/algolia/datasets/master/airports/airports.json
DSK,Dera Ismael Khan Airport,Dera Ismael Khan,Pakistan,31.909422,70.896639,false,Dera Ismael Khan (DSK),https://raw.githubusercontent.com/algolia/datasets/master/airports/airports.json
DSM,Des Moines Intl,Des Moines,United States,41.533972,-93.663083,true,Des Moines (DSM),https://raw.githubusercontent.com/algolia/datasets/master/airports/airports.json
DSN,Ordos Ejin Horo,Dongsheng,China,39.85,110.033,false,Dongsheng (DSN),https://raw.githubusercontent.com/algolia/datasets/master/airports/airports.json
DTM,Dortmund,Dortmund,Germany,51.518314,7.612242,false,Dortmund (DTM),https://raw.githubusercontent.com/algolia/datasets/master/airports/airports.json
DTW,Detroit Metro Wayne Co,Detroit,United States,42.212444,-83.353389,false,Detroit (DTW),https://raw.githubusercontent.com/algolia/datasets/master/airports/airports.json
DUB,Dublin,Dublin,Ireland,53.421333,-6.270075,false,Dublin (DUB),https://raw.githubusercontent.com/algolia/datasets/master/airports/airports.json
DUD,Dunedin,Dunedin,New Zealand,-45.928055,170.198333,false,Dunedin (DUD),https://raw.githubusercontent.com/algolia/datasets/master/airports/airports.json
DUJ,DuBois Regional Airport,Du Bois,United States,41.1783,-78.8987,false,Du Bois (DUJ),https://raw.githubusercontent.com/algolia/datasets/master/airports/airports.json
DUR,Durban Intl,Durban,South Africa,-29.970089,30.950519,true,Durban (DUR),https://raw.githubusercontent.com/algolia/datasets/master/airports/airports.json
DUS,Dusseldorf,Duesseldorf,Germany,51.289453,6.766775,false,Duesseldorf (DUS),https://raw.githubusercontent.com/algolia/datasets/master/airports/airports.json
DUT,Unalaska,Unalaska,United States,53.900139,-166.5435,false,Unalaska (DUT),https://raw.githubusercontent.com/algolia/datasets/master/airports/airports.json
DVO,Francisco Bangoy International,Davao,Philippines,7.125522,125.645778,true,Davao (DVO),https://raw.githubusercontent.com/algolia/datasets/master/airports/airports.json
DWC,Dubai Al Maktoum,Dubai,United Arab Emirates,24.55056,55.103174,false,Dubai (DWC),https://raw.githubusercontent.com/algolia/datasets/master/airports/airports.json
DWD,Dawadmi Domestic Airport,Dawadmi,Saudi Arabia,24.5,44.4,false,Dawadmi (DWD),https://raw.githubusercontent.com/algolia/datasets/master/airports/airports.json
DXB,Dubai Intl,Dubai,United Arab Emirates,25.252778,55.364444,true,Dubai (DXB),https://raw.githubusercontent.com/algolia/datasets/master/airports/airports.json
DYG,Dayong Airport,Dayong,China,29.1028,110.443,false,Dayong (DYG),https://raw.githubusercontent.com/algolia/datasets/master/airports/airports.json
DYR,Ugolny Airport,Anadyr,Russia,64.73495,177.741483,false,Anadyr (DYR),https://raw.githubusercontent.com/algolia/datasets/master/airports/airports.json
DYU,Dushanbe,Dushanbe,Tajikistan,38.543333,68.825,false,Dushanbe (DYU),https://raw.githubusercontent.com/algolia/datasets/master/airports/airports.json
DZA,Dzaoudzi Pamandzi,Dzaoudzi,Mayotte,-12.804722,45.281113,false,Dzaoudzi (DZA),https://raw.githubusercontent.com/algolia/datasets/master/airports/airports.json
DZN,Zhezkazgan Airport,Zhezkazgan,Kazakhstan,47.708333,67.733333,false,Zhezkazgan (DZN),https://raw.githubusercontent.com/algolia/datasets/master/airports/airports.json
EAE,Sangafa Airport,Sangafa,Vanuatu,-17.0903,168.343,false,Sangafa (EAE),https://raw.githubusercontent.com/algolia/datasets/master/airports/airports.json
EAM,Nejran,Nejran,Saudi Arabia,17.611436,44.419169,false,Nejran (EAM),https://raw.githubusercontent.com/algolia/datasets/master/airports/airports.json
EAR,Kearney Municipal Airport,Kearney,United States,40.727,-99.0068,false,Kearney (EAR),https://raw.githubusercontent.com/algolia/datasets/master/airports/airports.json
EAS,San Sebastian,San Sebastian,Spain,43.356519,-1.790611,false,San Sebastian (EAS),https://raw.githubusercontent.com/algolia/datasets/master/airports/airports.json
EAT,Pangborn Field,Wenatchee,United States,47.398,-120.206,false,Wenatchee (EAT),https://raw.githubusercontent.com/algolia/datasets/master/airports/airports.json
EAU,Chippewa Valley Regional Airport,Eau Claire,United States,44.8658,-91.4843,false,Eau Claire (EAU),https://raw.githubusercontent.com/algolia/datasets/master/airports/airports.json
EBA,Marina Di Campo,Marina Di Campo,Italy,42.760277,10.239445,false,Marina Di Campo (EBA),https://raw.githubusercontent.com/algolia/datasets/master/airports/airports.json
EBB,Entebbe Intl,Entebbe,Uganda,0.042386,32.443503,true,Entebbe (EBB),https://raw.githubusercontent.com/algolia/datasets/master/airports/airports.json
EBJ,Esbjerg,Esbjerg,Denmark,55.525942,8.553403,false,Esbjerg (EBJ),https://raw.githubusercontent.com/algolia/datasets/master/airports/airports.json
EBL,Erbil Intl,Erbil,Iraq,36.237611,43.963158,true,Erbil (EBL),https://raw.githubusercontent.com/algolia/datasets/master/airports/airports.json
EBU,Boutheon,St-Etienne,France,45.540554,4.296389,false,St-Etienne (EBU),https://raw.githubusercontent.com/algolia/datasets/master/airports/airports.json
ECN,Ercan International Airport,Nicosia,Cyprus,35.1547,33.4961,true,Nicosia (ECN),https://raw.githubusercontent.com/algolia/datasets/master/airports/airports.json
ECP,Panama City-NW Florida Bea.,Panama City,United States,30.3417,-85.7973,false,Panama City (ECP),https://raw.githubusercontent.com/algolia/datasets/master/airports/airports.json
EDI,Edinburgh,Edinburgh,United Kingdom,55.95,-3.3725,false,Edinburgh (EDI),https://raw.githubusercontent.com/algolia/datasets/master/airports/airports.json
EDL,Eldoret Intl,Eldoret,Kenya,0.404458,35.238928,true,Eldoret (EDL),https://raw.githubusercontent.com/algolia/datasets/master/airports/airports.json
EDO,Balikesir Korfez Airport,Balikesir Korfez,Turkey,39.5546,27.0138,false,Balikesir Korfez (EDO),https://raw.githubusercontent.com/algolia/datasets/master/airports/airports.json
EDR,Pormpuraaw Airport,Pormpuraaw,Australia,-14.8967,141.609,false,Pormpuraaw (EDR),https://raw.githubusercontent.com/algolia/datasets/master/airports/airports.json
EEK,Eek Airport,Eek,United States,60.213611,-162.043889,false,Eek (EEK),https://raw.githubusercontent.com/algolia/datasets/master/airports/airports.json
EFL,Kefallinia,Keffallinia,Greece,38.120069,20.500481,false,Keffallinia (EFL),https://raw.githubusercontent.com/algolia/datasets/master/airports/airports.json
EGC,Roumaniere,Bergerac,France,44.825279,0.518611,false,Bergerac (EGC),https://raw.githubusercontent.com/algolia/datasets/master/airports/airports.json
EGE,Eagle Co Rgnl,Vail,United States,39.642556,-106.917694,false,Vail (EGE),https://raw.githubusercontent.com/algolia/datasets/master/airports/airports.json
EGM,Sege Airport,Sege,Solomon Islands,-8.57889,157.876,false,Sege (EGM),https://raw.githubusercontent.com/algolia/datasets/master/airports/airports.json
EGN,Geneina Airport,Geneina,Sudan,13.4817,22.4672,false,Geneina (EGN),https://raw.githubusercontent.com/algolia/datasets/master/airports/airports.json
EGO,Belgorod International Airport,Belgorod,Russia,50.6438,36.5901,true,Belgorod (EGO),https://raw.githubusercontent.com/algolia/datasets/master/airports/airports.json
EGS,Egilsstadir,Egilsstadir,Iceland,65.283333,-14.401389,false,Egilsstadir (EGS),https://raw.githubusercontent.com/algolia/datasets/master/airports/airports.json
EGX,Egegik Airport,Egegik,United States,58.185556,-157.375556,false,Egegik (EGX),https://raw.githubusercontent.com/algolia/datasets/master/airports/airports.json
EIN,Eindhoven,Eindhoven,Netherlands,51.450139,5.374528,false,Eindhoven (EIN),https://raw.githubusercontent.com/algolia/datasets/master/airports/airports.json
EIS,Terrance B Lettsome Intl,Tortola,British Virgin Islands,18.444834,-64.542975,true,Tortola (EIS),https://raw.githubusercontent.com/algolia/datasets/master/airports/airports.json
EJA,Yariguies,Barrancabermeja,Colombia,7.024331,-73.8068,false,Barrancabermeja (EJA),https://raw.githubusercontent.com/algolia/datasets/master/airports/airports.json
EJH,Wejh,Wejh,Saudi Arabia,26.198553,36.476381,false,Wejh (EJH),https://raw.githubusercontent.com/algolia/datasets/master/airports/airports.json
EKO,Elko Regional Airport,Elko,United States,40.8249,-115.792,false,Elko (EKO),https://raw.githubusercontent.com/algolia/datasets/master/airports/airports.json
ELC,Elcho Island Airport,Elcho Island,Australia,-12.0194,135.571,false,Elcho Island (ELC),https://raw.githubusercontent.com/algolia/datasets/master/airports/airports.json
ELD,South Arkansas Rgnl At Goodwin Fld,El Dorado,United States,33.220972,-92.813278,false,El Dorado (ELD),https://raw.githubusercontent.com/algolia/datasets/master/airports/airports.json
ELF,El Fashir,El Fasher,Sudan,13.614892,25.32465,false,El Fasher (ELF),https://raw.githubusercontent.com/algolia/datasets/master/airports/airports.json
ELG,El Golea,El Golea,Algeria,30.571294,2.859586,false,El Golea (ELG),https://raw.githubusercontent.com/algolia/datasets/master/airports/airports.json
ELH,North Eleuthera,North Eleuthera,Bahamas,25.474861,-76.683489,false,North Eleuthera (ELH),https://raw.githubusercontent.com/algolia/datasets/master/airports/airports.json
ELI,Elim Airport,Elim,United States,64.615,-162.270556,false,Elim (ELI),https://raw.githubusercontent.com/algolia/datasets/master/airports/airports.json
ELL,Ellisras,Lephalale,South Africa,-23.666667,27.75,false,Lephalale (ELL),https://raw.githubusercontent.com/algolia/datasets/master/airports/airports.json
ELM,Elmira Corning Rgnl,Elmira,United States,42.159889,-76.891611,false,Elmira (ELM),https://raw.githubusercontent.com/algolia/datasets/master/airports/airports.json
ELP,El Paso Intl,El Paso,United States,31.80725,-106.377583,true,El Paso (ELP),https://raw.githubusercontent.com/algolia/datasets/master/airports/airports.json
ELQ,Gassim,Gassim,Saudi Arabia,26.302822,43.773911,false,Gassim (ELQ),https://raw.githubusercontent.com/algolia/datasets/master/airports/airports.json
ELS,East London,East London,South Africa,-33.035569,27.825939,false,East London (ELS),https://raw.githubusercontent.com/algolia/datasets/master/airports/airports.json
ELU,Guemar Airport,Guemar,Algeria,33.5114,6.77679,false,Guemar (ELU),https://raw.githubusercontent.com/algolia/datasets/master/airports/airports.json
ELV,Elfin Cove Seaplane Base,Elfin Cove,United States,58.195278,-136.3475,false,Elfin Cove (ELV),https://raw.githubusercontent.com/algolia/datasets/master/airports/airports.json
EMA,Nottingham East Midlands,East Midlands,United Kingdom,52.831111,-1.328056,false,East Midlands (EMA),https://raw.githubusercontent.com/algolia/datasets/master/airports/airports.json
EMD,Emerald,Emerald,Australia,-23.5675,148.179167,false,Emerald (EMD),https://raw.githubusercontent.com/algolia/datasets/master/airports/airports.json
EMK,Emmonak Airport,Emmonak,United States,62.786111,-164.490833,false,Emmonak (EMK),https://raw.githubusercontent.com/algolia/datasets/master/airports/airports.json
ENA,Kenai Muni,Kenai,United States,60.573111,-151.245,false,Kenai (ENA),https://raw.githubusercontent.com/algolia/datasets/master/airports/airports.json
ENE,H Hasan Aroeboesman,Ende,Indonesia,-8.849294,121.660644,false,Ende (ENE),https://raw.githubusercontent.com/algolia/datasets/master/airports/airports.json
ENH,Enshi Airport,Enshi,China,30.3203,109.485,false,Enshi (ENH),https://raw.githubusercontent.com/algolia/datasets/master/airports/airports.json
ENU,Enugu,Enugu,Nigeria,6.474272,7.561961,false,Enugu (ENU),https://raw.githubusercontent.com/algolia/datasets/master/airports/airports.json
ENY,Yan'an Airport,Yan'an,China,36.6369,109.554,false,Yan'an (ENY),https://raw.githubusercontent.com/algolia/datasets/master/airports/airports.json
EOH,Olaya Herrera,Medellin,Colombia,6.219958,-75.590519,false,Medellin (EOH),https://raw.githubusercontent.com/algolia/datasets/master/airports/airports.json
EOI,Eday Airport,Eday,United Kingdom,59.1906,-2.77222,false,Eday (EOI),https://raw.githubusercontent.com/algolia/datasets/master/airports/airports.json
EPR,Esperance Airport,Esperance,Australia,-33.6844,121.823,false,Esperance (EPR),https://raw.githubusercontent.com/algolia/datasets/master/airports/airports.json
EQS,Esquel,Esquel,Argentina,-42.90795,-71.139472,false,Esquel (EQS),https://raw.githubusercontent.com/algolia/datasets/master/airports/airports.json
ERC,Erzincan,Erzincan,Turkey,39.710203,39.527003,false,Erzincan (ERC),https://raw.githubusercontent.com/algolia/datasets/master/airports/airports.json
ERF,Erfurt,Erfurt,Germany,50.979811,10.958106,false,Erfurt (ERF),https://raw.githubusercontent.com/algolia/datasets/master/airports/airports.json
ERI,Erie Intl Tom Ridge Fld,Erie,United States,42.082022,-80.176217,true,Erie (ERI),https://raw.githubusercontent.com/algolia/datasets/master/airports/airports.json
ERM,Erechim Airport,Erechim,Brazil,-27.6619,-52.2683,false,Erechim (ERM),https://raw.githubusercontent.com/algolia/datasets/master/airports/airports.json
ERN,Amaury Feitosa Tomaz Airport,Eirunepe,Brazil,-6.639444,-69.879722,false,Eirunepe (ERN),https://raw.githubusercontent.com/algolia/datasets/master/airports/airports.json
ERS,Eros Airport,Windhoek,Namibia,-22.6122,17.0804,false,Windhoek (ERS),https://raw.githubusercontent.com/algolia/datasets/master/airports/airports.json
ERZ,Erzurum,Erzurum,Turkey,39.956501,41.170166,false,Erzurum (ERZ),https://raw.githubusercontent.com/algolia/datasets/master/airports/airports.json
ESB,Esenboga,Ankara,Turkey,40.128082,32.995083,false,Ankara (ESB),https://raw.githubusercontent.com/algolia/datasets/master/airports/airports.json
ESC,Delta County Airport,Escanaba,United States,45.722778,-87.093611,false,Escanaba (ESC),https://raw.githubusercontent.com/algolia/datasets/master/airports/airports.json
ESD,Orcas Island Airport,Eastsound,United States,48.708056,-122.910556,false,Eastsound (ESD),https://raw.githubusercontent.com/algolia/datasets/master/airports/airports.json
ESL,Elista Airport,Elista,Russia,46.3739,44.3309,false,Elista (ESL),https://raw.githubusercontent.com/algolia/datasets/master/airports/airports.json
ESM,General Rivadeneira Airport,Esmeraldas,Ecuador,0.978519,-79.6266,false,Esmeraldas (ESM),https://raw.githubusercontent.com/algolia/datasets/master/airports/airports.json
ESU,Mogador Airport,Essadouira,Morocco,31.3975,-9.681667,false,Essadouira (ESU),https://raw.githubusercontent.com/algolia/datasets/master/airports/airports.json
ETH,Eilat,Elat,Israel,29.561281,34.960081,false,Elat (ETH),https://raw.githubusercontent.com/algolia/datasets/master/airports/airports.json
ETZ,Metz Nancy Lorraine,Metz,France,48.982142,6.251319,false,Metz (ETZ),https://raw.githubusercontent.com/algolia/datasets/master/airports/airports.json
EUG,Mahlon Sweet Fld,Eugene,United States,44.124583,-123.211972,false,Eugene (EUG),https://raw.githubusercontent.com/algolia/datasets/master/airports/airports.json
EUN,Hassan I Airport,El Aaiún,Western Sahara,27.1517,-13.2192,false,El Aaiún (EUN),https://raw.githubusercontent.com/algolia/datasets/master/airports/airports.json
EUX,F D Roosevelt,Oranjestad,Netherlands Antilles,17.496492,-62.979439,false,Oranjestad (EUX),https://raw.githubusercontent.com/algolia/datasets/master/airports/airports.json
EVE,Evenes,Harstad/Narvik,Norway,68.4913,16.678108,false,Harstad/Narvik (EVE),https://raw.githubusercontent.com/algolia/datasets/master/airports/airports.json
EVG,Sveg,Sveg,Sweden,62.047811,14.42295,false,Sveg (EVG),https://raw.githubusercontent.com/algolia/datasets/master/airports/airports.json
EVN,Zvartnots,Yerevan,Armenia,40.147275,44.395881,false,Yerevan (EVN),https://raw.githubusercontent.com/algolia/datasets/master/airports/airports.json
EVV,Evansville Regional,Evansville,United States,38.036997,-87.532364,false,Evansville (EVV),https://raw.githubusercontent.com/algolia/datasets/master/airports/airports.json
EWB,New Bedford Regional Airport,New Bedford,United States,41.6761,-70.9569,false,New Bedford (EWB),https://raw.githubusercontent.com/algolia/datasets/master/airports/airports.json
EWN,Craven Co Rgnl,New Bern,United States,35.072972,-77.042944,false,New Bern (EWN),https://raw.githubusercontent.com/algolia/datasets/master/airports/airports.json
EWR,Newark Liberty Intl,Newark,United States,40.6925,-74.168667,true,Newark (EWR),https://raw.githubusercontent.com/algolia/datasets/master/airports/airports.json
EXI,Excursion Inlet Seaplane Base,Excursion Inlet,United States,58.420556,-135.449167,false,Excursion Inlet (EXI),https://raw.githubusercontent.com/algolia/datasets/master/airports/airports.json
EXT,Exeter,Exeter,United Kingdom,50.734444,-3.413889,false,Exeter (EXT),https://raw.githubusercontent.com/algolia/datasets/master/airports/airports.json
EYK,Beloyarsky,Beloyarsky,Russia,63.683056,66.683056,false,Beloyarsky (EYK),https://raw.githubusercontent.com/algolia/datasets/master/airports/airports.json
EYP,El Alcaraván Airport,Yopal,Colombia,5.319114,-72.383975,false,Yopal (EYP),https://raw.githubusercontent.com/algolia/datasets/master/airports/airports.json
EYW,Key West Intl,Key West,United States,24.556111,-81.759556,true,Key West (EYW),https://raw.githubusercontent.com/algolia/datasets/master/airports/airports.json
EZE,Ministro Pistarini,Buenos Aires,Argentina,-34.822222,-58.535833,false,Buenos Aires (EZE),https://raw.githubusercontent.com/algolia/datasets/master/airports/airports.json
EZS,Elazig,Elazig,Turkey,38.606925,39.291417,false,Elazig (EZS),https://raw.githubusercontent.com/algolia/datasets/master/airports/airports.json
FAE,Vagar,Vagar,Faroe Islands,62.063628,-7.277219,false,Vagar (FAE),https://raw.githubusercontent.com/algolia/datasets/master/airports/airports.json
FAI,Fairbanks Intl,Fairbanks,United States,64.815114,-147.856267,true,Fairbanks (FAI),https://raw.githubusercontent.com/algolia/datasets/master/airports/airports.json
FAO,Faro,Faro,Portugal,37.014425,-7.965911,false,Faro (FAO),https://raw.githubusercontent.com/algolia/datasets/master/airports/airports.json
FAR,Hector International Airport,Fargo,United States,46.92065,-96.8157639,true,Fargo (FAR),https://raw.githubusercontent.com/algolia/datasets/master/airports/airports.json
FAT,Fresno Yosemite Intl,Fresno,United States,36.776194,-119.71814,true,Fresno (FAT),https://raw.githubusercontent.com/algolia/datasets/master/airports/airports.json
FAV,Fakarava,Fakarava,French Polynesia,-16.05415,-145.656994,false,Fakarava (FAV),https://raw.githubusercontent.com/algolia/datasets/master/airports/airports.json
FAY,Fayetteville Regional Grannis Field,Fayetteville,United States,34.9912,-78.8803,false,Fayetteville (FAY),https://raw.githubusercontent.com/algolia/datasets/master/airports/airports.json
FBM,Lubumbashi Intl,Lubumashi,Congo (Kinshasa),-11.591333,27.530889,true,Lubumashi (FBM),https://raw.githubusercontent.com/algolia/datasets/master/airports/airports.json
FBS,Friday Harbor Seaplane Base,Friday Harbor,United States,48.537222,-123.009722,false,Friday Harbor (FBS),https://raw.githubusercontent.com/algolia/datasets/master/airports/airports.json
FCA,Glacier Park Intl,Kalispell,United States,48.310472,-114.256,true,Kalispell (FCA),https://raw.githubusercontent.com/algolia/datasets/master/airports/airports.json
FCO,Fiumicino,Rome,Italy,41.804475,12.250797,false,Rome (FCO),https://raw.githubusercontent.com/algolia/datasets/master/airports/airports.json
FDE,Forde Bringeland,Forde,Norway,61.392,5.763,false,Forde (FDE),https://raw.githubusercontent.com/algolia/datasets/master/airports/airports.json
FDF,Le Lamentin,Fort-de-france,Martinique,14.591033,-61.003175,false,Fort-de-france (FDF),https://raw.githubusercontent.com/algolia/datasets/master/airports/airports.json
FDH,Friedrichshafen,Friedrichshafen,Germany,47.671317,9.511486,false,Friedrichshafen (FDH),https://raw.githubusercontent.com/algolia/datasets/master/airports/airports.json
FEG,Fergana Airport,Fergana,Uzbekistan,40.3588,71.745,false,Fergana (FEG),https://raw.githubusercontent.com/algolia/datasets/master/airports/airports.json
FEN,Fernando De Noronha,Fernando Do Noronha,Brazil,-3.854928,-32.423336,false,Fernando Do Noronha (FEN),https://raw.githubusercontent.com/algolia/datasets/master/airports/airports.json
FEZ,Saiss,Fes,Morocco,33.927261,-4.977958,false,Fes (FEZ),https://raw.githubusercontent.com/algolia/datasets/master/airports/airports.json
FIH,Ndjili Intl,Kinshasa,Congo (Kinshasa),-4.38575,15.444569,true,Kinshasa (FIH),https://raw.githubusercontent.com/algolia/datasets/master/airports/airports.json
FJR,Fujairah Intl,Fujeirah,United Arab Emirates,25.112225,56.323964,true,Fujeirah (FJR),https://raw.githubusercontent.com/algolia/datasets/master/airports/airports.json
FKB,Baden Airpark,Karlsruhe/Baden-Baden,Germany,48.7793,8.08048,false,Karlsruhe/Baden-Baden (FKB),https://raw.githubusercontent.com/algolia/datasets/master/airports/airports.json
FKI,Kisangani Simisini,Kisangani,Congo (Kinshasa),0.5175,25.155014,false,Kisangani (FKI),https://raw.githubusercontent.com/algolia/datasets/master/airports/airports.json
FKL,Franklin,Franklin,United States,41.377874,-79.860362,false,Franklin (FKL),https://raw.githubusercontent.com/algolia/datasets/master/airports/airports.json
FKQ,Fak Fak,Fak Fak,Indonesia,-2.920192,132.267031,false,Fak Fak (FKQ),https://raw.githubusercontent.com/algolia/datasets/master/airports/airports.json
FKS,Fukushima Airport,Fukushima,Japan,37.2274,140.431,false,Fukushima (FKS),https://raw.githubusercontent.com/algolia/datasets/master/airports/airports.json
FLA,Gustavo Artunduaga Paredes,Florencia,Colombia,1.589189,-75.564372,false,Florencia (FLA),https://raw.githubusercontent.com/algolia/datasets/master/airports/airports.json
FLG,Flagstaff Pulliam Airport,Flagstaff,United States,35.140318,-111.6692392,false,Flagstaff (FLG),https://raw.githubusercontent.com/algolia/datasets/master/airports/airports.json
FLL,Fort Lauderdale Hollywood Intl,Fort Lauderdale,United States,26.072583,-80.15275,true,Fort Lauderdale (FLL),https://raw.githubusercontent.com/algolia/datasets/master/airports/airports.json
FLN,Hercilio Luz,Florianopolis,Brazil,-27.670489,-48.547181,false,Florianopolis (FLN),https://raw.githubusercontent.com/algolia/datasets/master/airports/airports.json
FLO,Florence Rgnl,Florence,United States,34.185361,-79.723889,false,Florence (FLO),https://raw.githubusercontent.com/algolia/datasets/master/airports/airports.json
FLR,Firenze,Florence,Italy,43.809953,11.2051,false,Florence (FLR),https://raw.githubusercontent.com/algolia/datasets/master/airports/airports.json
FLS,Flinders Island Airport,Flinders Island,Australia,-40.0917,147.993,false,Flinders Island (FLS),https://raw.githubusercontent.com/algolia/datasets/master/airports/airports.json
FLW,Flores,Flores,Portugal,39.455272,-31.131361,false,Flores (FLW),https://raw.githubusercontent.com/algolia/datasets/master/airports/airports.json
FMA,Formosa,Formosa,Argentina,-26.212722,-58.228111,false,Formosa (FMA),https://raw.githubusercontent.com/algolia/datasets/master/airports/airports.json
FMI,Kalemie,Kalemie,Congo (Kinshasa),-5.875556,29.25,false,Kalemie (FMI),https://raw.githubusercontent.com/algolia/datasets/master/airports/airports.json
FMM,Allgau,Memmingen,Germany,47.988758,10.2395,false,Memmingen (FMM),https://raw.githubusercontent.com/algolia/datasets/master/airports/airports.json
FMN,Four Corners Rgnl,Farmington,United States,36.74125,-108.229944,false,Farmington (FMN),https://raw.githubusercontent.com/algolia/datasets/master/airports/airports.json
FMO,Munster Osnabruck,Munster,Germany,52.134642,7.684831,false,Munster (FMO),https://raw.githubusercontent.com/algolia/datasets/master/airports/airports.json
FNA,Freetown Lungi,Freetown,Sierra Leone,8.616444,-13.195489,false,Freetown (FNA),https://raw.githubusercontent.com/algolia/datasets/master/airports/airports.json
FNC,Madeira,Funchal,Portugal,32.697889,-16.774453,false,Funchal (FNC),https://raw.githubusercontent.com/algolia/datasets/master/airports/airports.json
FNI,Garons,Nimes,France,43.757444,4.416347,false,Nimes (FNI),https://raw.githubusercontent.com/algolia/datasets/master/airports/airports.json
FNJ,Pyongyang Intl,Pyongyang,Korea,39.224061,125.67015,true,Pyongyang (FNJ),https://raw.githubusercontent.com/algolia/datasets/master/airports/airports.json
FNT,Bishop International,Flint,United States,42.965424,-83.743629,true,Flint (FNT),https://raw.githubusercontent.com/algolia/datasets/master/airports/airports.json
FOC,Changle,Fuzhou,China,25.935064,119.663272,false,Fuzhou (FOC),https://raw.githubusercontent.com/algolia/datasets/master/airports/airports.json
FOE,Forbes Fld,Topeka,United States,38.950944,-95.663611,false,Topeka (FOE),https://raw.githubusercontent.com/algolia/datasets/master/airports/airports.json
FON,Arenal Airport,La Fortuna/San Carlos,Costa Rica,10.478,-84.6345,false,La Fortuna/San Carlos (FON),https://raw.githubusercontent.com/algolia/datasets/master/airports/airports.json
FOR,Pinto Martins Intl,Fortaleza,Brazil,-3.776283,-38.532556,true,Fortaleza (FOR),https://raw.githubusercontent.com/algolia/datasets/master/airports/airports.json
FPO,Grand Bahama Intl,Freeport,Bahamas,26.558686,-78.695553,true,Freeport (FPO),https://raw.githubusercontent.com/algolia/datasets/master/airports/airports.json
FRA,Frankfurt Main,Frankfurt,Germany,50.026421,8.543125,false,Frankfurt (FRA),https://raw.githubusercontent.com/algolia/datasets/master/airports/airports.json
FRD,Friday Harbor Airport,Friday Harbor,United States,48.521944,-123.024444,false,Friday Harbor (FRD),https://raw.githubusercontent.com/algolia/datasets/master/airports/airports.json
FRE,Fera/Maringe Airport,Fera Island,Solomon Islands,-8.1075,159.577,false,Fera Island (FRE),https://raw.githubusercontent.com/algolia/datasets/master/airports/airports.json
FRO,Floro,Floro,Norway,61.583611,5.024722,false,Floro (FRO),https://raw.githubusercontent.com/algolia/datasets/master/airports/airports.json
FRS,Mundo Maya International,Flores,Guatemala,16.913819,-89.866383,true,Flores (FRS),https://raw.githubusercontent.com/algolia/datasets/master/airports/airports.json
FRU,Manas,Bishkek,Kyrgyzstan,43.061306,74.477556,false,Bishkek (FRU),https://raw.githubusercontent.com/algolia/datasets/master/airports/airports.json
FRW,Francistown,Francistown,Botswana,-21.159597,27.474525,false,Francistown (FRW),https://raw.githubusercontent.com/algolia/datasets/master/airports/airports.json
FSC,Sud Corse,Figari,France,41.500557,9.097777,false,Figari (FSC),https://raw.githubusercontent.com/algolia/datasets/master/airports/airports.json
FSD,Sioux Falls,Sioux Falls,United States,43.582014,-96.741914,false,Sioux Falls (FSD),https://raw.githubusercontent.com/algolia/datasets/master/airports/airports.json
FSM,Fort Smith Rgnl,Fort Smith,United States,35.336583,-94.367444,false,Fort Smith (FSM),https://raw.githubusercontent.com/algolia/datasets/master/airports/airports.json
FSP,St Pierre,St.-pierre,Saint Pierre and Miquelon,46.762904,-56.173088,false,St.-pierre (FSP),https://raw.githubusercontent.com/algolia/datasets/master/airports/airports.json
FSZ,Mt. Fuji Shizuoka Airport,Shizuoka,Japan,34.796111,138.189444,false,Shizuoka (FSZ),https://raw.githubusercontent.com/algolia/datasets/master/airports/airports.json
FTA,Futuna Airport,Futuna Island,Vanuatu,-19.5164,170.232,false,Futuna Island (FTA),https://raw.githubusercontent.com/algolia/datasets/master/airports/airports.json
FTE,El Calafate,El Calafate,Argentina,-50.280322,-72.053103,false,El Calafate (FTE),https://raw.githubusercontent.com/algolia/datasets/master/airports/airports.json
FTU,Tolagnaro,Tolagnaro,Madagascar,-25.038056,46.956111,false,Tolagnaro (FTU),https://raw.githubusercontent.com/algolia/datasets/master/airports/airports.json
FUE,Fuerteventura,Fuerteventura,Spain,28.452717,-13.863761,false,Fuerteventura (FUE),https://raw.githubusercontent.com/algolia/datasets/master/airports/airports.json
FUG,Fuyang Airport,Fuyang,China,32.9,115.816667,false,Fuyang (FUG),https://raw.githubusercontent.com/algolia/datasets/master/airports/airports.json
FUJ,Fukue,Fukue,Japan,32.666269,128.832808,false,Fukue (FUJ),https://raw.githubusercontent.com/algolia/datasets/master/airports/airports.json
FUK,Fukuoka,Fukuoka,Japan,33.585942,130.450686,false,Fukuoka (FUK),https://raw.githubusercontent.com/algolia/datasets/master/airports/airports.json
FUN,Funafuti International,Funafuti,Tuvalu,-8.525,179.196389,true,Funafuti (FUN),https://raw.githubusercontent.com/algolia/datasets/master/airports/airports.json
FUO,Foshan,Foshan,China,23.133333,113.28333,false,Foshan (FUO),https://raw.githubusercontent.com/algolia/datasets/master/airports/airports.json
FUT,Pointe Vele Airport,Futuna Island,Wallis and Futuna,-14.3114,-178.066,false,Futuna Island (FUT),https://raw.githubusercontent.com/algolia/datasets/master/airports/airports.json
FWA,Fort Wayne,Fort Wayne,United States,40.978472,-85.195139,false,Fort Wayne (FWA),https://raw.githubusercontent.com/algolia/datasets/master/airports/airports.json
FYU,Fort Yukon,Fort Yukon,United States,66.571492,-145.250417,false,Fort Yukon (FYU),https://raw.githubusercontent.com/algolia/datasets/master/airports/airports.json
GAE,Gabes,Gabes,Tunisia,33.876919,10.103333,false,Gabes (GAE),https://raw.githubusercontent.com/algolia/datasets/master/airports/airports.json
GAF,Gafsa,Gafsa,Tunisia,34.422022,8.822503,false,Gafsa (GAF),https://raw.githubusercontent.com/algolia/datasets/master/airports/airports.json
GAJ,Yamagata,Yamagata,Japan,38.411894,140.371331,false,Yamagata (GAJ),https://raw.githubusercontent.com/algolia/datasets/master/airports/airports.json
GAL,Edward G Pitka Sr,Galena,United States,64.736178,-156.937417,false,Galena (GAL),https://raw.githubusercontent.com/algolia/datasets/master/airports/airports.json
GAM,Gambell Airport,Gambell,United States,63.7668,-171.733,false,Gambell (GAM),https://raw.githubusercontent.com/algolia/datasets/master/airports/airports.json
GAN,Gan Island Airport,Gan Island,Maldives,-0.693342,73.1556,false,Gan Island (GAN),https://raw.githubusercontent.com/algolia/datasets/master/airports/airports.json
GAO,Mariana Grajales,Guantanamo,Cuba,20.085419,-75.158328,false,Guantanamo (GAO),https://raw.githubusercontent.com/algolia/datasets/master/airports/airports.json
GAU,Lokpriya Gopinath Bordoloi International Airport,Guwahati,India,26.106092,91.585939,true,Guwahati (GAU),https://raw.githubusercontent.com/algolia/datasets/master/airports/airports.json
GBB,Qabala Airport,Qabala,Azerbaijan,40.826667,47.7125,false,Qabala (GBB),https://raw.githubusercontent.com/algolia/datasets/master/airports/airports.json
GBE,Sir Seretse Khama Intl,Gaberone,Botswana,-24.555225,25.918208,true,Gaberone (GBE),https://raw.githubusercontent.com/algolia/datasets/master/airports/airports.json
GBT,Gorgan Airport,Gorgan,Iran,36.909381,54.401339,false,Gorgan (GBT),https://raw.githubusercontent.com/algolia/datasets/master/airports/airports.json
GCC,Gillette-Campbell County Airport,Gillette,United States,44.3489167,-105.5393611,false,Gillette (GCC),https://raw.githubusercontent.com/algolia/datasets/master/airports/airports.json
GCI,Guernsey,Guernsey,Guernsey,49.434956,-2.601969,false,Guernsey (GCI),https://raw.githubusercontent.com/algolia/datasets/master/airports/airports.json
GCK,Garden City Rgnl,Garden City,United States,37.927528,-100.724417,false,Garden City (GCK),https://raw.githubusercontent.com/algolia/datasets/master/airports/airports.json
GCM,Owen Roberts Intl,Georgetown,Cayman Islands,19.292778,-81.35775,true,Georgetown (GCM),https://raw.githubusercontent.com/algolia/datasets/master/airports/airports.json
GCN,Grand Canyon National Park Airport,Grand Canyon,United States,35.9523611,-112.1469722,false,Grand Canyon (GCN),https://raw.githubusercontent.com/algolia/datasets/master/airports/airports.json
GCW,Grand Canyon West Airport,Grand Canyon West,United States,35.5925,-113.4859,false,Grand Canyon West (GCW),https://raw.githubusercontent.com/algolia/datasets/master/airports/airports.json
GDE,Gode Airport,Gode,Ethiopia,5.935128,43.578567,false,Gode (GDE),https://raw.githubusercontent.com/algolia/datasets/master/airports/airports.json
GDL,Don Miguel Hidalgo Y Costilla Intl,Guadalajara,Mexico,20.5218,-103.311167,true,Guadalajara (GDL),https://raw.githubusercontent.com/algolia/datasets/master/airports/airports.json
GDN,Lech Walesa,Gdansk,Poland,54.377569,18.466222,false,Gdansk (GDN),https://raw.githubusercontent.com/algolia/datasets/master/airports/airports.json
GDQ,Gondar,Gondar,Ethiopia,12.5199,37.434047,false,Gondar (GDQ),https://raw.githubusercontent.com/algolia/datasets/master/airports/airports.json
GDT,JAGS McCartney International Airport,Cockburn Town,Turks and Caicos Islands,21.4445,-71.1423,true,Cockburn Town (GDT),https://raw.githubusercontent.com/algolia/datasets/master/airports/airports.json
GDV,Dawson Community Airport,Glendive,United States,47.138611,-104.807222,false,Glendive (GDV),https://raw.githubusercontent.com/algolia/datasets/master/airports/airports.json
GDX,Sokol,Magadan,Russia,59.910989,150.720439,false,Magadan (GDX),https://raw.githubusercontent.com/algolia/datasets/master/airports/airports.json
GDZ,Gelendzik,Gelendzik,Russia,44.566666666667,38.016666666667,false,Gelendzik (GDZ),https://raw.githubusercontent.com/algolia/datasets/master/airports/airports.json
GEA,Magenta,Noumea,New Caledonia,-22.258278,166.472806,false,Noumea (GEA),https://raw.githubusercontent.com/algolia/datasets/master/airports/airports.json
GEG,Spokane Intl,Spokane,United States,47.619861,-117.533833,true,Spokane (GEG),https://raw.githubusercontent.com/algolia/datasets/master/airports/airports.json
GEL,Santo Angelo,Santo Angelo,Brazil,-28.281683,-54.169139,false,Santo Angelo (GEL),https://raw.githubusercontent.com/algolia/datasets/master/airports/airports.json
GEO,Cheddi Jagan Intl,Georgetown,Guyana,6.498553,-58.254119,true,Georgetown (GEO),https://raw.githubusercontent.com/algolia/datasets/master/airports/airports.json
GES,General Santos International Airport,General Santos City,Philippines,6.106439,125.2353,true,General Santos City (GES),https://raw.githubusercontent.com/algolia/datasets/master/airports/airports.json
GET,Geraldton Airport,Geraldton,Australia,-28.7961,114.707,false,Geraldton (GET),https://raw.githubusercontent.com/algolia/datasets/master/airports/airports.json
GEV,Gallivare,Gallivare,Sweden,67.132408,20.814636,false,Gallivare (GEV),https://raw.githubusercontent.com/algolia/datasets/master/airports/airports.json
GFF,Griffith Airport,Griffith,Australia,-34.2508,146.067,false,Griffith (GFF),https://raw.githubusercontent.com/algolia/datasets/master/airports/airports.json
GFK,Grand Forks Intl,Grand Forks,United States,47.949256,-97.176111,true,Grand Forks (GFK),https://raw.githubusercontent.com/algolia/datasets/master/airports/airports.json
GFN,Grafton Airport,Grafton,Australia,-29.7594,153.03,false,Grafton (GFN),https://raw.githubusercontent.com/algolia/datasets/master/airports/airports.json
GGG,East Texas Rgnl,Longview,United States,32.384014,-94.711486,false,Longview (GGG),https://raw.githubusercontent.com/algolia/datasets/master/airports/airports.json
GGT,Exuma Intl,Great Exuma,Bahamas,23.562631,-75.877958,true,Great Exuma (GGT),https://raw.githubusercontent.com/algolia/datasets/master/airports/airports.json
GGW,Wokal Field Glasgow International Airport,Glasgow,United States,48.2125,-106.615,true,Glasgow (GGW),https://raw.githubusercontent.com/algolia/datasets/master/airports/airports.json
GHA,Noumerat,Ghardaia,Algeria,32.384106,3.794114,false,Ghardaia (GHA),https://raw.githubusercontent.com/algolia/datasets/master/airports/airports.json
GHB,Governors Harbour,Governor's Harbor,Bahamas,25.284706,-76.331011,false,Governor's Harbor (GHB),https://raw.githubusercontent.com/algolia/datasets/master/airports/airports.json
GHE,Garachine Airport,Garachine,Panama,8.06,-78.36,false,Garachine (GHE),https://raw.githubusercontent.com/algolia/datasets/master/airports/airports.json
GHT,Ghat,Ghat,Libya,25.145564,10.142647,false,Ghat (GHT),https://raw.githubusercontent.com/algolia/datasets/master/airports/airports.json
GIB,Gibraltar,Gibraltar,Gibraltar,36.151219,-5.349664,false,Gibraltar (GIB),https://raw.githubusercontent.com/algolia/datasets/master/airports/airports.json
GIG,Galeao Antonio Carlos Jobim,Rio De Janeiro,Brazil,-22.808903,-43.243647,false,Rio De Janeiro (GIG),https://raw.githubusercontent.com/algolia/datasets/master/airports/airports.json
GIL,Gilgit,Gilgit,Pakistan,35.918786,74.333644,false,Gilgit (GIL),https://raw.githubusercontent.com/algolia/datasets/master/airports/airports.json
GIS,Gisborne,Gisborne,New Zealand,-38.663333,177.978333,false,Gisborne (GIS),https://raw.githubusercontent.com/algolia/datasets/master/airports/airports.json
GIU,Sigiriya Airport,Sigiriya,Sri Lanka,7.57212,80.43412,false,Sigiriya (GIU),https://raw.githubusercontent.com/algolia/datasets/master/airports/airports.json
GIZ,King Abdullah Bin Abdulaziz,Gizan,Saudi Arabia,16.901111,42.585833,false,Gizan (GIZ),https://raw.githubusercontent.com/algolia/datasets/master/airports/airports.json
GJA,Guanaja,Guanaja,Honduras,16.445367,-85.906611,false,Guanaja (GJA),https://raw.githubusercontent.com/algolia/datasets/master/airports/airports.json
GJT,Grand Junction Regional,Grand Junction,United States,39.122413,-108.526735,false,Grand Junction (GJT),https://raw.githubusercontent.com/algolia/datasets/master/airports/airports.json
GKA,Goroka,Goroka,Papua New Guinea,-6.081689,145.391881,false,Goroka (GKA),https://raw.githubusercontent.com/algolia/datasets/master/airports/airports.json
GKK,Kooddoo,Kooddoo,Maldives,0.7308,73.433,false,Kooddoo (GKK),https://raw.githubusercontent.com/algolia/datasets/master/airports/airports.json
GLA,Glasgow,Glasgow,United Kingdom,55.871944,-4.433056,false,Glasgow (GLA),https://raw.githubusercontent.com/algolia/datasets/master/airports/airports.json
GLF,Golfito,Golfito,Costa Rica,8.653775,-83.180544,false,Golfito (GLF),https://raw.githubusercontent.com/algolia/datasets/master/airports/airports.json
GLH,Mid Delta Regional Airport,Greenville,United States,33.4829,-90.9856,false,Greenville (GLH),https://raw.githubusercontent.com/algolia/datasets/master/airports/airports.json
GLK,Galcaio Airport,Galcaio,Somalia,6.78083,47.4547,false,Galcaio (GLK),https://raw.githubusercontent.com/algolia/datasets/master/airports/airports.json
GLO,Gloucestershire,Golouchestershire,United Kingdom,51.894167,-2.167222,false,Golouchestershire (GLO),https://raw.githubusercontent.com/algolia/datasets/master/airports/airports.json
GLT,Gladstone Airport,Gladstone,Australia,-23.8697,151.223,false,Gladstone (GLT),https://raw.githubusercontent.com/algolia/datasets/master/airports/airports.json
GLV,Golovin Airport,Golovin,United States,64.550556,-163.007222,false,Golovin (GLV),https://raw.githubusercontent.com/algolia/datasets/master/airports/airports.json
GMA,Gemena,Gemena,Congo (Kinshasa),3.235369,19.771258,false,Gemena (GMA),https://raw.githubusercontent.com/algolia/datasets/master/airports/airports.json
GMB,Gambella,Gambella,Ethiopia,8.128764,34.563131,false,Gambella (GMB),https://raw.githubusercontent.com/algolia/datasets/master/airports/airports.json
GMP,Gimpo,Seoul,South Korea,37.558311,126.790586,false,Seoul (GMP),https://raw.githubusercontent.com/algolia/datasets/master/airports/airports.json
GMR,Totegegie,Totegegie,French Polynesia,-23.079861,-134.890333,false,Totegegie (GMR),https://raw.githubusercontent.com/algolia/datasets/master/airports/airports.json
GMZ,La Gomera Airport,La Gomera,Spain,28.0296,-17.2146,false,La Gomera (GMZ),https://raw.githubusercontent.com/algolia/datasets/master/airports/airports.json
GND,Point Salines Intl,Point Salines,Grenada,12.004247,-61.786192,true,Point Salines (GND),https://raw.githubusercontent.com/algolia/datasets/master/airports/airports.json
GNM,Guanambi Airport,Guanambi,Brazil,-14.216667,-42.783333,false,Guanambi (GNM),https://raw.githubusercontent.com/algolia/datasets/master/airports/airports.json
GNU,Goodnews Airport,Goodnews Bay,United States,59.1175,-161.5775,false,Goodnews Bay (GNU),https://raw.githubusercontent.com/algolia/datasets/master/airports/airports.json
GNV,Gainesville Rgnl,Gainesville,United States,29.690056,-82.271778,false,Gainesville (GNV),https://raw.githubusercontent.com/algolia/datasets/master/airports/airports.json
GNY,Sanliurfa GAP,Sanliurfa,Turkey,37.45,38.9,false,Sanliurfa (GNY),https://raw.githubusercontent.com/algolia/datasets/master/airports/airports.json
GOA,Genova Sestri,Genoa,Italy,44.413333,8.8375,false,Genoa (GOA),https://raw.githubusercontent.com/algolia/datasets/master/airports/airports.json
GOH,Nuuk,Godthaab,Greenland,64.190922,-51.678064,false,Godthaab (GOH),https://raw.githubusercontent.com/algolia/datasets/master/airports/airports.json
GOI,Goa,Goa,India,15.380833,73.831422,false,Goa (GOI),https://raw.githubusercontent.com/algolia/datasets/master/airports/airports.json
GOJ,Nizhny Novgorod,Nizhniy Novgorod,Russia,56.230119,43.784042,false,Nizhniy Novgorod (GOJ),https://raw.githubusercontent.com/algolia/datasets/master/airports/airports.json
GOM,Goma,Goma,Congo (Kinshasa),-1.670814,29.238464,false,Goma (GOM),https://raw.githubusercontent.com/algolia/datasets/master/airports/airports.json
GOP,Gorakhpur Airport,Gorakhpur,India,26.739708,83.449708,false,Gorakhpur (GOP),https://raw.githubusercontent.com/algolia/datasets/master/airports/airports.json
GOQ,Golmud Airport,Golmud,China,34.633,98.867,false,Golmud (GOQ),https://raw.githubusercontent.com/algolia/datasets/master/airports/airports.json
GOT,Landvetter,Gothenborg,Sweden,57.662836,12.279819,false,Gothenborg (GOT),https://raw.githubusercontent.com/algolia/datasets/master/airports/airports.json
GOU,Garoua,Garoua,Cameroon,9.335892,13.370103,false,Garoua (GOU),https://raw.githubusercontent.com/algolia/datasets/master/airports/airports.json
GOV,Gove Airport,Gove,Australia,-12.2694,136.818,false,Gove (GOV),https://raw.githubusercontent.com/algolia/datasets/master/airports/airports.json
GPA,Araxos,Patras,Greece,38.151111,21.425556,false,Patras (GPA),https://raw.githubusercontent.com/algolia/datasets/master/airports/airports.json
GPB,Tancredo Thomaz de Faria Airport,Guarapuava,Brazil,-25.383333,-51.45,false,Guarapuava (GPB),https://raw.githubusercontent.com/algolia/datasets/master/airports/airports.json
GPI,Juan Casiano,Guapi,Colombia,2.570133,-77.8986,false,Guapi (GPI),https://raw.githubusercontent.com/algolia/datasets/master/airports/airports.json
GPS,Seymour,Galapagos,Ecuador,-0.453758,-90.265914,false,Galapagos (GPS),https://raw.githubusercontent.com/algolia/datasets/master/airports/airports.json
GPT,Gulfport-Biloxi,Gulfport,United States,30.407278,-89.070111,false,Gulfport (GPT),https://raw.githubusercontent.com/algolia/datasets/master/airports/airports.json
GRB,Austin Straubel Intl,Green Bay,United States,44.485072,-88.129589,true,Green Bay (GRB),https://raw.githubusercontent.com/algolia/datasets/master/airports/airports.json
GRI,Central Nebraska Regional Airport,Grand Island,United States,40.9675,-98.3096,false,Grand Island (GRI),https://raw.githubusercontent.com/algolia/datasets/master/airports/airports.json
GRJ,George,George,South Africa,-34.005553,22.378889,false,George (GRJ),https://raw.githubusercontent.com/algolia/datasets/master/airports/airports.json
GRK,Robert Gray Aaf,Killeen,United States,31.06725,-97.828917,false,Killeen (GRK),https://raw.githubusercontent.com/algolia/datasets/master/airports/airports.json
GRO,Girona,Gerona,Spain,41.900969,2.760547,false,Gerona (GRO),https://raw.githubusercontent.com/algolia/datasets/master/airports/airports.json
GRP,Gurupi Airport,Gurupi,Brazil,-11.728889,-49.068889,false,Gurupi (GRP),https://raw.githubusercontent.com/algolia/datasets/master/airports/airports.json
GRQ,Eelde,Groningen,Netherlands,53.11972,6.579444,false,Groningen (GRQ),https://raw.githubusercontent.com/algolia/datasets/master/airports/airports.json
GRR,Gerald R Ford Intl,Grand Rapids,United States,42.880833,-85.522806,true,Grand Rapids (GRR),https://raw.githubusercontent.com/algolia/datasets/master/airports/airports.json
GRU,Guarulhos Gov Andre Franco Montouro,Sao Paulo,Brazil,-23.432075,-46.469511,false,Sao Paulo (GRU),https://raw.githubusercontent.com/algolia/datasets/master/airports/airports.json
GRV,Grozny Airport,Grozny,Russia,43.2981,45.7841,false,Grozny (GRV),https://raw.githubusercontent.com/algolia/datasets/master/airports/airports.json
GRW,Graciosa,Graciosa Island,Portugal,39.092169,-28.029847,false,Graciosa Island (GRW),https://raw.githubusercontent.com/algolia/datasets/master/airports/airports.json
GRX,Granada,Granada,Spain,37.188731,-3.777356,false,Granada (GRX),https://raw.githubusercontent.com/algolia/datasets/master/airports/airports.json
GRZ,Graz,Graz,Austria,46.991067,15.439628,false,Graz (GRZ),https://raw.githubusercontent.com/algolia/datasets/master/airports/airports.json
GSE,Save,Gothenborg,Sweden,57.774722,11.870372,false,Gothenborg (GSE),https://raw.githubusercontent.com/algolia/datasets/master/airports/airports.json
GSM,Gheshm Airport,Gheshm,Iran,26.9487,56.2688,false,Gheshm (GSM),https://raw.githubusercontent.com/algolia/datasets/master/airports/airports.json
GSO,Piedmont Triad,Greensboro,United States,36.09775,-79.937306,false,Greensboro (GSO),https://raw.githubusercontent.com/algolia/datasets/master/airports/airports.json
GSP,Greenville-Spartanburg International,Greenville,United States,34.895556,-82.218889,true,Greenville (GSP),https://raw.githubusercontent.com/algolia/datasets/master/airports/airports.json
GST,Gustavus Airport,Gustavus,United States,58.4253,-135.707,false,Gustavus (GST),https://raw.githubusercontent.com/algolia/datasets/master/airports/airports.json
GTE,Groote Eylandt Airport,Groote Eylandt,Australia,-13.975,136.46,false,Groote Eylandt (GTE),https://raw.githubusercontent.com/algolia/datasets/master/airports/airports.json
GTF,Great Falls Intl,Great Falls,United States,47.482,-111.370689,true,Great Falls (GTF),https://raw.githubusercontent.com/algolia/datasets/master/airports/airports.json
GTO,Jalaluddin,Gorontalo,Indonesia,0.637119,122.849858,false,Gorontalo (GTO),https://raw.githubusercontent.com/algolia/datasets/master/airports/airports.json
GTR,Golden Triangle Regional Airport,Columbus Mississippi,United States,33.450333,-88.591361,false,Columbus Mississippi (GTR),https://raw.githubusercontent.com/algolia/datasets/master/airports/airports.json
GUA,La Aurora,Guatemala City,Guatemala,14.583272,-90.527475,false,Guatemala City (GUA),https://raw.githubusercontent.com/algolia/datasets/master/airports/airports.json
GUC,Gunnison - Crested Butte,Gunnison,United States,38.533889,-106.933056,false,Gunnison (GUC),https://raw.githubusercontent.com/algolia/datasets/master/airports/airports.json
GUM,Guam Intl,Agana,Guam,13.48345,144.795983,true,Agana (GUM),https://raw.githubusercontent.com/algolia/datasets/master/airports/airports.json
GUR,Gurney Airport,Gurney,Papua New Guinea,-10.3115,150.334,false,Gurney (GUR),https://raw.githubusercontent.com/algolia/datasets/master/airports/airports.json
GUW,Atyrau,Atyrau,Kazakhstan,47.121944,51.821389,false,Atyrau (GUW),https://raw.githubusercontent.com/algolia/datasets/master/airports/airports.json
GVA,Geneve Cointrin,Geneva,Switzerland,46.238064,6.10895,false,Geneva (GVA),https://raw.githubusercontent.com/algolia/datasets/master/airports/airports.json
GVR,Governador Valadares Airport,Governador Valadares,Brazil,-18.8952,-41.9822,false,Governador Valadares (GVR),https://raw.githubusercontent.com/algolia/datasets/master/airports/airports.json
GWD,Gwadar,Gwadar,Pakistan,25.233308,62.329494,false,Gwadar (GWD),https://raw.githubusercontent.com/algolia/datasets/master/airports/airports.json
GWL,Gwalior,Gwalior,India,26.293336,78.227753,false,Gwalior (GWL),https://raw.githubusercontent.com/algolia/datasets/master/airports/airports.json
GWT,Westerland Sylt,Westerland,Germany,54.91325,8.340472,false,Westerland (GWT),https://raw.githubusercontent.com/algolia/datasets/master/airports/airports.json
GXF,Sayun International Airport,Sayun Intl,Yemen,15.966111,48.7883,true,Sayun Intl (GXF),https://raw.githubusercontent.com/algolia/datasets/master/airports/airports.json
GXH,Gannan,Xiahe city,China,34.4909,102.3719,false,Xiahe city (GXH),https://raw.githubusercontent.com/algolia/datasets/master/airports/airports.json
GYA,Capitán de Av. Emilio Beltrán Airport,Guayaramerín,Bolivia,-10.8206,-65.3456,false,Guayaramerín (GYA),https://raw.githubusercontent.com/algolia/datasets/master/airports/airports.json
GYD,Heydar Aliyev,Baku,Azerbaijan,40.4675,50.046667,false,Baku (GYD),https://raw.githubusercontent.com/algolia/datasets/master/airports/airports.json
GYE,Jose Joaquin De Olmedo Intl,Guayaquil,Ecuador,-2.157419,-79.883558,true,Guayaquil (GYE),https://raw.githubusercontent.com/algolia/datasets/master/airports/airports.json
GYN,Santa Genoveva,Goiania,Brazil,-16.632033,-49.220686,false,Goiania (GYN),https://raw.githubusercontent.com/algolia/datasets/master/airports/airports.json
GYS,Guangyuan Airport,Guangyuan,China,32.3911,105.702,false,Guangyuan (GYS),https://raw.githubusercontent.com/algolia/datasets/master/airports/airports.json
GZO,Nusatupe Airport,Gizo,Solomon Islands,-8.09778,156.864,false,Gizo (GZO),https://raw.githubusercontent.com/algolia/datasets/master/airports/airports.json
GZP,Gazipasa Airport,Alanya,Turkey,36.2993,32.3014,false,Alanya (GZP),https://raw.githubusercontent.com/algolia/datasets/master/airports/airports.json
GZT,Oguzeli,Gaziantep,Turkey,36.947183,37.478683,false,Gaziantep (GZT),https://raw.githubusercontent.com/algolia/datasets/master/airports/airports.json
HAA,Hasvik,Hasvik,Norway,70.486675,22.139744,false,Hasvik (HAA),https://raw.githubusercontent.com/algolia/datasets/master/airports/airports.json
HAC,Hachijojima,Hachijojima,Japan,33.115,139.785833,false,Hachijojima (HAC),https://raw.githubusercontent.com/algolia/datasets/master/airports/airports.json
HAD,Halmstad,Halmstad,Sweden,56.691128,12.820211,false,Halmstad (HAD),https://raw.githubusercontent.com/algolia/datasets/master/airports/airports.json
HAH,Prince Said Ibrahim,Moroni,Comoros,-11.533661,43.27185,false,Moroni (HAH),https://raw.githubusercontent.com/algolia/datasets/master/airports/airports.json
HAJ,Hannover,Hannover,Germany,52.461056,9.685078,false,Hannover (HAJ),https://raw.githubusercontent.com/algolia/datasets/master/airports/airports.json
HAK,Meilan,Haikou,China,19.934856,110.458961,false,Haikou (HAK),https://raw.githubusercontent.com/algolia/datasets/master/airports/airports.json
HAM,Hamburg,Hamburg,Germany,53.630389,9.988228,false,Hamburg (HAM),https://raw.githubusercontent.com/algolia/datasets/master/airports/airports.json
HAN,Noibai Intl,Hanoi,Vietnam,21.221192,105.807178,true,Hanoi (HAN),https://raw.githubusercontent.com/algolia/datasets/master/airports/airports.json
HAQ,Hanimaadhoo Airport,Haa Dhaalu Atoll,Maldives,6.74423,73.1705,false,Haa Dhaalu Atoll (HAQ),https://raw.githubusercontent.com/algolia/datasets/master/airports/airports.json
HAS,Hail,Hail,Saudi Arabia,27.437917,41.686292,false,Hail (HAS),https://raw.githubusercontent.com/algolia/datasets/master/airports/airports.json
HAU,Karmoy,Haugesund,Norway,59.345267,5.208364,false,Haugesund (HAU),https://raw.githubusercontent.com/algolia/datasets/master/airports/airports.json
HAV,Jose Marti Intl,Havana,Cuba,22.989153,-82.409086,true,Havana (HAV),https://raw.githubusercontent.com/algolia/datasets/master/airports/airports.json
HBA,Hobart,Hobart,Australia,-42.836111,147.510278,false,Hobart (HBA),https://raw.githubusercontent.com/algolia/datasets/master/airports/airports.json
HBE,Borg El Arab Intl,Alexandria,Egypt,30.917669,29.696408,true,Alexandria (HBE),https://raw.githubusercontent.com/algolia/datasets/master/airports/airports.json
HBX,Hubli Airport,Hubli,India,15.3617,75.0849,false,Hubli (HBX),https://raw.githubusercontent.com/algolia/datasets/master/airports/airports.json
HCR,Holy Cross Airport,Holy Cross,United States,62.1883,-159.775,false,Holy Cross (HCR),https://raw.githubusercontent.com/algolia/datasets/master/airports/airports.json
HDF,Heringsdorf Airport,Heringsdorf,Germany,53.878706,14.152347,false,Heringsdorf (HDF),https://raw.githubusercontent.com/algolia/datasets/master/airports/airports.json
HDG,Hebei Handan Airport,Handan,China,36.524,114.43,false,Handan (HDG),https://raw.githubusercontent.com/algolia/datasets/master/airports/airports.json
HDM,Hamadan Airport,Hamadan,Iran,34.869167,48.5525,false,Hamadan (HDM),https://raw.githubusercontent.com/algolia/datasets/master/airports/airports.json
HDN,Yampa Valley,Hayden,United States,40.481181,-107.21766,false,Hayden (HDN),https://raw.githubusercontent.com/algolia/datasets/master/airports/airports.json
HDS,Hoedspruit Afb,Hoedspruit,South Africa,-24.368642,31.048744,false,Hoedspruit (HDS),https://raw.githubusercontent.com/algolia/datasets/master/airports/airports.json
HDY,Hat Yai Intl,Hat Yai,Thailand,6.933206,100.392975,true,Hat Yai (HDY),https://raw.githubusercontent.com/algolia/datasets/master/airports/airports.json
HEA,Herat,Herat,Afghanistan,34.210017,62.2283,false,Herat (HEA),https://raw.githubusercontent.com/algolia/datasets/master/airports/airports.json
HEH,Heho,Heho,Burma,20.747036,96.792044,false,Heho (HEH),https://raw.githubusercontent.com/algolia/datasets/master/airports/airports.json
HEK,Heihe Airport,Heihe,China,50.25,127.3,false,Heihe (HEK),https://raw.githubusercontent.com/algolia/datasets/master/airports/airports.json
HEL,Helsinki Vantaa,Helsinki,Finland,60.317222,24.963333,false,Helsinki (HEL),https://raw.githubusercontent.com/algolia/datasets/master/airports/airports.json
HER,Nikos Kazantzakis,Heraklion,Greece,35.339719,25.180297,false,Heraklion (HER),https://raw.githubusercontent.com/algolia/datasets/master/airports/airports.json
HET,Baita Airport,Hohhot,China,40.851422,111.824103,false,Hohhot (HET),https://raw.githubusercontent.com/algolia/datasets/master/airports/airports.json
HFA,Haifa,Haifa,Israel,32.809444,35.043056,false,Haifa (HFA),https://raw.githubusercontent.com/algolia/datasets/master/airports/airports.json
HFE,Luogang,Hefei,China,31.780019,117.298436,false,Hefei (HFE),https://raw.githubusercontent.com/algolia/datasets/master/airports/airports.json
HFS,Hagfors Airport,Hagfors,Sweden,60.020064,13.578908,false,Hagfors (HFS),https://raw.githubusercontent.com/algolia/datasets/master/airports/airports.json
HFT,Hammerfest Airport,Hammerfest,Norway,70.679722,23.668889,false,Hammerfest (HFT),https://raw.githubusercontent.com/algolia/datasets/master/airports/airports.json
HGA,Egal Intl,Hargeisa,Somalia,9.518167,44.088758,true,Hargeisa (HGA),https://raw.githubusercontent.com/algolia/datasets/master/airports/airports.json
HGH,Xiaoshan,Hangzhou,China,30.229503,120.434453,false,Hangzhou (HGH),https://raw.githubusercontent.com/algolia/datasets/master/airports/airports.json
HGN,Mae Hong Son,Mae Hong Son,Thailand,19.301667,97.975,false,Mae Hong Son (HGN),https://raw.githubusercontent.com/algolia/datasets/master/airports/airports.json
HGR,Hagerstown Regional Richard A Henson Field,Hagerstown,United States,39.7079,-77.7295,false,Hagerstown (HGR),https://raw.githubusercontent.com/algolia/datasets/master/airports/airports.json
HGU,Mount Hagen,Mount Hagen,Papua New Guinea,-5.826789,144.295861,false,Mount Hagen (HGU),https://raw.githubusercontent.com/algolia/datasets/master/airports/airports.json
HHH,Hilton Head,Hilton Head,United States,32.216,-80.752,false,Hilton Head (HHH),https://raw.githubusercontent.com/algolia/datasets/master/airports/airports.json
HHN,Frankfurt Hahn,Hahn,Germany,49.948672,7.263892,false,Hahn (HHN),https://raw.githubusercontent.com/algolia/datasets/master/airports/airports.json
HIA,Huai An Lianshui Airport,Huai An,China,33.7772,119.1478,false,Huai An (HIA),https://raw.githubusercontent.com/algolia/datasets/master/airports/airports.json
HIB,Chisholm Hibbing,Hibbing,United States,47.3866,-92.838994,false,Hibbing (HIB),https://raw.githubusercontent.com/algolia/datasets/master/airports/airports.json
HID,Horn Island Airport,Horn Island,Australia,-10.5864,142.29,false,Horn Island (HID),https://raw.githubusercontent.com/algolia/datasets/master/airports/airports.json
HIJ,Hiroshima,Hiroshima,Japan,34.436111,132.919444,false,Hiroshima (HIJ),https://raw.githubusercontent.com/algolia/datasets/master/airports/airports.json
HIN,Sacheon Air Base,Sacheon,South Korea,35.088543,128.07037,false,Sacheon (HIN),https://raw.githubusercontent.com/algolia/datasets/master/airports/airports.json
HIR,Honiara International,Honiara,Solomon Islands,-9.428,160.054789,true,Honiara (HIR),https://raw.githubusercontent.com/algolia/datasets/master/airports/airports.json
HJJ,Zhijiang Airport,Zhijiang,China,27.441389,109.699722,false,Zhijiang (HJJ),https://raw.githubusercontent.com/algolia/datasets/master/airports/airports.json
HJR,Khajuraho,Khajuraho,India,24.817197,79.918597,false,Khajuraho (HJR),https://raw.githubusercontent.com/algolia/datasets/master/airports/airports.json
HKB,Healy River Airport,Healy,United States,63.8675,-148.968889,false,Healy (HKB),https://raw.githubusercontent.com/algolia/datasets/master/airports/airports.json
HKD,Hakodate,Hakodate,Japan,41.77,140.821944,false,Hakodate (HKD),https://raw.githubusercontent.com/algolia/datasets/master/airports/airports.json
HKG,Hong Kong Intl,Hong Kong,Hong Kong,22.308919,113.914603,true,Hong Kong (HKG),https://raw.githubusercontent.com/algolia/datasets/master/airports/airports.json
HKK,Hokitika,Hokitika,New Zealand,-42.713611,170.985278,false,Hokitika (HKK),https://raw.githubusercontent.com/algolia/datasets/master/airports/airports.json
HKN,Kimbe Airport,Hoskins,Papua New Guinea,-5.46217,150.405,false,Hoskins (HKN),https://raw.githubusercontent.com/algolia/datasets/master/airports/airports.json
HKT,Phuket Intl,Phuket,Thailand,8.1132,98.316872,true,Phuket (HKT),https://raw.githubusercontent.com/algolia/datasets/master/airports/airports.json
HLA,Lanseria,Johannesburg,South Africa,-25.938514,27.926133,false,Johannesburg (HLA),https://raw.githubusercontent.com/algolia/datasets/master/airports/airports.json
HLD,Dongshan,Hailar,China,49.204997,119.825,false,Hailar (HLD),https://raw.githubusercontent.com/algolia/datasets/master/airports/airports.json
HLH,Ulanhot Airport,Ulanhot,China,46.083,122.017,false,Ulanhot (HLH),https://raw.githubusercontent.com/algolia/datasets/master/airports/airports.json
HLN,Helena Rgnl,Helena,United States,46.606806,-111.98275,false,Helena (HLN),https://raw.githubusercontent.com/algolia/datasets/master/airports/airports.json
HLZ,Hamilton,Hamilton,New Zealand,-37.866661,175.332056,false,Hamilton (HLZ),https://raw.githubusercontent.com/algolia/datasets/master/airports/airports.json
HMA,Khanty Mansiysk Airport,Khanty-Mansiysk,Russia,61.028479,69.086067,false,Khanty-Mansiysk (HMA),https://raw.githubusercontent.com/algolia/datasets/master/airports/airports.json
HMB,Sohag International,Sohag,Egypt,26.341189,31.742983,true,Sohag (HMB),https://raw.githubusercontent.com/algolia/datasets/master/airports/airports.json
HME,Oued Irara,Hassi Messaoud,Algeria,31.672972,6.140444,false,Hassi Messaoud (HME),https://raw.githubusercontent.com/algolia/datasets/master/airports/airports.json
HMI,Hami Airport,Hami,China,42.8414,93.6692,false,Hami (HMI),https://raw.githubusercontent.com/algolia/datasets/master/airports/airports.json
HMO,General Ignacio P Garcia Intl,Hermosillo,Mexico,29.095858,-111.047858,true,Hermosillo (HMO),https://raw.githubusercontent.com/algolia/datasets/master/airports/airports.json
HMV,Hemavan Airport,Hemavan,Sweden,65.806111,15.082778,false,Hemavan (HMV),https://raw.githubusercontent.com/algolia/datasets/master/airports/airports.json
HNA,Hanamaki,Hanamaki,Japan,39.428611,141.135278,false,Hanamaki (HNA),https://raw.githubusercontent.com/algolia/datasets/master/airports/airports.json
HND,Tokyo Intl,Tokyo,Japan,35.552258,139.779694,true,Tokyo (HND),https://raw.githubusercontent.com/algolia/datasets/master/airports/airports.json
HNH,Hoonah Airport,Hoonah,United States,58.096111,-135.409722,false,Hoonah (HNH),https://raw.githubusercontent.com/algolia/datasets/master/airports/airports.json
HNL,Honolulu Intl,Honolulu,United States,21.318681,-157.922428,true,Honolulu (HNL),https://raw.githubusercontent.com/algolia/datasets/master/airports/airports.json
HNM,Hana,Hana,United States,20.795636,-156.014439,false,Hana (HNM),https://raw.githubusercontent.com/algolia/datasets/master/airports/airports.json
HNS,Haines Airport,Haines,United States,59.2438,-135.524,false,Haines (HNS),https://raw.githubusercontent.com/algolia/datasets/master/airports/airports.json
HOB,Lea Co Rgnl,Hobbs,United States,32.687528,-103.217028,false,Hobbs (HOB),https://raw.githubusercontent.com/algolia/datasets/master/airports/airports.json
HOD,Hodeidah Intl,Hodeidah,Yemen,14.753,42.976336,true,Hodeidah (HOD),https://raw.githubusercontent.com/algolia/datasets/master/airports/airports.json
HOF,Al Ahsa,Al-ahsa,Saudi Arabia,25.285306,49.485189,false,Al-ahsa (HOF),https://raw.githubusercontent.com/algolia/datasets/master/airports/airports.json
HOG,Frank Pais Intl,Holguin,Cuba,20.785589,-76.315108,true,Holguin (HOG),https://raw.githubusercontent.com/algolia/datasets/master/airports/airports.json
HOI,Hao,Hao Island,French Polynesia,-18.074814,-140.945886,false,Hao Island (HOI),https://raw.githubusercontent.com/algolia/datasets/master/airports/airports.json
HOM,Homer,Homer,United States,59.645556,-151.476583,false,Homer (HOM),https://raw.githubusercontent.com/algolia/datasets/master/airports/airports.json
HON,Huron Rgnl,Huron,United States,44.3852,-98.228542,false,Huron (HON),https://raw.githubusercontent.com/algolia/datasets/master/airports/airports.json
HOR,Horta,Horta,Portugal,38.519894,-28.715872,false,Horta (HOR),https://raw.githubusercontent.com/algolia/datasets/master/airports/airports.json
HOT,Memorial Field,Hot Springs,United States,34.478,-93.0962,false,Hot Springs (HOT),https://raw.githubusercontent.com/algolia/datasets/master/airports/airports.json
HOU,William P Hobby,Houston,United States,29.645419,-95.278889,false,Houston (HOU),https://raw.githubusercontent.com/algolia/datasets/master/airports/airports.json
HOV,Hovden,Orsta-Volda,Norway,62.18,6.0742,false,Orsta-Volda (HOV),https://raw.githubusercontent.com/algolia/datasets/master/airports/airports.json
HPB,Hooper Bay Airport,Hooper Bay,United States,61.5239,-166.147,false,Hooper Bay (HPB),https://raw.githubusercontent.com/algolia/datasets/master/airports/airports.json
HPH,Cat Bi International Airport,Haiphong,Vietnam,20.819386,106.724989,true,Haiphong (HPH),https://raw.githubusercontent.com/algolia/datasets/master/airports/airports.json
HPN,Westchester Co,White Plains,United States,41.066959,-73.707575,false,White Plains (HPN),https://raw.githubusercontent.com/algolia/datasets/master/airports/airports.json
HRB,Taiping,Harbin,China,45.623403,126.250328,false,Harbin (HRB),https://raw.githubusercontent.com/algolia/datasets/master/airports/airports.json
HRE,Harare Intl,Harare,Zimbabwe,-17.931806,31.092847,true,Harare (HRE),https://raw.githubusercontent.com/algolia/datasets/master/airports/airports.json
HRG,Hurghada Intl,Hurghada,Egypt,27.178317,33.799436,true,Hurghada (HRG),https://raw.githubusercontent.com/algolia/datasets/master/airports/airports.json
HRI,Mattala Rajapaksa Intl.,Mattala,Sri Lanka,6.284467,81.124128,true,Mattala (HRI),https://raw.githubusercontent.com/algolia/datasets/master/airports/airports.json
HRK,Osnova International Airport,Kharkov,Ukraine,49.924786,36.289986,true,Kharkov (HRK),https://raw.githubusercontent.com/algolia/datasets/master/airports/airports.json
HRL,Valley Intl,Harlingen,United States,26.2285,-97.654389,true,Harlingen (HRL),https://raw.githubusercontent.com/algolia/datasets/master/airports/airports.json
HRM,Hassi R Mel,Tilrempt,Algeria,32.930431,3.311542,false,Tilrempt (HRM),https://raw.githubusercontent.com/algolia/datasets/master/airports/airports.json
HRO,Boone Co,Harrison,United States,36.261519,-93.154728,false,Harrison (HRO),https://raw.githubusercontent.com/algolia/datasets/master/airports/airports.json
HSG,Saga Airport,Saga,Japan,33.1497,130.302,false,Saga (HSG),https://raw.githubusercontent.com/algolia/datasets/master/airports/airports.json
HSL,Huslia Airport,Huslia,United States,65.697778,-156.351389,false,Huslia (HSL),https://raw.githubusercontent.com/algolia/datasets/master/airports/airports.json
HSN,Zhoushan Airport,Zhoushan,China,29.9342,122.362,false,Zhoushan (HSN),https://raw.githubusercontent.com/algolia/datasets/master/airports/airports.json
HSV,Huntsville International Airport-Carl T Jones Field,Huntsville,United States,34.6371944,-86.7750556,true,Huntsville (HSV),https://raw.githubusercontent.com/algolia/datasets/master/airports/airports.json
HTA,Kadala,Chita,Russia,52.026317,113.305556,false,Chita (HTA),https://raw.githubusercontent.com/algolia/datasets/master/airports/airports.json
HTI,Hamilton Island Airport,Hamilton Island,Australia,-20.3581,148.952,false,Hamilton Island (HTI),https://raw.githubusercontent.com/algolia/datasets/master/airports/airports.json
HTN,Hotan,Hotan,China,37.038522,79.864933,false,Hotan (HTN),https://raw.githubusercontent.com/algolia/datasets/master/airports/airports.json
HTS,Tri State Milton J Ferguson Field,Huntington,United States,38.3667,-82.558,false,Huntington (HTS),https://raw.githubusercontent.com/algolia/datasets/master/airports/airports.json
HTY,Hatay Airport,Hatay,Turkey,36.362778,36.282222,false,Hatay (HTY),https://raw.githubusercontent.com/algolia/datasets/master/airports/airports.json
HUH,Huahine,Huahine Island,French Polynesia,-16.687242,-151.021667,false,Huahine Island (HUH),https://raw.githubusercontent.com/algolia/datasets/master/airports/airports.json
HUI,Phu Bai,Hue,Vietnam,16.401499,107.702614,false,Hue (HUI),https://raw.githubusercontent.com/algolia/datasets/master/airports/airports.json
HUN,Hualien,Hualien,Taiwan,24.023725,121.616906,false,Hualien (HUN),https://raw.githubusercontent.com/algolia/datasets/master/airports/airports.json
HUS,Hughes Airport,Hughes,United States,66.039167,-154.264722,false,Hughes (HUS),https://raw.githubusercontent.com/algolia/datasets/master/airports/airports.json
HUU,Alferez Fap David Figueroa Fernandini Airport,Huánuco,Peru,-9.878811,-76.204797,false,Huánuco (HUU),https://raw.githubusercontent.com/algolia/datasets/master/airports/airports.json
HUX,Bahias De Huatulco Intl,Huatulco,Mexico,15.775317,-96.262572,true,Huatulco (HUX),https://raw.githubusercontent.com/algolia/datasets/master/airports/airports.json
HUY,Humberside,Humberside,United Kingdom,53.574444,-0.350833,false,Humberside (HUY),https://raw.githubusercontent.com/algolia/datasets/master/airports/airports.json
HVB,Hervey Bay Airport,Hervey Bay,Australia,-25.318889,152.880278,false,Hervey Bay (HVB),https://raw.githubusercontent.com/algolia/datasets/master/airports/airports.json
HVD,Khovd Airport,Khovd,Mongolia,47.9541,91.6282,false,Khovd (HVD),https://raw.githubusercontent.com/algolia/datasets/master/airports/airports.json
HVG,Valan,Honningsvag,Norway,70.99,25.83,false,Honningsvag (HVG),https://raw.githubusercontent.com/algolia/datasets/master/airports/airports.json
HVN,Tweed-New Haven Airport,New Haven,United States,41.26375,-72.886806,false,New Haven (HVN),https://raw.githubusercontent.com/algolia/datasets/master/airports/airports.json
HVR,Havre City Co,Havre,United States,48.542983,-109.762342,false,Havre (HVR),https://raw.githubusercontent.com/algolia/datasets/master/airports/airports.json
HYA,Barnstable Muni Boardman Polando Fld,Barnstable,United States,41.669336,-70.280356,false,Barnstable (HYA),https://raw.githubusercontent.com/algolia/datasets/master/airports/airports.json
HYD,Hyderabad,Hyderabad,India,17.453117,78.467586,false,Hyderabad (HYD),https://raw.githubusercontent.com/algolia/datasets/master/airports/airports.json
HYG,Hydaburg Seaplane Base,Hydaburg,United States,55.206389,-132.828333,false,Hydaburg (HYG),https://raw.githubusercontent.com/algolia/datasets/master/airports/airports.json
HYL,Hollis Seaplane Base,Hollis,United States,55.481667,-132.646111,false,Hollis (HYL),https://raw.githubusercontent.com/algolia/datasets/master/airports/airports.json
HYN,Huangyan Luqiao Airport,Huangyan,China,28.5622,121.429,false,Huangyan (HYN),https://raw.githubusercontent.com/algolia/datasets/master/airports/airports.json
HZH,Liping Airport,Liping,China,26.206,109.039,false,Liping (HZH),https://raw.githubusercontent.com/algolia/datasets/master/airports/airports.json
IAA,Igarka Airport,Igarka,Russia,67.4372,86.6219,false,Igarka (IAA),https://raw.githubusercontent.com/algolia/datasets/master/airports/airports.json
IAD,Washington Dulles Intl,Washington,United States,38.944533,-77.455811,true,Washington (IAD),https://raw.githubusercontent.com/algolia/datasets/master/airports/airports.json
IAG,Niagara Falls Intl,Niagara Falls,United States,43.107333,-78.946194,true,Niagara Falls (IAG),https://raw.githubusercontent.com/algolia/datasets/master/airports/airports.json
IAH,George Bush Intercontinental,Houston,United States,29.984433,-95.341442,false,Houston (IAH),https://raw.githubusercontent.com/algolia/datasets/master/airports/airports.json
IAM,In Amenas,Zarzaitine,Algeria,28.05155,9.642911,false,Zarzaitine (IAM),https://raw.githubusercontent.com/algolia/datasets/master/airports/airports.json
IAN,Bob Baker Memorial Airport,Kiana,United States,66.975833,-160.436667,false,Kiana (IAN),https://raw.githubusercontent.com/algolia/datasets/master/airports/airports.json
IAR,Tunoshna,Yaroslavl,Russia,57.560666676667,40.157369454444,false,Yaroslavl (IAR),https://raw.githubusercontent.com/algolia/datasets/master/airports/airports.json
IAS,Iasi,Iasi,Romania,47.178492,27.620631,false,Iasi (IAS),https://raw.githubusercontent.com/algolia/datasets/master/airports/airports.json
IBA,Ibadan,Ibadan,Nigeria,7.362458,3.978333,false,Ibadan (IBA),https://raw.githubusercontent.com/algolia/datasets/master/airports/airports.json
IBE,Perales,Ibague,Colombia,4.421608,-75.1333,false,Ibague (IBE),https://raw.githubusercontent.com/algolia/datasets/master/airports/airports.json
IBR,Hyakuri,Ibaraki,Japan,36.181083,140.415444,false,Ibaraki (IBR),https://raw.githubusercontent.com/algolia/datasets/master/airports/airports.json
IBZ,Ibiza,Ibiza,Spain,38.872858,1.373117,false,Ibiza (IBZ),https://raw.githubusercontent.com/algolia/datasets/master/airports/airports.json
ICI,Cicia Airport,Cicia,Fiji,-17.7433,-179.342,false,Cicia (ICI),https://raw.githubusercontent.com/algolia/datasets/master/airports/airports.json
ICN,Incheon Intl,Seoul,South Korea,37.469075,126.450517,true,Seoul (ICN),https://raw.githubusercontent.com/algolia/datasets/master/airports/airports.json
ICT,Wichita Mid Continent,Wichita,United States,37.649944,-97.433056,false,Wichita (ICT),https://raw.githubusercontent.com/algolia/datasets/master/airports/airports.json
IDA,Idaho Falls Rgnl,Idaho Falls,United States,43.514556,-112.07075,false,Idaho Falls (IDA),https://raw.githubusercontent.com/algolia/datasets/master/airports/airports.json
IDR,Devi Ahilyabai Holkar,Indore,India,22.721786,75.801086,false,Indore (IDR),https://raw.githubusercontent.com/algolia/datasets/master/airports/airports.json
IEV,Zhuliany Intl,Kiev,Ukraine,50.401694,30.449697,true,Kiev (IEV),https://raw.githubusercontent.com/algolia/datasets/master/airports/airports.json
IFJ,Isafjordur,Isafjordur,Iceland,66.058056,-23.135278,false,Isafjordur (IFJ),https://raw.githubusercontent.com/algolia/datasets/master/airports/airports.json
IFN,Esfahan Shahid Beheshti Intl,Isfahan,Iran,32.750836,51.861267,true,Isfahan (IFN),https://raw.githubusercontent.com/algolia/datasets/master/airports/airports.json
IFO,Ivano Frankivsk International Airport,Ivano-Frankivsk,Ukraine,48.884167,24.686111,true,Ivano-Frankivsk (IFO),https://raw.githubusercontent.com/algolia/datasets/master/airports/airports.json
IGA,Matthew Town,Matthew Town,Bahamas,20.975,-73.666862,false,Matthew Town (IGA),https://raw.githubusercontent.com/algolia/datasets/master/airports/airports.json
IGD,Igdir,Igdir,Turkey,39.983056,43.866389,false,Igdir (IGD),https://raw.githubusercontent.com/algolia/datasets/master/airports/airports.json
IGG,Igiugig Airport,Igiugig,United States,59.324,-155.902,false,Igiugig (IGG),https://raw.githubusercontent.com/algolia/datasets/master/airports/airports.json
IGM,Kingman Airport,Kingman,United States,35.2595,-113.938,false,Kingman (IGM),https://raw.githubusercontent.com/algolia/datasets/master/airports/airports.json
IGR,Cataratas Del Iguazu,Iguazu Falls,Argentina,-25.737281,-54.473444,false,Iguazu Falls (IGR),https://raw.githubusercontent.com/algolia/datasets/master/airports/airports.json
IGU,Cataratas Intl,Foz Do Iguacu,Brazil,-25.59615,-54.487206,true,Foz Do Iguacu (IGU),https://raw.githubusercontent.com/algolia/datasets/master/airports/airports.json
IIL,Ilam Airport,Ilam,Iran,33.586606,46.404842,false,Ilam (IIL),https://raw.githubusercontent.com/algolia/datasets/master/airports/airports.json
IJK,Izhevsk Airport,Izhevsk,Russia,56.8281,53.4575,false,Izhevsk (IJK),https://raw.githubusercontent.com/algolia/datasets/master/airports/airports.json
IKA,Imam Khomeini,Tehran,Iran,35.416111,51.152222,false,Tehran (IKA),https://raw.githubusercontent.com/algolia/datasets/master/airports/airports.json
IKI,Iki,Iki,Japan,33.749027,129.785417,false,Iki (IKI),https://raw.githubusercontent.com/algolia/datasets/master/airports/airports.json
IKO,Nikolski Air Station,Nikolski,United States,52.941667,-168.848889,false,Nikolski (IKO),https://raw.githubusercontent.com/algolia/datasets/master/airports/airports.json
IKS,Tiksi Airport,Tiksi,Russia,71.6977,128.903,false,Tiksi (IKS),https://raw.githubusercontent.com/algolia/datasets/master/airports/airports.json
IKT,Irkutsk,Irkutsk,Russia,52.268028,104.388975,false,Irkutsk (IKT),https://raw.githubusercontent.com/algolia/datasets/master/airports/airports.json
ILD,Lleida-Alguaire Airport,Lleida,Spain,41.727778,0.535833,false,Lleida (ILD),https://raw.githubusercontent.com/algolia/datasets/master/airports/airports.json
ILG,New Castle,Wilmington,United States,39.678722,-75.606528,false,Wilmington (ILG),https://raw.githubusercontent.com/algolia/datasets/master/airports/airports.json
ILI,Iliamna,Iliamna,United States,59.754356,-154.910961,false,Iliamna (ILI),https://raw.githubusercontent.com/algolia/datasets/master/airports/airports.json
ILM,Wilmington Intl,Wilmington,United States,34.270615,-77.902569,true,Wilmington (ILM),https://raw.githubusercontent.com/algolia/datasets/master/airports/airports.json
ILO,Iloilo,Iloilo,Philippines,10.713044,122.545297,false,Iloilo (ILO),https://raw.githubusercontent.com/algolia/datasets/master/airports/airports.json
ILP,Île des Pins Airport,Île des Pins,New Caledonia,-22.5889,167.456,false,Île des Pins (ILP),https://raw.githubusercontent.com/algolia/datasets/master/airports/airports.json
ILR,Ilorin,Ilorin,Nigeria,8.440211,4.493919,false,Ilorin (ILR),https://raw.githubusercontent.com/algolia/datasets/master/airports/airports.json
ILY,Islay,Islay,United Kingdom,55.681944,-6.256667,false,Islay (ILY),https://raw.githubusercontent.com/algolia/datasets/master/airports/airports.json
IMF,Imphal,Imphal,India,24.75995,93.896697,false,Imphal (IMF),https://raw.githubusercontent.com/algolia/datasets/master/airports/airports.json
IMP,Prefeito Renato Moreira,Imperatriz,Brazil,-5.531292,-47.46005,false,Imperatriz (IMP),https://raw.githubusercontent.com/algolia/datasets/master/airports/airports.json
IMT,Ford Airport,Iron Mountain,United States,45.8183611,-88.1145556,false,Iron Mountain (IMT),https://raw.githubusercontent.com/algolia/datasets/master/airports/airports.json
INC,Yinchuan,Yinchuan,China,38.481944,106.009167,false,Yinchuan (INC),https://raw.githubusercontent.com/algolia/datasets/master/airports/airports.json
IND,Indianapolis Intl,Indianapolis,United States,39.717331,-86.294383,true,Indianapolis (IND),https://raw.githubusercontent.com/algolia/datasets/master/airports/airports.json
INH,Inhambane,Inhambane,Mozambique,-23.876431,35.408544,false,Inhambane (INH),https://raw.githubusercontent.com/algolia/datasets/master/airports/airports.json
INL,Falls Intl,International Falls,United States,48.566186,-93.403067,true,International Falls (INL),https://raw.githubusercontent.com/algolia/datasets/master/airports/airports.json
INN,Innsbruck,Innsbruck,Austria,47.260219,11.343964,false,Innsbruck (INN),https://raw.githubusercontent.com/algolia/datasets/master/airports/airports.json
INU,Nauru Intl,Nauru,Nauru,-0.547458,166.9191,true,Nauru (INU),https://raw.githubusercontent.com/algolia/datasets/master/airports/airports.json
INV,Inverness,Inverness,United Kingdom,57.5425,-4.0475,false,Inverness (INV),https://raw.githubusercontent.com/algolia/datasets/master/airports/airports.json
INZ,In Salah,In Salah,Algeria,27.251022,2.512017,false,In Salah (INZ),https://raw.githubusercontent.com/algolia/datasets/master/airports/airports.json
IOA,Ioannina,Ioannina,Greece,39.696388,20.8225,false,Ioannina (IOA),https://raw.githubusercontent.com/algolia/datasets/master/airports/airports.json
IOM,Isle Of Man,Isle Of Man,Isle of Man,54.083333,-4.623889,false,Isle Of Man (IOM),https://raw.githubusercontent.com/algolia/datasets/master/airports/airports.json
IOS,Ilheus,Ilheus,Brazil,-14.815964,-39.033197,false,Ilheus (IOS),https://raw.githubusercontent.com/algolia/datasets/master/airports/airports.json
IPA,Ipota Airport,Ipota,Vanuatu,-18.8783,169.308,false,Ipota (IPA),https://raw.githubusercontent.com/algolia/datasets/master/airports/airports.json
IPC,Mataveri Intl,Easter Island,Chile,-27.164792,-109.421831,true,Easter Island (IPC),https://raw.githubusercontent.com/algolia/datasets/master/airports/airports.json
IPH,Sultan Azlan Shah,Ipoh,Malaysia,4.567972,101.092194,false,Ipoh (IPH),https://raw.githubusercontent.com/algolia/datasets/master/airports/airports.json
IPI,San Luis,Ipiales,Colombia,0.861925,-77.671764,false,Ipiales (IPI),https://raw.githubusercontent.com/algolia/datasets/master/airports/airports.json
IPL,Imperial Co,Imperial,United States,32.834219,-115.578744,false,Imperial (IPL),https://raw.githubusercontent.com/algolia/datasets/master/airports/airports.json
IPN,Usiminas,Ipatinga,Brazil,-19.470722,-42.487583,false,Ipatinga (IPN),https://raw.githubusercontent.com/algolia/datasets/master/airports/airports.json
IPT,Williamsport Rgnl,Williamsport,United States,41.241836,-76.921094,false,Williamsport (IPT),https://raw.githubusercontent.com/algolia/datasets/master/airports/airports.json
IQN,Qingyang Airport,Qingyang,China,35.7997,107.603,false,Qingyang (IQN),https://raw.githubusercontent.com/algolia/datasets/master/airports/airports.json
IQQ,Diego Aracena Intl,Iquique,Chile,-20.535222,-70.181275,true,Iquique (IQQ),https://raw.githubusercontent.com/algolia/datasets/master/airports/airports.json
IQT,Coronel Francisco Secada Vignetta Intl,Iquitos,Peru,-3.784739,-73.308806,true,Iquitos (IQT),https://raw.githubusercontent.com/algolia/datasets/master/airports/airports.json
IRA,Ngorangora Airport,Kirakira,Solomon Islands,-10.4497,161.898,false,Kirakira (IRA),https://raw.githubusercontent.com/algolia/datasets/master/airports/airports.json
IRC,Circle City Airport,Circle,United States,65.827778,-144.076111,false,Circle (IRC),https://raw.githubusercontent.com/algolia/datasets/master/airports/airports.json
IRG,Lockhart River Airport,Lockhart River,Australia,-12.7869,143.305,false,Lockhart River (IRG),https://raw.githubusercontent.com/algolia/datasets/master/airports/airports.json
IRJ,La Rioja,La Rioja,Argentina,-29.381636,-66.795839,false,La Rioja (IRJ),https://raw.githubusercontent.com/algolia/datasets/master/airports/airports.json
IRK,Kirksville Regional Airport,Kirksville,United States,40.0935,-92.5449,false,Kirksville (IRK),https://raw.githubusercontent.com/algolia/datasets/master/airports/airports.json
IRP,Matari,Isiro,Congo (Kinshasa),2.827606,27.588253,false,Isiro (IRP),https://raw.githubusercontent.com/algolia/datasets/master/airports/airports.json
IRZ,Tapuruquara Airport,Santa Isabel do Rio Negro,Brazil,-0.416944,-65.033889,false,Santa Isabel do Rio Negro (IRZ),https://raw.githubusercontent.com/algolia/datasets/master/airports/airports.json
ISA,Mount Isa,Mount Isa,Australia,-20.663889,139.488611,false,Mount Isa (ISA),https://raw.githubusercontent.com/algolia/datasets/master/airports/airports.json
ISB,Chaklala,Islamabad,Pakistan,33.616653,73.099233,false,Islamabad (ISB),https://raw.githubusercontent.com/algolia/datasets/master/airports/airports.json
ISC,ISLES OF SCILLY,ST MARY\\'S,United Kingdom,49.919,-6.3075,false,ST MARY\\'S (ISC),https://raw.githubusercontent.com/algolia/datasets/master/airports/airports.json
ISE,Isparta Süleyman Demirel Airport,Isparta,Turkey,37.8554,30.3684,false,Isparta (ISE),https://raw.githubusercontent.com/algolia/datasets/master/airports/airports.json
ISG,Ishigaki,Ishigaki,Japan,24.344525,124.186983,false,Ishigaki (ISG),https://raw.githubusercontent.com/algolia/datasets/master/airports/airports.json
ISN,Sloulin Fld Intl,Williston,United States,48.177939,-103.642347,true,Williston (ISN),https://raw.githubusercontent.com/algolia/datasets/master/airports/airports.json
ISP,Long Island Mac Arthur,Islip,United States,40.79525,-73.100222,false,Islip (ISP),https://raw.githubusercontent.com/algolia/datasets/master/airports/airports.json
IST,Ataturk,Istanbul,Turkey,40.976922,28.814606,false,Istanbul (IST),https://raw.githubusercontent.com/algolia/datasets/master/airports/airports.json
ISU,Sulaymaniyah International Airport,Sulaymaniyah,Iraq,35.5608,45.3147,true,Sulaymaniyah (ISU),https://raw.githubusercontent.com/algolia/datasets/master/airports/airports.json
ITB,Cachimbo,Itaituba,Brazil,-4.2446,-56.00384,false,Itaituba (ITB),https://raw.githubusercontent.com/algolia/datasets/master/airports/airports.json
ITH,Ithaca Tompkins Rgnl,Ithaca,United States,42.491028,-76.458444,false,Ithaca (ITH),https://raw.githubusercontent.com/algolia/datasets/master/airports/airports.json
ITM,Osaka Intl,Osaka,Japan,34.785528,135.438222,true,Osaka (ITM),https://raw.githubusercontent.com/algolia/datasets/master/airports/airports.json
ITO,Hilo Intl,Hilo,United States,19.721375,-155.048469,true,Hilo (ITO),https://raw.githubusercontent.com/algolia/datasets/master/airports/airports.json
IUE,Niue International Airport,Alofi,Niue,-19.080028,-169.925639,true,Alofi (IUE),https://raw.githubusercontent.com/algolia/datasets/master/airports/airports.json
IVC,Invercargill,Invercargill,New Zealand,-46.412408,168.312992,false,Invercargill (IVC),https://raw.githubusercontent.com/algolia/datasets/master/airports/airports.json
IVL,Ivalo,Ivalo,Finland,68.607269,27.405328,false,Ivalo (IVL),https://raw.githubusercontent.com/algolia/datasets/master/airports/airports.json
IWJ,Iwami Airport,Iwami,Japan,34.6764,131.79,false,Iwami (IWJ),https://raw.githubusercontent.com/algolia/datasets/master/airports/airports.json
IXA,Agartala,Agartala,India,23.886978,91.24045,false,Agartala (IXA),https://raw.githubusercontent.com/algolia/datasets/master/airports/airports.json
IXB,Bagdogra,Baghdogra,India,26.681206,88.328567,false,Baghdogra (IXB),https://raw.githubusercontent.com/algolia/datasets/master/airports/airports.json
IXC,Chandigarh,Chandigarh,India,30.673469,76.788542,false,Chandigarh (IXC),https://raw.githubusercontent.com/algolia/datasets/master/airports/airports.json
IXD,Allahabad,Allahabad,India,25.440064,81.733872,false,Allahabad (IXD),https://raw.githubusercontent.com/algolia/datasets/master/airports/airports.json
IXE,Mangalore,Mangalore,India,12.961267,74.890069,false,Mangalore (IXE),https://raw.githubusercontent.com/algolia/datasets/master/airports/airports.json
IXG,Belgaum,Belgaum,India,15.859286,74.618292,false,Belgaum (IXG),https://raw.githubusercontent.com/algolia/datasets/master/airports/airports.json
IXJ,Jammu,Jammu,India,32.689142,74.837389,false,Jammu (IXJ),https://raw.githubusercontent.com/algolia/datasets/master/airports/airports.json
IXL,Leh,Leh,India,34.135872,77.546514,false,Leh (IXL),https://raw.githubusercontent.com/algolia/datasets/master/airports/airports.json
IXM,Madurai,Madurai,India,9.834508,78.093378,false,Madurai (IXM),https://raw.githubusercontent.com/algolia/datasets/master/airports/airports.json
IXR,Birsa Munda,Ranchi,India,23.31425,85.321675,false,Ranchi (IXR),https://raw.githubusercontent.com/algolia/datasets/master/airports/airports.json
IXS,Silchar,Silchar,India,24.912928,92.978742,false,Silchar (IXS),https://raw.githubusercontent.com/algolia/datasets/master/airports/airports.json
IXU,Aurangabad,Aurangabad,India,19.862728,75.398114,false,Aurangabad (IXU),https://raw.githubusercontent.com/algolia/datasets/master/airports/airports.json
IXZ,Port Blair,Port Blair,India,11.641161,92.729744,false,Port Blair (IXZ),https://raw.githubusercontent.com/algolia/datasets/master/airports/airports.json
IZA,Zona da Mata Regional Airport,Juiz de Fora,Brazil,-21.5130558014,-43.1730575562,false,Juiz de Fora (IZA),https://raw.githubusercontent.com/algolia/datasets/master/airports/airports.json
IZO,Izumo,Izumo,Japan,35.413611,132.89,false,Izumo (IZO),https://raw.githubusercontent.com/algolia/datasets/master/airports/airports.json
JAC,Jackson Hole Airport,Jacksn Hole,United States,43.607333333,-110.73775,false,Jacksn Hole (JAC),https://raw.githubusercontent.com/algolia/datasets/master/airports/airports.json
JAI,Jaipur,Jaipur,India,26.824192,75.812161,false,Jaipur (JAI),https://raw.githubusercontent.com/algolia/datasets/master/airports/airports.json
JAL,Lencero Airport,Jalapa,Mexico,19.475083,-96.797506,false,Jalapa (JAL),https://raw.githubusercontent.com/algolia/datasets/master/airports/airports.json
JAN,Jackson Evers Intl,Jackson,United States,32.311167,-90.075889,true,Jackson (JAN),https://raw.githubusercontent.com/algolia/datasets/master/airports/airports.json
JAV,Ilulissat,Ilulissat,Greenland,69.23444,-51.05111,false,Ilulissat (JAV),https://raw.githubusercontent.com/algolia/datasets/master/airports/airports.json
JAX,Jacksonville Intl,Jacksonville,United States,30.494056,-81.687861,true,Jacksonville (JAX),https://raw.githubusercontent.com/algolia/datasets/master/airports/airports.json
JBQ,Dr Joaquin Balaguer International Airport,La Isabela,Dominican Republic,18.5725,-69.9856,true,La Isabela (JBQ),https://raw.githubusercontent.com/algolia/datasets/master/airports/airports.json
JBR,Jonesboro Muni,Jonesboro,United States,35.831708,-90.646417,false,Jonesboro (JBR),https://raw.githubusercontent.com/algolia/datasets/master/airports/airports.json
JCB,Joacaba Airport,Joacaba,Brazil,-27.172778,-51.500833,false,Joacaba (JCB),https://raw.githubusercontent.com/algolia/datasets/master/airports/airports.json
JCK,Julia Creek Airport,Julia Creek,Australia,-20.6683,141.723,false,Julia Creek (JCK),https://raw.githubusercontent.com/algolia/datasets/master/airports/airports.json
JDH,Jodhpur,Jodhpur,India,26.251092,73.048869,false,Jodhpur (JDH),https://raw.githubusercontent.com/algolia/datasets/master/airports/airports.json
JDO,Orlando Bezerra de Menezes Airport,Juazeiro Do Norte,Brazil,-7.218958,-39.2701,false,Juazeiro Do Norte (JDO),https://raw.githubusercontent.com/algolia/datasets/master/airports/airports.json
JDZ,Jingdezhen Airport,Jingdezhen,China,29.3386,117.176,false,Jingdezhen (JDZ),https://raw.githubusercontent.com/algolia/datasets/master/airports/airports.json
JED,King Abdulaziz Intl,Jeddah,Saudi Arabia,21.679564,39.156536,true,Jeddah (JED),https://raw.githubusercontent.com/algolia/datasets/master/airports/airports.json
JEG,Aasiaat,Aasiaat,Greenland,68.7,-52.75,false,Aasiaat (JEG),https://raw.githubusercontent.com/algolia/datasets/master/airports/airports.json
JER,Jersey,Jersey,Jersey,49.207947,-2.195508,false,Jersey (JER),https://raw.githubusercontent.com/algolia/datasets/master/airports/airports.json
JFK,John F Kennedy Intl,New York,United States,40.639751,-73.778925,true,New York (JFK),https://raw.githubusercontent.com/algolia/datasets/master/airports/airports.json
JFR,Paamiut Heliport,Paamiut,Greenland,61.9922,-49.6625,false,Paamiut (JFR),https://raw.githubusercontent.com/algolia/datasets/master/airports/airports.json
JGA,Jamnagar,Jamnagar,India,22.465522,70.012556,false,Jamnagar (JGA),https://raw.githubusercontent.com/algolia/datasets/master/airports/airports.json
JGD,Jiagedaqi Airport,Jiagedaqi District,China,50.375,124.117,false,Jiagedaqi District (JGD),https://raw.githubusercontent.com/algolia/datasets/master/airports/airports.json
JGN,Jiayuguan Airport,Jiayuguan,China,39.8569,98.3414,false,Jiayuguan (JGN),https://raw.githubusercontent.com/algolia/datasets/master/airports/airports.json
JGS,Jing Gang Shan Airport,Ji An,China,26.8997,114.7375,false,Ji An (JGS),https://raw.githubusercontent.com/algolia/datasets/master/airports/airports.json
JHB,Sultan Ismail,Johor Bahru,Malaysia,1.641308,103.669619,false,Johor Bahru (JHB),https://raw.githubusercontent.com/algolia/datasets/master/airports/airports.json
JHG,Jinghong,Jinghong,China,21.973914,100.759611,false,Jinghong (JHG),https://raw.githubusercontent.com/algolia/datasets/master/airports/airports.json
JHM,Kapalua,Lahania-kapalua,United States,20.962936,-156.673031,false,Lahania-kapalua (JHM),https://raw.githubusercontent.com/algolia/datasets/master/airports/airports.json
JHS,Sisimiut Airport,Sisimiut,Greenland,66.9513,-53.7293,false,Sisimiut (JHS),https://raw.githubusercontent.com/algolia/datasets/master/airports/airports.json
JHW,Chautauqua County-Jamestown,Jamestown,United States,42.153333,-79.258056,false,Jamestown (JHW),https://raw.githubusercontent.com/algolia/datasets/master/airports/airports.json
JIB,Ambouli International Airport,Djibouti,Djibouti,11.5472,43.1594,true,Djibouti (JIB),https://raw.githubusercontent.com/algolia/datasets/master/airports/airports.json
JIJ,Jijiga Airport,Jijiga,Ethiopia,9.359722,42.7875,false,Jijiga (JIJ),https://raw.githubusercontent.com/algolia/datasets/master/airports/airports.json
JIK,Ikaria,Ikaria,Greece,37.682717,26.347061,false,Ikaria (JIK),https://raw.githubusercontent.com/algolia/datasets/master/airports/airports.json
JIM,Jimma,Jimma,Ethiopia,7.666094,36.816639,false,Jimma (JIM),https://raw.githubusercontent.com/algolia/datasets/master/airports/airports.json
JIQ,Zhoubai,Qianjiang,China,29.515,108.83,false,Qianjiang (JIQ),https://raw.githubusercontent.com/algolia/datasets/master/airports/airports.json
JIU,Jiujiang Lushan Airport,Jiujiang,China,29.733,115.983,false,Jiujiang (JIU),https://raw.githubusercontent.com/algolia/datasets/master/airports/airports.json
JJN,Quanzhou Airport,Quanzhou,China,24.7964,118.59,false,Quanzhou (JJN),https://raw.githubusercontent.com/algolia/datasets/master/airports/airports.json
JJU,Qaqortoq Heliport,Qaqortoq,Greenland,60.7158,-46.0294,false,Qaqortoq (JJU),https://raw.githubusercontent.com/algolia/datasets/master/airports/airports.json
JKG,Jonkoping,Joenkoeping,Sweden,57.757594,14.068731,false,Joenkoeping (JKG),https://raw.githubusercontent.com/algolia/datasets/master/airports/airports.json
JKH,Chios,Chios,Greece,38.343175,26.140572,false,Chios (JKH),https://raw.githubusercontent.com/algolia/datasets/master/airports/airports.json
JKL,Kalymnos Island,Kalymnos,Greece,36.963333,26.940556,false,Kalymnos (JKL),https://raw.githubusercontent.com/algolia/datasets/master/airports/airports.json
JLN,Joplin Rgnl,Joplin,United States,37.151814,-94.498269,false,Joplin (JLN),https://raw.githubusercontent.com/algolia/datasets/master/airports/airports.json
JLR,Jabalpur,Jabalpur,India,23.177817,80.052047,false,Jabalpur (JLR),https://raw.githubusercontent.com/algolia/datasets/master/airports/airports.json
JMK,Mikonos,Mykonos,Greece,37.435128,25.348103,false,Mykonos (JMK),https://raw.githubusercontent.com/algolia/datasets/master/airports/airports.json
JMU,Jiamusi Airport,Jiamusi,China,46.843394,130.465389,false,Jiamusi (JMU),https://raw.githubusercontent.com/algolia/datasets/master/airports/airports.json
JNB,Johannesburg Intl,Johannesburg,South Africa,-26.139166,28.246,true,Johannesburg (JNB),https://raw.githubusercontent.com/algolia/datasets/master/airports/airports.json
JNG,Jining Airport,Jining,China,35.417,116.533,false,Jining (JNG),https://raw.githubusercontent.com/algolia/datasets/master/airports/airports.json
JNN,Nanortalik Heliport,Nanortalik,Greenland,60.14,-45.2317,false,Nanortalik (JNN),https://raw.githubusercontent.com/algolia/datasets/master/airports/airports.json
JNS,Narsaq Heliport,Narsaq,Greenland,60.9167,-46.0586,false,Narsaq (JNS),https://raw.githubusercontent.com/algolia/datasets/master/airports/airports.json
JNU,Juneau Intl,Juneau,United States,58.354972,-134.576278,true,Juneau (JNU),https://raw.githubusercontent.com/algolia/datasets/master/airports/airports.json
JNX,Naxos,Cyclades Islands,Greece,37.080556,25.368056,false,Cyclades Islands (JNX),https://raw.githubusercontent.com/algolia/datasets/master/airports/airports.json
JNZ,Jinzhou Airport,Jinzhou,China,41.1014,121.062,false,Jinzhou (JNZ),https://raw.githubusercontent.com/algolia/datasets/master/airports/airports.json
JOE,Joensuu,Joensuu,Finland,62.662906,29.60755,false,Joensuu (JOE),https://raw.githubusercontent.com/algolia/datasets/master/airports/airports.json
JOG,Adi Sutjipto,Yogyakarta,Indonesia,-7.788181,110.431758,false,Yogyakarta (JOG),https://raw.githubusercontent.com/algolia/datasets/master/airports/airports.json
JOI,Lauro Carneiro De Loyola,Joinville,Brazil,-26.224453,-48.797364,false,Joinville (JOI),https://raw.githubusercontent.com/algolia/datasets/master/airports/airports.json
JOL,Jolo Airport,Jolo,Philippines,6.05367,121.011,false,Jolo (JOL),https://raw.githubusercontent.com/algolia/datasets/master/airports/airports.json
JOS,Yakubu Gowon,Jos,Nigeria,9.639828,8.86905,false,Jos (JOS),https://raw.githubusercontent.com/algolia/datasets/master/airports/airports.json
JPA,Presidente Castro Pinto,Joao Pessoa,Brazil,-7.148381,-34.950681,false,Joao Pessoa (JPA),https://raw.githubusercontent.com/algolia/datasets/master/airports/airports.json
JPR,Ji-Paraná Airport,Ji-Paraná,Brazil,-10.8708,-61.8465,false,Ji-Paraná (JPR),https://raw.githubusercontent.com/algolia/datasets/master/airports/airports.json
JQA,Qaarsut Airport,Uummannaq,Greenland,70.7342,-52.6962,false,Uummannaq (JQA),https://raw.githubusercontent.com/algolia/datasets/master/airports/airports.json
JQE,Jaqué Airport,Jaqué,Panama,7.51778,-78.1572,false,Jaqué (JQE),https://raw.githubusercontent.com/algolia/datasets/master/airports/airports.json
JRO,Kilimanjaro Intl,Kilimanjaro,Tanzania,-3.429406,37.074461,true,Kilimanjaro (JRO),https://raw.githubusercontent.com/algolia/datasets/master/airports/airports.json
JSH,Sitia,Sitia,Greece,35.216108,26.101325,false,Sitia (JSH),https://raw.githubusercontent.com/algolia/datasets/master/airports/airports.json
JSI,Alexandros Papadiamantis,Skiathos,Greece,39.1771,23.503675,false,Skiathos (JSI),https://raw.githubusercontent.com/algolia/datasets/master/airports/airports.json
JSR,Jessore,Jessore,Bangladesh,23.1838,89.160833,false,Jessore (JSR),https://raw.githubusercontent.com/algolia/datasets/master/airports/airports.json
JST,John Murtha Johnstown-Cambria County Airport,Johnstown,United States,40.316111,-78.833889,false,Johnstown (JST),https://raw.githubusercontent.com/algolia/datasets/master/airports/airports.json
JSU,Maniitsoq Airport,Maniitsoq,Greenland,65.4125,-52.9394,false,Maniitsoq (JSU),https://raw.githubusercontent.com/algolia/datasets/master/airports/airports.json
JSY,Syros Airport,Syros Island,Greece,37.422792,24.950936,false,Syros Island (JSY),https://raw.githubusercontent.com/algolia/datasets/master/airports/airports.json
JTC,Bauru-Arealva,Bauru,Brazil,-22.157778,-49.068333,false,Bauru (JTC),https://raw.githubusercontent.com/algolia/datasets/master/airports/airports.json
JTR,Santorini,Thira,Greece,36.399169,25.479333,false,Thira (JTR),https://raw.githubusercontent.com/algolia/datasets/master/airports/airports.json
JTY,Astypalaia,Astypalaia,Greece,36.579886,26.375822,false,Astypalaia (JTY),https://raw.githubusercontent.com/algolia/datasets/master/airports/airports.json
JUB,Juba,Juba,South Sudan,4.872006,31.601117,false,Juba (JUB),https://raw.githubusercontent.com/algolia/datasets/master/airports/airports.json
JUJ,Jujuy,Jujuy,Argentina,-24.392778,-65.097778,false,Jujuy (JUJ),https://raw.githubusercontent.com/algolia/datasets/master/airports/airports.json
JUL,Juliaca,Juliaca,Peru,-15.467103,-70.158169,false,Juliaca (JUL),https://raw.githubusercontent.com/algolia/datasets/master/airports/airports.json
JUV,Upernavik Airport,Upernavik,Greenland,72.7902,-56.1306,false,Upernavik (JUV),https://raw.githubusercontent.com/algolia/datasets/master/airports/airports.json
JUZ,Quzhou Airport,Quzhou,China,28.9658,118.899,false,Quzhou (JUZ),https://raw.githubusercontent.com/algolia/datasets/master/airports/airports.json
JXA,Jixi Airport,Jixi,China,45.30611,130.99667,false,Jixi (JXA),https://raw.githubusercontent.com/algolia/datasets/master/airports/airports.json
JYV,Jyvaskyla,Jyvaskyla,Finland,62.399453,25.678253,false,Jyvaskyla (JYV),https://raw.githubusercontent.com/algolia/datasets/master/airports/airports.json
JZH,Jiuzhaigou Huanglong,Jiuzhaigou,China,32.857,103.683,false,Jiuzhaigou (JZH),https://raw.githubusercontent.com/algolia/datasets/master/airports/airports.json
KAD,Kaduna,Kaduna,Nigeria,10.696025,7.320114,false,Kaduna (KAD),https://raw.githubusercontent.com/algolia/datasets/master/airports/airports.json
KAE,Kake Seaplane Base,Kake,United States,56.973056,-133.945556,false,Kake (KAE),https://raw.githubusercontent.com/algolia/datasets/master/airports/airports.json
KAJ,Kajaani,Kajaani,Finland,64.285472,27.692414,false,Kajaani (KAJ),https://raw.githubusercontent.com/algolia/datasets/master/airports/airports.json
KAL,Kaltag Airport,Kaltag,United States,64.3191,-158.741,false,Kaltag (KAL),https://raw.githubusercontent.com/algolia/datasets/master/airports/airports.json
KAN,Mallam Aminu Intl,Kano,Nigeria,12.047589,8.524622,true,Kano (KAN),https://raw.githubusercontent.com/algolia/datasets/master/airports/airports.json
KAO,Kuusamo,Kuusamo,Finland,65.987575,29.239381,false,Kuusamo (KAO),https://raw.githubusercontent.com/algolia/datasets/master/airports/airports.json
KAT,Kaitaia,Kaitaia,New Zealand,-35.07,173.285278,false,Kaitaia (KAT),https://raw.githubusercontent.com/algolia/datasets/master/airports/airports.json
KAW,Kawthoung Airport,Kawthoung,Burma,10.049258,98.538006,false,Kawthoung (KAW),https://raw.githubusercontent.com/algolia/datasets/master/airports/airports.json
KBC,Birch Creek Airport,Brich Creek,United States,66.256708,-145.815319,false,Brich Creek (KBC),https://raw.githubusercontent.com/algolia/datasets/master/airports/airports.json
KBL,Kabul Intl,Kabul,Afghanistan,34.565853,69.212328,true,Kabul (KBL),https://raw.githubusercontent.com/algolia/datasets/master/airports/airports.json
KBP,Boryspil Intl,Kiev,Ukraine,50.345,30.894722,true,Kiev (KBP),https://raw.githubusercontent.com/algolia/datasets/master/airports/airports.json
KBR,Sultan Ismail Petra,Kota Bahru,Malaysia,6.16685,102.293014,false,Kota Bahru (KBR),https://raw.githubusercontent.com/algolia/datasets/master/airports/airports.json
KBU,Stagen Airport,Laut Island,Indonesia,-3.29472,116.165,false,Laut Island (KBU),https://raw.githubusercontent.com/algolia/datasets/master/airports/airports.json
KBV,Krabi,Krabi,Thailand,8.095969,98.988764,false,Krabi (KBV),https://raw.githubusercontent.com/algolia/datasets/master/airports/airports.json
KCA,Kuqa Airport,Kuqa,China,41.7181,82.9869,false,Kuqa (KCA),https://raw.githubusercontent.com/algolia/datasets/master/airports/airports.json
KCC,Coffman Cove Seaplane Base,Coffman Cove,United States,56.014722,-132.833889,false,Coffman Cove (KCC),https://raw.githubusercontent.com/algolia/datasets/master/airports/airports.json
KCH,Kuching Intl,Kuching,Malaysia,1.484697,110.346933,true,Kuching (KCH),https://raw.githubusercontent.com/algolia/datasets/master/airports/airports.json
KCL,Chignik Lagoon Airport,Chignik Lagoon,United States,56.311111,-158.534167,false,Chignik Lagoon (KCL),https://raw.githubusercontent.com/algolia/datasets/master/airports/airports.json
KCM,Kahramanmaras Airport,Kahramanmaras,Turkey,37.539,36.9534,false,Kahramanmaras (KCM),https://raw.githubusercontent.com/algolia/datasets/master/airports/airports.json
KCQ,Chignik Lake Airport,Chignik Lake,United States,56.255,-158.775278,false,Chignik Lake (KCQ),https://raw.githubusercontent.com/algolia/datasets/master/airports/airports.json
KCT,Koggala Airport,Koggala,Sri Lanka,5.99368,80.3203,false,Koggala (KCT),https://raw.githubusercontent.com/algolia/datasets/master/airports/airports.json
KCZ,Kochi,Kochi,Japan,33.546111,133.669444,false,Kochi (KCZ),https://raw.githubusercontent.com/algolia/datasets/master/airports/airports.json
KDH,Kandahar,Kandahar,Afghanistan,31.505756,65.847822,false,Kandahar (KDH),https://raw.githubusercontent.com/algolia/datasets/master/airports/airports.json
KDI,Wolter Monginsidi,Kendari,Indonesia,-4.081608,122.418231,false,Kendari (KDI),https://raw.githubusercontent.com/algolia/datasets/master/airports/airports.json
KDM,Kaadedhdhoo,Kaadedhdhoo,Maldives,0.4880555,72.995556,false,Kaadedhdhoo (KDM),https://raw.githubusercontent.com/algolia/datasets/master/airports/airports.json
KDO,Kadhdhoo Airport,Laamu Atoll,Maldives,1.85917,73.5219,false,Laamu Atoll (KDO),https://raw.githubusercontent.com/algolia/datasets/master/airports/airports.json
KDU,Skardu Airport,Skardu,Pakistan,35.335508,75.536047,false,Skardu (KDU),https://raw.githubusercontent.com/algolia/datasets/master/airports/airports.json
KDV,Vunisea Airport,Vunisea,Fiji,-19.0581,178.157,false,Vunisea (KDV),https://raw.githubusercontent.com/algolia/datasets/master/airports/airports.json
KEF,Keflavik International Airport,Keflavik,Iceland,63.985,-22.605556,true,Keflavik (KEF),https://raw.githubusercontent.com/algolia/datasets/master/airports/airports.json
KEJ,Kemerovo,Kemorovo,Russia,55.270094,86.107208,false,Kemorovo (KEJ),https://raw.githubusercontent.com/algolia/datasets/master/airports/airports.json
KEM,Kemi Tornio,Kemi,Finland,65.781889,24.5991,false,Kemi (KEM),https://raw.githubusercontent.com/algolia/datasets/master/airports/airports.json
KEP,Nepalgunj Airport,Nepalgunj,Nepal,28.103633,81.667006,false,Nepalgunj (KEP),https://raw.githubusercontent.com/algolia/datasets/master/airports/airports.json
KER,Kerman,Kerman,Iran,30.274444,56.951111,false,Kerman (KER),https://raw.githubusercontent.com/algolia/datasets/master/airports/airports.json
KET,Kengtung,Kengtung,Burma,21.301611,99.635997,false,Kengtung (KET),https://raw.githubusercontent.com/algolia/datasets/master/airports/airports.json
KEW,Keewaywin,Keewaywin,Canada,52.991111,-92.836389,false,Keewaywin (KEW),https://raw.githubusercontent.com/algolia/datasets/master/airports/airports.json
KFP,False Pass Airport,False Pass,United States,54.8475,-163.410278,false,False Pass (KFP),https://raw.githubusercontent.com/algolia/datasets/master/airports/airports.json
KFS,Uzunyazi,Kastamonu,Turkey,41.316944,33.796111,false,Kastamonu (KFS),https://raw.githubusercontent.com/algolia/datasets/master/airports/airports.json
KGA,Kananga,Kananga,Congo (Kinshasa),-5.900055,22.469166,false,Kananga (KGA),https://raw.githubusercontent.com/algolia/datasets/master/airports/airports.json
KGC,Kingscote Airport,Kingscote,Australia,-35.713889,137.521389,false,Kingscote (KGC),https://raw.githubusercontent.com/algolia/datasets/master/airports/airports.json
KGD,Khrabrovo,Kaliningrad,Russia,54.89005,20.592633,false,Kaliningrad (KGD),https://raw.githubusercontent.com/algolia/datasets/master/airports/airports.json
KGE,Kagau Island Airport,Kagau Island,Solomon Islands,-7.333,157.583,false,Kagau Island (KGE),https://raw.githubusercontent.com/algolia/datasets/master/airports/airports.json
KGF,Sary-Arka,Karaganda,Kazakhstan,49.670833,73.334444,false,Karaganda (KGF),https://raw.githubusercontent.com/algolia/datasets/master/airports/airports.json
KGI,Kalgoorlie Boulder,Kalgoorlie,Australia,-30.789444,121.461667,false,Kalgoorlie (KGI),https://raw.githubusercontent.com/algolia/datasets/master/airports/airports.json
KGL,Kigali Intl,Kigali,Rwanda,-1.968628,30.13945,true,Kigali (KGL),https://raw.githubusercontent.com/algolia/datasets/master/airports/airports.json
KGP,Kogalym International,Kogalym,Russia,62.18,74.53,true,Kogalym (KGP),https://raw.githubusercontent.com/algolia/datasets/master/airports/airports.json
KGS,Kos,Kos,Greece,36.793335,27.091667,false,Kos (KGS),https://raw.githubusercontent.com/algolia/datasets/master/airports/airports.json
KGT,Kangding Airport,Kangding,China,30.1575,101.734722,false,Kangding (KGT),https://raw.githubusercontent.com/algolia/datasets/master/airports/airports.json
KGX,Grayling Airport,Grayling,United States,62.894444,-160.065,false,Grayling (KGX),https://raw.githubusercontent.com/algolia/datasets/master/airports/airports.json
KHD,Khoram Abad Airport,Khorram Abad,Iran,33.435378,48.282889,false,Khorram Abad (KHD),https://raw.githubusercontent.com/algolia/datasets/master/airports/airports.json
KHG,Kashi,Kashi,China,39.542922,76.019956,false,Kashi (KHG),https://raw.githubusercontent.com/algolia/datasets/master/airports/airports.json
KHH,Kaohsiung Intl,Kaohsiung,Taiwan,22.577094,120.350006,true,Kaohsiung (KHH),https://raw.githubusercontent.com/algolia/datasets/master/airports/airports.json
KHI,Jinnah Intl,Karachi,Pakistan,24.906547,67.160797,true,Karachi (KHI),https://raw.githubusercontent.com/algolia/datasets/master/airports/airports.json
KHN,Changbei Intl,Nanchang,China,28.865,115.9,true,Nanchang (KHN),https://raw.githubusercontent.com/algolia/datasets/master/airports/airports.json
KHS,Khasab,Khasab,Oman,26.170986,56.240569,false,Khasab (KHS),https://raw.githubusercontent.com/algolia/datasets/master/airports/airports.json
KHV,Novy,Khabarovsk,Russia,48.528044,135.188361,false,Khabarovsk (KHV),https://raw.githubusercontent.com/algolia/datasets/master/airports/airports.json
KID,Kristianstad,Kristianstad,Sweden,55.921686,14.085536,false,Kristianstad (KID),https://raw.githubusercontent.com/algolia/datasets/master/airports/airports.json
KIF,Kingfisher Lake Airport,Kingfisher Lake,Canada,53.0125,-89.8553,false,Kingfisher Lake (KIF),https://raw.githubusercontent.com/algolia/datasets/master/airports/airports.json
KIH,Kish Island,Kish Island,Iran,26.526156,53.980211,false,Kish Island (KIH),https://raw.githubusercontent.com/algolia/datasets/master/airports/airports.json
KIJ,Niigata,Niigata,Japan,37.5711,139.0646,false,Niigata (KIJ),https://raw.githubusercontent.com/algolia/datasets/master/airports/airports.json
KIM,Kimberley,Kimberley,South Africa,-28.802834,24.765167,false,Kimberley (KIM),https://raw.githubusercontent.com/algolia/datasets/master/airports/airports.json
KIN,Norman Manley Intl,Kingston,Jamaica,17.935667,-76.7875,true,Kingston (KIN),https://raw.githubusercontent.com/algolia/datasets/master/airports/airports.json
KIR,Kerry,Kerry,Ireland,52.180878,-9.523783,false,Kerry (KIR),https://raw.githubusercontent.com/algolia/datasets/master/airports/airports.json
KIS,Kisumu,Kisumu,Kenya,-0.086139,34.728892,false,Kisumu (KIS),https://raw.githubusercontent.com/algolia/datasets/master/airports/airports.json
KIT,Kithira,Kithira,Greece,36.274258,23.016978,false,Kithira (KIT),https://raw.githubusercontent.com/algolia/datasets/master/airports/airports.json
KIV,Chisinau Intl,Chisinau,Moldova,46.927744,28.930978,true,Chisinau (KIV),https://raw.githubusercontent.com/algolia/datasets/master/airports/airports.json
KIX,Kansai,Osaka,Japan,34.4347222,135.244167,false,Osaka (KIX),https://raw.githubusercontent.com/algolia/datasets/master/airports/airports.json
KJA,Emelyanovo,Krasnoyarsk,Russia,56.18,92.475,false,Krasnoyarsk (KJA),https://raw.githubusercontent.com/algolia/datasets/master/airports/airports.json
KKA,Koyuk Alfred Adams Airport,Koyuk,United States,64.939444,-161.154167,false,Koyuk (KKA),https://raw.githubusercontent.com/algolia/datasets/master/airports/airports.json
KKB,Kitoi Bay Seaplane Base,Kitoi Bay,United States,58.190833,-152.370556,false,Kitoi Bay (KKB),https://raw.githubusercontent.com/algolia/datasets/master/airports/airports.json
KKC,Khon Kaen,Khon Kaen,Thailand,16.466628,102.783661,false,Khon Kaen (KKC),https://raw.githubusercontent.com/algolia/datasets/master/airports/airports.json
KKE,Kerikeri,Kerikeri,New Zealand,-35.262779,173.911944,false,Kerikeri (KKE),https://raw.githubusercontent.com/algolia/datasets/master/airports/airports.json
KKH,Kongiganak Airport,Kongiganak,United States,59.960833,-162.881111,false,Kongiganak (KKH),https://raw.githubusercontent.com/algolia/datasets/master/airports/airports.json
KKJ,New Kitakyushu,Kitakyushu,Japan,33.845942,131.034689,false,Kitakyushu (KKJ),https://raw.githubusercontent.com/algolia/datasets/master/airports/airports.json
KKN,Hoybuktmoen,Kirkenes,Norway,69.725781,29.891295,false,Kirkenes (KKN),https://raw.githubusercontent.com/algolia/datasets/master/airports/airports.json
KKR,Kaukura,Kaukura Atoll,French Polynesia,-15.663333,-146.884769,false,Kaukura Atoll (KKR),https://raw.githubusercontent.com/algolia/datasets/master/airports/airports.json
KLG,Kalskag Airport,Kalskag,United States,61.5363,-160.341,false,Kalskag (KLG),https://raw.githubusercontent.com/algolia/datasets/master/airports/airports.json
KLL,Levelock Airport,Levelock,United States,59.128056,-156.858611,false,Levelock (KLL),https://raw.githubusercontent.com/algolia/datasets/master/airports/airports.json
KLN,Larsen Bay Airport,Larsen Bay,United States,57.535,-153.976667,false,Larsen Bay (KLN),https://raw.githubusercontent.com/algolia/datasets/master/airports/airports.json
KLO,Kalibo,Kalibo,Philippines,11.679431,122.376294,false,Kalibo (KLO),https://raw.githubusercontent.com/algolia/datasets/master/airports/airports.json
KLR,Kalmar,Kalkmar,Sweden,56.685531,16.287578,false,Kalkmar (KLR),https://raw.githubusercontent.com/algolia/datasets/master/airports/airports.json
KLU,Woerthersee International Airport,Klagenfurt,Austria,46.642514,14.337739,true,Klagenfurt (KLU),https://raw.githubusercontent.com/algolia/datasets/master/airports/airports.json
KLV,Karlovy Vary,Karlovy Vary,Czech Republic,50.202978,12.914983,false,Karlovy Vary (KLV),https://raw.githubusercontent.com/algolia/datasets/master/airports/airports.json
KLW,Klawock Airport,Klawock,United States,55.579167,-133.076111,false,Klawock (KLW),https://raw.githubusercontent.com/algolia/datasets/master/airports/airports.json
KLX,Kalamata,Kalamata,Greece,37.068319,22.025525,false,Kalamata (KLX),https://raw.githubusercontent.com/algolia/datasets/master/airports/airports.json
KME,Kamembe,Kamembe,Rwanda,-2.462242,28.90795,false,Kamembe (KME),https://raw.githubusercontent.com/algolia/datasets/master/airports/airports.json
KMG,Wujiaba,Kunming,China,24.992364,102.743536,false,Kunming (KMG),https://raw.githubusercontent.com/algolia/datasets/master/airports/airports.json
KMI,Miyazaki,Miyazaki,Japan,31.877222,131.448611,false,Miyazaki (KMI),https://raw.githubusercontent.com/algolia/datasets/master/airports/airports.json
KMJ,Kumamoto,Kumamoto,Japan,32.837319,130.85505,false,Kumamoto (KMJ),https://raw.githubusercontent.com/algolia/datasets/master/airports/airports.json
KMQ,Komatsu,Kanazawa,Japan,36.394611,136.406544,false,Kanazawa (KMQ),https://raw.githubusercontent.com/algolia/datasets/master/airports/airports.json
KMS,Kumasi Airport,Kumasi,Ghana,6.71456,-1.59082,false,Kumasi (KMS),https://raw.githubusercontent.com/algolia/datasets/master/airports/airports.json
KND,Kindu,Kindu,Congo (Kinshasa),-2.919178,25.915361,false,Kindu (KND),https://raw.githubusercontent.com/algolia/datasets/master/airports/airports.json
KNG,Kaimana,Kaimana,Indonesia,-3.644517,133.695553,false,Kaimana (KNG),https://raw.githubusercontent.com/algolia/datasets/master/airports/airports.json
KNH,Shang Yi,Kinmen,Taiwan,24.427892,118.359197,false,Kinmen (KNH),https://raw.githubusercontent.com/algolia/datasets/master/airports/airports.json
KNQ,Kone,Kone,New Caledonia,-21.053428,164.837806,false,Kone (KNQ),https://raw.githubusercontent.com/algolia/datasets/master/airports/airports.json
KNS,King Island Airport,King Island,Australia,-39.8775,143.878,false,King Island (KNS),https://raw.githubusercontent.com/algolia/datasets/master/airports/airports.json
KNU,Kanpur,Kanpur,India,26.441444,80.364864,false,Kanpur (KNU),https://raw.githubusercontent.com/algolia/datasets/master/airports/airports.json
KNX,Kununurra,Kununurra,Australia,-15.778056,128.7075,false,Kununurra (KNX),https://raw.githubusercontent.com/algolia/datasets/master/airports/airports.json
KOA,Kona Intl At Keahole,Kona,United States,19.738767,-156.045631,true,Kona (KOA),https://raw.githubusercontent.com/algolia/datasets/master/airports/airports.json
KOC,Koumac,Koumac,New Caledonia,-20.546314,164.255625,false,Koumac (KOC),https://raw.githubusercontent.com/algolia/datasets/master/airports/airports.json
KOE,El Tari,Kupang,Indonesia,-10.171583,123.671136,false,Kupang (KOE),https://raw.githubusercontent.com/algolia/datasets/master/airports/airports.json
KOI,Kirkwall,Kirkwall,United Kingdom,58.957778,-2.905,false,Kirkwall (KOI),https://raw.githubusercontent.com/algolia/datasets/master/airports/airports.json
KOJ,Kagoshima,Kagoshima,Japan,31.803397,130.719408,false,Kagoshima (KOJ),https://raw.githubusercontent.com/algolia/datasets/master/airports/airports.json
KOK,Kruunupyy,Kruunupyy,Finland,63.721172,23.143131,false,Kruunupyy (KOK),https://raw.githubusercontent.com/algolia/datasets/master/airports/airports.json
KOP,Nakhon Phanom,Nakhon Phanom,Thailand,17.383794,104.643022,false,Nakhon Phanom (KOP),https://raw.githubusercontent.com/algolia/datasets/master/airports/airports.json
KOS,Sihanoukville,Sihanoukville,Cambodia,10.579686,103.636828,false,Sihanoukville (KOS),https://raw.githubusercontent.com/algolia/datasets/master/airports/airports.json
KOT,Kotlik Airport,Kotlik,United States,63.030556,-163.532778,false,Kotlik (KOT),https://raw.githubusercontent.com/algolia/datasets/master/airports/airports.json
KOV,Kokshetau Airport,Kokshetau,Kazakhstan,53.3291,69.5946,false,Kokshetau (KOV),https://raw.githubusercontent.com/algolia/datasets/master/airports/airports.json
KOW,Ganzhou Airport,Ganzhou,China,25.8258,114.912,false,Ganzhou (KOW),https://raw.githubusercontent.com/algolia/datasets/master/airports/airports.json
KOZ,Ouzinkie Airport,Ouzinkie,United States,57.922876,-152.500511,false,Ouzinkie (KOZ),https://raw.githubusercontent.com/algolia/datasets/master/airports/airports.json
KPB,Point Baker Seaplane Base,Point Baker,United States,56.351944,-133.6225,false,Point Baker (KPB),https://raw.githubusercontent.com/algolia/datasets/master/airports/airports.json
KPN,Kipnuk Airport,Kipnuk,United States,59.933056,-164.030556,false,Kipnuk (KPN),https://raw.githubusercontent.com/algolia/datasets/master/airports/airports.json
KPO,Pohang,Pohang,South Korea,35.987858,129.420486,false,Pohang (KPO),https://raw.githubusercontent.com/algolia/datasets/master/airports/airports.json
KPR,Port Williams Seaplane Base,Port Williams,United States,58.49,-152.582222,false,Port Williams (KPR),https://raw.githubusercontent.com/algolia/datasets/master/airports/airports.json
KPV,Perryville Airport,Perryville,United States,55.906667,-159.160833,false,Perryville (KPV),https://raw.githubusercontent.com/algolia/datasets/master/airports/airports.json
KQA,Akutan Seaplane Base,Akutan,United States,54.1325,-165.785,false,Akutan (KQA),https://raw.githubusercontent.com/algolia/datasets/master/airports/airports.json
KRF,Kramfors Solleftea,Kramfors,Sweden,63.048597,17.768856,false,Kramfors (KRF),https://raw.githubusercontent.com/algolia/datasets/master/airports/airports.json
KRK,Balice,Krakow,Poland,50.077731,19.784836,false,Krakow (KRK),https://raw.githubusercontent.com/algolia/datasets/master/airports/airports.json
KRL,Korla Airport,Korla,China,41.6978,86.1289,false,Korla (KRL),https://raw.githubusercontent.com/algolia/datasets/master/airports/airports.json
KRN,Kiruna,Kiruna,Sweden,67.821986,20.336764,false,Kiruna (KRN),https://raw.githubusercontent.com/algolia/datasets/master/airports/airports.json
KRO,Kurgan Airport,Kurgan,Russia,55.4753,65.4156,false,Kurgan (KRO),https://raw.githubusercontent.com/algolia/datasets/master/airports/airports.json
KRP,Karup,Karup,Denmark,56.297458,9.124628,false,Karup (KRP),https://raw.githubusercontent.com/algolia/datasets/master/airports/airports.json
KRR,Pashkovskiy,Krasnodar,Russia,45.034689,39.170539,false,Krasnodar (KRR),https://raw.githubusercontent.com/algolia/datasets/master/airports/airports.json
KRS,Kjevik,Kristiansand,Norway,58.204214,8.085369,false,Kristiansand (KRS),https://raw.githubusercontent.com/algolia/datasets/master/airports/airports.json
KRT,Khartoum,Khartoum,Sudan,15.589497,32.553161,false,Khartoum (KRT),https://raw.githubusercontent.com/algolia/datasets/master/airports/airports.json
KRY,Karamay Airport,Karamay,China,45.617,84.883,false,Karamay (KRY),https://raw.githubusercontent.com/algolia/datasets/master/airports/airports.json
KSA,Kosrae,Kosrae,Micronesia,5.356975,162.958386,false,Kosrae (KSA),https://raw.githubusercontent.com/algolia/datasets/master/airports/airports.json
KSC,Kosice,Kosice,Slovakia,48.663055,21.241112,false,Kosice (KSC),https://raw.githubusercontent.com/algolia/datasets/master/airports/airports.json
KSD,Karlstad Airport,Karlstad,Sweden,59.4447,13.3374,false,Karlstad (KSD),https://raw.githubusercontent.com/algolia/datasets/master/airports/airports.json
KSF,Kassel Calden,Kassel,Germany,51.408394,9.377631,false,Kassel (KSF),https://raw.githubusercontent.com/algolia/datasets/master/airports/airports.json
KSH,Shahid Ashrafi Esfahani,Bakhtaran,Iran,34.345853,47.158128,false,Bakhtaran (KSH),https://raw.githubusercontent.com/algolia/datasets/master/airports/airports.json
KSJ,Kasos,Kasos,Greece,35.421358,26.910047,false,Kasos (KSJ),https://raw.githubusercontent.com/algolia/datasets/master/airports/airports.json
KSM,St Marys Airport,St Mary's,United States,62.0605,-163.302,false,St Mary's (KSM),https://raw.githubusercontent.com/algolia/datasets/master/airports/airports.json
KSN,Kostanay West Airport,Kostanay,Kazakhstan,53.206944,63.550278,false,Kostanay (KSN),https://raw.githubusercontent.com/algolia/datasets/master/airports/airports.json
KSO,Aristotelis,Kastoria,Greece,40.446294,21.282186,false,Kastoria (KSO),https://raw.githubusercontent.com/algolia/datasets/master/airports/airports.json
KSQ,Karshi Khanabad Airport,Khanabad,Uzbekistan,38.8336,65.9215,false,Khanabad (KSQ),https://raw.githubusercontent.com/algolia/datasets/master/airports/airports.json
KSU,Kvernberget,Kristiansund,Norway,63.111781,7.824522,false,Kristiansund (KSU),https://raw.githubusercontent.com/algolia/datasets/master/airports/airports.json
KSY,Kars Airport,Kars,Turkey,40.562222,43.115002,false,Kars (KSY),https://raw.githubusercontent.com/algolia/datasets/master/airports/airports.json
KTA,Karratha,Karratha,Australia,-20.712222,116.773333,false,Karratha (KTA),https://raw.githubusercontent.com/algolia/datasets/master/airports/airports.json
KTB,Thorne Bay Seaplane Base,Thorne Bay,United States,55.688056,-132.536667,false,Thorne Bay (KTB),https://raw.githubusercontent.com/algolia/datasets/master/airports/airports.json
KTE,Kerteh,Kerteh,Malaysia,4.537222,103.426756,false,Kerteh (KTE),https://raw.githubusercontent.com/algolia/datasets/master/airports/airports.json
KTG,Rahadi Usman,Ketapang,Indonesia,-1.816639,109.963483,false,Ketapang (KTG),https://raw.githubusercontent.com/algolia/datasets/master/airports/airports.json
KTL,Kitale,Kitale,Kenya,0.971989,34.958556,false,Kitale (KTL),https://raw.githubusercontent.com/algolia/datasets/master/airports/airports.json
KTM,Tribhuvan Intl,Kathmandu,Nepal,27.696583,85.3591,true,Kathmandu (KTM),https://raw.githubusercontent.com/algolia/datasets/master/airports/airports.json
KTN,Ketchikan Intl,Ketchikan,United States,55.355556,-131.71375,true,Ketchikan (KTN),https://raw.githubusercontent.com/algolia/datasets/master/airports/airports.json
KTS,Brevig Mission Airport,Brevig Mission,United States,65.331389,-166.465833,false,Brevig Mission (KTS),https://raw.githubusercontent.com/algolia/datasets/master/airports/airports.json
KTT,Kittila,Kittila,Finland,67.701022,24.84685,false,Kittila (KTT),https://raw.githubusercontent.com/algolia/datasets/master/airports/airports.json
KTW,Pyrzowice,Katowice,Poland,50.474253,19.080019,false,Katowice (KTW),https://raw.githubusercontent.com/algolia/datasets/master/airports/airports.json
KUA,Kuantan,Kuantan,Malaysia,3.775389,103.209056,false,Kuantan (KUA),https://raw.githubusercontent.com/algolia/datasets/master/airports/airports.json
KUD,Kudat Airport,Kudat,Malaysia,6.9225,116.836,false,Kudat (KUD),https://raw.githubusercontent.com/algolia/datasets/master/airports/airports.json
KUF,Kurumoch,Samara,Russia,53.5,50.15,false,Samara (KUF),https://raw.githubusercontent.com/algolia/datasets/master/airports/airports.json
KUH,Kushiro Airport,Kushiro,Japan,43.041,144.193,false,Kushiro (KUH),https://raw.githubusercontent.com/algolia/datasets/master/airports/airports.json
KUK,Kasigluk Airport,Kasigluk,United States,60.873333,-162.524444,false,Kasigluk (KUK),https://raw.githubusercontent.com/algolia/datasets/master/airports/airports.json
KUL,Kuala Lumpur Intl,Kuala Lumpur,Malaysia,2.745578,101.709917,true,Kuala Lumpur (KUL),https://raw.githubusercontent.com/algolia/datasets/master/airports/airports.json
KUN,Kaunas Intl,Kaunas,Lithuania,54.963919,24.084778,true,Kaunas (KUN),https://raw.githubusercontent.com/algolia/datasets/master/airports/airports.json
KUO,Kuopio,Kuopio,Finland,63.00715,27.797756,false,Kuopio (KUO),https://raw.githubusercontent.com/algolia/datasets/master/airports/airports.json
KUS,Kulusuk,Kulusuk,Greenland,65.566667,-37.1166667,false,Kulusuk (KUS),https://raw.githubusercontent.com/algolia/datasets/master/airports/airports.json
KUT,Kopitnari,Kutaisi,Georgia,42.176653,42.482583,false,Kutaisi (KUT),https://raw.githubusercontent.com/algolia/datasets/master/airports/airports.json
KUU,Kullu Manali,Kulu,India,31.876706,77.154367,false,Kulu (KUU),https://raw.githubusercontent.com/algolia/datasets/master/airports/airports.json
KUV,Kunsan Air Base,Kunsan,South Korea,35.903756,126.615906,false,Kunsan (KUV),https://raw.githubusercontent.com/algolia/datasets/master/airports/airports.json
KVA,Megas Alexandros Intl,Kavala,Greece,40.913306,24.619223,true,Kavala (KVA),https://raw.githubusercontent.com/algolia/datasets/master/airports/airports.json
KVC,King Cove Airport,King Cove,United States,55.1163,-162.266,false,King Cove (KVC),https://raw.githubusercontent.com/algolia/datasets/master/airports/airports.json
KVD,Ganja Airport,Ganja,Azerbaijan,40.7377,46.3176,false,Ganja (KVD),https://raw.githubusercontent.com/algolia/datasets/master/airports/airports.json
KVG,Kavieng Airport,Kavieng,Papua New Guinea,-2.5794,150.808,false,Kavieng (KVG),https://raw.githubusercontent.com/algolia/datasets/master/airports/airports.json
KVK,Kirovsk-Apatity Airport,Apatity,Russia,67.4633,33.5883,false,Apatity (KVK),https://raw.githubusercontent.com/algolia/datasets/master/airports/airports.json
KVL,Kivalina Airport,Kivalina,United States,67.7362,-164.563,false,Kivalina (KVL),https://raw.githubusercontent.com/algolia/datasets/master/airports/airports.json
KVX,Pobedilovo Airport,Kirov,Russia,58.5033,49.3483,false,Kirov (KVX),https://raw.githubusercontent.com/algolia/datasets/master/airports/airports.json
KWA,Bucholz Aaf,Kwajalein,Marshall Islands,8.720122,167.731661,false,Kwajalein (KWA),https://raw.githubusercontent.com/algolia/datasets/master/airports/airports.json
KWE,Longdongbao,Guiyang,China,26.538522,106.800703,false,Guiyang (KWE),https://raw.githubusercontent.com/algolia/datasets/master/airports/airports.json
KWI,Kuwait Intl,Kuwait,Kuwait,29.226567,47.968928,true,Kuwait (KWI),https://raw.githubusercontent.com/algolia/datasets/master/airports/airports.json
KWJ,Gwangju,Kwangju,South Korea,35.126389,126.808889,false,Kwangju (KWJ),https://raw.githubusercontent.com/algolia/datasets/master/airports/airports.json
KWK,Kwigillingok Airport,Kwigillingok,United States,59.876389,-163.168611,false,Kwigillingok (KWK),https://raw.githubusercontent.com/algolia/datasets/master/airports/airports.json
KWL,Liangjiang,Guilin,China,25.218106,110.039197,false,Guilin (KWL),https://raw.githubusercontent.com/algolia/datasets/master/airports/airports.json
KWM,Kowanyama Airport,Kowanyama,Australia,-15.4856,141.751,false,Kowanyama (KWM),https://raw.githubusercontent.com/algolia/datasets/master/airports/airports.json
KWN,Quinhagak Airport,Quinhagak,United States,59.755,-161.845278,false,Quinhagak (KWN),https://raw.githubusercontent.com/algolia/datasets/master/airports/airports.json
KWT,Kwethluk Airport,Kwethluk,United States,60.790278,-161.443611,false,Kwethluk (KWT),https://raw.githubusercontent.com/algolia/datasets/master/airports/airports.json
KYA,Konya,Konya,Turkey,37.979,32.561861,false,Konya (KYA),https://raw.githubusercontent.com/algolia/datasets/master/airports/airports.json
KYK,Karuluk Airport,Karluk,United States,57.566944,-154.450278,false,Karluk (KYK),https://raw.githubusercontent.com/algolia/datasets/master/airports/airports.json
KYP,Kyaukpyu,Kyaukpyu,Burma,19.426447,93.534836,false,Kyaukpyu (KYP),https://raw.githubusercontent.com/algolia/datasets/master/airports/airports.json
KYU,Koyukuk Airport,Koyukuk,United States,64.875833,-157.730556,false,Koyukuk (KYU),https://raw.githubusercontent.com/algolia/datasets/master/airports/airports.json
KYZ,Kyzyl Airport,Kyzyl,Russia,51.6694,94.4006,false,Kyzyl (KYZ),https://raw.githubusercontent.com/algolia/datasets/master/airports/airports.json
KZB,Zachar Bay Seaplane Base,Zachar Bay,United States,57.55,-153.75,false,Zachar Bay (KZB),https://raw.githubusercontent.com/algolia/datasets/master/airports/airports.json
KZI,Filippos,Kozani,Greece,40.28611,21.840834,false,Kozani (KZI),https://raw.githubusercontent.com/algolia/datasets/master/airports/airports.json
KZN,Kazan,Kazan,Russia,55.606186,49.278728,false,Kazan (KZN),https://raw.githubusercontent.com/algolia/datasets/master/airports/airports.json
KZO,Kzyl-Orda,Kzyl-Orda,Kazakhstan,44.709,65.591,false,Kzyl-Orda (KZO),https://raw.githubusercontent.com/algolia/datasets/master/airports/airports.json
KZR,Zafer,Kutahya,Turkey,39.111389,30.13,false,Kutahya (KZR),https://raw.githubusercontent.com/algolia/datasets/master/airports/airports.json
KZS,Kastelorizo,Kastelorizo,Greece,36.127777,29.566656,false,Kastelorizo (KZS),https://raw.githubusercontent.com/algolia/datasets/master/airports/airports.json
LAD,Luanda 4 De Fevereiro,Luanda,Angola,-8.858375,13.231178,false,Luanda (LAD),https://raw.githubusercontent.com/algolia/datasets/master/airports/airports.json
LAE,Nadzab,Nadzab,Papua New Guinea,-6.569828,146.726242,false,Nadzab (LAE),https://raw.githubusercontent.com/algolia/datasets/master/airports/airports.json
LAI,Lannion,Lannion,France,48.754378,-3.471656,false,Lannion (LAI),https://raw.githubusercontent.com/algolia/datasets/master/airports/airports.json
LAM,Los Alamos Airport,Los Alamos,United States,35.8798019,-106.2694153,false,Los Alamos (LAM),https://raw.githubusercontent.com/algolia/datasets/master/airports/airports.json
LAN,Capital City,Lansing,United States,42.7787,-84.587357,false,Lansing (LAN),https://raw.githubusercontent.com/algolia/datasets/master/airports/airports.json
LAO,Laoag Intl,Laoag,Philippines,18.178092,120.531522,true,Laoag (LAO),https://raw.githubusercontent.com/algolia/datasets/master/airports/airports.json
LAP,General Manuel Marquez De Leon Intl,La Paz,Mexico,24.072694,-110.362475,true,La Paz (LAP),https://raw.githubusercontent.com/algolia/datasets/master/airports/airports.json
LAQ,La Abraq Airport,Al Bayda',Libya,32.788673,21.964333,false,Al Bayda' (LAQ),https://raw.githubusercontent.com/algolia/datasets/master/airports/airports.json
LAR,Laramie Regional Airport,Laramie,United States,41.3121,-105.675,false,Laramie (LAR),https://raw.githubusercontent.com/algolia/datasets/master/airports/airports.json
LAS,Mc Carran Intl,Las Vegas,United States,36.080056,-115.15225,true,Las Vegas (LAS),https://raw.githubusercontent.com/algolia/datasets/master/airports/airports.json
LAU,Lamu Manda,Lamu,Kenya,-2.252417,40.913097,false,Lamu (LAU),https://raw.githubusercontent.com/algolia/datasets/master/airports/airports.json
LAW,Lawton-Fort Sill Regional Airport,Lawton,United States,34.5677144,-98.4166367,false,Lawton (LAW),https://raw.githubusercontent.com/algolia/datasets/master/airports/airports.json
LAX,Los Angeles Intl,Los Angeles,United States,33.942536,-118.408075,true,Los Angeles (LAX),https://raw.githubusercontent.com/algolia/datasets/master/airports/airports.json
LAZ,Bom Jesus Da Lapa,Bom Jesus Da Lapa,Brazil,-13.262086,-43.408114,false,Bom Jesus Da Lapa (LAZ),https://raw.githubusercontent.com/algolia/datasets/master/airports/airports.json
LBA,Leeds Bradford,Leeds,United Kingdom,53.865897,-1.660569,false,Leeds (LBA),https://raw.githubusercontent.com/algolia/datasets/master/airports/airports.json
LBB,Lubbock Preston Smith Intl,Lubbock,United States,33.663639,-101.822778,true,Lubbock (LBB),https://raw.githubusercontent.com/algolia/datasets/master/airports/airports.json
LBC,Lubeck Blankensee,Luebeck,Germany,53.805367,10.719222,false,Luebeck (LBC),https://raw.githubusercontent.com/algolia/datasets/master/airports/airports.json
LBD,Khudzhand Airport,Khudzhand,Tajikistan,40.2154,69.6947,false,Khudzhand (LBD),https://raw.githubusercontent.com/algolia/datasets/master/airports/airports.json
LBE,Arnold Palmer Regional Airport,Latrobe,United States,40.2759,-79.4048,false,Latrobe (LBE),https://raw.githubusercontent.com/algolia/datasets/master/airports/airports.json
LBF,North Platte Regional Airport Lee Bird Field,North Platte,United States,41.1262,-100.684,false,North Platte (LBF),https://raw.githubusercontent.com/algolia/datasets/master/airports/airports.json
LBJ,Mutiara Ii,Labuhan Bajo,Indonesia,-8.486656,119.88905,false,Labuhan Bajo (LBJ),https://raw.githubusercontent.com/algolia/datasets/master/airports/airports.json
LBL,Liberal Muni,Liberal,United States,37.044222,-100.95986,false,Liberal (LBL),https://raw.githubusercontent.com/algolia/datasets/master/airports/airports.json
LBP,Long Banga Airport,Long Banga,Malaysia,3.18495,115.454,false,Long Banga (LBP),https://raw.githubusercontent.com/algolia/datasets/master/airports/airports.json
LBS,Labasa Airport,Lambasa,Fiji,-16.466749,179.33986,false,Lambasa (LBS),https://raw.githubusercontent.com/algolia/datasets/master/airports/airports.json
LBU,Labuan,Labuan,Malaysia,5.300683,115.250181,false,Labuan (LBU),https://raw.githubusercontent.com/algolia/datasets/master/airports/airports.json
LBV,Leon M Ba,Libreville,Gabon,0.4586,9.412283,false,Libreville (LBV),https://raw.githubusercontent.com/algolia/datasets/master/airports/airports.json
LCA,Larnaca,Larnaca,Cyprus,34.875117,33.62485,false,Larnaca (LCA),https://raw.githubusercontent.com/algolia/datasets/master/airports/airports.json
LCE,Goloson Intl,La Ceiba,Honduras,15.742481,-86.853036,true,La Ceiba (LCE),https://raw.githubusercontent.com/algolia/datasets/master/airports/airports.json
LCG,A Coruna,La Coruna,Spain,43.302061,-8.377256,false,La Coruna (LCG),https://raw.githubusercontent.com/algolia/datasets/master/airports/airports.json
LCH,Lake Charles Rgnl,Lake Charles,United States,30.126112,-93.223335,false,Lake Charles (LCH),https://raw.githubusercontent.com/algolia/datasets/master/airports/airports.json
LCK,Rickenbacker Intl,Columbus,United States,39.813786,-82.927822,true,Columbus (LCK),https://raw.githubusercontent.com/algolia/datasets/master/airports/airports.json
LCR,La Chorrera Airport,La Chorrera,Colombia,-0.733333,-73.016667,false,La Chorrera (LCR),https://raw.githubusercontent.com/algolia/datasets/master/airports/airports.json
LCX,Longyan Airport,Longyan,China,25.674167,116.746389,false,Longyan (LCX),https://raw.githubusercontent.com/algolia/datasets/master/airports/airports.json
LCY,City,London,United Kingdom,51.505278,0.055278,false,London (LCY),https://raw.githubusercontent.com/algolia/datasets/master/airports/airports.json
LDB,Londrina,Londrina,Brazil,-23.333625,-51.130072,false,Londrina (LDB),https://raw.githubusercontent.com/algolia/datasets/master/airports/airports.json
LDE,Lourdes,Tarbes,France,43.178675,-0.006439,false,Tarbes (LDE),https://raw.githubusercontent.com/algolia/datasets/master/airports/airports.json
LDH,Lord Howe Island Airport,Lord Howe Island,Australia,-31.5383,159.077,false,Lord Howe Island (LDH),https://raw.githubusercontent.com/algolia/datasets/master/airports/airports.json
LDU,Lahad Datu,Lahad Datu,Malaysia,5.032247,118.324036,false,Lahad Datu (LDU),https://raw.githubusercontent.com/algolia/datasets/master/airports/airports.json
LDY,City of Derry,Londonderry,United Kingdom,55.042778,-7.161111,false,Londonderry (LDY),https://raw.githubusercontent.com/algolia/datasets/master/airports/airports.json
LEA,Learmonth,Learmonth,Australia,-22.235556,114.088611,false,Learmonth (LEA),https://raw.githubusercontent.com/algolia/datasets/master/airports/airports.json
LEB,Lebanon Municipal Airport,Lebanon,United States,43.6261,-72.3042,false,Lebanon (LEB),https://raw.githubusercontent.com/algolia/datasets/master/airports/airports.json
LEC,Chapada Diamantina Airport,Lençóis,Brazil,-12.4823,-41.277,false,Lençóis (LEC),https://raw.githubusercontent.com/algolia/datasets/master/airports/airports.json
LED,Pulkovo,St. Petersburg,Russia,59.800292,30.262503,false,St. Petersburg (LED),https://raw.githubusercontent.com/algolia/datasets/master/airports/airports.json
LEH,Octeville,Le Havre,France,49.533889,0.088056,false,Le Havre (LEH),https://raw.githubusercontent.com/algolia/datasets/master/airports/airports.json
LEI,Almeria,Almeria,Spain,36.843936,-2.370097,false,Almeria (LEI),https://raw.githubusercontent.com/algolia/datasets/master/airports/airports.json
LEJ,Leipzig Halle,Leipzig,Germany,51.432447,12.241633,false,Leipzig (LEJ),https://raw.githubusercontent.com/algolia/datasets/master/airports/airports.json
LEN,Leon Airport,Leon,Spain,42.589,-5.655556,false,Leon (LEN),https://raw.githubusercontent.com/algolia/datasets/master/airports/airports.json
LEQ,Land's End / St. Just Airport,Land's End,United Kingdom,50.1028,-5.67056,false,Land's End (LEQ),https://raw.githubusercontent.com/algolia/datasets/master/airports/airports.json
LET,Alfredo Vasquez Cobo,Leticia,Colombia,-4.193549,-69.943163,false,Leticia (LET),https://raw.githubusercontent.com/algolia/datasets/master/airports/airports.json
LEX,Blue Grass,Lexington KY,United States,38.0365,-84.605889,false,Lexington KY (LEX),https://raw.githubusercontent.com/algolia/datasets/master/airports/airports.json
LFR,La Fria,La Fria,Venezuela,8.239167,-72.271028,false,La Fria (LFR),https://raw.githubusercontent.com/algolia/datasets/master/airports/airports.json
LFT,Lafayette Rgnl,Lafayette,United States,30.205278,-91.987611,false,Lafayette (LFT),https://raw.githubusercontent.com/algolia/datasets/master/airports/airports.json
LFW,Gnassingbe Eyadema Intl,Lome,Togo,6.165611,1.254511,true,Lome (LFW),https://raw.githubusercontent.com/algolia/datasets/master/airports/airports.json
LGA,La Guardia,New York,United States,40.777245,-73.872608,false,New York (LGA),https://raw.githubusercontent.com/algolia/datasets/master/airports/airports.json
LGB,Long Beach,Long Beach,United States,33.817722,-118.151611,false,Long Beach (LGB),https://raw.githubusercontent.com/algolia/datasets/master/airports/airports.json
LGG,Liege,Liege,Belgium,50.637417,5.443222,false,Liege (LGG),https://raw.githubusercontent.com/algolia/datasets/master/airports/airports.json
LGI,Deadmans Cay,Dead Man's Cay,Bahamas,23.179014,-75.093597,false,Dead Man's Cay (LGI),https://raw.githubusercontent.com/algolia/datasets/master/airports/airports.json
LGK,Langkawi Intl,Pulau,Malaysia,6.329728,99.728667,true,Pulau (LGK),https://raw.githubusercontent.com/algolia/datasets/master/airports/airports.json
LGL,Long Lellang Airport,Long Datih,Malaysia,3.421,115.154,false,Long Datih (LGL),https://raw.githubusercontent.com/algolia/datasets/master/airports/airports.json
LGP,Legazpi,Legazpi,Philippines,13.157064,123.746247,false,Legazpi (LGP),https://raw.githubusercontent.com/algolia/datasets/master/airports/airports.json
LGQ,Nueva Loja Airport,Lago Agrio,Ecuador,0.093056,-76.8675,false,Lago Agrio (LGQ),https://raw.githubusercontent.com/algolia/datasets/master/airports/airports.json
LGW,Gatwick,London,United Kingdom,51.148056,-0.190278,false,London (LGW),https://raw.githubusercontent.com/algolia/datasets/master/airports/airports.json
LHE,Allama Iqbal Intl,Lahore,Pakistan,31.521564,74.403594,true,Lahore (LHE),https://raw.githubusercontent.com/algolia/datasets/master/airports/airports.json
LHR,Heathrow,London,United Kingdom,51.4775,-0.461389,false,London (LHR),https://raw.githubusercontent.com/algolia/datasets/master/airports/airports.json
LHW,Lanzhou Airport,Lanzhou,China,36.117,103.617,false,Lanzhou (LHW),https://raw.githubusercontent.com/algolia/datasets/master/airports/airports.json
LIF,Lifou,Lifou,New Caledonia,-20.7748,167.239864,false,Lifou (LIF),https://raw.githubusercontent.com/algolia/datasets/master/airports/airports.json
LIG,Bellegarde,Limoges,France,45.862778,1.179444,false,Limoges (LIG),https://raw.githubusercontent.com/algolia/datasets/master/airports/airports.json
LIH,Lihue,Lihue,United States,21.975983,-159.338958,false,Lihue (LIH),https://raw.githubusercontent.com/algolia/datasets/master/airports/airports.json
LIL,Lesquin,Lille,France,50.561942,3.089444,false,Lille (LIL),https://raw.githubusercontent.com/algolia/datasets/master/airports/airports.json
LIM,Jorge Chavez Intl,Lima,Peru,-12.021889,-77.114319,true,Lima (LIM),https://raw.githubusercontent.com/algolia/datasets/master/airports/airports.json
LIN,Linate,Milan,Italy,45.445103,9.276739,false,Milan (LIN),https://raw.githubusercontent.com/algolia/datasets/master/airports/airports.json
LIR,Daniel Oduber Quiros Intl,Liberia,Costa Rica,10.593289,-85.544408,true,Liberia (LIR),https://raw.githubusercontent.com/algolia/datasets/master/airports/airports.json
LIS,Lisboa,Lisbon,Portugal,38.781311,-9.135919,false,Lisbon (LIS),https://raw.githubusercontent.com/algolia/datasets/master/airports/airports.json
LIT,Adams Fld,Little Rock,United States,34.729444,-92.224306,false,Little Rock (LIT),https://raw.githubusercontent.com/algolia/datasets/master/airports/airports.json
LJA,Lodja Airport,Lodja,Congo (Kinshasa),-3.417,23.45,false,Lodja (LJA),https://raw.githubusercontent.com/algolia/datasets/master/airports/airports.json
LJG,Lijiang Airport,Lijiang,China,26.883333,100.23333,false,Lijiang (LJG),https://raw.githubusercontent.com/algolia/datasets/master/airports/airports.json
LJU,Ljubljana,Ljubljana,Slovenia,46.223686,14.457611,false,Ljubljana (LJU),https://raw.githubusercontent.com/algolia/datasets/master/airports/airports.json
LKB,Lakeba Island Airport,Lakeba Island,Fiji,-18.1992,-178.817,false,Lakeba Island (LKB),https://raw.githubusercontent.com/algolia/datasets/master/airports/airports.json
LKE,Kenmore Air Harbor Seaplane Base,Seattle,United States,47.629,-122.339,false,Seattle (LKE),https://raw.githubusercontent.com/algolia/datasets/master/airports/airports.json
LKG,Lokichoggio Airport,Lokichoggio,Kenya,4.204117,34.348186,false,Lokichoggio (LKG),https://raw.githubusercontent.com/algolia/datasets/master/airports/airports.json
LKH,Long Akah Airport,Long Akah,Malaysia,3.3,114.783,false,Long Akah (LKH),https://raw.githubusercontent.com/algolia/datasets/master/airports/airports.json
LKL,Banak,Lakselv,Norway,70.068814,24.973489,false,Lakselv (LKL),https://raw.githubusercontent.com/algolia/datasets/master/airports/airports.json
LKN,Leknes Airport,Leknes,Norway,68.1525,13.6094,false,Leknes (LKN),https://raw.githubusercontent.com/algolia/datasets/master/airports/airports.json
LKO,Lucknow,Lucknow,India,26.760594,80.889339,false,Lucknow (LKO),https://raw.githubusercontent.com/algolia/datasets/master/airports/airports.json
LLA,Kallax,Lulea,Sweden,65.543758,22.121989,false,Lulea (LLA),https://raw.githubusercontent.com/algolia/datasets/master/airports/airports.json
LLF,Yongzhou Lingling Airport,Yongzhou,China,26.345556,111.612222,false,Yongzhou (LLF),https://raw.githubusercontent.com/algolia/datasets/master/airports/airports.json
LLI,Lalibella,Lalibella,Ethiopia,11.975014,38.979969,false,Lalibella (LLI),https://raw.githubusercontent.com/algolia/datasets/master/airports/airports.json
LLK,Lankaran International Airport,Lankaran,Azerbaijan,38.746389,48.817778,true,Lankaran (LLK),https://raw.githubusercontent.com/algolia/datasets/master/airports/airports.json
LLU,Alluitsup Paa Heliport,Alluitsup Paa,Greenland,60.4644,-45.5778,false,Alluitsup Paa (LLU),https://raw.githubusercontent.com/algolia/datasets/master/airports/airports.json
LLW,Kamuzu Intl,Lilongwe,Malawi,-13.789378,33.781,true,Lilongwe (LLW),https://raw.githubusercontent.com/algolia/datasets/master/airports/airports.json
LMC,La Macarena,La Macarena,Colombia,2.179167,-73.7875,false,La Macarena (LMC),https://raw.githubusercontent.com/algolia/datasets/master/airports/airports.json
LMM,Valle Del Fuerte Intl,Los Mochis,Mexico,25.685194,-109.080806,true,Los Mochis (LMM),https://raw.githubusercontent.com/algolia/datasets/master/airports/airports.json
LMN,Limbang,Limbang,Malaysia,4.808303,115.010439,false,Limbang (LMN),https://raw.githubusercontent.com/algolia/datasets/master/airports/airports.json
LMP,Lampedusa,Lampedusa,Italy,35.497914,12.618083,false,Lampedusa (LMP),https://raw.githubusercontent.com/algolia/datasets/master/airports/airports.json
LMT,Klamath Falls Airport,Klamath Falls,United States,42.1561,-121.733,false,Klamath Falls (LMT),https://raw.githubusercontent.com/algolia/datasets/master/airports/airports.json
LNB,Lamen Bay Airport,Lamen Bay,Vanuatu,-16.5842,168.159,false,Lamen Bay (LNB),https://raw.githubusercontent.com/algolia/datasets/master/airports/airports.json
LNE,Lonorore Airport,Lonorore,Vanuatu,-15.8656,168.172,false,Lonorore (LNE),https://raw.githubusercontent.com/algolia/datasets/master/airports/airports.json
LNJ,Lincang Airport,Lincang,China,23.738333,100.025,false,Lincang (LNJ),https://raw.githubusercontent.com/algolia/datasets/master/airports/airports.json
LNK,Lincoln,Lincoln,United States,40.850971,-96.75925,false,Lincoln (LNK),https://raw.githubusercontent.com/algolia/datasets/master/airports/airports.json
LNS,Lancaster Airport,Lancaster,United States,40.1217,-76.2961,false,Lancaster (LNS),https://raw.githubusercontent.com/algolia/datasets/master/airports/airports.json
LNV,Londolovit Airport,Londolovit,Papua New Guinea,-3.04361,152.629,false,Londolovit (LNV),https://raw.githubusercontent.com/algolia/datasets/master/airports/airports.json
LNY,Lanai,Lanai,United States,20.785611,-156.951419,false,Lanai (LNY),https://raw.githubusercontent.com/algolia/datasets/master/airports/airports.json
LNZ,Linz,Linz,Austria,48.233219,14.187511,false,Linz (LNZ),https://raw.githubusercontent.com/algolia/datasets/master/airports/airports.json
LOD,Longana Airport,Longana,Vanuatu,-15.3067,167.967,false,Longana (LOD),https://raw.githubusercontent.com/algolia/datasets/master/airports/airports.json
LOE,Loei,Loei,Thailand,17.439133,101.722064,false,Loei (LOE),https://raw.githubusercontent.com/algolia/datasets/master/airports/airports.json
LOH,Camilo Ponce Enriquez Airport,La Toma (Catamayo),Ecuador,-3.99589,-79.3719,false,La Toma (Catamayo) (LOH),https://raw.githubusercontent.com/algolia/datasets/master/airports/airports.json
LOK,Lodwar,Lodwar,Kenya,3.121967,35.608692,false,Lodwar (LOK),https://raw.githubusercontent.com/algolia/datasets/master/airports/airports.json
LOP,Lombok International Airport,Praya,Indonesia,-8.7573222,116.276675,true,Praya (LOP),https://raw.githubusercontent.com/algolia/datasets/master/airports/airports.json
LOS,Murtala Muhammed,Lagos,Nigeria,6.577369,3.321156,false,Lagos (LOS),https://raw.githubusercontent.com/algolia/datasets/master/airports/airports.json
LPA,Gran Canaria,Gran Canaria,Spain,27.931886,-15.386586,false,Gran Canaria (LPA),https://raw.githubusercontent.com/algolia/datasets/master/airports/airports.json
LPB,El Alto Intl,La Paz,Bolivia,-16.513339,-68.192256,true,La Paz (LPB),https://raw.githubusercontent.com/algolia/datasets/master/airports/airports.json
LPD,La Pedrera Airport,La Pedrera,Colombia,-1.33,-69.58,false,La Pedrera (LPD),https://raw.githubusercontent.com/algolia/datasets/master/airports/airports.json
LPI,Saab,Linkoeping,Sweden,58.40615,15.680508,false,Linkoeping (LPI),https://raw.githubusercontent.com/algolia/datasets/master/airports/airports.json
LPL,Liverpool,Liverpool,United Kingdom,53.333611,-2.849722,false,Liverpool (LPL),https://raw.githubusercontent.com/algolia/datasets/master/airports/airports.json
LPM,Lamap Airport,Lamap,Vanuatu,-16.454,167.823,false,Lamap (LPM),https://raw.githubusercontent.com/algolia/datasets/master/airports/airports.json
LPP,Lappeenranta,Lappeenranta,Finland,61.044553,28.144397,false,Lappeenranta (LPP),https://raw.githubusercontent.com/algolia/datasets/master/airports/airports.json
LPQ,Luang Phabang Intl,Luang Prabang,Laos,19.897914,102.160764,true,Luang Prabang (LPQ),https://raw.githubusercontent.com/algolia/datasets/master/airports/airports.json
LPS,Lopez Island Airport,Lopez,United States,48.4839,-122.938,false,Lopez (LPS),https://raw.githubusercontent.com/algolia/datasets/master/airports/airports.json
LPT,Lampang,Lampang,Thailand,18.270933,99.504167,false,Lampang (LPT),https://raw.githubusercontent.com/algolia/datasets/master/airports/airports.json
LPY,Loudes,Le Puy,France,45.080689,3.762889,false,Le Puy (LPY),https://raw.githubusercontent.com/algolia/datasets/master/airports/airports.json
LQM,Caucaya Airport,Puerto Leguízamo,Colombia,-0.18,-74.77,false,Puerto Leguízamo (LQM),https://raw.githubusercontent.com/algolia/datasets/master/airports/airports.json
LRD,Laredo Intl,Laredo,United States,27.54375,-99.461556,true,Laredo (LRD),https://raw.githubusercontent.com/algolia/datasets/master/airports/airports.json
LRE,Longreach Airport,Longreach,Australia,-23.4342,144.28,false,Longreach (LRE),https://raw.githubusercontent.com/algolia/datasets/master/airports/airports.json
LRH,La Rochelle-Ile de Re,La Rochelle,France,46.1792,-1.19528,false,La Rochelle (LRH),https://raw.githubusercontent.com/algolia/datasets/master/airports/airports.json
LRM,Casa De Campo Intl,La Romana,Dominican Republic,18.450711,-68.911833,true,La Romana (LRM),https://raw.githubusercontent.com/algolia/datasets/master/airports/airports.json
LRR,Lar Airport,Lar,Iran,27.674725,54.383278,false,Lar (LRR),https://raw.githubusercontent.com/algolia/datasets/master/airports/airports.json
LRS,Leros,Leros,Greece,37.184903,26.800289,false,Leros (LRS),https://raw.githubusercontent.com/algolia/datasets/master/airports/airports.json
LRT,Lann Bihoue,Lorient,France,47.760555,-3.44,false,Lorient (LRT),https://raw.githubusercontent.com/algolia/datasets/master/airports/airports.json
LSA,Losuia Airport,Losuia,Papua New Guinea,-8.50582,151.081,false,Losuia (LSA),https://raw.githubusercontent.com/algolia/datasets/master/airports/airports.json
LSC,La Florida,La Serena,Chile,-29.916233,-71.199522,false,La Serena (LSC),https://raw.githubusercontent.com/algolia/datasets/master/airports/airports.json
LSE,La Crosse Municipal,La Crosse,United States,43.878986,-91.256711,false,La Crosse (LSE),https://raw.githubusercontent.com/algolia/datasets/master/airports/airports.json
LSI,Sumburgh,Sumburgh,United Kingdom,59.878889,-1.295556,false,Sumburgh (LSI),https://raw.githubusercontent.com/algolia/datasets/master/airports/airports.json
LSP,Josefa Camejo,Paraguana,Venezuela,11.780775,-70.151497,false,Paraguana (LSP),https://raw.githubusercontent.com/algolia/datasets/master/airports/airports.json
LST,Launceston,Launceston,Australia,-41.545278,147.214167,false,Launceston (LST),https://raw.githubusercontent.com/algolia/datasets/master/airports/airports.json
LSY,Lismore Airport,Lismore,Australia,-28.8303,153.26,false,Lismore (LSY),https://raw.githubusercontent.com/algolia/datasets/master/airports/airports.json
LTD,Ghadames East,Ghadames,Libya,30.151695,9.715305,false,Ghadames (LTD),https://raw.githubusercontent.com/algolia/datasets/master/airports/airports.json
LTI,Altai Airport,Altai,Mongolia,46.3764,96.2211,false,Altai (LTI),https://raw.githubusercontent.com/algolia/datasets/master/airports/airports.json
LTN,Luton,London,United Kingdom,51.874722,-0.368333,false,London (LTN),https://raw.githubusercontent.com/algolia/datasets/master/airports/airports.json
LTO,Loreto Intl,Loreto,Mexico,25.989194,-111.348361,true,Loreto (LTO),https://raw.githubusercontent.com/algolia/datasets/master/airports/airports.json
LTX,Cotopaxi International Airport,Latacunga,Ecuador,-0.5425,-78.3657,true,Latacunga (LTX),https://raw.githubusercontent.com/algolia/datasets/master/airports/airports.json
LUD,Luderitz Airport,Luderitz,Namibia,-26.6874,15.2429,false,Luderitz (LUD),https://raw.githubusercontent.com/algolia/datasets/master/airports/airports.json
LUG,Lugano,Lugano,Switzerland,46.004275,8.910578,false,Lugano (LUG),https://raw.githubusercontent.com/algolia/datasets/master/airports/airports.json
LUH,Ludhiana,Ludhiaha,India,30.854681,75.952592,false,Ludhiaha (LUH),https://raw.githubusercontent.com/algolia/datasets/master/airports/airports.json
LUK,Cincinnati Muni Lunken Fld,Cincinnati,United States,39.103333,-84.418611,false,Cincinnati (LUK),https://raw.githubusercontent.com/algolia/datasets/master/airports/airports.json
LUM,Mangshi Airport,Luxi,China,24.4011,98.5317,false,Luxi (LUM),https://raw.githubusercontent.com/algolia/datasets/master/airports/airports.json
LUN,Lusaka Intl,Lusaka,Zambia,-15.330817,28.452628,true,Lusaka (LUN),https://raw.githubusercontent.com/algolia/datasets/master/airports/airports.json
LUO,Luena,Luena,Angola,-11.768086,19.897672,false,Luena (LUO),https://raw.githubusercontent.com/algolia/datasets/master/airports/airports.json
LUQ,San Luis,San Luis,Argentina,-33.273192,-66.356422,false,San Luis (LUQ),https://raw.githubusercontent.com/algolia/datasets/master/airports/airports.json
LUR,Cape Lisburne Lrrs,Cape Lisburne,United States,68.875133,-166.110022,false,Cape Lisburne (LUR),https://raw.githubusercontent.com/algolia/datasets/master/airports/airports.json
LUV,Dumatubun Airport,Langgur-Kei Islands,Indonesia,-5.661619,132.731431,false,Langgur-Kei Islands (LUV),https://raw.githubusercontent.com/algolia/datasets/master/airports/airports.json
LUW,Bubung,Luwuk,Indonesia,-1.038919,122.771906,false,Luwuk (LUW),https://raw.githubusercontent.com/algolia/datasets/master/airports/airports.json
LUX,Luxembourg,Luxemburg,Luxembourg,49.626575,6.211517,false,Luxemburg (LUX),https://raw.githubusercontent.com/algolia/datasets/master/airports/airports.json
LUZ,Lublin,Lublin,Poland,51.239333,22.714083,false,Lublin (LUZ),https://raw.githubusercontent.com/algolia/datasets/master/airports/airports.json
LVI,Livingstone,Livingstone,Zambia,-17.821756,25.822692,false,Livingstone (LVI),https://raw.githubusercontent.com/algolia/datasets/master/airports/airports.json
LWB,Greenbrier Valley Airport,Lewisburg,United States,37.858333,-80.399444,false,Lewisburg (LWB),https://raw.githubusercontent.com/algolia/datasets/master/airports/airports.json
LWN,Gyumri,Gyumri,Armenia,40.750369,43.859342,false,Gyumri (LWN),https://raw.githubusercontent.com/algolia/datasets/master/airports/airports.json
LWO,Lviv Intl,Lvov,Ukraine,49.8125,23.956111,true,Lvov (LWO),https://raw.githubusercontent.com/algolia/datasets/master/airports/airports.json
LWS,Lewiston Nez Perce Co,Lewiston,United States,46.3745,-117.015389,false,Lewiston (LWS),https://raw.githubusercontent.com/algolia/datasets/master/airports/airports.json
LWY,Lawas Airport,Lawas,Malaysia,4.84917,115.408,false,Lawas (LWY),https://raw.githubusercontent.com/algolia/datasets/master/airports/airports.json
LXA,Lhasa-Gonggar,Lhasa,China,29.297778,90.911944,false,Lhasa (LXA),https://raw.githubusercontent.com/algolia/datasets/master/airports/airports.json
LXG,Luang Namtha,Luang Namtha,Laos,20.960556,101.4025,false,Luang Namtha (LXG),https://raw.githubusercontent.com/algolia/datasets/master/airports/airports.json
LXR,Luxor Intl,Luxor,Egypt,25.671028,32.706583,true,Luxor (LXR),https://raw.githubusercontent.com/algolia/datasets/master/airports/airports.json
LXS,Limnos,Limnos,Greece,39.917072,25.236308,false,Limnos (LXS),https://raw.githubusercontent.com/algolia/datasets/master/airports/airports.json
LYA,Luoyang Airport,Luoyang,China,34.41,112.28,false,Luoyang (LYA),https://raw.githubusercontent.com/algolia/datasets/master/airports/airports.json
LYB,Edward Bodden Airfield,Little Cayman,Cayman Islands,19.6591666667,-80.09083333,false,Little Cayman (LYB),https://raw.githubusercontent.com/algolia/datasets/master/airports/airports.json
LYC,Lycksele,Lycksele,Sweden,64.548322,18.716219,false,Lycksele (LYC),https://raw.githubusercontent.com/algolia/datasets/master/airports/airports.json
LYG,Lianyungang Airport,Lianyungang,China,34.55,119.25,false,Lianyungang (LYG),https://raw.githubusercontent.com/algolia/datasets/master/airports/airports.json
LYH,Lynchburg Regional Preston Glenn Field,Lynchburg,United States,37.3267,-79.2004,false,Lynchburg (LYH),https://raw.githubusercontent.com/algolia/datasets/master/airports/airports.json
LYI,Shubuling Airport,Linyi,China,35.0461,118.412,false,Linyi (LYI),https://raw.githubusercontent.com/algolia/datasets/master/airports/airports.json
LYP,Faisalabad Intl,Faisalabad,Pakistan,31.365014,72.994842,true,Faisalabad (LYP),https://raw.githubusercontent.com/algolia/datasets/master/airports/airports.json
LYR,Longyear,Svalbard,Norway,78.246111,15.465556,false,Svalbard (LYR),https://raw.githubusercontent.com/algolia/datasets/master/airports/airports.json
LYS,Saint Exupery,Lyon,France,45.726387,5.090833,false,Lyon (LYS),https://raw.githubusercontent.com/algolia/datasets/master/airports/airports.json
LZC,Lazaro Cardenas,Lazard Cardenas,Mexico,18.001731,-102.220525,false,Lazard Cardenas (LZC),https://raw.githubusercontent.com/algolia/datasets/master/airports/airports.json
LZH,Bailian Airport,Liuzhou,China,24.2075,109.391,false,Liuzhou (LZH),https://raw.githubusercontent.com/algolia/datasets/master/airports/airports.json
LZO,Luzhou Airport,Luzhou,China,28.8522,105.393,false,Luzhou (LZO),https://raw.githubusercontent.com/algolia/datasets/master/airports/airports.json
LZY,Nyingchi Airport,Nyingchi,China,29.3033,94.3353,false,Nyingchi (LZY),https://raw.githubusercontent.com/algolia/datasets/master/airports/airports.json
MAA,Chennai Intl,Madras,India,12.994414,80.180517,true,Madras (MAA),https://raw.githubusercontent.com/algolia/datasets/master/airports/airports.json
MAB,Maraba,Maraba,Brazil,-5.368589,-49.138025,false,Maraba (MAB),https://raw.githubusercontent.com/algolia/datasets/master/airports/airports.json
MAD,Barajas,Madrid,Spain,40.493556,-3.566764,false,Madrid (MAD),https://raw.githubusercontent.com/algolia/datasets/master/airports/airports.json
MAF,Midland Intl,Midland,United States,31.942528,-102.201914,true,Midland (MAF),https://raw.githubusercontent.com/algolia/datasets/master/airports/airports.json
MAG,Madang,Madang,Papua New Guinea,-5.207083,145.7887,false,Madang (MAG),https://raw.githubusercontent.com/algolia/datasets/master/airports/airports.json
MAH,Menorca,Menorca,Spain,39.862597,4.218647,false,Menorca (MAH),https://raw.githubusercontent.com/algolia/datasets/master/airports/airports.json
MAJ,Marshall Islands Intl,Majuro,Marshall Islands,7.064758,171.272022,true,Majuro (MAJ),https://raw.githubusercontent.com/algolia/datasets/master/airports/airports.json
MAM,General Servando Canales Intl,Matamoros,Mexico,25.769894,-97.525311,true,Matamoros (MAM),https://raw.githubusercontent.com/algolia/datasets/master/airports/airports.json
MAN,Manchester,Manchester,United Kingdom,53.353744,-2.27495,false,Manchester (MAN),https://raw.githubusercontent.com/algolia/datasets/master/airports/airports.json
MAO,Eduardo Gomes Intl,Manaus,Brazil,-3.038611,-60.049721,true,Manaus (MAO),https://raw.githubusercontent.com/algolia/datasets/master/airports/airports.json
MAQ,Mae Sot Airport,Tak,Thailand,16.699856,98.545056,false,Tak (MAQ),https://raw.githubusercontent.com/algolia/datasets/master/airports/airports.json
MAR,La Chinita Intl,Maracaibo,Venezuela,10.558208,-71.727856,true,Maracaibo (MAR),https://raw.githubusercontent.com/algolia/datasets/master/airports/airports.json
MAS,Momote Airport,Momote,Papua New Guinea,-2.06189,147.424,false,Momote (MAS),https://raw.githubusercontent.com/algolia/datasets/master/airports/airports.json
MAU,Maupiti,Maupiti,French Polynesia,-16.426486,-152.243669,false,Maupiti (MAU),https://raw.githubusercontent.com/algolia/datasets/master/airports/airports.json
MAZ,Eugenio Maria De Hostos,Mayaguez,Puerto Rico,18.255694,-67.148472,false,Mayaguez (MAZ),https://raw.githubusercontent.com/algolia/datasets/master/airports/airports.json
MBA,Mombasa Moi Intl,Mombasa,Kenya,-4.034833,39.59425,true,Mombasa (MBA),https://raw.githubusercontent.com/algolia/datasets/master/airports/airports.json
MBE,Monbetsu,Monbetsu,Japan,44.303914,143.404028,false,Monbetsu (MBE),https://raw.githubusercontent.com/algolia/datasets/master/airports/airports.json
MBJ,Sangster Intl,Montego Bay,Jamaica,18.503717,-77.913358,true,Montego Bay (MBJ),https://raw.githubusercontent.com/algolia/datasets/master/airports/airports.json
MBL,Manistee County-Blacker Airport,Manistee,United States,44.2725,-86.246944,false,Manistee (MBL),https://raw.githubusercontent.com/algolia/datasets/master/airports/airports.json
MBS,Mbs Intl,Saginaw,United States,43.532913,-84.079647,true,Saginaw (MBS),https://raw.githubusercontent.com/algolia/datasets/master/airports/airports.json
MBT,Masbate Airport,Masbate,Philippines,12.3694,123.629,false,Masbate (MBT),https://raw.githubusercontent.com/algolia/datasets/master/airports/airports.json
MCE,Merced Municipal Airport,Merced,United States,37.284722,-120.513889,false,Merced (MCE),https://raw.githubusercontent.com/algolia/datasets/master/airports/airports.json
MCG,McGrath Airport,Mcgrath,United States,62.9529,-155.606,false,Mcgrath (MCG),https://raw.githubusercontent.com/algolia/datasets/master/airports/airports.json
MCI,Kansas City Intl,Kansas City,United States,39.297606,-94.713905,true,Kansas City (MCI),https://raw.githubusercontent.com/algolia/datasets/master/airports/airports.json
MCK,McCook Regional Airport,McCook,United States,40.206389,-100.592222,false,McCook (MCK),https://raw.githubusercontent.com/algolia/datasets/master/airports/airports.json
MCM,Monaco,Monaco,Monaco,43.73333333,7.41666666,false,Monaco (MCM),https://raw.githubusercontent.com/algolia/datasets/master/airports/airports.json
MCN,Middle Georgia Rgnl,Macon,United States,32.69285,-83.649211,false,Macon (MCN),https://raw.githubusercontent.com/algolia/datasets/master/airports/airports.json
MCO,Orlando Intl,Orlando,United States,28.429394,-81.308994,true,Orlando (MCO),https://raw.githubusercontent.com/algolia/datasets/master/airports/airports.json
MCP,Macapa,Macapa,Brazil,0.050664,-51.072178,false,Macapa (MCP),https://raw.githubusercontent.com/algolia/datasets/master/airports/airports.json
MCT,Seeb Intl,Muscat,Oman,23.593278,58.284444,true,Muscat (MCT),https://raw.githubusercontent.com/algolia/datasets/master/airports/airports.json
MCV,McArthur River Mine Airport,McArthur River Mine,Australia,-16.4425,136.084,false,McArthur River Mine (MCV),https://raw.githubusercontent.com/algolia/datasets/master/airports/airports.json
MCX,Uytash,Makhachkala,Russia,42.816822,47.652294,false,Makhachkala (MCX),https://raw.githubusercontent.com/algolia/datasets/master/airports/airports.json
MCY,Sunshine Coast,Maroochydore,Australia,-26.603333,153.091111,false,Maroochydore (MCY),https://raw.githubusercontent.com/algolia/datasets/master/airports/airports.json
MCZ,Zumbi Dos Palmares,Maceio,Brazil,-9.510808,-35.791678,false,Maceio (MCZ),https://raw.githubusercontent.com/algolia/datasets/master/airports/airports.json
MDC,Sam Ratulangi,Manado,Indonesia,1.549447,124.925878,false,Manado (MDC),https://raw.githubusercontent.com/algolia/datasets/master/airports/airports.json
MDE,Jose Maria Cordova,Rio Negro,Colombia,6.164536,-75.423119,false,Rio Negro (MDE),https://raw.githubusercontent.com/algolia/datasets/master/airports/airports.json
MDG,Mudanjiang,Mudanjiang,China,44.523889,129.568889,false,Mudanjiang (MDG),https://raw.githubusercontent.com/algolia/datasets/master/airports/airports.json
MDK,Mbandaka,Mbandaka,Congo (Kinshasa),0.0226,18.288744,false,Mbandaka (MDK),https://raw.githubusercontent.com/algolia/datasets/master/airports/airports.json
MDL,Mandalay Intl,Mandalay,Burma,21.702156,95.977928,true,Mandalay (MDL),https://raw.githubusercontent.com/algolia/datasets/master/airports/airports.json
MDQ,Mar Del Plata,Mar Del Plata,Argentina,-37.934167,-57.573333,false,Mar Del Plata (MDQ),https://raw.githubusercontent.com/algolia/datasets/master/airports/airports.json
MDT,Harrisburg Intl,Harrisburg,United States,40.193494,-76.763403,true,Harrisburg (MDT),https://raw.githubusercontent.com/algolia/datasets/master/airports/airports.json
MDU,Mendi Airport,Mendi,Papua New Guinea,-6.14774,143.657,false,Mendi (MDU),https://raw.githubusercontent.com/algolia/datasets/master/airports/airports.json
MDW,Chicago Midway Intl,Chicago,United States,41.785972,-87.752417,true,Chicago (MDW),https://raw.githubusercontent.com/algolia/datasets/master/airports/airports.json
MDZ,El Plumerillo,Mendoza,Argentina,-32.831717,-68.792856,false,Mendoza (MDZ),https://raw.githubusercontent.com/algolia/datasets/master/airports/airports.json
MEA,Macaé Airport,Macaé,Brazil,-22.343,-41.766,false,Macaé (MEA),https://raw.githubusercontent.com/algolia/datasets/master/airports/airports.json
MEB,Melbourne Essendon,Melbourne,Australia,-37.728056,144.901944,false,Melbourne (MEB),https://raw.githubusercontent.com/algolia/datasets/master/airports/airports.json
MEC,Eloy Alfaro Intl,Manta,Ecuador,-0.946078,-80.678808,true,Manta (MEC),https://raw.githubusercontent.com/algolia/datasets/master/airports/airports.json
MED,Prince Mohammad Bin Abdulaziz,Madinah,Saudi Arabia,24.553422,39.705061,false,Madinah (MED),https://raw.githubusercontent.com/algolia/datasets/master/airports/airports.json
MEE,Mare,Mare,New Caledonia,-21.481678,168.037508,false,Mare (MEE),https://raw.githubusercontent.com/algolia/datasets/master/airports/airports.json
MEG,Malanje,Malanje,Angola,-9.525086,16.312406,false,Malanje (MEG),https://raw.githubusercontent.com/algolia/datasets/master/airports/airports.json
MEH,Mehamn,Mehamn,Norway,71.029722,27.826667,false,Mehamn (MEH),https://raw.githubusercontent.com/algolia/datasets/master/airports/airports.json
MEI,Key Field,Meridian,United States,32.332624,-88.751868,false,Meridian (MEI),https://raw.githubusercontent.com/algolia/datasets/master/airports/airports.json
MEL,Melbourne Intl,Melbourne,Australia,-37.673333,144.843333,true,Melbourne (MEL),https://raw.githubusercontent.com/algolia/datasets/master/airports/airports.json
MEM,Memphis Intl,Memphis,United States,35.042417,-89.976667,true,Memphis (MEM),https://raw.githubusercontent.com/algolia/datasets/master/airports/airports.json
MEX,Licenciado Benito Juarez Intl,Mexico City,Mexico,19.436303,-99.072097,true,Mexico City (MEX),https://raw.githubusercontent.com/algolia/datasets/master/airports/airports.json
MFE,Mc Allen Miller Intl,Mcallen,United States,26.175833,-98.238611,true,Mcallen (MFE),https://raw.githubusercontent.com/algolia/datasets/master/airports/airports.json
MFM,Macau Intl,Macau,Macau,22.149556,113.591558,true,Macau (MFM),https://raw.githubusercontent.com/algolia/datasets/master/airports/airports.json
MFR,Rogue Valley Intl Medford,Medford,United States,42.374228,-122.8735,true,Medford (MFR),https://raw.githubusercontent.com/algolia/datasets/master/airports/airports.json
MFU,Mfuwe,Mfuwe,Zambia,-13.258878,31.936581,false,Mfuwe (MFU),https://raw.githubusercontent.com/algolia/datasets/master/airports/airports.json
MGA,Managua Intl,Managua,Nicaragua,12.141494,-86.168178,true,Managua (MGA),https://raw.githubusercontent.com/algolia/datasets/master/airports/airports.json
MGB,Mount Gambier Airport,Mount Gambier,Australia,-37.7456,140.785,false,Mount Gambier (MGB),https://raw.githubusercontent.com/algolia/datasets/master/airports/airports.json
MGF,Regional De Maringa Silvio Name Junior,Maringa,Brazil,-23.476392,-52.016406,false,Maringa (MGF),https://raw.githubusercontent.com/algolia/datasets/master/airports/airports.json
MGH,Margate,Margate,South Africa,-30.857408,30.343019,false,Margate (MGH),https://raw.githubusercontent.com/algolia/datasets/master/airports/airports.json
MGM,Montgomery Regional Airport,MONTGOMERY,United States,32.3006389,-86.3939722,false,MONTGOMERY (MGM),https://raw.githubusercontent.com/algolia/datasets/master/airports/airports.json
MGQ,Aden Adde International Airport,Mogadishu,Somalia,2.01444,45.3047,true,Mogadishu (MGQ),https://raw.githubusercontent.com/algolia/datasets/master/airports/airports.json
MGS,Mangaia Island Airport,Mangaia Island,Cook Islands,-21.8956,-157.905,false,Mangaia Island (MGS),https://raw.githubusercontent.com/algolia/datasets/master/airports/airports.json
MGT,Milingimbi Airport,Milingimbi,Australia,-12.0944,134.894,false,Milingimbi (MGT),https://raw.githubusercontent.com/algolia/datasets/master/airports/airports.json
MGW,Morgantown Muni Walter L Bill Hart Fld,Morgantown,United States,39.642908,-79.916314,false,Morgantown (MGW),https://raw.githubusercontent.com/algolia/datasets/master/airports/airports.json
MGZ,Myeik,Myeik,Burma,12.439797,98.621478,false,Myeik (MGZ),https://raw.githubusercontent.com/algolia/datasets/master/airports/airports.json
MHD,Mashhad,Mashhad,Iran,36.234,59.643,false,Mashhad (MHD),https://raw.githubusercontent.com/algolia/datasets/master/airports/airports.json
MHG,Mannheim City,Mannheim,Germany,49.472706,8.514264,false,Mannheim (MHG),https://raw.githubusercontent.com/algolia/datasets/master/airports/airports.json
MHH,Marsh Harbour,Marsh Harbor,Bahamas,26.511406,-77.083472,false,Marsh Harbor (MHH),https://raw.githubusercontent.com/algolia/datasets/master/airports/airports.json
MHK,Manhattan Reigonal,Manhattan,United States,39.140972,-96.670833,false,Manhattan (MHK),https://raw.githubusercontent.com/algolia/datasets/master/airports/airports.json
MHQ,Mariehamn,Mariehamn,Finland,60.122203,19.898156,false,Mariehamn (MHQ),https://raw.githubusercontent.com/algolia/datasets/master/airports/airports.json
MHT,Manchester Regional Airport,Manchester NH,United States,42.932556,-71.435667,false,Manchester NH (MHT),https://raw.githubusercontent.com/algolia/datasets/master/airports/airports.json
MIA,Miami Intl,Miami,United States,25.79325,-80.290556,true,Miami (MIA),https://raw.githubusercontent.com/algolia/datasets/master/airports/airports.json
MID,Licenciado Manuel Crescencio Rejon Int,Merida,Mexico,20.936981,-89.657672,false,Merida (MID),https://raw.githubusercontent.com/algolia/datasets/master/airports/airports.json
MIG,Mianyang Airport,Mianyang,China,31.4281,104.741,false,Mianyang (MIG),https://raw.githubusercontent.com/algolia/datasets/master/airports/airports.json
MII,Marília Airport,Marília,Brazil,-22.196892,-49.9264,false,Marília (MII),https://raw.githubusercontent.com/algolia/datasets/master/airports/airports.json
MIM,Merimbula Airport,Merimbula,Australia,-36.9086,149.901,false,Merimbula (MIM),https://raw.githubusercontent.com/algolia/datasets/master/airports/airports.json
MIR,Habib Bourguiba Intl,Monastir,Tunisia,35.758056,10.754722,true,Monastir (MIR),https://raw.githubusercontent.com/algolia/datasets/master/airports/airports.json
MIS,Misima Island Airport,Misima Island,Papua New Guinea,-10.6892,152.838,false,Misima Island (MIS),https://raw.githubusercontent.com/algolia/datasets/master/airports/airports.json
MJD,Moenjodaro,Moenjodaro,Pakistan,27.335156,68.143053,false,Moenjodaro (MJD),https://raw.githubusercontent.com/algolia/datasets/master/airports/airports.json
MJF,Kjaerstad,Mosjoen,Norway,65.783997,13.214914,false,Mosjoen (MJF),https://raw.githubusercontent.com/algolia/datasets/master/airports/airports.json
MJM,Mbuji Mayi,Mbuji-mayi,Congo (Kinshasa),-6.121236,23.569008,false,Mbuji-mayi (MJM),https://raw.githubusercontent.com/algolia/datasets/master/airports/airports.json
MJN,Philibert Tsiranana,Mahajanga,Madagascar,-15.667144,46.351828,false,Mahajanga (MJN),https://raw.githubusercontent.com/algolia/datasets/master/airports/airports.json
MJT,Mitilini,Mytilini,Greece,39.056667,26.598333,false,Mytilini (MJT),https://raw.githubusercontent.com/algolia/datasets/master/airports/airports.json
MJU,Tampa Padang,Mamuju,Indonesia,-2.583333,119.033333,false,Mamuju (MJU),https://raw.githubusercontent.com/algolia/datasets/master/airports/airports.json
MJV,Murcia San Javier,Murcia,Spain,37.774972,-0.812389,false,Murcia (MJV),https://raw.githubusercontent.com/algolia/datasets/master/airports/airports.json
MJZ,Mirny,Mirnyj,Russia,62.534689,114.038928,false,Mirnyj (MJZ),https://raw.githubusercontent.com/algolia/datasets/master/airports/airports.json
MKE,General Mitchell Intl,Milwaukee,United States,42.947222,-87.896583,true,Milwaukee (MKE),https://raw.githubusercontent.com/algolia/datasets/master/airports/airports.json
MKG,Muskegon County Airport,Muskegon,United States,43.1695,-86.2382,false,Muskegon (MKG),https://raw.githubusercontent.com/algolia/datasets/master/airports/airports.json
MKK,Molokai,Molokai,United States,21.152886,-157.096256,false,Molokai (MKK),https://raw.githubusercontent.com/algolia/datasets/master/airports/airports.json
MKL,Mc Kellar Sipes Rgnl,Jackson,United States,35.599889,-88.915611,false,Jackson (MKL),https://raw.githubusercontent.com/algolia/datasets/master/airports/airports.json
MKM,Mukah Airport,Mukah,Malaysia,2.90639,112.08,false,Mukah (MKM),https://raw.githubusercontent.com/algolia/datasets/master/airports/airports.json
MKP,Makemo,Makemo,French Polynesia,-16.583919,-143.658369,false,Makemo (MKP),https://raw.githubusercontent.com/algolia/datasets/master/airports/airports.json
MKQ,Mopah,Merauke,Indonesia,-8.520294,140.418453,false,Merauke (MKQ),https://raw.githubusercontent.com/algolia/datasets/master/airports/airports.json
MKW,Rendani,Manokwari,Indonesia,-0.891833,134.049183,false,Manokwari (MKW),https://raw.githubusercontent.com/algolia/datasets/master/airports/airports.json
MKY,Mackay,Mackay,Australia,-21.171667,149.179722,false,Mackay (MKY),https://raw.githubusercontent.com/algolia/datasets/master/airports/airports.json
MLA,Luqa,Malta,Malta,35.857497,14.4775,false,Malta (MLA),https://raw.githubusercontent.com/algolia/datasets/master/airports/airports.json
MLB,Melbourne Intl,Melbourne,United States,28.102753,-80.645258,true,Melbourne (MLB),https://raw.githubusercontent.com/algolia/datasets/master/airports/airports.json
MLE,Male Intl,Male,Maldives,4.191833,73.529128,true,Male (MLE),https://raw.githubusercontent.com/algolia/datasets/master/airports/airports.json
MLG,Abdul Rachman Saleh,Malang,Indonesia,-7.926556,112.714514,false,Malang (MLG),https://raw.githubusercontent.com/algolia/datasets/master/airports/airports.json
MLH,Bale Mulhouse,Mulhouse,France,47.589583,7.529914,false,Mulhouse (MLH),https://raw.githubusercontent.com/algolia/datasets/master/airports/airports.json
MLI,Quad City Intl,Moline,United States,41.448528,-90.507539,true,Moline (MLI),https://raw.githubusercontent.com/algolia/datasets/master/airports/airports.json
MLL,Marshall Don Hunter Sr. Airport,Marshall,United States,61.8646418,-162.026111,false,Marshall (MLL),https://raw.githubusercontent.com/algolia/datasets/master/airports/airports.json
MLM,General Francisco J Mujica Intl,Morelia,Mexico,19.849944,-101.0255,true,Morelia (MLM),https://raw.githubusercontent.com/algolia/datasets/master/airports/airports.json
MLN,Melilla,Melilla,Spain,35.279817,-2.956256,false,Melilla (MLN),https://raw.githubusercontent.com/algolia/datasets/master/airports/airports.json
MLO,Milos,Milos,Greece,36.696111,24.4775,false,Milos (MLO),https://raw.githubusercontent.com/algolia/datasets/master/airports/airports.json
MLU,Monroe Rgnl,Monroe,United States,32.510864,-92.037689,false,Monroe (MLU),https://raw.githubusercontent.com/algolia/datasets/master/airports/airports.json
MLW,Monrovia Spriggs Payne,Monrovia,Liberia,6.289061,-10.758722,false,Monrovia (MLW),https://raw.githubusercontent.com/algolia/datasets/master/airports/airports.json
MLX,Erhac,Malatya,Turkey,38.435347,38.091006,false,Malatya (MLX),https://raw.githubusercontent.com/algolia/datasets/master/airports/airports.json
MLY,Manley Hot Springs Airport,Manley Hot Springs,United States,64.9975,-150.644167,false,Manley Hot Springs (MLY),https://raw.githubusercontent.com/algolia/datasets/master/airports/airports.json
MMB,Memanbetsu,Memanbetsu,Japan,43.880606,144.164053,false,Memanbetsu (MMB),https://raw.githubusercontent.com/algolia/datasets/master/airports/airports.json
MME,Durham Tees Valley Airport,Teesside,United Kingdom,54.509189,-1.429406,false,Teesside (MME),https://raw.githubusercontent.com/algolia/datasets/master/airports/airports.json
MMH,Mammoth Yosemite Airport,Mammoth Lakes,United States,37.624049,-118.837772,false,Mammoth Lakes (MMH),https://raw.githubusercontent.com/algolia/datasets/master/airports/airports.json
MMJ,Matsumoto,Matsumoto,Japan,36.166758,137.922669,false,Matsumoto (MMJ),https://raw.githubusercontent.com/algolia/datasets/master/airports/airports.json
MMK,Murmansk,Murmansk,Russia,68.781672,32.750822,false,Murmansk (MMK),https://raw.githubusercontent.com/algolia/datasets/master/airports/airports.json
MMO,Maio,Maio,Cape Verde,15.155928,-23.213703,false,Maio (MMO),https://raw.githubusercontent.com/algolia/datasets/master/airports/airports.json
MMU,Morristown Municipal Airport,Morristown,United States,40.79935,-74.4148747,false,Morristown (MMU),https://raw.githubusercontent.com/algolia/datasets/master/airports/airports.json
MMX,Sturup,Malmoe,Sweden,55.530193,13.371639,false,Malmoe (MMX),https://raw.githubusercontent.com/algolia/datasets/master/airports/airports.json
MMY,Miyako,Miyako,Japan,24.782833,125.295111,false,Miyako (MMY),https://raw.githubusercontent.com/algolia/datasets/master/airports/airports.json
MNG,Maningrida Airport,Maningrida,Australia,-12.0561,134.234,false,Maningrida (MNG),https://raw.githubusercontent.com/algolia/datasets/master/airports/airports.json
MNL,Ninoy Aquino Intl,Manila,Philippines,14.508647,121.019581,true,Manila (MNL),https://raw.githubusercontent.com/algolia/datasets/master/airports/airports.json
MNT,Minto Airport,Minto,United States,65.143611,-149.37,false,Minto (MNT),https://raw.githubusercontent.com/algolia/datasets/master/airports/airports.json
MOB,Mobile Rgnl,Mobile,United States,30.691231,-88.242814,false,Mobile (MOB),https://raw.githubusercontent.com/algolia/datasets/master/airports/airports.json
MOC,Mario Ribeiro,Montes Claros,Brazil,-16.706925,-43.8189,false,Montes Claros (MOC),https://raw.githubusercontent.com/algolia/datasets/master/airports/airports.json
MOD,Modesto City Co Harry Sham,Modesto,United States,37.625817,-120.954422,false,Modesto (MOD),https://raw.githubusercontent.com/algolia/datasets/master/airports/airports.json
MOF,Wai Oti,Maumere,Indonesia,-8.640647,122.236889,false,Maumere (MOF),https://raw.githubusercontent.com/algolia/datasets/master/airports/airports.json
MOI,Mitiaro Island Airport,Mitiaro Island,Cook Islands,-19.8425,-157.703,false,Mitiaro Island (MOI),https://raw.githubusercontent.com/algolia/datasets/master/airports/airports.json
MOL,Aro,Molde,Norway,62.744722,7.2625,false,Molde (MOL),https://raw.githubusercontent.com/algolia/datasets/master/airports/airports.json
MOQ,Morondava,Morondava,Madagascar,-20.28475,44.317614,false,Morondava (MOQ),https://raw.githubusercontent.com/algolia/datasets/master/airports/airports.json
MOT,Minot Intl,Minot,United States,48.259378,-101.280333,true,Minot (MOT),https://raw.githubusercontent.com/algolia/datasets/master/airports/airports.json
MOU,Mountain Village Airport,Mountain Village,United States,62.0954,-163.682,false,Mountain Village (MOU),https://raw.githubusercontent.com/algolia/datasets/master/airports/airports.json
MOV,Moranbah Airport,Moranbah,Australia,-22.0578,148.077,false,Moranbah (MOV),https://raw.githubusercontent.com/algolia/datasets/master/airports/airports.json
MOZ,Moorea,Moorea,French Polynesia,-17.489972,-149.761869,false,Moorea (MOZ),https://raw.githubusercontent.com/algolia/datasets/master/airports/airports.json
MPA,Katima Mulilo Airport,Mpacha,Namibia,-17.6344,24.1767,false,Mpacha (MPA),https://raw.githubusercontent.com/algolia/datasets/master/airports/airports.json
MPH,Godofredo P,Caticlan,Philippines,11.9214999,121.953,false,Caticlan (MPH),https://raw.githubusercontent.com/algolia/datasets/master/airports/airports.json
MPL,Mediterranee,Montpellier,France,43.576194,3.963014,false,Montpellier (MPL),https://raw.githubusercontent.com/algolia/datasets/master/airports/airports.json
MPM,Maputo,Maputo,Mozambique,-25.920836,32.572606,false,Maputo (MPM),https://raw.githubusercontent.com/algolia/datasets/master/airports/airports.json
MPN,Mount Pleasant,Mount Pleasant,Falkland Islands,-51.822777,-58.447222,false,Mount Pleasant (MPN),https://raw.githubusercontent.com/algolia/datasets/master/airports/airports.json
MPP,Mulatupo Airport,Mulatupo,Panama,8.95,-77.75,false,Mulatupo (MPP),https://raw.githubusercontent.com/algolia/datasets/master/airports/airports.json
MQF,Magnitogorsk,Magnetiogorsk,Russia,53.393131,58.755661,false,Magnetiogorsk (MQF),https://raw.githubusercontent.com/algolia/datasets/master/airports/airports.json
MQH,Minacu Airport,Minacu,Brazil,-13.526944,-48.220556,false,Minacu (MQH),https://raw.githubusercontent.com/algolia/datasets/master/airports/airports.json
MQL,Mildura Airport,Mildura,Australia,-34.2292,142.086,false,Mildura (MQL),https://raw.githubusercontent.com/algolia/datasets/master/airports/airports.json
MQM,Mardin Airport,Mardin,Turkey,37.2233,40.6317,false,Mardin (MQM),https://raw.githubusercontent.com/algolia/datasets/master/airports/airports.json
MQN,Røssvoll Airport,Mo i Rana,Norway,66.3639,14.3014,false,Mo i Rana (MQN),https://raw.githubusercontent.com/algolia/datasets/master/airports/airports.json
MQP,Kruger Mpumalanga International Airport,Mpumalanga,South Africa,-25.3832,31.1056,true,Mpumalanga (MQP),https://raw.githubusercontent.com/algolia/datasets/master/airports/airports.json
MQT,Sawyer International Airport,Marquette,United States,46.353611,-87.395278,true,Marquette (MQT),https://raw.githubusercontent.com/algolia/datasets/master/airports/airports.json
MQX,Makale,Makale,Ethiopia,13.467367,39.533464,false,Makale (MQX),https://raw.githubusercontent.com/algolia/datasets/master/airports/airports.json
MRA,Misratah Airport,Misratah,Libya,32.325,15.061,false,Misratah (MRA),https://raw.githubusercontent.com/algolia/datasets/master/airports/airports.json
MRD,Alberto Carnevalli,Merida,Venezuela,8.582294,-71.161186,false,Merida (MRD),https://raw.githubusercontent.com/algolia/datasets/master/airports/airports.json
MRE,Mara Serena Airport,Masai Mara,Kenya,-1.406111,35.008056,false,Masai Mara (MRE),https://raw.githubusercontent.com/algolia/datasets/master/airports/airports.json
MRS,Provence,Marseille,France,43.435555,5.213611,false,Marseille (MRS),https://raw.githubusercontent.com/algolia/datasets/master/airports/airports.json
MRU,Sir Seewoosagur Ramgoolam Intl,Plaisance,Mauritius,-20.430235,57.6836,true,Plaisance (MRU),https://raw.githubusercontent.com/algolia/datasets/master/airports/airports.json
MRV,Mineralnyye Vody,Mineralnye Vody,Russia,44.225072,43.081889,false,Mineralnye Vody (MRV),https://raw.githubusercontent.com/algolia/datasets/master/airports/airports.json
MRX,Mahshahr,Bandar Mahshahr,Iran,30.556192,49.151879,false,Bandar Mahshahr (MRX),https://raw.githubusercontent.com/algolia/datasets/master/airports/airports.json
MRY,Monterey Peninsula,Monterey,United States,36.587,-121.842944,false,Monterey (MRY),https://raw.githubusercontent.com/algolia/datasets/master/airports/airports.json
MRZ,Moree Airport,Moree,Australia,-29.4989,149.845,false,Moree (MRZ),https://raw.githubusercontent.com/algolia/datasets/master/airports/airports.json
MSA,Muskrat Dam Airport,Muskrat Dam,Canada,53.4414,-91.7628,false,Muskrat Dam (MSA),https://raw.githubusercontent.com/algolia/datasets/master/airports/airports.json
MSJ,Misawa Ab,Misawa,Japan,40.703222,141.368364,false,Misawa (MSJ),https://raw.githubusercontent.com/algolia/datasets/master/airports/airports.json
MSL,Northwest Alabama Regional Airport,Muscle Shoals,United States,34.7453,-87.6102,false,Muscle Shoals (MSL),https://raw.githubusercontent.com/algolia/datasets/master/airports/airports.json
MSN,Dane Co Rgnl Truax Fld,Madison,United States,43.139858,-89.337514,false,Madison (MSN),https://raw.githubusercontent.com/algolia/datasets/master/airports/airports.json
MSO,Missoula Intl,Missoula,United States,46.916306,-114.090556,true,Missoula (MSO),https://raw.githubusercontent.com/algolia/datasets/master/airports/airports.json
MSP,Minneapolis St Paul Intl,Minneapolis,United States,44.881956,-93.221767,true,Minneapolis (MSP),https://raw.githubusercontent.com/algolia/datasets/master/airports/airports.json
MSQ,Minsk 2,Minsk 2,Belarus,53.882469,28.030731,false,Minsk 2 (MSQ),https://raw.githubusercontent.com/algolia/datasets/master/airports/airports.json
MSR,Mus Airport,Mus,Turkey,38.747769,41.661236,false,Mus (MSR),https://raw.githubusercontent.com/algolia/datasets/master/airports/airports.json
MSS,Massena Intl Richards Fld,Massena,United States,44.935833,-74.845547,true,Massena (MSS),https://raw.githubusercontent.com/algolia/datasets/master/airports/airports.json
MST,Maastricht,Maastricht,Netherlands,50.911658,5.770144,false,Maastricht (MST),https://raw.githubusercontent.com/algolia/datasets/master/airports/airports.json
MSU,Moshoeshoe I Intl,Maseru,Lesotho,-29.462256,27.552503,true,Maseru (MSU),https://raw.githubusercontent.com/algolia/datasets/master/airports/airports.json
MSW,Massawa Intl,Massawa,Eritrea,15.669989,39.370103,true,Massawa (MSW),https://raw.githubusercontent.com/algolia/datasets/master/airports/airports.json
MSY,Louis Armstrong New Orleans Intl,New Orleans,United States,29.993389,-90.258028,true,New Orleans (MSY),https://raw.githubusercontent.com/algolia/datasets/master/airports/airports.json
MSZ,Namibe Airport,Mocamedes,Angola,-15.261222,12.146756,false,Mocamedes (MSZ),https://raw.githubusercontent.com/algolia/datasets/master/airports/airports.json
MTJ,Montrose Regional Airport,Montrose CO,United States,38.509794,-107.894242,false,Montrose CO (MTJ),https://raw.githubusercontent.com/algolia/datasets/master/airports/airports.json
MTM,Metlakatla Seaplane Base,Metakatla,United States,55.131111,-131.578056,false,Metakatla (MTM),https://raw.githubusercontent.com/algolia/datasets/master/airports/airports.json
MTR,Los Garzones,Monteria,Colombia,8.823744,-75.825831,false,Monteria (MTR),https://raw.githubusercontent.com/algolia/datasets/master/airports/airports.json
MTS,Matsapha,Manzini,Swaziland,-26.529022,31.307519,false,Manzini (MTS),https://raw.githubusercontent.com/algolia/datasets/master/airports/airports.json
MTT,Minatitlan,Minatitlan,Mexico,18.103419,-94.580681,false,Minatitlan (MTT),https://raw.githubusercontent.com/algolia/datasets/master/airports/airports.json
MTV,Mota Lava Airport,Ablow,Vanuatu,-13.666,167.712,false,Ablow (MTV),https://raw.githubusercontent.com/algolia/datasets/master/airports/airports.json
MTY,General Mariano Escobedo Intl,Monterrey,Mexico,25.778489,-100.106878,true,Monterrey (MTY),https://raw.githubusercontent.com/algolia/datasets/master/airports/airports.json
MUA,Munda Airport,Munda,Solomon Islands,-8.32797,157.263,false,Munda (MUA),https://raw.githubusercontent.com/algolia/datasets/master/airports/airports.json
MUB,Maun,Maun,Botswana,-19.972564,23.431086,false,Maun (MUB),https://raw.githubusercontent.com/algolia/datasets/master/airports/airports.json
MUC,Franz Josef Strauss,Munich,Germany,48.353783,11.786086,false,Munich (MUC),https://raw.githubusercontent.com/algolia/datasets/master/airports/airports.json
MUE,Waimea Kohala,Kamuela,United States,20.001328,-155.668108,false,Kamuela (MUE),https://raw.githubusercontent.com/algolia/datasets/master/airports/airports.json
MUK,Mauke Airport,Mauke Island,Cook Islands,-20.1361,-157.345,false,Mauke Island (MUK),https://raw.githubusercontent.com/algolia/datasets/master/airports/airports.json
MUN,Maturin,Maturin,Venezuela,9.749067,-63.1534,false,Maturin (MUN),https://raw.githubusercontent.com/algolia/datasets/master/airports/airports.json
MUR,Marudi,Marudi,Malaysia,4.1775,114.321944,false,Marudi (MUR),https://raw.githubusercontent.com/algolia/datasets/master/airports/airports.json
MUW,Ghriss,Ghriss,Algeria,35.207725,0.147142,false,Ghriss (MUW),https://raw.githubusercontent.com/algolia/datasets/master/airports/airports.json
MUX,Multan Intl,Multan,Pakistan,30.203222,71.419111,true,Multan (MUX),https://raw.githubusercontent.com/algolia/datasets/master/airports/airports.json
MVD,Carrasco Intl,Montevideo,Uruguay,-34.838417,-56.030806,true,Montevideo (MVD),https://raw.githubusercontent.com/algolia/datasets/master/airports/airports.json
MVP,Fabio Alberto Leon Bentley,Mitu,Colombia,1.253664,-70.233878,false,Mitu (MVP),https://raw.githubusercontent.com/algolia/datasets/master/airports/airports.json
MVR,Salak,Maroua,Cameroon,10.451392,14.257361,false,Maroua (MVR),https://raw.githubusercontent.com/algolia/datasets/master/airports/airports.json
MVT,Mataiva,Mataiva,French Polynesia,-14.868055,-148.717225,false,Mataiva (MVT),https://raw.githubusercontent.com/algolia/datasets/master/airports/airports.json
MVY,Martha\\'s Vineyard,Vineyard Haven MA,United States,41.391667,-70.615278,false,Vineyard Haven MA (MVY),https://raw.githubusercontent.com/algolia/datasets/master/airports/airports.json
MWA,Williamson Country Regional Airport,Marion,United States,37.7549569,-89.0110936,false,Marion (MWA),https://raw.githubusercontent.com/algolia/datasets/master/airports/airports.json
MWF,Naone Airport,Maewo Island,Vanuatu,-15,168.083,false,Maewo Island (MWF),https://raw.githubusercontent.com/algolia/datasets/master/airports/airports.json
MWX,Muan,Muan,South Korea,34.991389,126.382778,false,Muan (MWX),https://raw.githubusercontent.com/algolia/datasets/master/airports/airports.json
MWZ,Mwanza,Mwanza,Tanzania,-2.444486,32.932667,false,Mwanza (MWZ),https://raw.githubusercontent.com/algolia/datasets/master/airports/airports.json
MXH,Moro Airport,Moro,Papua New Guinea,-6.36333,143.238,false,Moro (MXH),https://raw.githubusercontent.com/algolia/datasets/master/airports/airports.json
MXL,General Rodolfo Sanchez Taboada Intl,Mexicali,Mexico,32.630634,-115.241637,true,Mexicali (MXL),https://raw.githubusercontent.com/algolia/datasets/master/airports/airports.json
MXP,Malpensa,Milano,Italy,45.630606,8.728111,false,Milano (MXP),https://raw.githubusercontent.com/algolia/datasets/master/airports/airports.json
MXV,Muren Airport,Muren,Mongolia,49.6633,100.099,false,Muren (MXV),https://raw.githubusercontent.com/algolia/datasets/master/airports/airports.json
MXX,Mora,Mora,Sweden,60.957908,14.511383,false,Mora (MXX),https://raw.githubusercontent.com/algolia/datasets/master/airports/airports.json
MXZ,Meixian Airport,Meixian,China,24.35,116.133,false,Meixian (MXZ),https://raw.githubusercontent.com/algolia/datasets/master/airports/airports.json
MYA,Moruya Airport,Moruya,Australia,-35.8978,150.144,false,Moruya (MYA),https://raw.githubusercontent.com/algolia/datasets/master/airports/airports.json
MYD,Malindi Airport,Malindi,Kenya,-3.22931,40.1017,false,Malindi (MYD),https://raw.githubusercontent.com/algolia/datasets/master/airports/airports.json
MYG,Mayaguana,Mayaguana,Bahamas,22.379528,-73.0135,false,Mayaguana (MYG),https://raw.githubusercontent.com/algolia/datasets/master/airports/airports.json
MYJ,Matsuyama,Matsuyama,Japan,33.827222,132.699722,false,Matsuyama (MYJ),https://raw.githubusercontent.com/algolia/datasets/master/airports/airports.json
MYQ,Mysore Airport,Mysore,India,12.3072,76.6497,false,Mysore (MYQ),https://raw.githubusercontent.com/algolia/datasets/master/airports/airports.json
MYR,Myrtle Beach Intl,Myrtle Beach,United States,33.67975,-78.928333,true,Myrtle Beach (MYR),https://raw.githubusercontent.com/algolia/datasets/master/airports/airports.json
MYT,Myitkyina,Myitkyina,Burma,25.383636,97.351919,false,Myitkyina (MYT),https://raw.githubusercontent.com/algolia/datasets/master/airports/airports.json
MYU,Mekoryuk Airport,Mekoryuk,United States,60.3714,-166.271,false,Mekoryuk (MYU),https://raw.githubusercontent.com/algolia/datasets/master/airports/airports.json
MYW,Mtwara,Mtwara,Tanzania,-10.339058,40.181781,false,Mtwara (MYW),https://raw.githubusercontent.com/algolia/datasets/master/airports/airports.json
MYY,Miri,Miri,Malaysia,4.322014,113.986806,false,Miri (MYY),https://raw.githubusercontent.com/algolia/datasets/master/airports/airports.json
MZG,Magong,Makung,Taiwan,23.568669,119.628311,false,Makung (MZG),https://raw.githubusercontent.com/algolia/datasets/master/airports/airports.json
MZH,Merzifon,Merzifon,Turkey,40.829375,35.521992,false,Merzifon (MZH),https://raw.githubusercontent.com/algolia/datasets/master/airports/airports.json
MZL,La Nubia,Manizales,Colombia,5.029597,-75.464708,false,Manizales (MZL),https://raw.githubusercontent.com/algolia/datasets/master/airports/airports.json
MZR,Mazar I Sharif,Mazar-i-sharif,Afghanistan,36.706914,67.209678,false,Mazar-i-sharif (MZR),https://raw.githubusercontent.com/algolia/datasets/master/airports/airports.json
MZT,General Rafael Buelna Intl,Mazatlan,Mexico,23.161356,-106.266072,true,Mazatlan (MZT),https://raw.githubusercontent.com/algolia/datasets/master/airports/airports.json
MZV,Mulu,Mulu,Malaysia,4.048333,114.805,false,Mulu (MZV),https://raw.githubusercontent.com/algolia/datasets/master/airports/airports.json
NAG,Dr Ambedkar Intl,Nagpur,India,21.092192,79.047183,true,Nagpur (NAG),https://raw.githubusercontent.com/algolia/datasets/master/airports/airports.json
NAH,Naha,Naha,Indonesia,3.683214,125.528019,false,Naha (NAH),https://raw.githubusercontent.com/algolia/datasets/master/airports/airports.json
NAJ,Nakhchivan Airport,Nakhchivan,Azerbaijan,39.1888,45.4584,false,Nakhchivan (NAJ),https://raw.githubusercontent.com/algolia/datasets/master/airports/airports.json
NAN,Nadi Intl,Nandi,Fiji,-17.755392,177.443378,true,Nandi (NAN),https://raw.githubusercontent.com/algolia/datasets/master/airports/airports.json
NAO,Nanchong Airport,Nanchong,China,30.754,106.062,false,Nanchong (NAO),https://raw.githubusercontent.com/algolia/datasets/master/airports/airports.json
NAP,Capodichino,Naples,Italy,40.886033,14.290781,false,Naples (NAP),https://raw.githubusercontent.com/algolia/datasets/master/airports/airports.json
NAQ,Qaanaaq Airport,Qaanaaq,Greenland,77.4886,-69.3887,false,Qaanaaq (NAQ),https://raw.githubusercontent.com/algolia/datasets/master/airports/airports.json
NAS,Lynden Pindling Intl,Nassau,Bahamas,25.038958,-77.466231,true,Nassau (NAS),https://raw.githubusercontent.com/algolia/datasets/master/airports/airports.json
NAT,Augusto Severo,Natal,Brazil,-5.911417,-35.247717,false,Natal (NAT),https://raw.githubusercontent.com/algolia/datasets/master/airports/airports.json
NAV,Kapadokya,Nevsehir,Turkey,38.771867,34.53455,false,Nevsehir (NAV),https://raw.githubusercontent.com/algolia/datasets/master/airports/airports.json
NAW,Narathiwat,Narathiwat,Thailand,6.519922,101.7434,false,Narathiwat (NAW),https://raw.githubusercontent.com/algolia/datasets/master/airports/airports.json
NAY,Beijing Nanyuan Airport,Beijing,China,39.7825,116.387778,false,Beijing (NAY),https://raw.githubusercontent.com/algolia/datasets/master/airports/airports.json
NBC,Begishevo,Nizhnekamsk,Russia,55.34,52.06,false,Nizhnekamsk (NBC),https://raw.githubusercontent.com/algolia/datasets/master/airports/airports.json
NBE,Enfidha - Zine El Abidine Ben Ali International Airport,Enfidha,Tunisia,36.075833,10.438611,true,Enfidha (NBE),https://raw.githubusercontent.com/algolia/datasets/master/airports/airports.json
NBO,Jomo Kenyatta International,Nairobi,Kenya,-1.319167,36.9275,true,Nairobi (NBO),https://raw.githubusercontent.com/algolia/datasets/master/airports/airports.json
NBS,Changbaishan Airport,Baishan,China,42.088056,127.548889,false,Baishan (NBS),https://raw.githubusercontent.com/algolia/datasets/master/airports/airports.json
NBX,Nabire,Nabire,Indonesia,-3.368183,135.496406,false,Nabire (NBX),https://raw.githubusercontent.com/algolia/datasets/master/airports/airports.json
NCE,Cote D\\'Azur,Nice,France,43.658411,7.215872,false,Nice (NCE),https://raw.githubusercontent.com/algolia/datasets/master/airports/airports.json
NCL,Newcastle,Newcastle,United Kingdom,55.0375,-1.691667,false,Newcastle (NCL),https://raw.githubusercontent.com/algolia/datasets/master/airports/airports.json
NCU,Nukus Airport,Nukus,Uzbekistan,42.4884,59.6233,false,Nukus (NCU),https://raw.githubusercontent.com/algolia/datasets/master/airports/airports.json
NDB,Nouadhibou,Nouadhibou,Mauritania,20.933067,-17.029956,false,Nouadhibou (NDB),https://raw.githubusercontent.com/algolia/datasets/master/airports/airports.json
NDG,Qiqihar Sanjiazi Airport,Qiqihar,China,47.239628,123.918131,false,Qiqihar (NDG),https://raw.githubusercontent.com/algolia/datasets/master/airports/airports.json
NDJ,Ndjamena Hassan Djamous,N'djamena,Chad,12.133689,15.034019,false,N'djamena (NDJ),https://raw.githubusercontent.com/algolia/datasets/master/airports/airports.json
NDR,El Aroui Airport,El Aroui,Morocco,34.9888,-3.02821,false,El Aroui (NDR),https://raw.githubusercontent.com/algolia/datasets/master/airports/airports.json
NDU,Rundu,Rundu,Namibia,-17.956461,19.719439,false,Rundu (NDU),https://raw.githubusercontent.com/algolia/datasets/master/airports/airports.json
NDY,Sanday Airport,Sanday,United Kingdom,59.2503,-2.57667,false,Sanday (NDY),https://raw.githubusercontent.com/algolia/datasets/master/airports/airports.json
NEV,Vance Winkworth Amory International Airport,Charlestown,Saint Kitts and Nevis,17.205678,-62.589869,true,Charlestown (NEV),https://raw.githubusercontent.com/algolia/datasets/master/airports/airports.json
NGB,Lishe,Ninbo,China,29.826683,121.461906,false,Ninbo (NGB),https://raw.githubusercontent.com/algolia/datasets/master/airports/airports.json
NGE,Ngaoundere,N'gaoundere,Cameroon,7.357011,13.559242,false,N'gaoundere (NGE),https://raw.githubusercontent.com/algolia/datasets/master/airports/airports.json
NGO,Chubu Centrair Intl,Nagoya,Japan,34.858414,136.805408,true,Nagoya (NGO),https://raw.githubusercontent.com/algolia/datasets/master/airports/airports.json
NGQ,Gunsa,Shiquanhe,China,32.10027,80.052778,false,Shiquanhe (NGQ),https://raw.githubusercontent.com/algolia/datasets/master/airports/airports.json
NGS,Nagasaki,Nagasaki,Japan,32.916944,129.913611,false,Nagasaki (NGS),https://raw.githubusercontent.com/algolia/datasets/master/airports/airports.json
NHV,Nuku Hiva,Nuku Hiva,French Polynesia,-8.795603,-140.228789,false,Nuku Hiva (NHV),https://raw.githubusercontent.com/algolia/datasets/master/airports/airports.json
NIB,Nikolai Airport,Nikolai,United States,63.010833,-154.383889,false,Nikolai (NIB),https://raw.githubusercontent.com/algolia/datasets/master/airports/airports.json
NIM,Diori Hamani,Niamey,Niger,13.481547,2.183614,false,Niamey (NIM),https://raw.githubusercontent.com/algolia/datasets/master/airports/airports.json
NJC,Nizhnevartovsk,Nizhnevartovsk,Russia,60.949272,76.483617,false,Nizhnevartovsk (NJC),https://raw.githubusercontent.com/algolia/datasets/master/airports/airports.json
NJF,Al Najaf International Airport,Najaf,Iraq,31.991667,44.404167,true,Najaf (NJF),https://raw.githubusercontent.com/algolia/datasets/master/airports/airports.json
NKC,Nouakchott,Nouakschott,Mauritania,18.097856,-15.947956,false,Nouakschott (NKC),https://raw.githubusercontent.com/algolia/datasets/master/airports/airports.json
NKG,Lukou,Nanjing,China,31.742042,118.862025,false,Nanjing (NKG),https://raw.githubusercontent.com/algolia/datasets/master/airports/airports.json
NKM,Nagoya Airport,Nagoya,Japan,35.255,136.924,false,Nagoya (NKM),https://raw.githubusercontent.com/algolia/datasets/master/airports/airports.json
NLA,Ndola,Ndola,Zambia,-12.998139,28.664944,false,Ndola (NLA),https://raw.githubusercontent.com/algolia/datasets/master/airports/airports.json
NLD,Quetzalcoatl Intl,Nuevo Laredo,Mexico,27.443918,-99.57046,true,Nuevo Laredo (NLD),https://raw.githubusercontent.com/algolia/datasets/master/airports/airports.json
NLG,Nelson Lagoon,Nelson Lagoon,United States,56.0075,-161.160278,false,Nelson Lagoon (NLG),https://raw.githubusercontent.com/algolia/datasets/master/airports/airports.json
NLK,Norfolk Island Intl,Norfolk Island,Norfolk Island,-29.041625,167.938742,true,Norfolk Island (NLK),https://raw.githubusercontent.com/algolia/datasets/master/airports/airports.json
NMA,Namangan Airport,Namangan,Uzbekistan,40.9846,71.5567,false,Namangan (NMA),https://raw.githubusercontent.com/algolia/datasets/master/airports/airports.json
NME,Nightmute Airport,Nightmute,United States,60.471111,-164.700833,false,Nightmute (NME),https://raw.githubusercontent.com/algolia/datasets/master/airports/airports.json
NNB,Santa Ana Airport,Santa Ana,Solomon Islands,-10.848056,162.454167,false,Santa Ana (NNB),https://raw.githubusercontent.com/algolia/datasets/master/airports/airports.json
NNG,Wuxu,Nanning,China,22.608267,108.172442,false,Nanning (NNG),https://raw.githubusercontent.com/algolia/datasets/master/airports/airports.json
NNM,Naryan-Mar,Naryan-Mar,Russia,67.380537,53.051016,false,Naryan-Mar (NNM),https://raw.githubusercontent.com/algolia/datasets/master/airports/airports.json
NNT,Nan,Nan,Thailand,18.807914,100.783419,false,Nan (NNT),https://raw.githubusercontent.com/algolia/datasets/master/airports/airports.json
NNY,Nanyang Airport,Nanyang,China,32.9808,112.615,false,Nanyang (NNY),https://raw.githubusercontent.com/algolia/datasets/master/airports/airports.json
NOB,Nosara,Nosara Beach,Costa Rica,9.97649,-85.653,false,Nosara Beach (NOB),https://raw.githubusercontent.com/algolia/datasets/master/airports/airports.json
NOC,Ireland West Knock,Connaught,Ireland,53.910297,-8.818492,false,Connaught (NOC),https://raw.githubusercontent.com/algolia/datasets/master/airports/airports.json
NOJ,Noyabrsk,Noyabrsk,Russia,63.110079,75.162243,false,Noyabrsk (NOJ),https://raw.githubusercontent.com/algolia/datasets/master/airports/airports.json
NOS,Fascene,Nosy-be,Madagascar,-13.312067,48.314822,false,Nosy-be (NOS),https://raw.githubusercontent.com/algolia/datasets/master/airports/airports.json
NOU,La Tontouta,Noumea,New Caledonia,-22.014553,166.212972,false,Noumea (NOU),https://raw.githubusercontent.com/algolia/datasets/master/airports/airports.json
NOV,Huambo,Huambo,Angola,-12.808878,15.760547,false,Huambo (NOV),https://raw.githubusercontent.com/algolia/datasets/master/airports/airports.json
NOZ,Spichenkovo Airport,Novokuznetsk,Russia,53.8114,86.8772,false,Novokuznetsk (NOZ),https://raw.githubusercontent.com/algolia/datasets/master/airports/airports.json
NPE,Napier,NAPIER,New Zealand,-39.465833,176.87,false,NAPIER (NPE),https://raw.githubusercontent.com/algolia/datasets/master/airports/airports.json
NPL,New Plymouth,New Plymouth,New Zealand,-39.008611,174.179167,false,New Plymouth (NPL),https://raw.githubusercontent.com/algolia/datasets/master/airports/airports.json
NQN,Presidente Peron,Neuquen,Argentina,-38.949,-68.155711,false,Neuquen (NQN),https://raw.githubusercontent.com/algolia/datasets/master/airports/airports.json
NQU,Reyes Murillo Airport,Nuquí,Colombia,5.7,-77.28,false,Nuquí (NQU),https://raw.githubusercontent.com/algolia/datasets/master/airports/airports.json
NQY,St Mawgan,Newquai,United Kingdom,50.440558,-4.995408,false,Newquai (NQY),https://raw.githubusercontent.com/algolia/datasets/master/airports/airports.json
NRA,Narrandera Airport,Narrandera,Australia,-34.7022,146.512,false,Narrandera (NRA),https://raw.githubusercontent.com/algolia/datasets/master/airports/airports.json
NRK,Kungsangen,Norrkoeping,Sweden,58.586253,16.250622,false,Norrkoeping (NRK),https://raw.githubusercontent.com/algolia/datasets/master/airports/airports.json
NRL,North Ronaldsay Airport,North Ronaldsay,United Kingdom,59.3675,-2.43444,false,North Ronaldsay (NRL),https://raw.githubusercontent.com/algolia/datasets/master/airports/airports.json
NRN,Niederrhein,Weeze,Germany,51.602222,6.141944,false,Weeze (NRN),https://raw.githubusercontent.com/algolia/datasets/master/airports/airports.json
NRT,Narita Intl,Tokyo,Japan,35.764722,140.386389,true,Tokyo (NRT),https://raw.githubusercontent.com/algolia/datasets/master/airports/airports.json
NSH,Noshahr Airport,Noshahr,Iran,36.663333,51.464722,false,Noshahr (NSH),https://raw.githubusercontent.com/algolia/datasets/master/airports/airports.json
NSI,Yaounde Nsimalen,Yaounde,Cameroon,3.722556,11.553269,false,Yaounde (NSI),https://raw.githubusercontent.com/algolia/datasets/master/airports/airports.json
NSK,Alykel,Norilsk,Russia,69.311053,87.332183,false,Norilsk (NSK),https://raw.githubusercontent.com/algolia/datasets/master/airports/airports.json
NSN,Nelson,Nelson,New Zealand,-41.298333,173.221111,false,Nelson (NSN),https://raw.githubusercontent.com/algolia/datasets/master/airports/airports.json
NST,Nakhon Si Thammarat,Nakhon Si Thammarat,Thailand,8.539617,99.944725,false,Nakhon Si Thammarat (NST),https://raw.githubusercontent.com/algolia/datasets/master/airports/airports.json
NTE,Nantes Atlantique,Nantes,France,47.153189,-1.610725,false,Nantes (NTE),https://raw.githubusercontent.com/algolia/datasets/master/airports/airports.json
NTG,Nantong Airport,Nantong,China,32.0708,120.976,false,Nantong (NTG),https://raw.githubusercontent.com/algolia/datasets/master/airports/airports.json
NTL,Newcastle Airport,Newcastle,Australia,-32.78,151.83,false,Newcastle (NTL),https://raw.githubusercontent.com/algolia/datasets/master/airports/airports.json
NTN,Normanton Airport,Normanton,Australia,-17.6836,141.07,false,Normanton (NTN),https://raw.githubusercontent.com/algolia/datasets/master/airports/airports.json
NTQ,Noto,Wajima,Japan,37.293097,136.961853,false,Wajima (NTQ),https://raw.githubusercontent.com/algolia/datasets/master/airports/airports.json
NTX,Ranai Airport,Ranai-Natuna Besar Island,Indonesia,3.908714,108.387897,false,Ranai-Natuna Besar Island (NTX),https://raw.githubusercontent.com/algolia/datasets/master/airports/airports.json
NUE,Nurnberg,Nuernberg,Germany,49.4987,11.066897,false,Nuernberg (NUE),https://raw.githubusercontent.com/algolia/datasets/master/airports/airports.json
NUI,Nuiqsut Airport,Nuiqsut,United States,70.21,-151.005556,false,Nuiqsut (NUI),https://raw.githubusercontent.com/algolia/datasets/master/airports/airports.json
NUL,Nulato Airport,Nulato,United States,64.729444,-158.074167,false,Nulato (NUL),https://raw.githubusercontent.com/algolia/datasets/master/airports/airports.json
NUP,Nunapitchuk Airport,Nunapitchuk,United States,60.905833,-162.439167,false,Nunapitchuk (NUP),https://raw.githubusercontent.com/algolia/datasets/master/airports/airports.json
NUS,Norsup Airport,Norsup,Vanuatu,-16.0797,167.401,false,Norsup (NUS),https://raw.githubusercontent.com/algolia/datasets/master/airports/airports.json
NUX,Novyi Urengoy,Novy Urengoy,Russia,66.041811,76.313938,false,Novy Urengoy (NUX),https://raw.githubusercontent.com/algolia/datasets/master/airports/airports.json
NVA,Benito Salas,Neiva,Colombia,2.95015,-75.294,false,Neiva (NVA),https://raw.githubusercontent.com/algolia/datasets/master/airports/airports.json
NVI,Navoi Airport,Navoi,Uzbekistan,40.1172,65.1708,false,Navoi (NVI),https://raw.githubusercontent.com/algolia/datasets/master/airports/airports.json
NVK,Framnes,Narvik,Norway,68.435833,17.388056,false,Narvik (NVK),https://raw.githubusercontent.com/algolia/datasets/master/airports/airports.json
NVT,Ministro Victor Konder Intl,Navegantes,Brazil,-26.879999,-48.65139,true,Navegantes (NVT),https://raw.githubusercontent.com/algolia/datasets/master/airports/airports.json
NWI,Norwich,Norwich,United Kingdom,52.675833,1.282778,false,Norwich (NWI),https://raw.githubusercontent.com/algolia/datasets/master/airports/airports.json
NYA,Nyagan Airport,Nyagan,Russia,62.11,65.615,false,Nyagan (NYA),https://raw.githubusercontent.com/algolia/datasets/master/airports/airports.json
NYI,Sunyani,Sunyani,Ghana,7.361828,-2.328756,false,Sunyani (NYI),https://raw.githubusercontent.com/algolia/datasets/master/airports/airports.json
NYK,Nanyuki Civil Airport,Nanyuki,Kenya,-0.067,37.033,false,Nanyuki (NYK),https://raw.githubusercontent.com/algolia/datasets/master/airports/airports.json
NYM,Nadym Airport,Nadym,Russia,65.4809,72.6989,false,Nadym (NYM),https://raw.githubusercontent.com/algolia/datasets/master/airports/airports.json
NYO,Skavsta,Stockholm,Sweden,58.788636,16.912189,false,Stockholm (NYO),https://raw.githubusercontent.com/algolia/datasets/master/airports/airports.json
NYT,NAYPYITAW,NAYPYITAW,Burma,19.374,96.121,false,NAYPYITAW (NYT),https://raw.githubusercontent.com/algolia/datasets/master/airports/airports.json
NYU,Bagan Intl,Nyuang U,Burma,21.173833266,94.9246666,true,Nyuang U (NYU),https://raw.githubusercontent.com/algolia/datasets/master/airports/airports.json
NZH,Manzhouli,Manzhouli,China,49.566667,117.329444,false,Manzhouli (NZH),https://raw.githubusercontent.com/algolia/datasets/master/airports/airports.json
OAG,Orange Airport,Orange,Australia,-33.3817,149.133,false,Orange (OAG),https://raw.githubusercontent.com/algolia/datasets/master/airports/airports.json
OAJ,Albert J Ellis,Jacksonville NC,United States,34.829164,-77.612139,false,Jacksonville NC (OAJ),https://raw.githubusercontent.com/algolia/datasets/master/airports/airports.json
OAK,Metropolitan Oakland Intl,Oakland,United States,37.721278,-122.220722,true,Oakland (OAK),https://raw.githubusercontent.com/algolia/datasets/master/airports/airports.json
OAL,Marktoberdorf BF,Marktoberdorf,Germany,47.78,10.627,false,Marktoberdorf (OAL),https://raw.githubusercontent.com/algolia/datasets/master/airports/airports.json
OAX,Xoxocotlan Intl,Oaxaca,Mexico,16.999906,-96.726639,true,Oaxaca (OAX),https://raw.githubusercontent.com/algolia/datasets/master/airports/airports.json
OBO,Obihiro,Obihiro,Japan,42.733333,143.217222,false,Obihiro (OBO),https://raw.githubusercontent.com/algolia/datasets/master/airports/airports.json
OBU,Kobuk Airport,Kobuk,United States,66.912222,-156.897222,false,Kobuk (OBU),https://raw.githubusercontent.com/algolia/datasets/master/airports/airports.json
OBY,Ittoqqortoormiit Heliport,Ittoqqortoormiit,Greenland,70.485278,-21.966667,false,Ittoqqortoormiit (OBY),https://raw.githubusercontent.com/algolia/datasets/master/airports/airports.json
OCC,Francisco De Orellana,Coca,Ecuador,-0.462886,-76.986842,false,Coca (OCC),https://raw.githubusercontent.com/algolia/datasets/master/airports/airports.json
ODN,Long Seridan Airport,Long Seridan,Malaysia,3.967,115.05,false,Long Seridan (ODN),https://raw.githubusercontent.com/algolia/datasets/master/airports/airports.json
ODO,Bodaibo,Bodaibo,Russia,57.5137,114.1348,false,Bodaibo (ODO),https://raw.githubusercontent.com/algolia/datasets/master/airports/airports.json
ODS,Odesa Intl,Odessa,Ukraine,46.426767,30.676464,true,Odessa (ODS),https://raw.githubusercontent.com/algolia/datasets/master/airports/airports.json
ODY,Oudomxay,Muang Xay,Laos,20.6827,101.994,false,Muang Xay (ODY),https://raw.githubusercontent.com/algolia/datasets/master/airports/airports.json
OER,Ornskoldsvik,Ornskoldsvik,Sweden,63.408339,18.990039,false,Ornskoldsvik (OER),https://raw.githubusercontent.com/algolia/datasets/master/airports/airports.json
OGG,Kahului,Kahului,United States,20.89865,-156.430458,false,Kahului (OGG),https://raw.githubusercontent.com/algolia/datasets/master/airports/airports.json
OGL,Ogle,Georgetown,Guyana,6.806944,-58.104444,false,Georgetown (OGL),https://raw.githubusercontent.com/algolia/datasets/master/airports/airports.json
OGS,Ogdensburg Intl,Ogdensburg,United States,44.681854,-75.4655,true,Ogdensburg (OGS),https://raw.githubusercontent.com/algolia/datasets/master/airports/airports.json
OGX,Ouargla,Ouargla,Algeria,31.917223,5.412778,false,Ouargla (OGX),https://raw.githubusercontent.com/algolia/datasets/master/airports/airports.json
OGZ,Beslan Airport,Beslan,Russia,43.2051,44.6066,false,Beslan (OGZ),https://raw.githubusercontent.com/algolia/datasets/master/airports/airports.json
OHE,Heilongjiang Mohe Airport,Mohe County,China,52.915,122.427,false,Mohe County (OHE),https://raw.githubusercontent.com/algolia/datasets/master/airports/airports.json
OHH,Okha Airport,Okha,Russia,53.583333,142.933333,false,Okha (OHH),https://raw.githubusercontent.com/algolia/datasets/master/airports/airports.json
OIA,Ourilandia do Norte Airport,Ourilandia do Norte,Brazil,-6.763056,-51.05,false,Ourilandia do Norte (OIA),https://raw.githubusercontent.com/algolia/datasets/master/airports/airports.json
OIM,Oshima,Oshima,Japan,34.782033,139.360306,false,Oshima (OIM),https://raw.githubusercontent.com/algolia/datasets/master/airports/airports.json
OIT,Oita,Oita,Japan,33.479444,131.737222,false,Oita (OIT),https://raw.githubusercontent.com/algolia/datasets/master/airports/airports.json
OKA,Naha,Okinawa,Japan,26.195814,127.645869,false,Okinawa (OKA),https://raw.githubusercontent.com/algolia/datasets/master/airports/airports.json
OKC,Will Rogers World,Oklahoma City,United States,35.393089,-97.600733,false,Oklahoma City (OKC),https://raw.githubusercontent.com/algolia/datasets/master/airports/airports.json
OKJ,Okayama,Okayama,Japan,34.756944,133.855278,false,Okayama (OKJ),https://raw.githubusercontent.com/algolia/datasets/master/airports/airports.json
OLA,Orland,Orland,Norway,63.698908,9.604003,false,Orland (OLA),https://raw.githubusercontent.com/algolia/datasets/master/airports/airports.json
OLB,Olbia Costa Smeralda,Olbia,Italy,40.898661,9.517628,false,Olbia (OLB),https://raw.githubusercontent.com/algolia/datasets/master/airports/airports.json
OLC,Senadora Eunice Micheles Airport,Sao Paulo de Olivenca,Brazil,-3.465556,-68.918889,false,Sao Paulo de Olivenca (OLC),https://raw.githubusercontent.com/algolia/datasets/master/airports/airports.json
OLF,LM Clayton Airport,Wolf Point,United States,48.094444,-105.575,false,Wolf Point (OLF),https://raw.githubusercontent.com/algolia/datasets/master/airports/airports.json
OLH,Old Harbor Airport,Old Harbor,United States,57.218056,-153.269722,false,Old Harbor (OLH),https://raw.githubusercontent.com/algolia/datasets/master/airports/airports.json
OLP,Olympic Dam Airport,Olympic Dam,Australia,-30.485,136.877,false,Olympic Dam (OLP),https://raw.githubusercontent.com/algolia/datasets/master/airports/airports.json
OMA,Eppley Afld,Omaha,United States,41.303167,-95.894069,false,Omaha (OMA),https://raw.githubusercontent.com/algolia/datasets/master/airports/airports.json
OMD,Oranjemund Airport,Oranjemund,Namibia,-28.5847,16.4467,false,Oranjemund (OMD),https://raw.githubusercontent.com/algolia/datasets/master/airports/airports.json
OME,Nome,Nome,United States,64.512203,-165.445247,false,Nome (OME),https://raw.githubusercontent.com/algolia/datasets/master/airports/airports.json
OMH,Uromiyeh Airport,Uromiyeh,Iran,37.6681,45.0687,false,Uromiyeh (OMH),https://raw.githubusercontent.com/algolia/datasets/master/airports/airports.json
OMO,Mostar,Mostar,Bosnia and Herzegovina,43.2829,17.845878,false,Mostar (OMO),https://raw.githubusercontent.com/algolia/datasets/master/airports/airports.json
OMR,Oradea,Oradea,Romania,47.025278,21.9025,false,Oradea (OMR),https://raw.githubusercontent.com/algolia/datasets/master/airports/airports.json
OMS,Omsk,Omsk,Russia,54.967042,73.310514,false,Omsk (OMS),https://raw.githubusercontent.com/algolia/datasets/master/airports/airports.json
OND,Ondangwa Airport,Ondangwa,Namibia,-17.8782,15.9526,false,Ondangwa (OND),https://raw.githubusercontent.com/algolia/datasets/master/airports/airports.json
ONG,Mornington Island Airport,Mornington Island,Australia,-16.6625,139.178,false,Mornington Island (ONG),https://raw.githubusercontent.com/algolia/datasets/master/airports/airports.json
ONJ,Odate Noshiro Airport,Odate Noshiro,Japan,40.1919,140.371,false,Odate Noshiro (ONJ),https://raw.githubusercontent.com/algolia/datasets/master/airports/airports.json
ONQ,Zonguldak,Zonguldak,Turkey,41.506111,32.088611,false,Zonguldak (ONQ),https://raw.githubusercontent.com/algolia/datasets/master/airports/airports.json
ONT,Ontario Intl,Ontario,United States,34.056,-117.601194,true,Ontario (ONT),https://raw.githubusercontent.com/algolia/datasets/master/airports/airports.json
OOK,Toksook Bay Airport,Toksook Bay,United States,60.541389,-165.087222,false,Toksook Bay (OOK),https://raw.githubusercontent.com/algolia/datasets/master/airports/airports.json
OOL,Gold Coast,Coolangatta,Australia,-28.164444,153.504722,false,Coolangatta (OOL),https://raw.githubusercontent.com/algolia/datasets/master/airports/airports.json
OPO,Porto,Porto,Portugal,41.248055,-8.681389,false,Porto (OPO),https://raw.githubusercontent.com/algolia/datasets/master/airports/airports.json
OPS,Sinop Airport,Sinop,Brazil,-11.885,-55.586,false,Sinop (OPS),https://raw.githubusercontent.com/algolia/datasets/master/airports/airports.json
ORB,Orebro,Orebro,Sweden,59.223733,15.037956,false,Orebro (ORB),https://raw.githubusercontent.com/algolia/datasets/master/airports/airports.json
ORD,Chicago Ohare Intl,Chicago,United States,41.978603,-87.904842,true,Chicago (ORD),https://raw.githubusercontent.com/algolia/datasets/master/airports/airports.json
ORF,Norfolk Intl,Norfolk,United States,36.894611,-76.201222,true,Norfolk (ORF),https://raw.githubusercontent.com/algolia/datasets/master/airports/airports.json
ORH,Worcester Regional Airport,Worcester,United States,42.2673,-71.8757,false,Worcester (ORH),https://raw.githubusercontent.com/algolia/datasets/master/airports/airports.json
ORI,Port Lions Airport,Port Lions,United States,57.885278,-152.846111,false,Port Lions (ORI),https://raw.githubusercontent.com/algolia/datasets/master/airports/airports.json
ORK,Cork,Cork,Ireland,51.841269,-8.491111,false,Cork (ORK),https://raw.githubusercontent.com/algolia/datasets/master/airports/airports.json
ORN,Es Senia,Oran,Algeria,35.623858,-0.621183,false,Oran (ORN),https://raw.githubusercontent.com/algolia/datasets/master/airports/airports.json
ORV,Robert Curtis Memorial Airport,Noorvik,United States,66.8175,-161.022222,false,Noorvik (ORV),https://raw.githubusercontent.com/algolia/datasets/master/airports/airports.json
ORX,Oriximina Airport,Oriximina,Brazil,-1.714167,-55.836111,false,Oriximina (ORX),https://raw.githubusercontent.com/algolia/datasets/master/airports/airports.json
ORY,Orly,Paris,France,48.725278,2.359444,false,Paris (ORY),https://raw.githubusercontent.com/algolia/datasets/master/airports/airports.json
OSD,Östersund Airport,Östersund,Sweden,63.1944,14.5003,false,Östersund (OSD),https://raw.githubusercontent.com/algolia/datasets/master/airports/airports.json
OSI,Osijek,Osijek,Croatia,45.462667,18.810156,false,Osijek (OSI),https://raw.githubusercontent.com/algolia/datasets/master/airports/airports.json
OSL,Gardermoen,Oslo,Norway,60.193917,11.100361,false,Oslo (OSL),https://raw.githubusercontent.com/algolia/datasets/master/airports/airports.json
OSR,Mosnov,Ostrava,Czech Republic,49.696292,18.111053,false,Ostrava (OSR),https://raw.githubusercontent.com/algolia/datasets/master/airports/airports.json
OSS,Osh,Osh,Kyrgyzstan,40.608989,72.793269,false,Osh (OSS),https://raw.githubusercontent.com/algolia/datasets/master/airports/airports.json
OST,Oostende,Ostend,Belgium,51.198889,2.862222,false,Ostend (OST),https://raw.githubusercontent.com/algolia/datasets/master/airports/airports.json
OSW,Orsk Airport,Orsk,Russia,51.0725,58.5956,false,Orsk (OSW),https://raw.githubusercontent.com/algolia/datasets/master/airports/airports.json
OSY,Namsos Høknesøra Airport,Namsos,Norway,64.4722,11.5786,false,Namsos (OSY),https://raw.githubusercontent.com/algolia/datasets/master/airports/airports.json
OTD,Contadora Airport,Contadora Island,Panama,8.62876,-79.0347,false,Contadora Island (OTD),https://raw.githubusercontent.com/algolia/datasets/master/airports/airports.json
OTH,Southwest Oregon Regional Airport,North Bend,United States,43.4171,-124.246,false,North Bend (OTH),https://raw.githubusercontent.com/algolia/datasets/master/airports/airports.json
OTP,Henri Coanda,Bucharest,Romania,44.572161,26.102178,false,Bucharest (OTP),https://raw.githubusercontent.com/algolia/datasets/master/airports/airports.json
OTZ,Ralph Wien Mem,Kotzebue,United States,66.884678,-162.59855,false,Kotzebue (OTZ),https://raw.githubusercontent.com/algolia/datasets/master/airports/airports.json
OUA,Ouagadougou,Ouagadougou,Burkina Faso,12.353194,-1.512417,false,Ouagadougou (OUA),https://raw.githubusercontent.com/algolia/datasets/master/airports/airports.json
OUD,Angads,Oujda,Morocco,34.78715,-1.923986,false,Oujda (OUD),https://raw.githubusercontent.com/algolia/datasets/master/airports/airports.json
OUL,Oulu,Oulu,Finland,64.930061,25.354564,false,Oulu (OUL),https://raw.githubusercontent.com/algolia/datasets/master/airports/airports.json
OVB,Tolmachevo,Novosibirsk,Russia,55.012622,82.650656,false,Novosibirsk (OVB),https://raw.githubusercontent.com/algolia/datasets/master/airports/airports.json
OVD,Asturias,Aviles,Spain,43.563567,-6.034622,false,Aviles (OVD),https://raw.githubusercontent.com/algolia/datasets/master/airports/airports.json
OVS,Sovetsky Tyumenskaya Airport,Sovetskiy,Russia,61.32,63.6044,false,Sovetskiy (OVS),https://raw.githubusercontent.com/algolia/datasets/master/airports/airports.json
OWB,Owensboro Daviess County Airport,Owensboro,United States,37.7401,-87.1668,false,Owensboro (OWB),https://raw.githubusercontent.com/algolia/datasets/master/airports/airports.json
OXB,Osvaldo Vieira International Airport,Bissau,Guinea-Bissau,11.89485,-15.653681,true,Bissau (OXB),https://raw.githubusercontent.com/algolia/datasets/master/airports/airports.json
OZC,Ozamis,Ozamis,Philippines,8.178508,123.841731,false,Ozamis (OZC),https://raw.githubusercontent.com/algolia/datasets/master/airports/airports.json
OZH,Zaporizhzhia International Airport,Zaporozhye,Ukraine,47.867,35.3157,true,Zaporozhye (OZH),https://raw.githubusercontent.com/algolia/datasets/master/airports/airports.json
OZZ,Ouarzazate,Ouarzazate,Morocco,30.939053,-6.909431,false,Ouarzazate (OZZ),https://raw.githubusercontent.com/algolia/datasets/master/airports/airports.json
PAC,Marcos A Gelabert Intl,Panama,Panama,8.973339,-79.555583,true,Panama (PAC),https://raw.githubusercontent.com/algolia/datasets/master/airports/airports.json
PAD,Paderborn Lippstadt,Paderborn,Germany,51.614089,8.616317,false,Paderborn (PAD),https://raw.githubusercontent.com/algolia/datasets/master/airports/airports.json
PAF,Pakuba Airport,Pakuba,Uganda,2.3275,31.5,false,Pakuba (PAF),https://raw.githubusercontent.com/algolia/datasets/master/airports/airports.json
PAG,Pagadian,Pagadian,Philippines,7.827197,123.458294,false,Pagadian (PAG),https://raw.githubusercontent.com/algolia/datasets/master/airports/airports.json
PAH,Barkley Regional Airport,PADUCAH,United States,37.0602875,-88.7729583,false,PADUCAH (PAH),https://raw.githubusercontent.com/algolia/datasets/master/airports/airports.json
PAP,Toussaint Louverture Intl,Port-au-prince,Haiti,18.58005,-72.292542,true,Port-au-prince (PAP),https://raw.githubusercontent.com/algolia/datasets/master/airports/airports.json
PAS,Paros,Paros,Greece,37.010278,25.127778,false,Paros (PAS),https://raw.githubusercontent.com/algolia/datasets/master/airports/airports.json
PAT,Patna,Patina,India,25.591317,85.087992,false,Patina (PAT),https://raw.githubusercontent.com/algolia/datasets/master/airports/airports.json
PAV,Paulo Afonso,Paulo Alfonso,Brazil,-9.400878,-38.250575,false,Paulo Alfonso (PAV),https://raw.githubusercontent.com/algolia/datasets/master/airports/airports.json
PAZ,Tajin,Poza Rico,Mexico,20.602671,-97.460839,false,Poza Rico (PAZ),https://raw.githubusercontent.com/algolia/datasets/master/airports/airports.json
PBC,Hermanos Serdan Intl,Puebla,Mexico,19.158144,-98.371447,true,Puebla (PBC),https://raw.githubusercontent.com/algolia/datasets/master/airports/airports.json
PBD,Porbandar,Porbandar,India,21.648675,69.657219,false,Porbandar (PBD),https://raw.githubusercontent.com/algolia/datasets/master/airports/airports.json
PBG,Plattsburgh Intl,Plattsburgh,United States,44.650944,-73.468139,true,Plattsburgh (PBG),https://raw.githubusercontent.com/algolia/datasets/master/airports/airports.json
PBH,Paro,Thimphu,Bhutan,27.403192,89.424606,false,Thimphu (PBH),https://raw.githubusercontent.com/algolia/datasets/master/airports/airports.json
PBI,Palm Beach Intl,West Palm Beach,United States,26.683161,-80.095589,true,West Palm Beach (PBI),https://raw.githubusercontent.com/algolia/datasets/master/airports/airports.json
PBJ,Tavie Airport,Paama Island,Vanuatu,-16.439,168.257,false,Paama Island (PBJ),https://raw.githubusercontent.com/algolia/datasets/master/airports/airports.json
PBL,General Bartolome Salom Intl,Puerto Cabello,Venezuela,10.4805,-68.073025,true,Puerto Cabello (PBL),https://raw.githubusercontent.com/algolia/datasets/master/airports/airports.json
PBM,Johan A Pengel Intl,Zandery,Suriname,5.452831,-55.187783,true,Zandery (PBM),https://raw.githubusercontent.com/algolia/datasets/master/airports/airports.json
PBO,Paraburdoo Airport,Paraburdoo,Australia,-23.1711,117.745,false,Paraburdoo (PBO),https://raw.githubusercontent.com/algolia/datasets/master/airports/airports.json
PBU,Putao,Putao,Burma,27.329922,97.426269,false,Putao (PBU),https://raw.githubusercontent.com/algolia/datasets/master/airports/airports.json
PCL,Cap Fap David Abenzur Rengifo Intl,Pucallpa,Peru,-8.377939,-74.574297,true,Pucallpa (PCL),https://raw.githubusercontent.com/algolia/datasets/master/airports/airports.json
PCR,Puerto Carreno,Puerto Carreno,Colombia,6.184717,-67.493164,false,Puerto Carreno (PCR),https://raw.githubusercontent.com/algolia/datasets/master/airports/airports.json
PDA,Obando Airport,Puerto Inírida,Colombia,3.85,-67.91,false,Puerto Inírida (PDA),https://raw.githubusercontent.com/algolia/datasets/master/airports/airports.json
PDG,Minangkabau,Padang,Indonesia,-0.874989,100.351881,false,Padang (PDG),https://raw.githubusercontent.com/algolia/datasets/master/airports/airports.json
PDL,Ponta Delgada,Ponta Delgada,Portugal,37.741184,-25.69787,false,Ponta Delgada (PDL),https://raw.githubusercontent.com/algolia/datasets/master/airports/airports.json
PDP,Capitan Corbeta C A Curbelo International Airport,Punta del Este,Uruguay,-34.855139,-55.094278,true,Punta del Este (PDP),https://raw.githubusercontent.com/algolia/datasets/master/airports/airports.json
PDS,Piedras Negras Intl,Piedras Negras,Mexico,28.627394,-100.535211,true,Piedras Negras (PDS),https://raw.githubusercontent.com/algolia/datasets/master/airports/airports.json
PDT,Eastern Oregon Regional Airport,Pendleton,United States,45.695,-118.841389,false,Pendleton (PDT),https://raw.githubusercontent.com/algolia/datasets/master/airports/airports.json
PDV,Plovdiv,Plovdiv,Bulgaria,42.067806,24.850833,false,Plovdiv (PDV),https://raw.githubusercontent.com/algolia/datasets/master/airports/airports.json
PDX,Portland Intl,Portland,United States,45.588722,-122.5975,true,Portland (PDX),https://raw.githubusercontent.com/algolia/datasets/master/airports/airports.json
PEC,Pelican Seaplane Base,Pelican,United States,57.955278,-136.236389,false,Pelican (PEC),https://raw.githubusercontent.com/algolia/datasets/master/airports/airports.json
PED,Pardubice,Pardubice,Czech Republic,50.013419,15.738647,false,Pardubice (PED),https://raw.githubusercontent.com/algolia/datasets/master/airports/airports.json
PEE,Bolshoye Savino,Perm,Russia,57.914517,56.021214,false,Perm (PEE),https://raw.githubusercontent.com/algolia/datasets/master/airports/airports.json
PEG,Perugia,Perugia,Italy,43.095906,12.513222,false,Perugia (PEG),https://raw.githubusercontent.com/algolia/datasets/master/airports/airports.json
PEI,Matecana,Pereira,Colombia,4.812675,-75.739519,false,Pereira (PEI),https://raw.githubusercontent.com/algolia/datasets/master/airports/airports.json
PEK,Capital Intl,Beijing,China,40.080111,116.584556,true,Beijing (PEK),https://raw.githubusercontent.com/algolia/datasets/master/airports/airports.json
PEM,Padre Aldamiz,Puerto Maldonado,Peru,-12.613611,-69.228611,false,Puerto Maldonado (PEM),https://raw.githubusercontent.com/algolia/datasets/master/airports/airports.json
PEN,Penang Intl,Penang,Malaysia,5.297139,100.276864,true,Penang (PEN),https://raw.githubusercontent.com/algolia/datasets/master/airports/airports.json
PER,Perth Intl,Perth,Australia,-31.940278,115.966944,true,Perth (PER),https://raw.githubusercontent.com/algolia/datasets/master/airports/airports.json
PES,Petrozavodsk Airport,Petrozavodsk,Russia,61.8852,34.1547,false,Petrozavodsk (PES),https://raw.githubusercontent.com/algolia/datasets/master/airports/airports.json
PET,Pelotas,Pelotas,Brazil,-31.718353,-52.327689,false,Pelotas (PET),https://raw.githubusercontent.com/algolia/datasets/master/airports/airports.json
PEU,Puerto Lempira Airport,Puerto Lempira,Honduras,15.2622,-83.7812,false,Puerto Lempira (PEU),https://raw.githubusercontent.com/algolia/datasets/master/airports/airports.json
PEW,Peshawar Intl,Peshawar,Pakistan,33.993911,71.514581,true,Peshawar (PEW),https://raw.githubusercontent.com/algolia/datasets/master/airports/airports.json
PEZ,Penza Airport,Penza,Russia,53.1106,45.0211,false,Penza (PEZ),https://raw.githubusercontent.com/algolia/datasets/master/airports/airports.json
PFB,Lauro Kurtz,Passo Fundo,Brazil,-28.243989,-52.326558,false,Passo Fundo (PFB),https://raw.githubusercontent.com/algolia/datasets/master/airports/airports.json
PFO,Pafos Intl,Paphos,Cyprus,34.718039,32.485731,true,Paphos (PFO),https://raw.githubusercontent.com/algolia/datasets/master/airports/airports.json
PFQ,Parsabade Moghan Airport,Parsabad,Iran,39.603606,47.8815,false,Parsabad (PFQ),https://raw.githubusercontent.com/algolia/datasets/master/airports/airports.json
PGA,Page Municipal Airport,Page,United States,36.9261,-111.4483,false,Page (PGA),https://raw.githubusercontent.com/algolia/datasets/master/airports/airports.json
PGD,Charlotte County-Punta Gorda Airport,Punta Gorda,United States,26.919722,-81.990556,false,Punta Gorda (PGD),https://raw.githubusercontent.com/algolia/datasets/master/airports/airports.json
PGF,Rivesaltes,Perpignan,France,42.740442,2.870667,false,Perpignan (PGF),https://raw.githubusercontent.com/algolia/datasets/master/airports/airports.json
PGK,Depati Amir,Pangkal Pinang,Indonesia,-2.1622,106.139064,false,Pangkal Pinang (PGK),https://raw.githubusercontent.com/algolia/datasets/master/airports/airports.json
PGU,Persian Gulf Airport,Khalije Fars,Iran,27.379444,52.7375,false,Khalije Fars (PGU),https://raw.githubusercontent.com/algolia/datasets/master/airports/airports.json
PGV,Pitt-Greenville Airport,Greenville,United States,35.635278,-77.385278,false,Greenville (PGV),https://raw.githubusercontent.com/algolia/datasets/master/airports/airports.json
PGX,Bassillac,Perigueux,France,45.198055,0.815556,false,Perigueux (PGX),https://raw.githubusercontent.com/algolia/datasets/master/airports/airports.json
PHC,Port Harcourt Intl,Port Hartcourt,Nigeria,5.015494,6.949594,true,Port Hartcourt (PHC),https://raw.githubusercontent.com/algolia/datasets/master/airports/airports.json
PHE,Port Hedland Intl,Port Hedland,Australia,-20.377778,118.626389,true,Port Hedland (PHE),https://raw.githubusercontent.com/algolia/datasets/master/airports/airports.json
PHF,Newport News Williamsburg Intl,Newport News,United States,37.131894,-76.492989,true,Newport News (PHF),https://raw.githubusercontent.com/algolia/datasets/master/airports/airports.json
PHL,Philadelphia Intl,Philadelphia,United States,39.871944,-75.241139,true,Philadelphia (PHL),https://raw.githubusercontent.com/algolia/datasets/master/airports/airports.json
PHO,Point Hope Airport,Point Hope,United States,68.3488,-166.799,false,Point Hope (PHO),https://raw.githubusercontent.com/algolia/datasets/master/airports/airports.json
PHS,Phitsanulok,Phitsanulok,Thailand,16.782939,100.279122,false,Phitsanulok (PHS),https://raw.githubusercontent.com/algolia/datasets/master/airports/airports.json
PHW,Phalaborwa,Phalaborwa,South Africa,-23.937166,31.15539,false,Phalaborwa (PHW),https://raw.githubusercontent.com/algolia/datasets/master/airports/airports.json
PHX,Phoenix Sky Harbor Intl,Phoenix,United States,33.434278,-112.011583,true,Phoenix (PHX),https://raw.githubusercontent.com/algolia/datasets/master/airports/airports.json
PIA,Peoria Regional,Peoria,United States,40.664203,-89.693258,false,Peoria (PIA),https://raw.githubusercontent.com/algolia/datasets/master/airports/airports.json
PIB,Hattiesburg Laurel Regional Airport,Hattiesburg/Laurel,United States,31.4671,-89.3371,false,Hattiesburg/Laurel (PIB),https://raw.githubusercontent.com/algolia/datasets/master/airports/airports.json
PIE,St Petersburg Clearwater Intl,St. Petersburg,United States,27.910167,-82.687389,true,St. Petersburg (PIE),https://raw.githubusercontent.com/algolia/datasets/master/airports/airports.json
PIH,Pocatello Regional Airport,Pocatello,United States,42.9098,-112.596,false,Pocatello (PIH),https://raw.githubusercontent.com/algolia/datasets/master/airports/airports.json
PIK,Prestwick,Prestwick,United Kingdom,55.509444,-4.586667,false,Prestwick (PIK),https://raw.githubusercontent.com/algolia/datasets/master/airports/airports.json
PIN,Julio Belem Airport,Parintins,Brazil,-2.627778,-56.735833,false,Parintins (PIN),https://raw.githubusercontent.com/algolia/datasets/master/airports/airports.json
PIP,Pilot Point Airport,Pilot Point,United States,57.585393,-157.571944,false,Pilot Point (PIP),https://raw.githubusercontent.com/algolia/datasets/master/airports/airports.json
PIR,Pierre Regional Airport,Pierre,United States,44.3827,-100.286,false,Pierre (PIR),https://raw.githubusercontent.com/algolia/datasets/master/airports/airports.json
PIS,Biard,Poitiers,France,46.587745,0.306666,false,Poitiers (PIS),https://raw.githubusercontent.com/algolia/datasets/master/airports/airports.json
PIT,Pittsburgh Intl,Pittsburgh,United States,40.491467,-80.232872,true,Pittsburgh (PIT),https://raw.githubusercontent.com/algolia/datasets/master/airports/airports.json
PIU,Capitan Fap Guillermo Concha Iberico,Piura,Peru,-5.20575,-80.616444,false,Piura (PIU),https://raw.githubusercontent.com/algolia/datasets/master/airports/airports.json
PIX,Pico,Pico,Portugal,38.554333,-28.441333,false,Pico (PIX),https://raw.githubusercontent.com/algolia/datasets/master/airports/airports.json
PIZ,Point Lay Lrrs,Point Lay,United States,69.732875,-163.005342,false,Point Lay (PIZ),https://raw.githubusercontent.com/algolia/datasets/master/airports/airports.json
PJA,Pajala Airport,Pajala,Sweden,67.2456,23.0689,false,Pajala (PJA),https://raw.githubusercontent.com/algolia/datasets/master/airports/airports.json
PJG,Panjgur,Panjgur,Pakistan,26.954547,64.132517,false,Panjgur (PJG),https://raw.githubusercontent.com/algolia/datasets/master/airports/airports.json
PJM,Puerto Jimenez Airport,Puerto Jimenez,Costa Rica,8.53333,-83.3,false,Puerto Jimenez (PJM),https://raw.githubusercontent.com/algolia/datasets/master/airports/airports.json
PKB,Mid-Ohio Valley Regional Airport,PARKERSBURG,United States,39.3451039,-81.4392031,false,PARKERSBURG (PKB),https://raw.githubusercontent.com/algolia/datasets/master/airports/airports.json
PKC,Yelizovo,Petropavlovsk,Russia,53.167889,158.453669,false,Petropavlovsk (PKC),https://raw.githubusercontent.com/algolia/datasets/master/airports/airports.json
PKE,Parkes Airport,Parkes,Australia,-33.1314,148.239,false,Parkes (PKE),https://raw.githubusercontent.com/algolia/datasets/master/airports/airports.json
PKN,Iskandar,Pangkalan Bun,Indonesia,-2.705197,111.673208,false,Pangkalan Bun (PKN),https://raw.githubusercontent.com/algolia/datasets/master/airports/airports.json
PKR,Pokhara,Pokhara,Nepal,28.200881,83.982056,false,Pokhara (PKR),https://raw.githubusercontent.com/algolia/datasets/master/airports/airports.json
PKU,Sultan Syarif Kasim Ii,Pekanbaru,Indonesia,0.460786,101.444539,false,Pekanbaru (PKU),https://raw.githubusercontent.com/algolia/datasets/master/airports/airports.json
PKY,Tjilik Riwut,Palangkaraya,Indonesia,-2.225128,113.942661,false,Palangkaraya (PKY),https://raw.githubusercontent.com/algolia/datasets/master/airports/airports.json
PKZ,Pakse,Pakse,Laos,15.132053,105.781417,false,Pakse (PKZ),https://raw.githubusercontent.com/algolia/datasets/master/airports/airports.json
PLJ,Placencia Airport,Placencia,Belize,16.536944,-88.361667,false,Placencia (PLJ),https://raw.githubusercontent.com/algolia/datasets/master/airports/airports.json
PLM,Sultan Mahmud Badaruddin Ii,Palembang,Indonesia,-2.89825,104.699903,false,Palembang (PLM),https://raw.githubusercontent.com/algolia/datasets/master/airports/airports.json
PLN,Pellston Regional Airport of Emmet County Airport,Pellston,United States,45.5709,-84.7967,false,Pellston (PLN),https://raw.githubusercontent.com/algolia/datasets/master/airports/airports.json
PLO,Port Lincoln Airport,Port Lincoln,Australia,-34.6053,135.88,false,Port Lincoln (PLO),https://raw.githubusercontent.com/algolia/datasets/master/airports/airports.json
PLQ,Palanga Intl,Palanga,Lithuania,55.973228,21.093856,true,Palanga (PLQ),https://raw.githubusercontent.com/algolia/datasets/master/airports/airports.json
PLS,Providenciales,Providenciales,Turks and Caicos Islands,21.773625,-72.265886,false,Providenciales (PLS),https://raw.githubusercontent.com/algolia/datasets/master/airports/airports.json
PLU,Pampulha Carlos Drummond De Andrade,Belo Horizonte,Brazil,-19.851181,-43.950628,false,Belo Horizonte (PLU),https://raw.githubusercontent.com/algolia/datasets/master/airports/airports.json
PLW,Mutiara,Palu,Indonesia,-0.918542,119.909642,false,Palu (PLW),https://raw.githubusercontent.com/algolia/datasets/master/airports/airports.json
PLX,Semipalatinsk,Semiplatinsk,Kazakhstan,50.3513,80.2344,false,Semiplatinsk (PLX),https://raw.githubusercontent.com/algolia/datasets/master/airports/airports.json
PLZ,Port Elizabeth Intl,Port Elizabeth,South Africa,-33.984919,25.617275,true,Port Elizabeth (PLZ),https://raw.githubusercontent.com/algolia/datasets/master/airports/airports.json
PMC,El Tepual Intl,Puerto Montt,Chile,-41.438886,-73.093953,true,Puerto Montt (PMC),https://raw.githubusercontent.com/algolia/datasets/master/airports/airports.json
PMF,Parma,Parma,Italy,44.824483,10.296367,false,Parma (PMF),https://raw.githubusercontent.com/algolia/datasets/master/airports/airports.json
PMI,Son Sant Joan,Palma de Mallorca,Spain,39.55361,2.727778,false,Palma de Mallorca (PMI),https://raw.githubusercontent.com/algolia/datasets/master/airports/airports.json
PMO,Palermo,Palermo,Italy,38.175958,13.091019,false,Palermo (PMO),https://raw.githubusercontent.com/algolia/datasets/master/airports/airports.json
PMR,Palmerston North,Palmerston North,New Zealand,-40.320556,175.616944,false,Palmerston North (PMR),https://raw.githubusercontent.com/algolia/datasets/master/airports/airports.json
PMV,Del Caribe Intl Gen Santiago Marino,Porlamar,Venezuela,10.912926,-63.967581,true,Porlamar (PMV),https://raw.githubusercontent.com/algolia/datasets/master/airports/airports.json
PMW,Palmas,Palmas,Brazil,-10.241667,-48.35278,false,Palmas (PMW),https://raw.githubusercontent.com/algolia/datasets/master/airports/airports.json
PMY,El Tehuelche,Puerto Madryn,Argentina,-42.759161,-65.102725,false,Puerto Madryn (PMY),https://raw.githubusercontent.com/algolia/datasets/master/airports/airports.json
PMZ,Palmar Sur,Palmar Sur,Costa Rica,8.951025,-83.468583,false,Palmar Sur (PMZ),https://raw.githubusercontent.com/algolia/datasets/master/airports/airports.json
PNA,Pamplona,Pamplona,Spain,42.770039,-1.646331,false,Pamplona (PNA),https://raw.githubusercontent.com/algolia/datasets/master/airports/airports.json
PND,Punta Gorda Airport,Punta Gorda,Belize,16.1024,-88.8083,false,Punta Gorda (PND),https://raw.githubusercontent.com/algolia/datasets/master/airports/airports.json
PNH,Phnom Penh Intl,Phnom-penh,Cambodia,11.546556,104.844139,true,Phnom-penh (PNH),https://raw.githubusercontent.com/algolia/datasets/master/airports/airports.json
PNI,Pohnpei Intl,Pohnpei,Micronesia,6.9851,158.208989,true,Pohnpei (PNI),https://raw.githubusercontent.com/algolia/datasets/master/airports/airports.json
PNK,Supadio,Pontianak,Indonesia,-0.150711,109.403892,false,Pontianak (PNK),https://raw.githubusercontent.com/algolia/datasets/master/airports/airports.json
PNL,Pantelleria,Pantelleria,Italy,36.816519,11.968864,false,Pantelleria (PNL),https://raw.githubusercontent.com/algolia/datasets/master/airports/airports.json
PNP,Girua Airport,Girua,Papua New Guinea,-8.80454,148.309,false,Girua (PNP),https://raw.githubusercontent.com/algolia/datasets/master/airports/airports.json
PNQ,Pune,Pune,India,18.582111,73.919697,false,Pune (PNQ),https://raw.githubusercontent.com/algolia/datasets/master/airports/airports.json
PNR,Pointe Noire,Pointe-noire,Congo (Brazzaville),-4.816028,11.886597,false,Pointe-noire (PNR),https://raw.githubusercontent.com/algolia/datasets/master/airports/airports.json
PNS,Pensacola Rgnl,Pensacola,United States,30.473425,-87.186611,false,Pensacola (PNS),https://raw.githubusercontent.com/algolia/datasets/master/airports/airports.json
PNZ,Senador Nilo Coelho,Petrolina,Brazil,-9.362411,-40.569097,false,Petrolina (PNZ),https://raw.githubusercontent.com/algolia/datasets/master/airports/airports.json
POA,Salgado Filho,Porto Alegre,Brazil,-29.994428,-51.171428,false,Porto Alegre (POA),https://raw.githubusercontent.com/algolia/datasets/master/airports/airports.json
POG,Port Gentil,Port Gentil,Gabon,-0.711739,8.754383,false,Port Gentil (POG),https://raw.githubusercontent.com/algolia/datasets/master/airports/airports.json
POI,Capitan Nicolas Rojas,Potosi,Bolivia,-19.543069,-65.723706,false,Potosi (POI),https://raw.githubusercontent.com/algolia/datasets/master/airports/airports.json
POJ,Patos de Minas Airport,Patos de Minas,Brazil,-18.672778,-46.491111,false,Patos de Minas (POJ),https://raw.githubusercontent.com/algolia/datasets/master/airports/airports.json
POL,Pemba,Pemba,Mozambique,-12.986753,40.522492,false,Pemba (POL),https://raw.githubusercontent.com/algolia/datasets/master/airports/airports.json
POM,Port Moresby Jacksons Intl,Port Moresby,Papua New Guinea,-9.443383,147.22005,true,Port Moresby (POM),https://raw.githubusercontent.com/algolia/datasets/master/airports/airports.json
POP,Gregorio Luperon Intl,Puerto Plata,Dominican Republic,19.7579,-70.570033,true,Puerto Plata (POP),https://raw.githubusercontent.com/algolia/datasets/master/airports/airports.json
POR,Pori,Pori,Finland,61.461686,21.799983,false,Pori (POR),https://raw.githubusercontent.com/algolia/datasets/master/airports/airports.json
POS,Piarco,Port-of-spain,Trinidad and Tobago,10.595369,-61.337242,false,Port-of-spain (POS),https://raw.githubusercontent.com/algolia/datasets/master/airports/airports.json
POZ,Lawica,Poznan,Poland,52.421031,16.826325,false,Poznan (POZ),https://raw.githubusercontent.com/algolia/datasets/master/airports/airports.json
PPB,Presidente Prudente,President Prudente,Brazil,-22.175056,-51.424639,false,President Prudente (PPB),https://raw.githubusercontent.com/algolia/datasets/master/airports/airports.json
PPG,Pago Pago Intl,Pago Pago,American Samoa,-14.331,-170.7105,true,Pago Pago (PPG),https://raw.githubusercontent.com/algolia/datasets/master/airports/airports.json
PPK,Petropavlosk South Airport,Petropavlosk,Kazakhstan,54.7747,69.1839,false,Petropavlosk (PPK),https://raw.githubusercontent.com/algolia/datasets/master/airports/airports.json
PPN,Guillermo Leon Valencia,Popayan,Colombia,2.4544,-76.609319,false,Popayan (PPN),https://raw.githubusercontent.com/algolia/datasets/master/airports/airports.json
PPP,Proserpine Whitsunday Coast,Prosserpine,Australia,-20.495,148.552222,false,Prosserpine (PPP),https://raw.githubusercontent.com/algolia/datasets/master/airports/airports.json
PPQ,Paraparaumu,Paraparaumu,New Zealand,-40.904722,174.989167,false,Paraparaumu (PPQ),https://raw.githubusercontent.com/algolia/datasets/master/airports/airports.json
PPS,Puerto Princesa,Puerto Princesa,Philippines,9.742119,118.758731,false,Puerto Princesa (PPS),https://raw.githubusercontent.com/algolia/datasets/master/airports/airports.json
PPT,Faa\\'a International,Papeete,French Polynesia,-17.556667,-149.611389,true,Papeete (PPT),https://raw.githubusercontent.com/algolia/datasets/master/airports/airports.json
PPV,Port Protection Seaplane Base,Port Protection,United States,56.328889,-133.61,false,Port Protection (PPV),https://raw.githubusercontent.com/algolia/datasets/master/airports/airports.json
PPW,Papa Westray Airport,Papa Westray,United Kingdom,59.3517,-2.90028,false,Papa Westray (PPW),https://raw.githubusercontent.com/algolia/datasets/master/airports/airports.json
PQC,Duong Dong Airport,Phu Quoc,Vietnam,10.227025,103.967169,false,Phu Quoc (PQC),https://raw.githubusercontent.com/algolia/datasets/master/airports/airports.json
PQI,Northern Maine Rgnl At Presque Isle,Presque Isle,United States,46.688958,-68.044797,false,Presque Isle (PQI),https://raw.githubusercontent.com/algolia/datasets/master/airports/airports.json
PQQ,Port Macquarie Airport,Port Macquarie,Australia,-31.4358,152.863,false,Port Macquarie (PQQ),https://raw.githubusercontent.com/algolia/datasets/master/airports/airports.json
PQS,Pilot Station Airport,Pilot Station,United States,61.934444,-162.899444,false,Pilot Station (PQS),https://raw.githubusercontent.com/algolia/datasets/master/airports/airports.json
PRA,General Urquiza,Parana,Argentina,-31.794778,-60.480361,false,Parana (PRA),https://raw.githubusercontent.com/algolia/datasets/master/airports/airports.json
PRC,Ernest A Love Fld,Prescott,United States,34.654472,-112.419583,false,Prescott (PRC),https://raw.githubusercontent.com/algolia/datasets/master/airports/airports.json
PRG,Ruzyne,Prague,Czech Republic,50.100833,14.26,false,Prague (PRG),https://raw.githubusercontent.com/algolia/datasets/master/airports/airports.json
PRH,Phrae,Phrae,Thailand,18.132169,100.164664,false,Phrae (PRH),https://raw.githubusercontent.com/algolia/datasets/master/airports/airports.json
PRI,Praslin,Praslin,Seychelles,-4.319292,55.691417,false,Praslin (PRI),https://raw.githubusercontent.com/algolia/datasets/master/airports/airports.json
PRN,Pristina,Pristina,Serbia,42.572778,21.035833,false,Pristina (PRN),https://raw.githubusercontent.com/algolia/datasets/master/airports/airports.json
PSA,Pisa,Pisa,Italy,43.683917,10.39275,false,Pisa (PSA),https://raw.githubusercontent.com/algolia/datasets/master/airports/airports.json
PSC,Tri Cities Airport,Pasco,United States,46.2647,-119.119,false,Pasco (PSC),https://raw.githubusercontent.com/algolia/datasets/master/airports/airports.json
PSE,Mercedita,Ponce,Puerto Rico,18.008306,-66.563028,false,Ponce (PSE),https://raw.githubusercontent.com/algolia/datasets/master/airports/airports.json
PSG,Petersburg James A. Johnson,Petersburg,United States,56.801667,-132.945278,false,Petersburg (PSG),https://raw.githubusercontent.com/algolia/datasets/master/airports/airports.json
PSJ,Kasiguncu,Poso,Indonesia,-1.416753,120.657669,false,Poso (PSJ),https://raw.githubusercontent.com/algolia/datasets/master/airports/airports.json
PSM,Pease International Tradeport,Portsmouth,United States,43.0779,-70.8233,true,Portsmouth (PSM),https://raw.githubusercontent.com/algolia/datasets/master/airports/airports.json
PSO,Antonio Narino,Pasto,Colombia,1.396247,-77.291478,false,Pasto (PSO),https://raw.githubusercontent.com/algolia/datasets/master/airports/airports.json
PSP,Palm Springs Intl,Palm Springs,United States,33.829667,-116.506694,true,Palm Springs (PSP),https://raw.githubusercontent.com/algolia/datasets/master/airports/airports.json
PSR,Pescara,Pescara,Italy,42.431656,14.181067,false,Pescara (PSR),https://raw.githubusercontent.com/algolia/datasets/master/airports/airports.json
PSS,Posadas,Posadas,Argentina,-27.385839,-55.970728,false,Posadas (PSS),https://raw.githubusercontent.com/algolia/datasets/master/airports/airports.json
PTG,Polokwane International,Polokwane,South Africa,-23.926089,29.484422,true,Polokwane (PTG),https://raw.githubusercontent.com/algolia/datasets/master/airports/airports.json
PTH,Port Heiden Airport,Port Heiden,United States,56.9591,-158.633,false,Port Heiden (PTH),https://raw.githubusercontent.com/algolia/datasets/master/airports/airports.json
PTJ,Portland Airport,Portland,Australia,-38.3181,141.471,false,Portland (PTJ),https://raw.githubusercontent.com/algolia/datasets/master/airports/airports.json
PTP,Le Raizet,Pointe-a-pitre,Guadeloupe,16.265306,-61.531806,false,Pointe-a-pitre (PTP),https://raw.githubusercontent.com/algolia/datasets/master/airports/airports.json
PTU,Platinum,Port Moller,United States,59.011356,-161.819664,false,Port Moller (PTU),https://raw.githubusercontent.com/algolia/datasets/master/airports/airports.json
PTY,Tocumen Intl,Panama City,Panama,9.071364,-79.383453,true,Panama City (PTY),https://raw.githubusercontent.com/algolia/datasets/master/airports/airports.json
PUB,Pueblo Memorial,Pueblo,United States,38.289085,-104.496572,false,Pueblo (PUB),https://raw.githubusercontent.com/algolia/datasets/master/airports/airports.json
PUE,Puerto Obaldia,Puerto Obaldia,Panama,8.68333,-77.5333,false,Puerto Obaldia (PUE),https://raw.githubusercontent.com/algolia/datasets/master/airports/airports.json
PUF,Pau Pyrenees,Pau,France,43.38,-0.418611,false,Pau (PUF),https://raw.githubusercontent.com/algolia/datasets/master/airports/airports.json
PUG,Port Augusta Airport,Argyle,Australia,-32.506944,137.716667,false,Argyle (PUG),https://raw.githubusercontent.com/algolia/datasets/master/airports/airports.json
PUJ,Punta Cana Intl,Punta Cana,Dominican Republic,18.567367,-68.363431,true,Punta Cana (PUJ),https://raw.githubusercontent.com/algolia/datasets/master/airports/airports.json
PUM,Pomalaa,Pomalaa,Indonesia,-4.183333,121.61667,false,Pomalaa (PUM),https://raw.githubusercontent.com/algolia/datasets/master/airports/airports.json
PUQ,Carlos Ibanez Del Campo Intl,Punta Arenas,Chile,-53.002642,-70.854586,true,Punta Arenas (PUQ),https://raw.githubusercontent.com/algolia/datasets/master/airports/airports.json
PUS,Gimhae Intl,Busan,South Korea,35.179528,128.938222,true,Busan (PUS),https://raw.githubusercontent.com/algolia/datasets/master/airports/airports.json
PUU,Tres De Mayo,Puerto Asis,Colombia,0.505228,-76.500836,false,Puerto Asis (PUU),https://raw.githubusercontent.com/algolia/datasets/master/airports/airports.json
PUW,Pullman-Moscow Rgnl,Pullman,United States,46.743861,-117.109583,false,Pullman (PUW),https://raw.githubusercontent.com/algolia/datasets/master/airports/airports.json
PUY,Pula,Pula,Croatia,44.893533,13.922192,false,Pula (PUY),https://raw.githubusercontent.com/algolia/datasets/master/airports/airports.json
PVA,El Embrujo,Providencia,Colombia,13.356944,-81.35833,false,Providencia (PVA),https://raw.githubusercontent.com/algolia/datasets/master/airports/airports.json
PVC,Provincetown Muni,Provincetown,United States,42.071945,-70.22139,false,Provincetown (PVC),https://raw.githubusercontent.com/algolia/datasets/master/airports/airports.json
PVD,Theodore Francis Green State,Providence,United States,41.732581,-71.420383,false,Providence (PVD),https://raw.githubusercontent.com/algolia/datasets/master/airports/airports.json
PVE,El Porvenir,El Porvenir,Panama,9.559167,-78.971111,false,El Porvenir (PVE),https://raw.githubusercontent.com/algolia/datasets/master/airports/airports.json
PVG,Pudong,Shanghai,China,31.143378,121.805214,false,Shanghai (PVG),https://raw.githubusercontent.com/algolia/datasets/master/airports/airports.json
PVH,Governador Jorge Teixeira De Oliveira,Porto Velho,Brazil,-8.709294,-63.902281,false,Porto Velho (PVH),https://raw.githubusercontent.com/algolia/datasets/master/airports/airports.json
PVK,Aktio,Preveza,Greece,38.925467,20.765311,false,Preveza (PVK),https://raw.githubusercontent.com/algolia/datasets/master/airports/airports.json
PVR,Licenciado Gustavo Diaz Ordaz Intl,Puerto Vallarta,Mexico,20.680083,-105.254167,true,Puerto Vallarta (PVR),https://raw.githubusercontent.com/algolia/datasets/master/airports/airports.json
PVU,Provo Municipal Airport,Provo,United States,40.21805555,-111.72222222,false,Provo (PVU),https://raw.githubusercontent.com/algolia/datasets/master/airports/airports.json
PWE,Pevek,Pevek,Russia,69.783283,170.597006,false,Pevek (PWE),https://raw.githubusercontent.com/algolia/datasets/master/airports/airports.json
PWM,Portland Intl Jetport,Portland,United States,43.646161,-70.309281,true,Portland (PWM),https://raw.githubusercontent.com/algolia/datasets/master/airports/airports.json
PWQ,Pavlodar,Pavlodar,Kazakhstan,52.195,77.073889,false,Pavlodar (PWQ),https://raw.githubusercontent.com/algolia/datasets/master/airports/airports.json
PXM,Puerto Escondido Intl,Puerto Escondido,Mexico,15.876861,-97.089117,true,Puerto Escondido (PXM),https://raw.githubusercontent.com/algolia/datasets/master/airports/airports.json
PXO,Porto Santo,Porto Santo,Portugal,33.073386,-16.349975,false,Porto Santo (PXO),https://raw.githubusercontent.com/algolia/datasets/master/airports/airports.json
PXU,Pleiku Airport,Pleiku,Vietnam,14.004522,108.017158,false,Pleiku (PXU),https://raw.githubusercontent.com/algolia/datasets/master/airports/airports.json
PYC,Playon Chico,Playon Chico,Panama,9.303333,-78.236111,false,Playon Chico (PYC),https://raw.githubusercontent.com/algolia/datasets/master/airports/airports.json
PYH,Casique Aramare,Puerto Ayacucho,Venezuela,5.619992,-67.606103,false,Puerto Ayacucho (PYH),https://raw.githubusercontent.com/algolia/datasets/master/airports/airports.json
PYJ,Poliarny Airport,Yakutia,Russia,66.400431,112.030325,false,Yakutia (PYJ),https://raw.githubusercontent.com/algolia/datasets/master/airports/airports.json
PYY,Pai,Pai,Thailand,19.372,98.437,false,Pai (PYY),https://raw.githubusercontent.com/algolia/datasets/master/airports/airports.json
PZB,Pietermaritzburg,Pietermaritzburg,South Africa,-29.648975,30.398667,false,Pietermaritzburg (PZB),https://raw.githubusercontent.com/algolia/datasets/master/airports/airports.json
PZH,Zhob,Zhob,Pakistan,31.358381,69.463606,false,Zhob (PZH),https://raw.githubusercontent.com/algolia/datasets/master/airports/airports.json
PZI,Panzhihua,Panzhihua,China,26.54,101.799,false,Panzhihua (PZI),https://raw.githubusercontent.com/algolia/datasets/master/airports/airports.json
PZO,General Manuel Carlos Piar,Guayana,Venezuela,8.288528,-62.760361,false,Guayana (PZO),https://raw.githubusercontent.com/algolia/datasets/master/airports/airports.json
PZU,Port Sudan New International Airport,Port Sudan,Sudan,19.4336,37.2341,true,Port Sudan (PZU),https://raw.githubusercontent.com/algolia/datasets/master/airports/airports.json
QBC,Bella Coola Airport,Bella Coola,Canada,52.3875,-126.596,false,Bella Coola (QBC),https://raw.githubusercontent.com/algolia/datasets/master/airports/airports.json
QOW,Imo Airport,Imo,Nigeria,5.42706,7.20603,false,Imo (QOW),https://raw.githubusercontent.com/algolia/datasets/master/airports/airports.json
QRO,Queretaro Intercontinental,Queretaro,Mexico,20.617289,-100.185658,false,Queretaro (QRO),https://raw.githubusercontent.com/algolia/datasets/master/airports/airports.json
QRW,Warri Airport,Osubi,Nigeria,5.31,5.45,false,Osubi (QRW),https://raw.githubusercontent.com/algolia/datasets/master/airports/airports.json
QSF,Ain Arnat Airport,Setif,Algeria,36.1781,5.32449,false,Setif (QSF),https://raw.githubusercontent.com/algolia/datasets/master/airports/airports.json
QUB,Ubari Airport,Ubari,Libya,26.5675,12.8231,false,Ubari (QUB),https://raw.githubusercontent.com/algolia/datasets/master/airports/airports.json
RAB,Tokua Airport,Tokua,Papua New Guinea,-4.34046,152.38,false,Tokua (RAB),https://raw.githubusercontent.com/algolia/datasets/master/airports/airports.json
RAE,Arar,Arar,Saudi Arabia,30.906589,41.138217,false,Arar (RAE),https://raw.githubusercontent.com/algolia/datasets/master/airports/airports.json
RAH,Rafha,Rafha,Saudi Arabia,29.626419,43.490614,false,Rafha (RAH),https://raw.githubusercontent.com/algolia/datasets/master/airports/airports.json
RAI,Praia International Airport,Praia,Santiago Island,0,14.9245,true,Praia (RAI),https://raw.githubusercontent.com/algolia/datasets/master/airports/airports.json
RAJ,Rajkot,Rajkot,India,22.309183,70.779525,false,Rajkot (RAJ),https://raw.githubusercontent.com/algolia/datasets/master/airports/airports.json
RAK,Menara,Marrakech,Morocco,31.606886,-8.0363,false,Marrakech (RAK),https://raw.githubusercontent.com/algolia/datasets/master/airports/airports.json
RAO,Leite Lopes,Ribeirao Preto,Brazil,-21.134167,-47.774189,false,Ribeirao Preto (RAO),https://raw.githubusercontent.com/algolia/datasets/master/airports/airports.json
RAP,Rapid City Regional Airport,Rapid City,United States,44.045278,-103.057222,false,Rapid City (RAP),https://raw.githubusercontent.com/algolia/datasets/master/airports/airports.json
RAR,Rarotonga Intl,Avarua,Cook Islands,-21.202739,-159.805556,true,Avarua (RAR),https://raw.githubusercontent.com/algolia/datasets/master/airports/airports.json
RAS,Rasht,Rasht,Iran,37.325314,49.605817,false,Rasht (RAS),https://raw.githubusercontent.com/algolia/datasets/master/airports/airports.json
RBA,Sale,Rabat,Morocco,34.051467,-6.751519,false,Rabat (RBA),https://raw.githubusercontent.com/algolia/datasets/master/airports/airports.json
RBQ,Rurrenabaque Airport,Rerrenabaque,Bolivia,-14.4275,-67.498056,false,Rerrenabaque (RBQ),https://raw.githubusercontent.com/algolia/datasets/master/airports/airports.json
RBR,PlÃ¡cido de Castro,Rio Branco,Brazil,-9.583,-67.4836,false,Rio Branco (RBR),https://raw.githubusercontent.com/algolia/datasets/master/airports/airports.json
RBV,Ramata Airport,Ramata,Solomon Islands,-8.16806,157.643,false,Ramata (RBV),https://raw.githubusercontent.com/algolia/datasets/master/airports/airports.json
RBY,Ruby Airport,Ruby,United States,64.7272,-155.47,false,Ruby (RBY),https://raw.githubusercontent.com/algolia/datasets/master/airports/airports.json
RCB,Richards Bay,Richard's Bay,South Africa,-28.741039,32.092111,false,Richard's Bay (RCB),https://raw.githubusercontent.com/algolia/datasets/master/airports/airports.json
RCE,Roche Harbor Seaplane Base,Roche Harbor,United States,48.608056,-123.159722,false,Roche Harbor (RCE),https://raw.githubusercontent.com/algolia/datasets/master/airports/airports.json
RCH,Almirante Padilla,Rio Hacha,Colombia,11.526222,-72.925958,false,Rio Hacha (RCH),https://raw.githubusercontent.com/algolia/datasets/master/airports/airports.json
RCM,Richmond,Richmond,Australia,-33.600556,150.780833,false,Richmond (RCM),https://raw.githubusercontent.com/algolia/datasets/master/airports/airports.json
RDC,Redencao Airport,Redencao,Brazil,-8.033333,-49.98,false,Redencao (RDC),https://raw.githubusercontent.com/algolia/datasets/master/airports/airports.json
RDD,Redding Muni,Redding,United States,40.509,-122.293389,false,Redding (RDD),https://raw.githubusercontent.com/algolia/datasets/master/airports/airports.json
RDM,Roberts Fld,Redmond-Bend,United States,44.254066,-121.149964,false,Redmond-Bend (RDM),https://raw.githubusercontent.com/algolia/datasets/master/airports/airports.json
RDN,Redang,Redang,Malaysia,5.76528,103.007,false,Redang (RDN),https://raw.githubusercontent.com/algolia/datasets/master/airports/airports.json
RDU,Raleigh Durham Intl,Raleigh-durham,United States,35.877639,-78.787472,true,Raleigh-durham (RDU),https://raw.githubusercontent.com/algolia/datasets/master/airports/airports.json
RDV,Red Devil Airport,Red Devil,United States,61.788056,-157.350278,false,Red Devil (RDV),https://raw.githubusercontent.com/algolia/datasets/master/airports/airports.json
RDZ,Marcillac,Rodez,France,44.407869,2.482672,false,Rodez (RDZ),https://raw.githubusercontent.com/algolia/datasets/master/airports/airports.json
REC,Guararapes Gilberto Freyre Intl,Recife,Brazil,-8.126794,-34.923039,true,Recife (REC),https://raw.githubusercontent.com/algolia/datasets/master/airports/airports.json
REG,Reggio Calabria,Reggio Calabria,Italy,38.071206,15.651556,false,Reggio Calabria (REG),https://raw.githubusercontent.com/algolia/datasets/master/airports/airports.json
REL,Almirante Zar,Trelew,Argentina,-43.2105,-65.270319,false,Trelew (REL),https://raw.githubusercontent.com/algolia/datasets/master/airports/airports.json
REN,Orenburg,Orenburg,Russia,51.795786,55.456744,false,Orenburg (REN),https://raw.githubusercontent.com/algolia/datasets/master/airports/airports.json
REP,Siem Reap,Siem-reap,Cambodia,13.410666,103.81284,false,Siem-reap (REP),https://raw.githubusercontent.com/algolia/datasets/master/airports/airports.json
RES,Resistencia,Resistencia,Argentina,-27.449986,-59.056125,false,Resistencia (RES),https://raw.githubusercontent.com/algolia/datasets/master/airports/airports.json
RET,Røst Airport,Røst,Norway,67.5278,12.1033,false,Røst (RET),https://raw.githubusercontent.com/algolia/datasets/master/airports/airports.json
REU,Reus,Reus,Spain,41.147392,1.167172,false,Reus (REU),https://raw.githubusercontent.com/algolia/datasets/master/airports/airports.json
REX,General Lucio Blanco Intl,Reynosa,Mexico,26.008908,-98.228513,true,Reynosa (REX),https://raw.githubusercontent.com/algolia/datasets/master/airports/airports.json
RFD,Chicago Rockford International Airport,Rockford,United States,42.1953611,-89.0972222,true,Rockford (RFD),https://raw.githubusercontent.com/algolia/datasets/master/airports/airports.json
RFP,Raiatea,Raiatea Island,French Polynesia,-16.722861,-151.465856,false,Raiatea Island (RFP),https://raw.githubusercontent.com/algolia/datasets/master/airports/airports.json
RGA,Rio Grande,Rio Grande,Argentina,-53.777667,-67.749389,false,Rio Grande (RGA),https://raw.githubusercontent.com/algolia/datasets/master/airports/airports.json
RGI,Rangiroa,Rangiroa,French Polynesia,-14.954283,-147.6608,false,Rangiroa (RGI),https://raw.githubusercontent.com/algolia/datasets/master/airports/airports.json
RGK,Gorno-Altaysk Airport,Gorno-Altaysk,Russia,51.966667,85.833333,false,Gorno-Altaysk (RGK),https://raw.githubusercontent.com/algolia/datasets/master/airports/airports.json
RGL,Rio Gallegos,Rio Gallegos,Argentina,-51.608875,-69.312636,false,Rio Gallegos (RGL),https://raw.githubusercontent.com/algolia/datasets/master/airports/airports.json
RGN,Yangon Intl,Yangon,Burma,16.907305,96.133222,true,Yangon (RGN),https://raw.githubusercontent.com/algolia/datasets/master/airports/airports.json
RGS,Burgos Airport,Burgos,Spain,42.357628,-3.620764,false,Burgos (RGS),https://raw.githubusercontent.com/algolia/datasets/master/airports/airports.json
RHD,Termal,Rio Hondo,Argentina,-27.509946,-64.936666,false,Rio Hondo (RHD),https://raw.githubusercontent.com/algolia/datasets/master/airports/airports.json
RHI,Rhinelander Oneida County Airport,Rhinelander,United States,45.6312,-89.4675,false,Rhinelander (RHI),https://raw.githubusercontent.com/algolia/datasets/master/airports/airports.json
RHO,Rhodes Diagoras,Rhodos,Greece,36.405419,28.086192,false,Rhodos (RHO),https://raw.githubusercontent.com/algolia/datasets/master/airports/airports.json
RIA,Santa Maria Airport,Santa Maria,Brazil,-29.711358,-53.688153,false,Santa Maria (RIA),https://raw.githubusercontent.com/algolia/datasets/master/airports/airports.json
RIB,Capitán Av. Selin Zeitun Lopez Airport,Riberalta,Bolivia,-11,-66,false,Riberalta (RIB),https://raw.githubusercontent.com/algolia/datasets/master/airports/airports.json
RIC,Richmond Intl,Richmond,United States,37.505167,-77.319667,true,Richmond (RIC),https://raw.githubusercontent.com/algolia/datasets/master/airports/airports.json
RIG,Rio Grande,Rio Grande,Brazil,-32.082617,-52.166542,false,Rio Grande (RIG),https://raw.githubusercontent.com/algolia/datasets/master/airports/airports.json
RIW,Riverton Regional,Riverton WY,United States,43.064167,-108.459722,false,Riverton WY (RIW),https://raw.githubusercontent.com/algolia/datasets/master/airports/airports.json
RIX,Riga Intl,Riga,Latvia,56.923611,23.971111,true,Riga (RIX),https://raw.githubusercontent.com/algolia/datasets/master/airports/airports.json
RIY,Riyan,Mukalla,Yemen,14.662639,49.375028,false,Mukalla (RIY),https://raw.githubusercontent.com/algolia/datasets/master/airports/airports.json
RJA,Rajahmundry,Rajahmundry,India,17.110361,81.818208,false,Rajahmundry (RJA),https://raw.githubusercontent.com/algolia/datasets/master/airports/airports.json
RJH,Shah Mokhdum,Rajshahi,Bangladesh,24.437219,88.616511,false,Rajshahi (RJH),https://raw.githubusercontent.com/algolia/datasets/master/airports/airports.json
RJK,Rijeka,Rijeka,Croatia,45.216889,14.570267,false,Rijeka (RJK),https://raw.githubusercontent.com/algolia/datasets/master/airports/airports.json
RJL,Logroño-Agoncillo Airport,Logroño-Agoncillo,Spain,42.4542,-2.32083,false,Logroño-Agoncillo (RJL),https://raw.githubusercontent.com/algolia/datasets/master/airports/airports.json
RKD,Knox County Regional Airport,Rockland,United States,44.0601111,-69.0992303,false,Rockland (RKD),https://raw.githubusercontent.com/algolia/datasets/master/airports/airports.json
RKS,Rock Springs Sweetwater County Airport,Rock Springs,United States,41.5942,-109.065,false,Rock Springs (RKS),https://raw.githubusercontent.com/algolia/datasets/master/airports/airports.json
RKV,Reykjavik,Reykjavik,Iceland,64.13,-21.940556,false,Reykjavik (RKV),https://raw.githubusercontent.com/algolia/datasets/master/airports/airports.json
RLG,Laage,Laage,Germany,53.918167,12.278333,false,Laage (RLG),https://raw.githubusercontent.com/algolia/datasets/master/airports/airports.json
RLK,Bayannur,Bayannur,China,40.926389,107.738889,false,Bayannur (RLK),https://raw.githubusercontent.com/algolia/datasets/master/airports/airports.json
RMA,Roma Airport,Roma,Australia,-26.545,148.775,false,Roma (RMA),https://raw.githubusercontent.com/algolia/datasets/master/airports/airports.json
RMF,Marsa Alam Intl,Marsa Alam,Egypt,25.557111,34.583711,true,Marsa Alam (RMF),https://raw.githubusercontent.com/algolia/datasets/master/airports/airports.json
RMI,Rimini,Rimini,Italy,44.020292,12.611747,false,Rimini (RMI),https://raw.githubusercontent.com/algolia/datasets/master/airports/airports.json
RMP,Rampart Airport,Rampart,United States,65.507778,-150.140833,false,Rampart (RMP),https://raw.githubusercontent.com/algolia/datasets/master/airports/airports.json
RMQ,Ching Chuang Kang,Taichung,Taiwan,24.264668,120.62058,false,Taichung (RMQ),https://raw.githubusercontent.com/algolia/datasets/master/airports/airports.json
RMT,Rimatara,Rimatara,French Polynesia,-22.637253,-152.805192,false,Rimatara (RMT),https://raw.githubusercontent.com/algolia/datasets/master/airports/airports.json
RNA,Ulawa Airport,Ulawa,Solomon Islands,-9.854722,161.979167,false,Ulawa (RNA),https://raw.githubusercontent.com/algolia/datasets/master/airports/airports.json
RNB,Ronneby,Ronneby,Sweden,56.266667,15.265,false,Ronneby (RNB),https://raw.githubusercontent.com/algolia/datasets/master/airports/airports.json
RNL,Rennell/Tingoa Airport,Rennell Island,Solomon Islands,-11.5339,160.063,false,Rennell Island (RNL),https://raw.githubusercontent.com/algolia/datasets/master/airports/airports.json
RNN,Bornholm Ronne,Ronne,Denmark,55.063267,14.759558,false,Ronne (RNN),https://raw.githubusercontent.com/algolia/datasets/master/airports/airports.json
RNO,Reno Tahoe Intl,Reno,United States,39.499108,-119.768108,true,Reno (RNO),https://raw.githubusercontent.com/algolia/datasets/master/airports/airports.json
RNS,St Jacques,Rennes,France,48.069508,-1.734794,false,Rennes (RNS),https://raw.githubusercontent.com/algolia/datasets/master/airports/airports.json
ROA,Roanoke Regional,Roanoke VA,United States,37.325472,-79.975417,false,Roanoke VA (ROA),https://raw.githubusercontent.com/algolia/datasets/master/airports/airports.json
ROB,Monrovia Roberts Intl,Monrovia,Liberia,6.233789,-10.362311,true,Monrovia (ROB),https://raw.githubusercontent.com/algolia/datasets/master/airports/airports.json
ROC,Greater Rochester Intl,Rochester,United States,43.118866,-77.672389,true,Rochester (ROC),https://raw.githubusercontent.com/algolia/datasets/master/airports/airports.json
ROI,Roi Et,Roi Et,Thailand,16.116761,103.773797,false,Roi Et (ROI),https://raw.githubusercontent.com/algolia/datasets/master/airports/airports.json
ROK,Rockhampton,Rockhampton,Australia,-23.381944,150.475278,false,Rockhampton (ROK),https://raw.githubusercontent.com/algolia/datasets/master/airports/airports.json
ROO,Rondonopolis Airport,Rondonopolis,Brazil,-16.466667,-54.633333,false,Rondonopolis (ROO),https://raw.githubusercontent.com/algolia/datasets/master/airports/airports.json
ROP,Rota Intl,Rota,Northern Mariana Islands,14.174308,145.242536,true,Rota (ROP),https://raw.githubusercontent.com/algolia/datasets/master/airports/airports.json
ROR,Babelthuap,Babelthuap,Palau,7.367303,134.544278,false,Babelthuap (ROR),https://raw.githubusercontent.com/algolia/datasets/master/airports/airports.json
ROS,Rosario,Rosario,Argentina,-32.903611,-60.785,false,Rosario (ROS),https://raw.githubusercontent.com/algolia/datasets/master/airports/airports.json
ROT,Rotorua,Rotorua,New Zealand,-38.109167,176.317222,false,Rotorua (ROT),https://raw.githubusercontent.com/algolia/datasets/master/airports/airports.json
ROV,Rostov Na Donu,Rostov,Russia,47.258208,39.818089,false,Rostov (ROV),https://raw.githubusercontent.com/algolia/datasets/master/airports/airports.json
ROW,Roswell Intl Air Center,Roswell,United States,33.301556,-104.530556,true,Roswell (ROW),https://raw.githubusercontent.com/algolia/datasets/master/airports/airports.json
RPR,Raipur,Raipur,India,21.180406,81.738753,false,Raipur (RPR),https://raw.githubusercontent.com/algolia/datasets/master/airports/airports.json
RRG,Plaine Corail,Rodriguez Island,Mauritius,-19.757658,63.360983,false,Rodriguez Island (RRG),https://raw.githubusercontent.com/algolia/datasets/master/airports/airports.json
RRS,Roros,Roros,Norway,62.578411,11.342347,false,Roros (RRS),https://raw.githubusercontent.com/algolia/datasets/master/airports/airports.json
RSA,Santa Rosa,Santa Rosa,Argentina,-36.588322,-64.275694,false,Santa Rosa (RSA),https://raw.githubusercontent.com/algolia/datasets/master/airports/airports.json
RSD,Rock Sound,Rock Sound,Bahamas,24.8917,-76.177739,false,Rock Sound (RSD),https://raw.githubusercontent.com/algolia/datasets/master/airports/airports.json
RSH,Russian Mission Airport,Russian Mission,United States,61.775,-161.319444,false,Russian Mission (RSH),https://raw.githubusercontent.com/algolia/datasets/master/airports/airports.json
RST,Rochester,Rochester,United States,43.908283,-92.500014,false,Rochester (RST),https://raw.githubusercontent.com/algolia/datasets/master/airports/airports.json
RSU,Yeosu,Yeosu,South Korea,34.842328,127.61685,false,Yeosu (RSU),https://raw.githubusercontent.com/algolia/datasets/master/airports/airports.json
RSW,Southwest Florida Intl,Fort Myers,United States,26.536167,-81.755167,true,Fort Myers (RSW),https://raw.githubusercontent.com/algolia/datasets/master/airports/airports.json
RTA,Rotuma Airport,Rotuma,Fiji,-12.4825,177.071,false,Rotuma (RTA),https://raw.githubusercontent.com/algolia/datasets/master/airports/airports.json
RTB,Juan Manuel Galvez Intl,Roatan,Honduras,16.316814,-86.522961,true,Roatan (RTB),https://raw.githubusercontent.com/algolia/datasets/master/airports/airports.json
RTM,Rotterdam,Rotterdam,Netherlands,51.956944,4.437222,false,Rotterdam (RTM),https://raw.githubusercontent.com/algolia/datasets/master/airports/airports.json
RTW,Central,Saratov,Russia,51.334366,46.022952,false,Saratov (RTW),https://raw.githubusercontent.com/algolia/datasets/master/airports/airports.json
RUA,Arua Airport,Arua,Uganda,3.05,30.917,false,Arua (RUA),https://raw.githubusercontent.com/algolia/datasets/master/airports/airports.json
RUH,King Khaled Intl,Riyadh,Saudi Arabia,24.95764,46.698776,true,Riyadh (RUH),https://raw.githubusercontent.com/algolia/datasets/master/airports/airports.json
RUN,St Denis Gillot,St.-denis,Reunion,-20.8871,55.510308,false,St.-denis (RUN),https://raw.githubusercontent.com/algolia/datasets/master/airports/airports.json
RUR,Rurutu,Rurutu,French Polynesia,-22.434069,-151.360614,false,Rurutu (RUR),https://raw.githubusercontent.com/algolia/datasets/master/airports/airports.json
RUS,Marau Airport,Marau,Solomon Islands,-9.86167,160.825,false,Marau (RUS),https://raw.githubusercontent.com/algolia/datasets/master/airports/airports.json
RUT,Rutland State Airport,Rutland,United States,43.5294,-72.9496,false,Rutland (RUT),https://raw.githubusercontent.com/algolia/datasets/master/airports/airports.json
RVD,General leite de Castro Airport,Rio Verde,Brazil,-17.790278,-50.918333,false,Rio Verde (RVD),https://raw.githubusercontent.com/algolia/datasets/master/airports/airports.json
RVE,Los Colonizadores Airport,Saravena,Colombia,6.916667,-71.9,false,Saravena (RVE),https://raw.githubusercontent.com/algolia/datasets/master/airports/airports.json
RVK,Ryum Airport,Rørvik,Norway,64.8383,11.1461,false,Rørvik (RVK),https://raw.githubusercontent.com/algolia/datasets/master/airports/airports.json
RVN,Rovaniemi,Rovaniemi,Finland,66.564822,25.830411,false,Rovaniemi (RVN),https://raw.githubusercontent.com/algolia/datasets/master/airports/airports.json
RVT,Ravensthorpe Airport,Ravensthorpe,Australia,-33.797222,120.208056,false,Ravensthorpe (RVT),https://raw.githubusercontent.com/algolia/datasets/master/airports/airports.json
RVV,Raivavae Airport,Raivavae,French Polynesia,-23.87,-147.67,false,Raivavae (RVV),https://raw.githubusercontent.com/algolia/datasets/master/airports/airports.json
RXS,Roxas Airport,Roxas City,Philippines,11.597669,122.751669,false,Roxas City (RXS),https://raw.githubusercontent.com/algolia/datasets/master/airports/airports.json
RYG,Moss,Rygge,Norway,59.378933,10.785389,false,Rygge (RYG),https://raw.githubusercontent.com/algolia/datasets/master/airports/airports.json
RYK,Sheikh Zayed,Rahim Yar Khan,Pakistan,28.3839,70.279572,false,Rahim Yar Khan (RYK),https://raw.githubusercontent.com/algolia/datasets/master/airports/airports.json
RZE,Jasionka,Rzeszow,Poland,50.109958,22.019,false,Rzeszow (RZE),https://raw.githubusercontent.com/algolia/datasets/master/airports/airports.json
RZR,Ramsar,Ramsar,Iran,36.909908,50.679589,false,Ramsar (RZR),https://raw.githubusercontent.com/algolia/datasets/master/airports/airports.json
SAB,Juancho E. Yrausquin,Saba,Netherlands Antilles,17.645278,-63.220556,false,Saba (SAB),https://raw.githubusercontent.com/algolia/datasets/master/airports/airports.json
SAF,Santa Fe Muni,Santa Fe,United States,35.617108,-106.089422,false,Santa Fe (SAF),https://raw.githubusercontent.com/algolia/datasets/master/airports/airports.json
SAH,Sanaa Intl,Sanaa,Yemen,15.476258,44.219739,true,Sanaa (SAH),https://raw.githubusercontent.com/algolia/datasets/master/airports/airports.json
SAL,El Salvador Intl,San Salvador,El Salvador,13.440947,-89.055728,true,San Salvador (SAL),https://raw.githubusercontent.com/algolia/datasets/master/airports/airports.json
SAN,San Diego Intl,San Diego,United States,32.733556,-117.189667,true,San Diego (SAN),https://raw.githubusercontent.com/algolia/datasets/master/airports/airports.json
SAP,La Mesa Intl,San Pedro Sula,Honduras,15.452639,-87.923556,true,San Pedro Sula (SAP),https://raw.githubusercontent.com/algolia/datasets/master/airports/airports.json
SAT,San Antonio Intl,San Antonio,United States,29.533694,-98.469778,true,San Antonio (SAT),https://raw.githubusercontent.com/algolia/datasets/master/airports/airports.json
SAV,Savannah Hilton Head Intl,Savannah,United States,32.127583,-81.202139,true,Savannah (SAV),https://raw.githubusercontent.com/algolia/datasets/master/airports/airports.json
SAW,Sabiha Gokcen,Istanbul,Turkey,40.898553,29.309219,false,Istanbul (SAW),https://raw.githubusercontent.com/algolia/datasets/master/airports/airports.json
SAX,Sambu Airport,Boca de Sábalo,Panama,8.017,-78.2,false,Boca de Sábalo (SAX),https://raw.githubusercontent.com/algolia/datasets/master/airports/airports.json
SBA,Santa Barbara Muni,Santa Barbara,United States,34.426211,-119.840372,false,Santa Barbara (SBA),https://raw.githubusercontent.com/algolia/datasets/master/airports/airports.json
SBH,Saint Barthelemy,Gustavia,France,17.9023,-62.8324,false,Gustavia (SBH),https://raw.githubusercontent.com/algolia/datasets/master/airports/airports.json
SBN,South Bend Rgnl,South Bend,United States,41.708661,-86.31725,false,South Bend (SBN),https://raw.githubusercontent.com/algolia/datasets/master/airports/airports.json
SBP,San Luis County Regional Airport,San Luis Obispo,United States,35.2368,-120.642,false,San Luis Obispo (SBP),https://raw.githubusercontent.com/algolia/datasets/master/airports/airports.json
SBW,Sibu,Sibu,Malaysia,2.261603,111.985322,false,Sibu (SBW),https://raw.githubusercontent.com/algolia/datasets/master/airports/airports.json
SBY,Salisbury Ocean City Wicomico Rgnl,Salisbury,United States,38.340525,-75.510289,false,Salisbury (SBY),https://raw.githubusercontent.com/algolia/datasets/master/airports/airports.json
SBZ,Sibiu,Sibiu,Romania,45.785597,24.091342,false,Sibiu (SBZ),https://raw.githubusercontent.com/algolia/datasets/master/airports/airports.json
SCC,Deadhorse,Deadhorse,United States,70.19475,-148.465167,false,Deadhorse (SCC),https://raw.githubusercontent.com/algolia/datasets/master/airports/airports.json
SCE,University Park Airport,State College Pennsylvania,United States,40.849278,-77.848694,false,State College Pennsylvania (SCE),https://raw.githubusercontent.com/algolia/datasets/master/airports/airports.json
SCK,Stockton Metropolitan,Stockton,United States,37.894167,-121.238306,false,Stockton (SCK),https://raw.githubusercontent.com/algolia/datasets/master/airports/airports.json
SCL,Arturo Merino Benitez Intl,Santiago,Chile,-33.392975,-70.785803,true,Santiago (SCL),https://raw.githubusercontent.com/algolia/datasets/master/airports/airports.json
SCM,Scammon Bay Airport,Scammon Bay,United States,61.845278,-165.571389,false,Scammon Bay (SCM),https://raw.githubusercontent.com/algolia/datasets/master/airports/airports.json
SCN,Saarbrucken,Saarbruecken,Germany,49.214553,7.109508,false,Saarbruecken (SCN),https://raw.githubusercontent.com/algolia/datasets/master/airports/airports.json
SCO,Aktau,Aktau,Kazakhstan,43.86005,51.091978,false,Aktau (SCO),https://raw.githubusercontent.com/algolia/datasets/master/airports/airports.json
SCQ,Santiago,Santiago,Spain,42.896333,-8.415144,false,Santiago (SCQ),https://raw.githubusercontent.com/algolia/datasets/master/airports/airports.json
SCT,Socotra Intl,Socotra,Yemen,12.630672,53.905778,true,Socotra (SCT),https://raw.githubusercontent.com/algolia/datasets/master/airports/airports.json
SCU,Antonio Maceo Intl,Santiago De Cuba,Cuba,19.969769,-75.835414,true,Santiago De Cuba (SCU),https://raw.githubusercontent.com/algolia/datasets/master/airports/airports.json
SCW,Syktyvkar,Syktyvkar,Russia,61.64705,50.84505,false,Syktyvkar (SCW),https://raw.githubusercontent.com/algolia/datasets/master/airports/airports.json
SCY,San Cristóbal Airport,San Cristóbal,Ecuador,-0.910206,-89.61745,false,San Cristóbal (SCY),https://raw.githubusercontent.com/algolia/datasets/master/airports/airports.json
SCZ,Santa Cruz/Graciosa Bay/Luova Airport,Santa Cruz/Graciosa Bay/Luova,Solomon Islands,-10.7203,165.795,false,Santa Cruz/Graciosa Bay/Luova (SCZ),https://raw.githubusercontent.com/algolia/datasets/master/airports/airports.json
SDD,Lubango,Lubango,Angola,-14.924733,13.575022,false,Lubango (SDD),https://raw.githubusercontent.com/algolia/datasets/master/airports/airports.json
SDE,Santiago Del Estero,Santiago Del Estero,Argentina,-27.765617,-64.310122,false,Santiago Del Estero (SDE),https://raw.githubusercontent.com/algolia/datasets/master/airports/airports.json
SDF,Louisville International Airport,Louisville,United States,38.1740858,-85.7364989,true,Louisville (SDF),https://raw.githubusercontent.com/algolia/datasets/master/airports/airports.json
SDG,Sanandaj,Sanandaj,Iran,35.245856,47.009247,false,Sanandaj (SDG),https://raw.githubusercontent.com/algolia/datasets/master/airports/airports.json
SDJ,Sendai,Sendai,Japan,38.139722,140.916944,false,Sendai (SDJ),https://raw.githubusercontent.com/algolia/datasets/master/airports/airports.json
SDK,Sandakan,Sandakan,Malaysia,5.900897,118.059486,false,Sandakan (SDK),https://raw.githubusercontent.com/algolia/datasets/master/airports/airports.json
SDL,Sundsvall Harnosand,Sundsvall,Sweden,62.528125,17.443928,false,Sundsvall (SDL),https://raw.githubusercontent.com/algolia/datasets/master/airports/airports.json
SDN,Anda Airport,Sandane,Norway,61.83,6.10583,false,Sandane (SDN),https://raw.githubusercontent.com/algolia/datasets/master/airports/airports.json
SDP,Sand Point Airport,Sand Point,United States,55.315,-160.523,false,Sand Point (SDP),https://raw.githubusercontent.com/algolia/datasets/master/airports/airports.json
SDQ,Las Americas Intl,Santo Domingo,Dominican Republic,18.429664,-69.668925,true,Santo Domingo (SDQ),https://raw.githubusercontent.com/algolia/datasets/master/airports/airports.json
SDR,Santander,Santander,Spain,43.427064,-3.820006,false,Santander (SDR),https://raw.githubusercontent.com/algolia/datasets/master/airports/airports.json
SDU,Santos Dumont,Rio De Janeiro,Brazil,-22.910461,-43.163133,false,Rio De Janeiro (SDU),https://raw.githubusercontent.com/algolia/datasets/master/airports/airports.json
SDV,Sde Dov,Tel-aviv,Israel,32.114661,34.782239,false,Tel-aviv (SDV),https://raw.githubusercontent.com/algolia/datasets/master/airports/airports.json
SDY,Sidney-Richland Municipal Airport,Sidney,United States,47.706944,-104.1925,false,Sidney (SDY),https://raw.githubusercontent.com/algolia/datasets/master/airports/airports.json
SEA,Seattle Tacoma Intl,Seattle,United States,47.449,-122.309306,true,Seattle (SEA),https://raw.githubusercontent.com/algolia/datasets/master/airports/airports.json
SEN,Southend,Southend,United Kingdom,51.571389,0.695556,false,Southend (SEN),https://raw.githubusercontent.com/algolia/datasets/master/airports/airports.json
SEZ,Seychelles Intl,Mahe,Seychelles,-4.674342,55.521839,true,Mahe (SEZ),https://raw.githubusercontent.com/algolia/datasets/master/airports/airports.json
SFA,Thyna,Sfax,Tunisia,34.717953,10.690972,false,Sfax (SFA),https://raw.githubusercontent.com/algolia/datasets/master/airports/airports.json
SFB,Orlando Sanford Intl,Sanford,United States,28.777639,-81.237489,true,Sanford (SFB),https://raw.githubusercontent.com/algolia/datasets/master/airports/airports.json
SFG,Grand Case,St. Martin,Guadeloupe,18.099914,-63.047197,false,St. Martin (SFG),https://raw.githubusercontent.com/algolia/datasets/master/airports/airports.json
SFJ,Sondre Stromfjord,Sondrestrom,Greenland,67.016969,-50.689325,false,Sondrestrom (SFJ),https://raw.githubusercontent.com/algolia/datasets/master/airports/airports.json
SFL,Sao Filipe Airport,Sao Filipe,Fogo Island,0,14.885,false,Sao Filipe (SFL),https://raw.githubusercontent.com/algolia/datasets/master/airports/airports.json
SFN,Sauce Viejo,Santa Fe,Argentina,-31.711666,-60.811668,false,Santa Fe (SFN),https://raw.githubusercontent.com/algolia/datasets/master/airports/airports.json
SFO,San Francisco Intl,San Francisco,United States,37.618972,-122.374889,true,San Francisco (SFO),https://raw.githubusercontent.com/algolia/datasets/master/airports/airports.json
SFT,Skelleftea,Skelleftea,Sweden,64.624772,21.076892,false,Skelleftea (SFT),https://raw.githubusercontent.com/algolia/datasets/master/airports/airports.json
SGC,Surgut,Surgut,Russia,61.343694,73.401842,false,Surgut (SGC),https://raw.githubusercontent.com/algolia/datasets/master/airports/airports.json
SGD,Sonderborg,Soenderborg,Denmark,54.964367,9.791731,false,Soenderborg (SGD),https://raw.githubusercontent.com/algolia/datasets/master/airports/airports.json
SGF,Springfield Branson Natl,Springfield,United States,37.245667,-93.388639,false,Springfield (SGF),https://raw.githubusercontent.com/algolia/datasets/master/airports/airports.json
SGN,Tansonnhat Intl,Ho Chi Minh City,Vietnam,10.818797,106.651856,true,Ho Chi Minh City (SGN),https://raw.githubusercontent.com/algolia/datasets/master/airports/airports.json
SGO,St George Airport,St George,Australia,-28.0497,148.595,false,St George (SGO),https://raw.githubusercontent.com/algolia/datasets/master/airports/airports.json
SGU,St George Muni,Saint George,United States,37.090583,-113.593056,false,Saint George (SGU),https://raw.githubusercontent.com/algolia/datasets/master/airports/airports.json
SGY,Skagway Airport,Skagway,United States,59.4601,-135.316,false,Skagway (SGY),https://raw.githubusercontent.com/algolia/datasets/master/airports/airports.json
SHA,Hongqiao Intl,Shanghai,China,31.197875,121.336319,true,Shanghai (SHA),https://raw.githubusercontent.com/algolia/datasets/master/airports/airports.json
SHB,Nakashibetsu,Nakashibetsu,Japan,43.5775,144.96,false,Nakashibetsu (SHB),https://raw.githubusercontent.com/algolia/datasets/master/airports/airports.json
SHC,Shire Inda Selassie Airport,Shire Indasilase,Ethiopia,14.0781,38.2725,false,Shire Indasilase (SHC),https://raw.githubusercontent.com/algolia/datasets/master/airports/airports.json
SHD,Shenandoah Valley Regional Airport,Weyers Cave,United States,38.263889,-78.896389,false,Weyers Cave (SHD),https://raw.githubusercontent.com/algolia/datasets/master/airports/airports.json
SHE,Shenyang Taoxian International Airport,Shenyang,China,41.3824,123.2901,true,Shenyang (SHE),https://raw.githubusercontent.com/algolia/datasets/master/airports/airports.json
SHG,Shungnak Airport,Shungnak,United States,66.888056,-157.1625,false,Shungnak (SHG),https://raw.githubusercontent.com/algolia/datasets/master/airports/airports.json
SHH,Shishmaref Airport,Shishmaref,United States,66.2496,-166.089,false,Shishmaref (SHH),https://raw.githubusercontent.com/algolia/datasets/master/airports/airports.json
SHJ,Sharjah Intl,Sharjah,United Arab Emirates,25.328575,55.51715,true,Sharjah (SHJ),https://raw.githubusercontent.com/algolia/datasets/master/airports/airports.json
SHL,Shillong Airport,Shillong,India,25.7036,91.9787,false,Shillong (SHL),https://raw.githubusercontent.com/algolia/datasets/master/airports/airports.json
SHM,Nanki Shirahama,Nanki-shirahama,Japan,33.662222,135.364444,false,Nanki-shirahama (SHM),https://raw.githubusercontent.com/algolia/datasets/master/airports/airports.json
SHP,Shanhaiguan Airport,Qinhuangdao,China,39.9681,119.731,false,Qinhuangdao (SHP),https://raw.githubusercontent.com/algolia/datasets/master/airports/airports.json
SHR,Sheridan County Airport,Sheridan,United States,44.7692,-106.98,false,Sheridan (SHR),https://raw.githubusercontent.com/algolia/datasets/master/airports/airports.json
SHV,Shreveport Rgnl,Shreveport,United States,32.446629,-93.8256,false,Shreveport (SHV),https://raw.githubusercontent.com/algolia/datasets/master/airports/airports.json
SHW,Sharurah,Sharurah,Saudi Arabia,17.466875,47.121431,false,Sharurah (SHW),https://raw.githubusercontent.com/algolia/datasets/master/airports/airports.json
SHX,Shageluk Airport,Shageluk,United States,62.692222,-159.569167,false,Shageluk (SHX),https://raw.githubusercontent.com/algolia/datasets/master/airports/airports.json
SIC,Sinop Airport,Sinop,Turkey,42.0158,35.0664,false,Sinop (SIC),https://raw.githubusercontent.com/algolia/datasets/master/airports/airports.json
SID,Amilcar Cabral Intl,Amilcar Cabral,Cape Verde,16.741389,-22.949444,true,Amilcar Cabral (SID),https://raw.githubusercontent.com/algolia/datasets/master/airports/airports.json
SIN,Changi Intl,Singapore,Singapore,1.350189,103.994433,true,Singapore (SIN),https://raw.githubusercontent.com/algolia/datasets/master/airports/airports.json
SIP,Simferopol Intl,Simferopol,Ukraine,45.052222,33.975139,true,Simferopol (SIP),https://raw.githubusercontent.com/algolia/datasets/master/airports/airports.json
SIT,Sitka Rocky Gutierrez,Sitka,United States,57.047138,-135.361611,false,Sitka (SIT),https://raw.githubusercontent.com/algolia/datasets/master/airports/airports.json
SJC,Norman Y Mineta San Jose Intl,San Jose,United States,37.3626,-121.929022,true,San Jose (SJC),https://raw.githubusercontent.com/algolia/datasets/master/airports/airports.json
SJD,Los Cabos Intl,San Jose Del Cabo,Mexico,23.15185,-109.721044,true,San Jose Del Cabo (SJD),https://raw.githubusercontent.com/algolia/datasets/master/airports/airports.json
SJE,Jorge E Gonzalez Torres,San Jose Del Guaviare,Colombia,2.579694,-72.639358,false,San Jose Del Guaviare (SJE),https://raw.githubusercontent.com/algolia/datasets/master/airports/airports.json
SJI,Antique,San Jose,Philippines,10.766044,121.933439,false,San Jose (SJI),https://raw.githubusercontent.com/algolia/datasets/master/airports/airports.json
SJJ,Sarajevo,Sarajevo,Bosnia and Herzegovina,43.824583,18.331467,false,Sarajevo (SJJ),https://raw.githubusercontent.com/algolia/datasets/master/airports/airports.json
SJK,Professor Urbano Ernesto Stumpf,Sao Jose Dos Campos,Brazil,-23.228172,-45.862739,false,Sao Jose Dos Campos (SJK),https://raw.githubusercontent.com/algolia/datasets/master/airports/airports.json
SJL,Sao Gabriel da Cachoeira Airport,Sao Gabriel da Cachoeira,Brazil,-0.148056,-66.9858,false,Sao Gabriel da Cachoeira (SJL),https://raw.githubusercontent.com/algolia/datasets/master/airports/airports.json
SJO,Juan Santamaria Intl,San Jose,Costa Rica,9.993861,-84.208806,true,San Jose (SJO),https://raw.githubusercontent.com/algolia/datasets/master/airports/airports.json
SJP,Sao Jose Do Rio Preto,Sao Jose Do Rio Preto,Brazil,-20.816567,-49.406511,false,Sao Jose Do Rio Preto (SJP),https://raw.githubusercontent.com/algolia/datasets/master/airports/airports.json
SJT,San Angelo Rgnl Mathis Fld,San Angelo,United States,31.35775,-100.496306,false,San Angelo (SJT),https://raw.githubusercontent.com/algolia/datasets/master/airports/airports.json
SJU,Luis Munoz Marin Intl,San Juan,Puerto Rico,18.439417,-66.001833,true,San Juan (SJU),https://raw.githubusercontent.com/algolia/datasets/master/airports/airports.json
SJW,Shijiazhuang Daguocun International Airport,Shijiazhuang,China,38.280686,114.6973,true,Shijiazhuang (SJW),https://raw.githubusercontent.com/algolia/datasets/master/airports/airports.json
SJZ,Sao Jorge,Sao Jorge Island,Portugal,38.6655,-28.175817,false,Sao Jorge Island (SJZ),https://raw.githubusercontent.com/algolia/datasets/master/airports/airports.json
SKB,Robert L Bradshaw,Basse Terre,Saint Kitts and Nevis,17.311194,-62.718667,false,Basse Terre (SKB),https://raw.githubusercontent.com/algolia/datasets/master/airports/airports.json
SKD,Samarkand,Samarkand,Uzbekistan,39.700547,66.983829,false,Samarkand (SKD),https://raw.githubusercontent.com/algolia/datasets/master/airports/airports.json
SKE,Geiteryggen,Skien,Norway,59.185,9.566944,false,Skien (SKE),https://raw.githubusercontent.com/algolia/datasets/master/airports/airports.json
SKG,Makedonia,Thessaloniki,Greece,40.519725,22.97095,false,Thessaloniki (SKG),https://raw.githubusercontent.com/algolia/datasets/master/airports/airports.json
SKK,Shaktoolik Airport,Shaktoolik,United States,64.371111,-161.223889,false,Shaktoolik (SKK),https://raw.githubusercontent.com/algolia/datasets/master/airports/airports.json
SKN,Skagen,Stokmarknes,Norway,68.580833,15.026111,false,Stokmarknes (SKN),https://raw.githubusercontent.com/algolia/datasets/master/airports/airports.json
SKO,Sadiq Abubakar Iii Intl,Sokoto,Nigeria,12.916322,5.207189,true,Sokoto (SKO),https://raw.githubusercontent.com/algolia/datasets/master/airports/airports.json
SKP,Skopje,Skopje,Macedonia,41.961622,21.621381,false,Skopje (SKP),https://raw.githubusercontent.com/algolia/datasets/master/airports/airports.json
SKT,Sialkot Airport,Sialkot,Pakistan,32.5356,74.3639,false,Sialkot (SKT),https://raw.githubusercontent.com/algolia/datasets/master/airports/airports.json
SKU,Skiros,Skiros,Greece,38.967553,24.487228,false,Skiros (SKU),https://raw.githubusercontent.com/algolia/datasets/master/airports/airports.json
SKX,Saransk Airport,Saransk,Russia,54.1251,45.2123,false,Saransk (SKX),https://raw.githubusercontent.com/algolia/datasets/master/airports/airports.json
SKZ,Sukkur,Sukkur,Pakistan,27.721989,68.791683,false,Sukkur (SKZ),https://raw.githubusercontent.com/algolia/datasets/master/airports/airports.json
SLA,Salta,Salta,Argentina,-24.855978,-65.486169,false,Salta (SLA),https://raw.githubusercontent.com/algolia/datasets/master/airports/airports.json
SLC,Salt Lake City Intl,Salt Lake City,United States,40.788389,-111.977772,true,Salt Lake City (SLC),https://raw.githubusercontent.com/algolia/datasets/master/airports/airports.json
SLH,Sola Airport,Sola,Vanuatu,-13.8517,167.537,false,Sola (SLH),https://raw.githubusercontent.com/algolia/datasets/master/airports/airports.json
SLI,Solwesi Airport,Solwesi,Zambia,-12.1737,26.3651,false,Solwesi (SLI),https://raw.githubusercontent.com/algolia/datasets/master/airports/airports.json
SLK,Adirondack Regional Airport,Saranac Lake,United States,44.3853,-74.2062,false,Saranac Lake (SLK),https://raw.githubusercontent.com/algolia/datasets/master/airports/airports.json
SLL,Salalah,Salalah,Oman,17.038719,54.091297,false,Salalah (SLL),https://raw.githubusercontent.com/algolia/datasets/master/airports/airports.json
SLM,Salamanca,Salamanca,Spain,40.952117,-5.501986,false,Salamanca (SLM),https://raw.githubusercontent.com/algolia/datasets/master/airports/airports.json
SLN,Salina Municipal Airport,Salina,United States,38.791,-97.6522,false,Salina (SLN),https://raw.githubusercontent.com/algolia/datasets/master/airports/airports.json
SLP,Ponciano Arriaga Intl,San Luis Potosi,Mexico,22.254303,-100.930806,true,San Luis Potosi (SLP),https://raw.githubusercontent.com/algolia/datasets/master/airports/airports.json
SLQ,Sleetmute Airport,Sleetmute,United States,61.700566,-157.165833,false,Sleetmute (SLQ),https://raw.githubusercontent.com/algolia/datasets/master/airports/airports.json
SLU,George F L Charles,Castries,Saint Lucia,14.020228,-60.992936,false,Castries (SLU),https://raw.githubusercontent.com/algolia/datasets/master/airports/airports.json
SLW,Plan De Guadalupe Intl,Saltillo,Mexico,25.549497,-100.928669,true,Saltillo (SLW),https://raw.githubusercontent.com/algolia/datasets/master/airports/airports.json
SLX,Salt Cay Airport,Salt Cay,Turks and Caicos Islands,21.333,-71.2,false,Salt Cay (SLX),https://raw.githubusercontent.com/algolia/datasets/master/airports/airports.json
SLY,Salekhard Airport,Salekhard,Russia,66.590753,66.611042,false,Salekhard (SLY),https://raw.githubusercontent.com/algolia/datasets/master/airports/airports.json
SLZ,Marechal Cunha Machado Intl,Sao Luis,Brazil,-2.585361,-44.234139,true,Sao Luis (SLZ),https://raw.githubusercontent.com/algolia/datasets/master/airports/airports.json
SMA,Santa Maria,Santa Maria (island),Portugal,36.97139,-25.170639,false,Santa Maria (island) (SMA),https://raw.githubusercontent.com/algolia/datasets/master/airports/airports.json
SMF,Sacramento Intl,Sacramento,United States,38.695417,-121.590778,true,Sacramento (SMF),https://raw.githubusercontent.com/algolia/datasets/master/airports/airports.json
SMI,Samos,Samos,Greece,37.689999,26.911667,false,Samos (SMI),https://raw.githubusercontent.com/algolia/datasets/master/airports/airports.json
SMK,St. Michael Airport,St. Michael,United States,63.49,-162.110278,false,St. Michael (SMK),https://raw.githubusercontent.com/algolia/datasets/master/airports/airports.json
SML,Stella Maris,Stella Maris,Bahamas,23.581444,-75.270475,false,Stella Maris (SML),https://raw.githubusercontent.com/algolia/datasets/master/airports/airports.json
SMR,Simon Bolivar,Santa Marta,Colombia,11.11965,-74.230647,false,Santa Marta (SMR),https://raw.githubusercontent.com/algolia/datasets/master/airports/airports.json
SMS,Sainte Marie,Sainte Marie,Madagascar,-17.093889,49.815834,false,Sainte Marie (SMS),https://raw.githubusercontent.com/algolia/datasets/master/airports/airports.json
SMX,Santa Maria Pub Cpt G Allan Hancock Airport,Santa Maria,United States,34.8989,-120.457,false,Santa Maria (SMX),https://raw.githubusercontent.com/algolia/datasets/master/airports/airports.json
SNA,John Wayne Arpt Orange Co,Santa Ana,United States,33.675667,-117.868222,false,Santa Ana (SNA),https://raw.githubusercontent.com/algolia/datasets/master/airports/airports.json
SNE,Preguica,Sao Nocolau Island,Cape Verde,16.588356,-24.284656,false,Sao Nocolau Island (SNE),https://raw.githubusercontent.com/algolia/datasets/master/airports/airports.json
SNN,Shannon,Shannon,Ireland,52.701978,-8.924817,false,Shannon (SNN),https://raw.githubusercontent.com/algolia/datasets/master/airports/airports.json
SNO,Sakon Nakhon,Sakon Nakhon,Thailand,17.195142,104.118625,false,Sakon Nakhon (SNO),https://raw.githubusercontent.com/algolia/datasets/master/airports/airports.json
SNP,St Paul Island,St. Paul Island,United States,57.167333,-170.220444,false,St. Paul Island (SNP),https://raw.githubusercontent.com/algolia/datasets/master/airports/airports.json
SNU,Abel Santamaria,Santa Clara,Cuba,22.492192,-79.943611,false,Santa Clara (SNU),https://raw.githubusercontent.com/algolia/datasets/master/airports/airports.json
SNV,Santa Elena Airport,Santa Elena de Uairen,Venezuela,4.554722,-61.144922,false,Santa Elena de Uairen (SNV),https://raw.githubusercontent.com/algolia/datasets/master/airports/airports.json
SNW,Thandwe,Thandwe,Burma,18.460731,94.300119,false,Thandwe (SNW),https://raw.githubusercontent.com/algolia/datasets/master/airports/airports.json
SOC,Adi Sumarmo Wiryokusumo,Solo City,Indonesia,-7.516089,110.756892,false,Solo City (SOC),https://raw.githubusercontent.com/algolia/datasets/master/airports/airports.json
SOF,Sofia,Sofia,Bulgaria,42.695194,23.406167,false,Sofia (SOF),https://raw.githubusercontent.com/algolia/datasets/master/airports/airports.json
SOG,Sogndal Airport,Sogndal,Norway,61.1561,7.13778,false,Sogndal (SOG),https://raw.githubusercontent.com/algolia/datasets/master/airports/airports.json
SOJ,Sorkjosen Airport,Sorkjosen,Norway,69.7868,20.9594,false,Sorkjosen (SOJ),https://raw.githubusercontent.com/algolia/datasets/master/airports/airports.json
SOM,San Tome,San Tome,Venezuela,8.945147,-64.151083,false,San Tome (SOM),https://raw.githubusercontent.com/algolia/datasets/master/airports/airports.json
SON,Santo Pekoa International Airport,Santo,Vanuatu,-15.505033,167.219742,true,Santo (SON),https://raw.githubusercontent.com/algolia/datasets/master/airports/airports.json
SOQ,Jefman,Sorong,Indonesia,-0.926358,131.121194,false,Sorong (SOQ),https://raw.githubusercontent.com/algolia/datasets/master/airports/airports.json
SOU,Southampton,Southampton,United Kingdom,50.950261,-1.356803,false,Southampton (SOU),https://raw.githubusercontent.com/algolia/datasets/master/airports/airports.json
SOW,Show Low Regional Airport,Show Low,United States,34.265556,-110.005556,false,Show Low (SOW),https://raw.githubusercontent.com/algolia/datasets/master/airports/airports.json
SOY,Stronsay Airport,Stronsay,United Kingdom,59.1553,-2.64139,false,Stronsay (SOY),https://raw.githubusercontent.com/algolia/datasets/master/airports/airports.json
SPB,Scappoose Industrial Airpark,San Luis,United States,45.771028,-122.861833,false,San Luis (SPB),https://raw.githubusercontent.com/algolia/datasets/master/airports/airports.json
SPC,La Palma,Santa Cruz De La Palma,Spain,28.626478,-17.755611,false,Santa Cruz De La Palma (SPC),https://raw.githubusercontent.com/algolia/datasets/master/airports/airports.json
SPD,Saidpur,Saidpur,Bangladesh,25.759228,88.908869,false,Saidpur (SPD),https://raw.githubusercontent.com/algolia/datasets/master/airports/airports.json
SPI,Abraham Lincoln Capital,Springfield,United States,39.8441,-89.677889,false,Springfield (SPI),https://raw.githubusercontent.com/algolia/datasets/master/airports/airports.json
SPN,Francisco C Ada Saipan Intl,Saipan,Northern Mariana Islands,15.119003,145.729356,true,Saipan (SPN),https://raw.githubusercontent.com/algolia/datasets/master/airports/airports.json
SPP,Menongue,Menongue,Angola,-14.657583,17.719833,false,Menongue (SPP),https://raw.githubusercontent.com/algolia/datasets/master/airports/airports.json
SPR,San Pedro,San Pedro,Belize,17.913936,-87.971075,false,San Pedro (SPR),https://raw.githubusercontent.com/algolia/datasets/master/airports/airports.json
SPS,Sheppard Afb Wichita Falls Muni,Wichita Falls,United States,33.988797,-98.491894,false,Wichita Falls (SPS),https://raw.githubusercontent.com/algolia/datasets/master/airports/airports.json
SPU,Split,Split,Croatia,43.538944,16.297964,false,Split (SPU),https://raw.githubusercontent.com/algolia/datasets/master/airports/airports.json
SRA,Santa Rosa Airport,Santa Rosa,Brazil,-27.9067,-54.5204,false,Santa Rosa (SRA),https://raw.githubusercontent.com/algolia/datasets/master/airports/airports.json
SRE,Juana Azurduy De Padilla,Sucre,Bolivia,-19.007083,-65.288747,false,Sucre (SRE),https://raw.githubusercontent.com/algolia/datasets/master/airports/airports.json
SRG,Achmad Yani,Semarang,Indonesia,-6.971447,110.374122,false,Semarang (SRG),https://raw.githubusercontent.com/algolia/datasets/master/airports/airports.json
SRP,Sorstokken,Stord,Norway,59.791925,5.34085,false,Stord (SRP),https://raw.githubusercontent.com/algolia/datasets/master/airports/airports.json
SRQ,Sarasota Bradenton Intl,Sarasota,United States,27.395444,-82.554389,true,Sarasota (SRQ),https://raw.githubusercontent.com/algolia/datasets/master/airports/airports.json
SRV,Stony River 2 Airport,Stony River,United States,61.7875,-156.591111,false,Stony River (SRV),https://raw.githubusercontent.com/algolia/datasets/master/airports/airports.json
SRX,Gardabya Airport,Sirt,Libya,31.0635,16.595,false,Sirt (SRX),https://raw.githubusercontent.com/algolia/datasets/master/airports/airports.json
SRY,Sari Dasht E Naz Airport,Dasht-e-naz,Iran,36.635833,53.193611,false,Dasht-e-naz (SRY),https://raw.githubusercontent.com/algolia/datasets/master/airports/airports.json
SRZ,Santa Cruz,Santa Cruz,Bolivia,-17.8,-63.166667,false,Santa Cruz (SRZ),https://raw.githubusercontent.com/algolia/datasets/master/airports/airports.json
SSA,Deputado Luis Eduardo Magalhaes,Salvador,Brazil,-12.910994,-38.331044,false,Salvador (SSA),https://raw.githubusercontent.com/algolia/datasets/master/airports/airports.json
SSB,Christiansted Harbor Seaplane Base,Christiansted,Virgin Islands,17.747222,-64.705,false,Christiansted (SSB),https://raw.githubusercontent.com/algolia/datasets/master/airports/airports.json
SSG,Malabo,Malabo,Equatorial Guinea,3.755267,8.708717,false,Malabo (SSG),https://raw.githubusercontent.com/algolia/datasets/master/airports/airports.json
SSH,Sharm El Sheikh Intl,Sharm El Sheikh,Egypt,27.977222,34.394722,true,Sharm El Sheikh (SSH),https://raw.githubusercontent.com/algolia/datasets/master/airports/airports.json
SSJ,Stokka,Sandnessjoen,Norway,65.956828,12.468944,false,Sandnessjoen (SSJ),https://raw.githubusercontent.com/algolia/datasets/master/airports/airports.json
SSR,Sara Airport,Pentecost Island,Vanuatu,-15.4708,168.152,false,Pentecost Island (SSR),https://raw.githubusercontent.com/algolia/datasets/master/airports/airports.json
SSY,Mbanza Congo,M'banza-congo,Angola,-6.269897,14.247025,false,M'banza-congo (SSY),https://raw.githubusercontent.com/algolia/datasets/master/airports/airports.json
STC,Saint Cloud Regional Airport,Saint Cloud,United States,45.546556,-94.059889,false,Saint Cloud (STC),https://raw.githubusercontent.com/algolia/datasets/master/airports/airports.json
STD,Mayor Buenaventura Vivas,Santo Domingo,Venezuela,7.565111,-72.035125,false,Santo Domingo (STD),https://raw.githubusercontent.com/algolia/datasets/master/airports/airports.json
STG,St. George Airport,St. George,United States,56.577222,-169.663611,false,St. George (STG),https://raw.githubusercontent.com/algolia/datasets/master/airports/airports.json
STI,Cibao Intl,Santiago,Dominican Republic,19.406092,-70.604689,true,Santiago (STI),https://raw.githubusercontent.com/algolia/datasets/master/airports/airports.json
STL,Lambert St Louis Intl,St. Louis,United States,38.748697,-90.370028,true,St. Louis (STL),https://raw.githubusercontent.com/algolia/datasets/master/airports/airports.json
STM,Santarem,Santarem,Brazil,-2.422431,-54.792789,false,Santarem (STM),https://raw.githubusercontent.com/algolia/datasets/master/airports/airports.json
STN,Stansted,London,United Kingdom,51.885,0.235,false,London (STN),https://raw.githubusercontent.com/algolia/datasets/master/airports/airports.json
STR,Stuttgart,Stuttgart,Germany,48.689878,9.221964,false,Stuttgart (STR),https://raw.githubusercontent.com/algolia/datasets/master/airports/airports.json
STS,Charles M Schulz Sonoma Co,Santa Rosa,United States,38.508978,-122.81288,false,Santa Rosa (STS),https://raw.githubusercontent.com/algolia/datasets/master/airports/airports.json
STT,Cyril E King,St. Thomas,Virgin Islands,18.337306,-64.973361,false,St. Thomas (STT),https://raw.githubusercontent.com/algolia/datasets/master/airports/airports.json
STV,Surat,Surat,India,21.114061,72.741792,false,Surat (STV),https://raw.githubusercontent.com/algolia/datasets/master/airports/airports.json
STW,Shpakovskoye,Stavropol,Russia,45.109165,42.112778,false,Stavropol (STW),https://raw.githubusercontent.com/algolia/datasets/master/airports/airports.json
STX,Henry E Rohlsen,St. Croix Island,Virgin Islands,17.701889,-64.798556,false,St. Croix Island (STX),https://raw.githubusercontent.com/algolia/datasets/master/airports/airports.json
STZ,Confresa Airport,Santa Terezinha,Brazil,-10.47,-50.502778,false,Santa Terezinha (STZ),https://raw.githubusercontent.com/algolia/datasets/master/airports/airports.json
SUB,Juanda,Surabaya,Indonesia,-7.379831,112.786858,false,Surabaya (SUB),https://raw.githubusercontent.com/algolia/datasets/master/airports/airports.json
SUF,Lamezia Terme,Lamezia,Italy,38.905394,16.242269,false,Lamezia (SUF),https://raw.githubusercontent.com/algolia/datasets/master/airports/airports.json
SUG,Surigao Airport,Sangley Point,Philippines,9.757567,125.479328,false,Sangley Point (SUG),https://raw.githubusercontent.com/algolia/datasets/master/airports/airports.json
SUJ,Satu Mare,Satu Mare,Romania,47.703275,22.8857,false,Satu Mare (SUJ),https://raw.githubusercontent.com/algolia/datasets/master/airports/airports.json
SUR,Summer Beaver Airport,Summer Beaver,Canada,52.7086,-88.5419,false,Summer Beaver (SUR),https://raw.githubusercontent.com/algolia/datasets/master/airports/airports.json
SUV,Nausori Intl,Nausori,Fiji,-18.043267,178.559228,true,Nausori (SUV),https://raw.githubusercontent.com/algolia/datasets/master/airports/airports.json
SUX,Sioux Gateway Col Bud Day Fld,Sioux City,United States,42.402603,-96.384367,false,Sioux City (SUX),https://raw.githubusercontent.com/algolia/datasets/master/airports/airports.json
SVA,Savoonga Airport,Savoonga,United States,63.6864,-170.493,false,Savoonga (SVA),https://raw.githubusercontent.com/algolia/datasets/master/airports/airports.json
SVB,Sambava,Sambava,Madagascar,-14.278611,50.174721,false,Sambava (SVB),https://raw.githubusercontent.com/algolia/datasets/master/airports/airports.json
SVC,Grant County Airport,Silver City,United States,32.6365,-108.156,false,Silver City (SVC),https://raw.githubusercontent.com/algolia/datasets/master/airports/airports.json
SVD,E T Joshua,Kingstown,Saint Vincent and the Grenadines,13.144306,-61.210861,false,Kingstown (SVD),https://raw.githubusercontent.com/algolia/datasets/master/airports/airports.json
SVG,Sola,Stavanger,Norway,58.876778,5.637856,false,Stavanger (SVG),https://raw.githubusercontent.com/algolia/datasets/master/airports/airports.json
SVI,Eduardo Falla Solano,San Vincente De Caguan,Colombia,2.152175,-74.76635,false,San Vincente De Caguan (SVI),https://raw.githubusercontent.com/algolia/datasets/master/airports/airports.json
SVJ,Svolvær Helle Airport,Svolvær,Norway,68.2433,14.6692,false,Svolvær (SVJ),https://raw.githubusercontent.com/algolia/datasets/master/airports/airports.json
SVL,Savonlinna,Savonlinna,Finland,61.943064,28.945136,false,Savonlinna (SVL),https://raw.githubusercontent.com/algolia/datasets/master/airports/airports.json
SVO,Sheremetyevo,Moscow,Russia,55.972642,37.414589,false,Moscow (SVO),https://raw.githubusercontent.com/algolia/datasets/master/airports/airports.json
SVP,Kuito,Kuito,Angola,-12.404633,16.947414,false,Kuito (SVP),https://raw.githubusercontent.com/algolia/datasets/master/airports/airports.json
SVQ,Sevilla,Sevilla,Spain,37.418,-5.893106,false,Sevilla (SVQ),https://raw.githubusercontent.com/algolia/datasets/master/airports/airports.json
SVU,Savusavu Airport,Savusavu,Fiji,-16.8028,179.341,false,Savusavu (SVU),https://raw.githubusercontent.com/algolia/datasets/master/airports/airports.json
SVX,Koltsovo,Yekaterinburg,Russia,56.743108,60.802728,false,Yekaterinburg (SVX),https://raw.githubusercontent.com/algolia/datasets/master/airports/airports.json
SVZ,San Antonio Del Tachira,San Antonio,Venezuela,7.840831,-72.439742,false,San Antonio (SVZ),https://raw.githubusercontent.com/algolia/datasets/master/airports/airports.json
SWA,Wai Sha Airport,Shantou,China,23.4,116.683,false,Shantou (SWA),https://raw.githubusercontent.com/algolia/datasets/master/airports/airports.json
SWF,Stewart Intl,Newburgh,United States,41.504094,-74.104839,true,Newburgh (SWF),https://raw.githubusercontent.com/algolia/datasets/master/airports/airports.json
SWJ,Southwest Bay Airport,Malekula Island,Vanuatu,-16.495,167.438,false,Malekula Island (SWJ),https://raw.githubusercontent.com/algolia/datasets/master/airports/airports.json
SXB,Entzheim,Strasbourg,France,48.538319,7.628233,false,Strasbourg (SXB),https://raw.githubusercontent.com/algolia/datasets/master/airports/airports.json
SXF,Schonefeld,Berlin,Germany,52.380001,13.5225,false,Berlin (SXF),https://raw.githubusercontent.com/algolia/datasets/master/airports/airports.json
SXM,Princess Juliana Intl,Philipsburg,Netherlands Antilles,18.040953,-63.1089,true,Philipsburg (SXM),https://raw.githubusercontent.com/algolia/datasets/master/airports/airports.json
SXO,Sao Felix do Araguaia Airport,Sao Felix do Araguaia,Brazil,-11.6325,-50.689444,false,Sao Felix do Araguaia (SXO),https://raw.githubusercontent.com/algolia/datasets/master/airports/airports.json
SXP,Sheldon Point Airport,Nunam Iqua,United States,62.520556,-164.847778,false,Nunam Iqua (SXP),https://raw.githubusercontent.com/algolia/datasets/master/airports/airports.json
SXR,Srinagar,Srinagar,India,33.987139,74.77425,false,Srinagar (SXR),https://raw.githubusercontent.com/algolia/datasets/master/airports/airports.json
SXX,Sao Felix do Xingu Airport,Sao Felix do Xingu,Brazil,-6.641389,-51.952222,false,Sao Felix do Xingu (SXX),https://raw.githubusercontent.com/algolia/datasets/master/airports/airports.json
SYB,Seal Bay Seaplane Base,Seal Bay,United States,58.166667,-152.5,false,Seal Bay (SYB),https://raw.githubusercontent.com/algolia/datasets/master/airports/airports.json
SYD,Sydney Intl,Sydney,Australia,-33.946111,151.177222,true,Sydney (SYD),https://raw.githubusercontent.com/algolia/datasets/master/airports/airports.json
SYM,Simao Airport,Simao,China,22.7933,100.959,false,Simao (SYM),https://raw.githubusercontent.com/algolia/datasets/master/airports/airports.json
SYO,Shonai Airport,Shonai,Japan,38.812222,139.787222,false,Shonai (SYO),https://raw.githubusercontent.com/algolia/datasets/master/airports/airports.json
SYQ,Tobias Bolanos International Airport,San Jose,Costa Rica,9.957053,-84.139797,true,San Jose (SYQ),https://raw.githubusercontent.com/algolia/datasets/master/airports/airports.json
SYR,Syracuse Hancock Intl,Syracuse,United States,43.111187,-76.106311,true,Syracuse (SYR),https://raw.githubusercontent.com/algolia/datasets/master/airports/airports.json
SYX,Phoenix International,Sanya,China,18.302897,109.412272,true,Sanya (SYX),https://raw.githubusercontent.com/algolia/datasets/master/airports/airports.json
SYY,Stornoway,Stornoway,United Kingdom,58.215556,-6.331111,false,Stornoway (SYY),https://raw.githubusercontent.com/algolia/datasets/master/airports/airports.json
SYZ,Shiraz Shahid Dastghaib Intl,Shiraz,Iran,29.539242,52.589786,true,Shiraz (SYZ),https://raw.githubusercontent.com/algolia/datasets/master/airports/airports.json
SZA,Soyo,Soyo,Angola,-6.141086,12.371764,false,Soyo (SZA),https://raw.githubusercontent.com/algolia/datasets/master/airports/airports.json
SZB,Subang-Sultan Abdul Aziz Shah Intl,Kuala Lumpur,Malaysia,3.130583,101.549333,true,Kuala Lumpur (SZB),https://raw.githubusercontent.com/algolia/datasets/master/airports/airports.json
SZG,Salzburg,Salzburg,Austria,47.793304,13.004333,false,Salzburg (SZG),https://raw.githubusercontent.com/algolia/datasets/master/airports/airports.json
SZX,Baoan Intl,Shenzhen,China,22.639258,113.810664,true,Shenzhen (SZX),https://raw.githubusercontent.com/algolia/datasets/master/airports/airports.json
SZZ,Goleniow,Szczecin,Poland,53.584731,14.902206,false,Szczecin (SZZ),https://raw.githubusercontent.com/algolia/datasets/master/airports/airports.json
TAB,Crown Point,Scarborough,Trinidad and Tobago,11.149658,-60.832194,false,Scarborough (TAB),https://raw.githubusercontent.com/algolia/datasets/master/airports/airports.json
TAC,Daniel Z Romualdez,Tacloban,Philippines,11.227628,125.027758,false,Tacloban (TAC),https://raw.githubusercontent.com/algolia/datasets/master/airports/airports.json
TAE,Daegu Ab,Taegu,South Korea,35.894108,128.658856,false,Taegu (TAE),https://raw.githubusercontent.com/algolia/datasets/master/airports/airports.json
TAG,Tagbilaran,Tagbilaran,Philippines,9.66408056,123.853247,false,Tagbilaran (TAG),https://raw.githubusercontent.com/algolia/datasets/master/airports/airports.json
TAH,Tanna island,Tanna,Vanuatu,-19.455198,169.22394,false,Tanna (TAH),https://raw.githubusercontent.com/algolia/datasets/master/airports/airports.json
TAI,Taiz Intl,Taiz,Yemen,13.685964,44.139056,true,Taiz (TAI),https://raw.githubusercontent.com/algolia/datasets/master/airports/airports.json
TAK,Takamatsu,Takamatsu,Japan,34.214167,134.015556,false,Takamatsu (TAK),https://raw.githubusercontent.com/algolia/datasets/master/airports/airports.json
TAL,Tanana Airport,Tanana,United States,65.179556,-152.075833,false,Tanana (TAL),https://raw.githubusercontent.com/algolia/datasets/master/airports/airports.json
TAM,General Francisco Javier Mina Intl,Tampico,Mexico,22.29645,-97.865931,true,Tampico (TAM),https://raw.githubusercontent.com/algolia/datasets/master/airports/airports.json
TAO,Liuting,Qingdao,China,36.266108,120.374436,false,Qingdao (TAO),https://raw.githubusercontent.com/algolia/datasets/master/airports/airports.json
TAP,Tapachula Intl,Tapachula,Mexico,14.794339,-92.370025,true,Tapachula (TAP),https://raw.githubusercontent.com/algolia/datasets/master/airports/airports.json
TAS,Yuzhny,Tashkent,Uzbekistan,41.257861,69.281186,false,Tashkent (TAS),https://raw.githubusercontent.com/algolia/datasets/master/airports/airports.json
TAY,Tartu,Tartu,Estonia,58.307461,26.690428,false,Tartu (TAY),https://raw.githubusercontent.com/algolia/datasets/master/airports/airports.json
TBB,Dong Tac,Tuy Hoa,Vietnam,13.04955,109.333706,false,Tuy Hoa (TBB),https://raw.githubusercontent.com/algolia/datasets/master/airports/airports.json
TBG,Tabubil Airport,Tabubil,Papua New Guinea,-5.27861,141.226,false,Tabubil (TBG),https://raw.githubusercontent.com/algolia/datasets/master/airports/airports.json
TBN,Waynesville Rgnl Arpt At Forney Fld,Fort Leonardwood,United States,37.741631,-92.140736,false,Fort Leonardwood (TBN),https://raw.githubusercontent.com/algolia/datasets/master/airports/airports.json
TBP,Pedro Canga,Tumbes,Peru,-3.552528,-80.381356,false,Tumbes (TBP),https://raw.githubusercontent.com/algolia/datasets/master/airports/airports.json
TBS,Tbilisi,Tbilisi,Georgia,41.669167,44.954722,false,Tbilisi (TBS),https://raw.githubusercontent.com/algolia/datasets/master/airports/airports.json
TBT,Tabatinga,Tabatinga,Brazil,-4.255669,-69.935828,false,Tabatinga (TBT),https://raw.githubusercontent.com/algolia/datasets/master/airports/airports.json
TBU,Fua Amotu Intl,Tongatapu,Tonga,-21.241214,-175.149644,true,Tongatapu (TBU),https://raw.githubusercontent.com/algolia/datasets/master/airports/airports.json
TBW,Tambow,Tambow,Russia,52.81,41.48,false,Tambow (TBW),https://raw.githubusercontent.com/algolia/datasets/master/airports/airports.json
TBZ,Tabriz Intl,Tabriz,Iran,38.133889,46.235,true,Tabriz (TBZ),https://raw.githubusercontent.com/algolia/datasets/master/airports/airports.json
TCB,Treasure Cay,Treasure Cay,Bahamas,26.745336,-77.391269,false,Treasure Cay (TCB),https://raw.githubusercontent.com/algolia/datasets/master/airports/airports.json
TCD,Tarapacá Airport,Tarapacá,Colombia,-2.867,-69.733,false,Tarapacá (TCD),https://raw.githubusercontent.com/algolia/datasets/master/airports/airports.json
TCG,Tacheng Airport,Tacheng,China,46.6725,83.3408,false,Tacheng (TCG),https://raw.githubusercontent.com/algolia/datasets/master/airports/airports.json
TCO,La Florida,Tumaco,Colombia,1.814417,-78.749228,false,Tumaco (TCO),https://raw.githubusercontent.com/algolia/datasets/master/airports/airports.json
TCQ,Coronel Carlos Ciriani Santa Rosa Intl,Tacna,Peru,-18.053333,-70.275833,true,Tacna (TCQ),https://raw.githubusercontent.com/algolia/datasets/master/airports/airports.json
TCT,Takotna Airport,Takotna,United States,62.971944,-156.082778,false,Takotna (TCT),https://raw.githubusercontent.com/algolia/datasets/master/airports/airports.json
TCZ,Tengchong Tuofeng Airport,Tengchong,China,24.938651,98.483591,false,Tengchong (TCZ),https://raw.githubusercontent.com/algolia/datasets/master/airports/airports.json
TDD,Tte Av Jorge Henrich Arauz,Trinidad,Bolivia,-14.818739,-64.918019,false,Trinidad (TDD),https://raw.githubusercontent.com/algolia/datasets/master/airports/airports.json
TDX,Trat,Trat,Thailand,12.274572,102.318958,false,Trat (TDX),https://raw.githubusercontent.com/algolia/datasets/master/airports/airports.json
TEB,Teterboro,Teterboro,United States,40.850103,-74.060837,false,Teterboro (TEB),https://raw.githubusercontent.com/algolia/datasets/master/airports/airports.json
TEE,Cheikh Larbi Tebessi,Tebessa,Algeria,35.431611,8.120717,false,Tebessa (TEE),https://raw.githubusercontent.com/algolia/datasets/master/airports/airports.json
TEN,Tongren,Tongren,China,27.884,109.31,false,Tongren (TEN),https://raw.githubusercontent.com/algolia/datasets/master/airports/airports.json
TEQ,Tekirdağ Çorlu Airport,Çorlu,Turkey,41.13825,27.919094,false,Çorlu (TEQ),https://raw.githubusercontent.com/algolia/datasets/master/airports/airports.json
TER,Lajes,Lajes (terceira Island),Portugal,38.761842,-27.090797,false,Lajes (terceira Island) (TER),https://raw.githubusercontent.com/algolia/datasets/master/airports/airports.json
TET,Tete Chingodzi,Tete,Mozambique,-16.104817,33.640181,false,Tete (TET),https://raw.githubusercontent.com/algolia/datasets/master/airports/airports.json
TFF,Tefe,Tefe,Brazil,-3.382944,-64.724056,false,Tefe (TFF),https://raw.githubusercontent.com/algolia/datasets/master/airports/airports.json
TFI,Tufi Airport,Tufi,Papua New Guinea,-9.07595,149.32,false,Tufi (TFI),https://raw.githubusercontent.com/algolia/datasets/master/airports/airports.json
TFN,Tenerife Norte,Tenerife,Spain,28.482653,-16.341536,false,Tenerife (TFN),https://raw.githubusercontent.com/algolia/datasets/master/airports/airports.json
TFS,Tenerife Sur,Tenerife,Spain,28.044475,-16.572489,false,Tenerife (TFS),https://raw.githubusercontent.com/algolia/datasets/master/airports/airports.json
TGC,Tanjung Manis Airport,Tanjung Manis,Malaysia,2.17784,111.202,false,Tanjung Manis (TGC),https://raw.githubusercontent.com/algolia/datasets/master/airports/airports.json
TGD,Podgorica,Podgorica,Montenegro,42.359392,19.251894,false,Podgorica (TGD),https://raw.githubusercontent.com/algolia/datasets/master/airports/airports.json
TGG,Sultan Mahmud,Kuala Terengganu,Malaysia,5.382639,103.10336,false,Kuala Terengganu (TGG),https://raw.githubusercontent.com/algolia/datasets/master/airports/airports.json
TGH,Tongoa Island Airport,Tongoa Island,Vanuatu,-16.8911,168.551,false,Tongoa Island (TGH),https://raw.githubusercontent.com/algolia/datasets/master/airports/airports.json
TGJ,Tiga Airport,Tiga,New Caledonia,-21.0961,167.804,false,Tiga (TGJ),https://raw.githubusercontent.com/algolia/datasets/master/airports/airports.json
TGM,Transilvania Targu Mures,Tirgu Mures,Romania,46.467714,24.412525,false,Tirgu Mures (TGM),https://raw.githubusercontent.com/algolia/datasets/master/airports/airports.json
TGO,Tongliao Airport,Tongliao,China,43.5567,122.2,false,Tongliao (TGO),https://raw.githubusercontent.com/algolia/datasets/master/airports/airports.json
TGR,Sidi Mahdi,Touggourt,Algeria,33.067803,6.088672,false,Touggourt (TGR),https://raw.githubusercontent.com/algolia/datasets/master/airports/airports.json
TGU,Toncontin Intl,Tegucigalpa,Honduras,14.060883,-87.217197,true,Tegucigalpa (TGU),https://raw.githubusercontent.com/algolia/datasets/master/airports/airports.json
TGZ,Angel Albino Corzo,Tuxtla Gutierrez,Mexico,16.561822,-93.026081,false,Tuxtla Gutierrez (TGZ),https://raw.githubusercontent.com/algolia/datasets/master/airports/airports.json
THD,Tho Xuan Airport,Thanh Hoa,Vietnam,19.90167,105.46778,false,Thanh Hoa (THD),https://raw.githubusercontent.com/algolia/datasets/master/airports/airports.json
THE,Senador Petronio Portella,Teresina,Brazil,-5.059942,-42.823478,false,Teresina (THE),https://raw.githubusercontent.com/algolia/datasets/master/airports/airports.json
THL,Tachileik,Tachilek,Burma,20.483831,99.935353,false,Tachilek (THL),https://raw.githubusercontent.com/algolia/datasets/master/airports/airports.json
THN,Trollhattan Vanersborg,Trollhattan,Sweden,58.318056,12.345,false,Trollhattan (THN),https://raw.githubusercontent.com/algolia/datasets/master/airports/airports.json
THR,Mehrabad Intl,Teheran,Iran,35.689167,51.313416,true,Teheran (THR),https://raw.githubusercontent.com/algolia/datasets/master/airports/airports.json
THS,Sukhothai,Sukhothai,Thailand,17.237992,99.818183,false,Sukhothai (THS),https://raw.githubusercontent.com/algolia/datasets/master/airports/airports.json
THU,Thule Air Base,Thule,Greenland,76.531203,-68.703161,false,Thule (THU),https://raw.githubusercontent.com/algolia/datasets/master/airports/airports.json
TIA,Tirana Rinas,Tirana,Albania,41.414742,19.720561,false,Tirana (TIA),https://raw.githubusercontent.com/algolia/datasets/master/airports/airports.json
TID,Bou Chekif,Tiaret,Algeria,35.341136,1.463147,false,Tiaret (TID),https://raw.githubusercontent.com/algolia/datasets/master/airports/airports.json
TIF,Taif,Taif,Saudi Arabia,21.483418,40.544334,false,Taif (TIF),https://raw.githubusercontent.com/algolia/datasets/master/airports/airports.json
TIH,Tikehau,Tikehau,French Polynesia,-15.119617,-148.230697,false,Tikehau (TIH),https://raw.githubusercontent.com/algolia/datasets/master/airports/airports.json
TIJ,General Abelardo L Rodriguez Intl,Tijuana,Mexico,32.541064,-116.970158,true,Tijuana (TIJ),https://raw.githubusercontent.com/algolia/datasets/master/airports/airports.json
TIM,Moses Kilangin,Timika,Indonesia,-4.528275,136.887375,false,Timika (TIM),https://raw.githubusercontent.com/algolia/datasets/master/airports/airports.json
TIP,Tripoli Intl,Tripoli,Libya,32.663544,13.159011,true,Tripoli (TIP),https://raw.githubusercontent.com/algolia/datasets/master/airports/airports.json
TIR,Tirupati,Tirupeti,India,13.632492,79.543256,false,Tirupeti (TIR),https://raw.githubusercontent.com/algolia/datasets/master/airports/airports.json
TIU,Timaru,Timaru,New Zealand,-44.302778,171.225278,false,Timaru (TIU),https://raw.githubusercontent.com/algolia/datasets/master/airports/airports.json
TIV,Tivat,Tivat,Montenegro,42.404664,18.723286,false,Tivat (TIV),https://raw.githubusercontent.com/algolia/datasets/master/airports/airports.json
TIZ,Tari Airport,Tari,Papua New Guinea,-5.845,142.948,false,Tari (TIZ),https://raw.githubusercontent.com/algolia/datasets/master/airports/airports.json
TJA,Capitan Oriel Lea Plaza,Tarija,Bolivia,-21.555736,-64.701325,false,Tarija (TJA),https://raw.githubusercontent.com/algolia/datasets/master/airports/airports.json
TJM,Roschino,Tyumen,Russia,57.189567,65.3243,false,Tyumen (TJM),https://raw.githubusercontent.com/algolia/datasets/master/airports/airports.json
TJQ,H As Hanandjoeddin,Tanjung Pandan,Indonesia,-2.745722,107.754917,false,Tanjung Pandan (TJQ),https://raw.githubusercontent.com/algolia/datasets/master/airports/airports.json
TJU,Kulob Airport,Kulyab,Tajikistan,37.981667,69.799444,false,Kulyab (TJU),https://raw.githubusercontent.com/algolia/datasets/master/airports/airports.json
TKD,Takoradi,Takoradi,Ghana,4.896056,-1.774756,false,Takoradi (TKD),https://raw.githubusercontent.com/algolia/datasets/master/airports/airports.json
TKE,Tenakee Seaplane Base,Tenakee Springs,United States,57.779722,-135.218333,false,Tenakee Springs (TKE),https://raw.githubusercontent.com/algolia/datasets/master/airports/airports.json
TKG,Radin Inten II (Branti) Airport,Bandar Lampung-Sumatra Island,Indonesia,-5.242339,105.178939,false,Bandar Lampung-Sumatra Island (TKG),https://raw.githubusercontent.com/algolia/datasets/master/airports/airports.json
TKK,Chuuk Intl,Chuuk,Micronesia,7.461869,151.843006,true,Chuuk (TKK),https://raw.githubusercontent.com/algolia/datasets/master/airports/airports.json
TKP,Takapoto,Takapoto,French Polynesia,-14.709544,-145.245814,false,Takapoto (TKP),https://raw.githubusercontent.com/algolia/datasets/master/airports/airports.json
TKS,Tokushima,Tokushima,Japan,34.132808,134.606639,false,Tokushima (TKS),https://raw.githubusercontent.com/algolia/datasets/master/airports/airports.json
TKU,Turku,Turku,Finland,60.514142,22.262808,false,Turku (TKU),https://raw.githubusercontent.com/algolia/datasets/master/airports/airports.json
TKX,Takaroa,Takaroa,French Polynesia,-14.455781,-145.024542,false,Takaroa (TKX),https://raw.githubusercontent.com/algolia/datasets/master/airports/airports.json
TLA,Teller Airport,Teller,United States,65.240278,-166.339444,false,Teller (TLA),https://raw.githubusercontent.com/algolia/datasets/master/airports/airports.json
TLC,Licenciado Adolfo Lopez Mateos Intl,Toluca,Mexico,19.337072,-99.566008,true,Toluca (TLC),https://raw.githubusercontent.com/algolia/datasets/master/airports/airports.json
TLE,Toliara,Toliara,Madagascar,-23.383369,43.728453,false,Toliara (TLE),https://raw.githubusercontent.com/algolia/datasets/master/airports/airports.json
TLH,Tallahassee Rgnl,Tallahassee,United States,30.396528,-84.350333,false,Tallahassee (TLH),https://raw.githubusercontent.com/algolia/datasets/master/airports/airports.json
TLJ,Tatalina Lrrs,Tatalina,United States,62.894369,-155.976525,false,Tatalina (TLJ),https://raw.githubusercontent.com/algolia/datasets/master/airports/airports.json
TLL,Tallinn,Tallinn-ulemiste International,Estonia,59.413317,24.832844,false,Tallinn-ulemiste International (TLL),https://raw.githubusercontent.com/algolia/datasets/master/airports/airports.json
TLM,Zenata,Tlemcen,Algeria,35.016667,-1.45,false,Tlemcen (TLM),https://raw.githubusercontent.com/algolia/datasets/master/airports/airports.json
TLN,Le Palyvestre,Hyeres,France,43.0973,6.14603,false,Hyeres (TLN),https://raw.githubusercontent.com/algolia/datasets/master/airports/airports.json
TLS,Blagnac,Toulouse,France,43.629075,1.363819,false,Toulouse (TLS),https://raw.githubusercontent.com/algolia/datasets/master/airports/airports.json
TLT,Tuluksak Airport,Tuluksak,United States,61.096944,-160.969444,false,Tuluksak (TLT),https://raw.githubusercontent.com/algolia/datasets/master/airports/airports.json
TLV,Ben Gurion,Tel-aviv,Israel,32.011389,34.886667,false,Tel-aviv (TLV),https://raw.githubusercontent.com/algolia/datasets/master/airports/airports.json
TMC,Tambolaka Airport,Waikabubak-Sumba Island,Indonesia,-9.409717,119.244494,false,Waikabubak-Sumba Island (TMC),https://raw.githubusercontent.com/algolia/datasets/master/airports/airports.json
TME,Tame,Tame,Colombia,6.451081,-71.760261,false,Tame (TME),https://raw.githubusercontent.com/algolia/datasets/master/airports/airports.json
TMI,Tumling Tar,Tumling Tar,Nepal,27.315,87.193333,false,Tumling Tar (TMI),https://raw.githubusercontent.com/algolia/datasets/master/airports/airports.json
TMJ,Termez Airport,Termez,Uzbekistan,37.286667,67.31,false,Termez (TMJ),https://raw.githubusercontent.com/algolia/datasets/master/airports/airports.json
TML,Tamale,Tamale,Ghana,9.557192,-0.863214,false,Tamale (TML),https://raw.githubusercontent.com/algolia/datasets/master/airports/airports.json
TMM,Toamasina,Toamasina,Madagascar,-18.109517,49.392536,false,Toamasina (TMM),https://raw.githubusercontent.com/algolia/datasets/master/airports/airports.json
TMP,Tampere Pirkkala,Tampere,Finland,61.414147,23.604392,false,Tampere (TMP),https://raw.githubusercontent.com/algolia/datasets/master/airports/airports.json
TMR,Tamanrasset,Tamanrasset,Algeria,22.811461,5.451075,false,Tamanrasset (TMR),https://raw.githubusercontent.com/algolia/datasets/master/airports/airports.json
TMS,Sao Tome Intl,Sao Tome,Sao Tome and Principe,0.378175,6.712153,true,Sao Tome (TMS),https://raw.githubusercontent.com/algolia/datasets/master/airports/airports.json
TMT,Trombetas,Oriximina,Brazil,-1.4896,-56.396803,false,Oriximina (TMT),https://raw.githubusercontent.com/algolia/datasets/master/airports/airports.json
TMU,Tambor Airport,Nicoya,Costa Rica,9.73852,-85.0138,false,Nicoya (TMU),https://raw.githubusercontent.com/algolia/datasets/master/airports/airports.json
TMW,Tamworth,Tamworth,Australia,-31.083889,150.846667,false,Tamworth (TMW),https://raw.githubusercontent.com/algolia/datasets/master/airports/airports.json
TNA,Jinan,Jinan,China,36.857214,117.215992,false,Jinan (TNA),https://raw.githubusercontent.com/algolia/datasets/master/airports/airports.json
TNC,Tin City LRRS Airport,Tin City,United States,65.563056,-167.921667,false,Tin City (TNC),https://raw.githubusercontent.com/algolia/datasets/master/airports/airports.json
TNG,Ibn Batouta,Tanger,Morocco,35.726917,-5.916889,false,Tanger (TNG),https://raw.githubusercontent.com/algolia/datasets/master/airports/airports.json
TNJ,Kijang,Tanjung Pinang,Indonesia,0.922683,104.532311,false,Tanjung Pinang (TNJ),https://raw.githubusercontent.com/algolia/datasets/master/airports/airports.json
TNK,Tununak Airport,Tununak,United States,60.575556,-165.271667,false,Tununak (TNK),https://raw.githubusercontent.com/algolia/datasets/master/airports/airports.json
TNN,Tainan,Tainan,Taiwan,22.950361,120.205778,false,Tainan (TNN),https://raw.githubusercontent.com/algolia/datasets/master/airports/airports.json
TNO,Cabo Velas Airport,Nicoya,Costa Rica,10.3557,-85.852892,false,Nicoya (TNO),https://raw.githubusercontent.com/algolia/datasets/master/airports/airports.json
TNR,Ivato,Antananarivo,Madagascar,-18.79695,47.478806,false,Antananarivo (TNR),https://raw.githubusercontent.com/algolia/datasets/master/airports/airports.json
TOB,Gamal Abdel Nasser Airport,Tobruk,Libya,31.861,23.907,false,Tobruk (TOB),https://raw.githubusercontent.com/algolia/datasets/master/airports/airports.json
TOE,Nefta,Tozeur,Tunisia,33.939722,8.110556,false,Tozeur (TOE),https://raw.githubusercontent.com/algolia/datasets/master/airports/airports.json
TOF,Tomsk Bogashevo Airport,Tomsk,Russia,56.380278,85.208333,false,Tomsk (TOF),https://raw.githubusercontent.com/algolia/datasets/master/airports/airports.json
TOG,Togiak Airport,Togiak Village,United States,59.0528,-160.397,false,Togiak Village (TOG),https://raw.githubusercontent.com/algolia/datasets/master/airports/airports.json
TOH,Torres Airstrip,Loh/Linua,Vanuatu,-13.328,166.638,false,Loh/Linua (TOH),https://raw.githubusercontent.com/algolia/datasets/master/airports/airports.json
TOL,Toledo,Toledo,United States,41.586806,-83.807833,false,Toledo (TOL),https://raw.githubusercontent.com/algolia/datasets/master/airports/airports.json
TOS,Langnes,Tromso,Norway,69.683333,18.918919,false,Tromso (TOS),https://raw.githubusercontent.com/algolia/datasets/master/airports/airports.json
TOU,Touho,Touho,New Caledonia,-20.790028,165.259486,false,Touho (TOU),https://raw.githubusercontent.com/algolia/datasets/master/airports/airports.json
TOY,Toyama,Toyama,Japan,36.648333,137.1875,false,Toyama (TOY),https://raw.githubusercontent.com/algolia/datasets/master/airports/airports.json
TPA,Tampa Intl,Tampa,United States,27.975472,-82.53325,true,Tampa (TPA),https://raw.githubusercontent.com/algolia/datasets/master/airports/airports.json
TPE,Taoyuan Intl,Taipei,Taiwan,25.077731,121.232822,true,Taipei (TPE),https://raw.githubusercontent.com/algolia/datasets/master/airports/airports.json
TPP,Cadete Guillermo Del Castillo Paredes,Tarapoto,Peru,-6.508742,-76.373247,false,Tarapoto (TPP),https://raw.githubusercontent.com/algolia/datasets/master/airports/airports.json
TPQ,Tepic,Tepic,Mexico,21.419453,-104.842581,false,Tepic (TPQ),https://raw.githubusercontent.com/algolia/datasets/master/airports/airports.json
TPS,Trapani Birgi,Trapani,Italy,37.911403,12.487961,false,Trapani (TPS),https://raw.githubusercontent.com/algolia/datasets/master/airports/airports.json
TRC,Torreon Intl,Torreon,Mexico,25.568278,-103.410583,true,Torreon (TRC),https://raw.githubusercontent.com/algolia/datasets/master/airports/airports.json
TRD,Vaernes,Trondheim,Norway,63.457556,10.92425,false,Trondheim (TRD),https://raw.githubusercontent.com/algolia/datasets/master/airports/airports.json
TRE,Tiree,Tiree,United Kingdom,56.499167,-6.869167,false,Tiree (TRE),https://raw.githubusercontent.com/algolia/datasets/master/airports/airports.json
TRF,Torp,Sandefjord,Norway,59.186703,10.258628,false,Sandefjord (TRF),https://raw.githubusercontent.com/algolia/datasets/master/airports/airports.json
TRG,Tauranga,Tauranga,New Zealand,-37.671944,176.19611,false,Tauranga (TRG),https://raw.githubusercontent.com/algolia/datasets/master/airports/airports.json
TRI,Tri-Cities Regional Airport,BRISTOL,United States,36.4752222,-82.4074167,false,BRISTOL (TRI),https://raw.githubusercontent.com/algolia/datasets/master/airports/airports.json
TRK,Juwata,Taraken,Indonesia,3.326694,117.565569,false,Taraken (TRK),https://raw.githubusercontent.com/algolia/datasets/master/airports/airports.json
TRN,Torino,Torino,Italy,45.200761,7.649631,false,Torino (TRN),https://raw.githubusercontent.com/algolia/datasets/master/airports/airports.json
TRO,Taree Airport,Taree,Australia,-31.8886,152.514,false,Taree (TRO),https://raw.githubusercontent.com/algolia/datasets/master/airports/airports.json
TRR,China Bay,Trinciomalee,Sri Lanka,8.538514,81.181853,false,Trinciomalee (TRR),https://raw.githubusercontent.com/algolia/datasets/master/airports/airports.json
TRS,Ronchi Dei Legionari,Ronchi De Legionari,Italy,45.8275,13.472222,false,Ronchi De Legionari (TRS),https://raw.githubusercontent.com/algolia/datasets/master/airports/airports.json
TRU,Capitan Carlos Martinez De Pinillos,Trujillo,Peru,-8.081411,-79.108761,false,Trujillo (TRU),https://raw.githubusercontent.com/algolia/datasets/master/airports/airports.json
TRV,Thiruvananthapuram Intl,Trivandrum,India,8.482122,76.920114,true,Trivandrum (TRV),https://raw.githubusercontent.com/algolia/datasets/master/airports/airports.json
TRW,Bonriki Intl,Tarawa,Kiribati,1.381636,173.147036,true,Tarawa (TRW),https://raw.githubusercontent.com/algolia/datasets/master/airports/airports.json
TRZ,Trichy,Tiruchirappalli,India,10.765364,78.709722,false,Tiruchirappalli (TRZ),https://raw.githubusercontent.com/algolia/datasets/master/airports/airports.json
TSA,Sungshan,Taipei,Taiwan,25.069722,121.5525,false,Taipei (TSA),https://raw.githubusercontent.com/algolia/datasets/master/airports/airports.json
TSE,Astana Intl,Tselinograd,Kazakhstan,51.022222,71.466944,true,Tselinograd (TSE),https://raw.githubusercontent.com/algolia/datasets/master/airports/airports.json
TSF,Treviso,Treviso,Italy,45.6484,12.194422,false,Treviso (TSF),https://raw.githubusercontent.com/algolia/datasets/master/airports/airports.json
TSH,Tshikapa Airport,Tshikapa,Congo (Kinshasa),-6.43833,20.7947,false,Tshikapa (TSH),https://raw.githubusercontent.com/algolia/datasets/master/airports/airports.json
TSJ,Tsushima,Tsushima,Japan,34.284889,129.33055,false,Tsushima (TSJ),https://raw.githubusercontent.com/algolia/datasets/master/airports/airports.json
TSN,Binhai,Tianjin,China,39.124353,117.346183,false,Tianjin (TSN),https://raw.githubusercontent.com/algolia/datasets/master/airports/airports.json
TSR,Traian Vuia,Timisoara,Romania,45.809861,21.337861,false,Timisoara (TSR),https://raw.githubusercontent.com/algolia/datasets/master/airports/airports.json
TST,Trang,Trang,Thailand,7.508744,99.616578,false,Trang (TST),https://raw.githubusercontent.com/algolia/datasets/master/airports/airports.json
TSV,Townsville,Townsville,Australia,-19.2525,146.765278,false,Townsville (TSV),https://raw.githubusercontent.com/algolia/datasets/master/airports/airports.json
TTA,Plage Blanche,Tan Tan,Morocco,28.448194,-11.161347,false,Tan Tan (TTA),https://raw.githubusercontent.com/algolia/datasets/master/airports/airports.json
TTE,Sultan Babullah,Ternate,Indonesia,0.831414,127.381486,false,Ternate (TTE),https://raw.githubusercontent.com/algolia/datasets/master/airports/airports.json
TTJ,Tottori,Tottori,Japan,35.530069,134.166553,false,Tottori (TTJ),https://raw.githubusercontent.com/algolia/datasets/master/airports/airports.json
TTN,Trenton Mercer,Trenton,United States,40.276692,-74.813469,false,Trenton (TTN),https://raw.githubusercontent.com/algolia/datasets/master/airports/airports.json
TTQ,Aerotortuguero Airport,Roxana,Costa Rica,10.569,-83.5148,false,Roxana (TTQ),https://raw.githubusercontent.com/algolia/datasets/master/airports/airports.json
TTT,Fengnin,Fengnin,Taiwan,22.754986,121.101681,false,Fengnin (TTT),https://raw.githubusercontent.com/algolia/datasets/master/airports/airports.json
TTU,Saniat Rmel,Tetouan,Morocco,35.594333,-5.320019,false,Tetouan (TTU),https://raw.githubusercontent.com/algolia/datasets/master/airports/airports.json
TUA,Teniente Coronel Luis A Mantilla,Tulcan,Ecuador,0.809506,-77.708056,false,Tulcan (TUA),https://raw.githubusercontent.com/algolia/datasets/master/airports/airports.json
TUB,Tubuai,Tubuai,French Polynesia,-23.365353,-149.524072,false,Tubuai (TUB),https://raw.githubusercontent.com/algolia/datasets/master/airports/airports.json
TUC,Teniente Benjamin Matienzo,Tucuman,Argentina,-26.840861,-65.104944,false,Tucuman (TUC),https://raw.githubusercontent.com/algolia/datasets/master/airports/airports.json
TUF,Val De Loire,Tours,France,47.432222,0.727606,false,Tours (TUF),https://raw.githubusercontent.com/algolia/datasets/master/airports/airports.json
TUG,Tuguegarao Airport,Tuguegarao,Philippines,17.638311,121.730614,false,Tuguegarao (TUG),https://raw.githubusercontent.com/algolia/datasets/master/airports/airports.json
TUI,Turaif,Turaif,Saudi Arabia,31.692683,38.7312,false,Turaif (TUI),https://raw.githubusercontent.com/algolia/datasets/master/airports/airports.json
TUK,Turbat International Airport,Turbat,Pakistan,25.986369,63.030167,true,Turbat (TUK),https://raw.githubusercontent.com/algolia/datasets/master/airports/airports.json
TUL,Tulsa Intl,Tulsa,United States,36.198389,-95.888111,true,Tulsa (TUL),https://raw.githubusercontent.com/algolia/datasets/master/airports/airports.json
TUN,Carthage,Tunis,Tunisia,36.851033,10.227217,false,Tunis (TUN),https://raw.githubusercontent.com/algolia/datasets/master/airports/airports.json
TUO,Taupo,Taupo,New Zealand,-38.739723,176.084444,false,Taupo (TUO),https://raw.githubusercontent.com/algolia/datasets/master/airports/airports.json
TUP,Tupelo Regional Airport,Tupelo,United States,34.2681,-88.7699,false,Tupelo (TUP),https://raw.githubusercontent.com/algolia/datasets/master/airports/airports.json
TUR,Tucurui,Tucurui,Brazil,-3.786008,-49.720267,false,Tucurui (TUR),https://raw.githubusercontent.com/algolia/datasets/master/airports/airports.json
TUS,Tucson Intl,Tucson,United States,32.116083,-110.941028,true,Tucson (TUS),https://raw.githubusercontent.com/algolia/datasets/master/airports/airports.json
TUU,Tabuk,Tabuk,Saudi Arabia,28.365417,36.618889,false,Tabuk (TUU),https://raw.githubusercontent.com/algolia/datasets/master/airports/airports.json
TVC,Cherry Capital Airport,Traverse City,United States,44.741445,-85.582235,false,Traverse City (TVC),https://raw.githubusercontent.com/algolia/datasets/master/airports/airports.json
TVF,Thief River Falls,Thief River Falls,United States,48.065556,-96.185,false,Thief River Falls (TVF),https://raw.githubusercontent.com/algolia/datasets/master/airports/airports.json
TVS,Sannvhe,Tangshan,China,39.717444,118.002389,false,Tangshan (TVS),https://raw.githubusercontent.com/algolia/datasets/master/airports/airports.json
TVU,Matei Airport,Matei,Fiji,-16.6906,-179.877,false,Matei (TVU),https://raw.githubusercontent.com/algolia/datasets/master/airports/airports.json
TVY,Dawei Airport,Dawei,Burma,14.103886,98.203636,false,Dawei (TVY),https://raw.githubusercontent.com/algolia/datasets/master/airports/airports.json
TWB,Toowoomba,Toowoomba,Australia,-27.542778,151.916389,false,Toowoomba (TWB),https://raw.githubusercontent.com/algolia/datasets/master/airports/airports.json
TWF,Magic Valley Regional Airport,Twin Falls,United States,42.481803,-114.487733,false,Twin Falls (TWF),https://raw.githubusercontent.com/algolia/datasets/master/airports/airports.json
TWU,Tawau,Tawau,Malaysia,4.313369,118.121953,false,Tawau (TWU),https://raw.githubusercontent.com/algolia/datasets/master/airports/airports.json
TXK,Texarkana Rgnl Webb Fld,Texarkana,United States,33.453722,-93.991028,false,Texarkana (TXK),https://raw.githubusercontent.com/algolia/datasets/master/airports/airports.json
TXL,Tegel,Berlin,Germany,52.559686,13.287711,false,Berlin (TXL),https://raw.githubusercontent.com/algolia/datasets/master/airports/airports.json
TXN,Tunxi International Airport,Huangshan,China,29.7333,118.256,true,Huangshan (TXN),https://raw.githubusercontent.com/algolia/datasets/master/airports/airports.json
TYF,Torsby Airport,Torsby,Sweden,60.157622,12.991269,false,Torsby (TYF),https://raw.githubusercontent.com/algolia/datasets/master/airports/airports.json
TYN,Wusu,Taiyuan,China,37.746897,112.628428,false,Taiyuan (TYN),https://raw.githubusercontent.com/algolia/datasets/master/airports/airports.json
TYR,Tyler Pounds Rgnl,Tyler,United States,32.354139,-95.402386,false,Tyler (TYR),https://raw.githubusercontent.com/algolia/datasets/master/airports/airports.json
TYS,Mc Ghee Tyson,Knoxville,United States,35.810972,-83.994028,false,Knoxville (TYS),https://raw.githubusercontent.com/algolia/datasets/master/airports/airports.json
TZA,Belize City Municipal Airport,Belize,Belize,17.5344,-88.298,false,Belize (TZA),https://raw.githubusercontent.com/algolia/datasets/master/airports/airports.json
TZX,Trabzon,Trabzon,Turkey,40.995108,39.789728,false,Trabzon (TZX),https://raw.githubusercontent.com/algolia/datasets/master/airports/airports.json
UAH,Ua Huka Airport,Ua Huka,French Polynesia,-8.93611,-139.552,false,Ua Huka (UAH),https://raw.githubusercontent.com/algolia/datasets/master/airports/airports.json
UAK,Narsarsuaq,Narssarssuaq,Greenland,61.160517,-45.425978,false,Narssarssuaq (UAK),https://raw.githubusercontent.com/algolia/datasets/master/airports/airports.json
UAP,Ua Pou Airport,Ua Pou,French Polynesia,-9.35167,-140.078,false,Ua Pou (UAP),https://raw.githubusercontent.com/algolia/datasets/master/airports/airports.json
UAQ,San Juan,San Julian,Argentina,-31.571472,-68.418194,false,San Julian (UAQ),https://raw.githubusercontent.com/algolia/datasets/master/airports/airports.json
UAS,Samburu South Airport,Samburu South,Kenya,0.530583,37.5342,false,Samburu South (UAS),https://raw.githubusercontent.com/algolia/datasets/master/airports/airports.json
UBA,Uberaba,Uberaba,Brazil,-19.765,-47.964778,false,Uberaba (UBA),https://raw.githubusercontent.com/algolia/datasets/master/airports/airports.json
UBJ,Yamaguchi Ube,Yamaguchi,Japan,33.93,131.278611,false,Yamaguchi (UBJ),https://raw.githubusercontent.com/algolia/datasets/master/airports/airports.json
UBP,Ubon Ratchathani,Ubon Ratchathani,Thailand,15.251278,104.870231,false,Ubon Ratchathani (UBP),https://raw.githubusercontent.com/algolia/datasets/master/airports/airports.json
UCT,Ukhta,Ukhta,Russia,63.340297,53.482592,false,Ukhta (UCT),https://raw.githubusercontent.com/algolia/datasets/master/airports/airports.json
UDI,Ten Cel Av Cesar Bombonato,Uberlandia,Brazil,-18.882844,-48.225594,false,Uberlandia (UDI),https://raw.githubusercontent.com/algolia/datasets/master/airports/airports.json
UDJ,Uzhhorod International Airport,Uzhgorod,Ukraine,48.634278,22.263356,true,Uzhgorod (UDJ),https://raw.githubusercontent.com/algolia/datasets/master/airports/airports.json
UDR,Udaipur,Udaipur,India,24.617697,73.8961,false,Udaipur (UDR),https://raw.githubusercontent.com/algolia/datasets/master/airports/airports.json
UEL,Quelimane,Quelimane,Mozambique,-17.8555,36.869106,false,Quelimane (UEL),https://raw.githubusercontent.com/algolia/datasets/master/airports/airports.json
UEO,Kumejima,Kumejima,Japan,26.363506,126.713806,false,Kumejima (UEO),https://raw.githubusercontent.com/algolia/datasets/master/airports/airports.json
UET,Quetta,Quetta,Pakistan,30.251369,66.937764,false,Quetta (UET),https://raw.githubusercontent.com/algolia/datasets/master/airports/airports.json
UFA,Ufa,Ufa,Russia,54.557511,55.874417,false,Ufa (UFA),https://raw.githubusercontent.com/algolia/datasets/master/airports/airports.json
UGC,Urgench Airport,Urgench,Uzbekistan,41.5843,60.6417,false,Urgench (UGC),https://raw.githubusercontent.com/algolia/datasets/master/airports/airports.json
UIB,El Carano,Quibdo,Colombia,5.690758,-76.641181,false,Quibdo (UIB),https://raw.githubusercontent.com/algolia/datasets/master/airports/airports.json
UIH,Phu Cat Airport,Phucat,Vietnam,13.954986,109.042267,false,Phucat (UIH),https://raw.githubusercontent.com/algolia/datasets/master/airports/airports.json
UII,Utila Airport,Utila,Honduras,16.091667,-86.8875,false,Utila (UII),https://raw.githubusercontent.com/algolia/datasets/master/airports/airports.json
UIN,Quincy Regional Baldwin Field,Quincy,United States,39.9427,-91.1946,false,Quincy (UIN),https://raw.githubusercontent.com/algolia/datasets/master/airports/airports.json
UIO,Mariscal Sucre Intl,Quito,Ecuador,-0.141144,-78.488214,true,Quito (UIO),https://raw.githubusercontent.com/algolia/datasets/master/airports/airports.json
UIP,Pluguffan,Quimper,France,47.974981,-4.167786,false,Quimper (UIP),https://raw.githubusercontent.com/algolia/datasets/master/airports/airports.json
UKA,Ukunda Airport,Ukunda,Kenya,-4.29694,39.5714,false,Ukunda (UKA),https://raw.githubusercontent.com/algolia/datasets/master/airports/airports.json
UKB,Kobe,Kobe,Japan,34.632778,135.223889,false,Kobe (UKB),https://raw.githubusercontent.com/algolia/datasets/master/airports/airports.json
UKK,Ust Kamenogorsk Airport,Ust Kamenogorsk,Kazakhstan,50.0366,82.4942,false,Ust Kamenogorsk (UKK),https://raw.githubusercontent.com/algolia/datasets/master/airports/airports.json
UKS,Belbek Sevastopol International Airport,Sevastopol,Ukraine,44.691431,33.57567,true,Sevastopol (UKS),https://raw.githubusercontent.com/algolia/datasets/master/airports/airports.json
UKX,Ust-Kut,Ust-Kut,Russia,56.85,105.7167,false,Ust-Kut (UKX),https://raw.githubusercontent.com/algolia/datasets/master/airports/airports.json
ULB,Uléi Airport,Ambryn Island,Vanuatu,-16.333,168.283,false,Ambryn Island (ULB),https://raw.githubusercontent.com/algolia/datasets/master/airports/airports.json
ULG,Olgii Airport,Olgii,Mongolia,48.991667,89.919722,false,Olgii (ULG),https://raw.githubusercontent.com/algolia/datasets/master/airports/airports.json
ULH,Prince Abdul Majeed Airport,Al-Ula,Saudi Arabia,26.636718,37.908018,false,Al-Ula (ULH),https://raw.githubusercontent.com/algolia/datasets/master/airports/airports.json
ULK,Lensk,Lensk,Russia,60.723,114.825,false,Lensk (ULK),https://raw.githubusercontent.com/algolia/datasets/master/airports/airports.json
ULN,Chinggis Khaan Intl,Ulan Bator,Mongolia,47.843056,106.766639,true,Ulan Bator (ULN),https://raw.githubusercontent.com/algolia/datasets/master/airports/airports.json
ULO,Ulaangom Airport,Ulaangom,Mongolia,49.973333,92.079722,false,Ulaangom (ULO),https://raw.githubusercontent.com/algolia/datasets/master/airports/airports.json
ULP,Quilpie Airport,Quilpie,Australia,-26.6122,144.253,false,Quilpie (ULP),https://raw.githubusercontent.com/algolia/datasets/master/airports/airports.json
ULV,Barataevka,Ulyanovsk,Russia,54.268299,48.2267,false,Ulyanovsk (ULV),https://raw.githubusercontent.com/algolia/datasets/master/airports/airports.json
UMD,Uummannaq Heliport,Uummannaq,Greenland,70.4047,52.0702,false,Uummannaq (UMD),https://raw.githubusercontent.com/algolia/datasets/master/airports/airports.json
UME,Umea,Umea,Sweden,63.791828,20.282758,false,Umea (UME),https://raw.githubusercontent.com/algolia/datasets/master/airports/airports.json
UNG,Kiunga Airport,Kiunga,Papua New Guinea,-6.12571,141.282,false,Kiunga (UNG),https://raw.githubusercontent.com/algolia/datasets/master/airports/airports.json
UNK,Unalakleet Airport,Unalakleet,United States,63.888333,-160.798889,false,Unalakleet (UNK),https://raw.githubusercontent.com/algolia/datasets/master/airports/airports.json
UNN,Ranong,Ranong,Thailand,9.777622,98.585483,false,Ranong (UNN),https://raw.githubusercontent.com/algolia/datasets/master/airports/airports.json
UPG,Hasanuddin,Ujung Pandang,Indonesia,-5.061631,119.554042,false,Ujung Pandang (UPG),https://raw.githubusercontent.com/algolia/datasets/master/airports/airports.json
UPN,Licenciado Y Gen Ignacio Lopez Rayon,Uruapan,Mexico,19.396692,-102.039056,false,Uruapan (UPN),https://raw.githubusercontent.com/algolia/datasets/master/airports/airports.json
URA,Uralsk,Uralsk,Kazakhstan,51.150833,51.543056,false,Uralsk (URA),https://raw.githubusercontent.com/algolia/datasets/master/airports/airports.json
URC,Diwopu,Urumqi,China,43.907106,87.474244,false,Urumqi (URC),https://raw.githubusercontent.com/algolia/datasets/master/airports/airports.json
URE,Kuressaare,Kuressaare,Estonia,58.229883,22.509494,false,Kuressaare (URE),https://raw.githubusercontent.com/algolia/datasets/master/airports/airports.json
URG,Rubem Berta,Uruguaiana,Brazil,-29.782178,-57.038189,false,Uruguaiana (URG),https://raw.githubusercontent.com/algolia/datasets/master/airports/airports.json
URJ,Uraj,Uraj,Russia,60.1,64.83,false,Uraj (URJ),https://raw.githubusercontent.com/algolia/datasets/master/airports/airports.json
URS,Kursk East Airport,Kursk,Russia,51.7506,36.2956,false,Kursk (URS),https://raw.githubusercontent.com/algolia/datasets/master/airports/airports.json
URT,Surat Thani,Surat Thani,Thailand,9.1325,99.135556,false,Surat Thani (URT),https://raw.githubusercontent.com/algolia/datasets/master/airports/airports.json
URY,Guriat,Guriat,Saudi Arabia,31.411942,37.279469,false,Guriat (URY),https://raw.githubusercontent.com/algolia/datasets/master/airports/airports.json
USH,Ushuaia Malvinas Argentinas,Ushuaia,Argentina,-54.843278,-68.29575,false,Ushuaia (USH),https://raw.githubusercontent.com/algolia/datasets/master/airports/airports.json
USK,Usinsk,Usinsk,Russia,66.00077,57.221113,false,Usinsk (USK),https://raw.githubusercontent.com/algolia/datasets/master/airports/airports.json
USM,Samui,Ko Samui,Thailand,9.547794,100.062272,false,Ko Samui (USM),https://raw.githubusercontent.com/algolia/datasets/master/airports/airports.json
USN,Ulsan,Ulsan,South Korea,35.593494,129.351722,false,Ulsan (USN),https://raw.githubusercontent.com/algolia/datasets/master/airports/airports.json
UST,St. Augustine Airport,St. Augustine Airport,United States,29.959167,-81.339722,false,St. Augustine Airport (UST),https://raw.githubusercontent.com/algolia/datasets/master/airports/airports.json
USU,Busuanga,Busuanga,Philippines,12.121458,120.100031,false,Busuanga (USU),https://raw.githubusercontent.com/algolia/datasets/master/airports/airports.json
UTH,Udon Thani,Udon Thani,Thailand,17.386436,102.788247,false,Udon Thani (UTH),https://raw.githubusercontent.com/algolia/datasets/master/airports/airports.json
UTN,Upington,Upington,South Africa,-28.399097,21.260239,false,Upington (UTN),https://raw.githubusercontent.com/algolia/datasets/master/airports/airports.json
UTP,U Taphao Intl,Pattaya,Thailand,12.679944,101.005028,true,Pattaya (UTP),https://raw.githubusercontent.com/algolia/datasets/master/airports/airports.json
UTT,Mthatha,Umtata,South Africa,-31.547903,28.674289,false,Umtata (UTT),https://raw.githubusercontent.com/algolia/datasets/master/airports/airports.json
UUA,Bugulma Airport,Bugulma,Russia,54.64,52.8017,false,Bugulma (UUA),https://raw.githubusercontent.com/algolia/datasets/master/airports/airports.json
UUD,Mukhino,Ulan-ude,Russia,51.807764,107.437644,false,Ulan-ude (UUD),https://raw.githubusercontent.com/algolia/datasets/master/airports/airports.json
UUS,Khomutovo,Yuzhno-sakhalinsk,Russia,46.888672,142.717531,false,Yuzhno-sakhalinsk (UUS),https://raw.githubusercontent.com/algolia/datasets/master/airports/airports.json
UVE,Ouvea,Ouvea,New Caledonia,-20.640556,166.572778,false,Ouvea (UVE),https://raw.githubusercontent.com/algolia/datasets/master/airports/airports.json
UVF,Hewanorra Intl,Hewandorra,Saint Lucia,13.733194,-60.952597,true,Hewandorra (UVF),https://raw.githubusercontent.com/algolia/datasets/master/airports/airports.json
UYL,Nyala Airport,Nyala,Sudan,12.0535,24.9562,false,Nyala (UYL),https://raw.githubusercontent.com/algolia/datasets/master/airports/airports.json
UYN,Yulin Airport,Yulin,China,38.2692,109.731,false,Yulin (UYN),https://raw.githubusercontent.com/algolia/datasets/master/airports/airports.json
UYU,Uyuni Airport,Uyuni,Bolivia,-20.466667,-66.833333,false,Uyuni (UYU),https://raw.githubusercontent.com/algolia/datasets/master/airports/airports.json
VAA,Vaasa,Vaasa,Finland,63.05065,21.762175,false,Vaasa (VAA),https://raw.githubusercontent.com/algolia/datasets/master/airports/airports.json
VAI,Vanimo Airport,Vanimo,Papua New Guinea,-2.69717,141.302,false,Vanimo (VAI),https://raw.githubusercontent.com/algolia/datasets/master/airports/airports.json
VAK,Chevak Airport,Chevak,United States,61.5338,-165.584,false,Chevak (VAK),https://raw.githubusercontent.com/algolia/datasets/master/airports/airports.json
VAN,Van,Van,Turkey,38.468219,43.3323,false,Van (VAN),https://raw.githubusercontent.com/algolia/datasets/master/airports/airports.json
VAO,Suavanao Airport,Suavanao,Solomon Islands,-7.58556,158.731,false,Suavanao (VAO),https://raw.githubusercontent.com/algolia/datasets/master/airports/airports.json
VAR,Varna,Varna,Bulgaria,43.232072,27.825106,false,Varna (VAR),https://raw.githubusercontent.com/algolia/datasets/master/airports/airports.json
VAS,Sivas,Sivas,Turkey,39.813828,36.903497,false,Sivas (VAS),https://raw.githubusercontent.com/algolia/datasets/master/airports/airports.json
VAW,Svartnes Airport,Vardø,Norway,70.355392,31.044889,false,Vardø (VAW),https://raw.githubusercontent.com/algolia/datasets/master/airports/airports.json
VBV,Vanua Balavu Airport,Vanua Balavu,Fiji,-17.269,-178.976,false,Vanua Balavu (VBV),https://raw.githubusercontent.com/algolia/datasets/master/airports/airports.json
VBY,Visby,Visby,Sweden,57.662797,18.346211,false,Visby (VBY),https://raw.githubusercontent.com/algolia/datasets/master/airports/airports.json
VCA,Trà Nóc Airport,Can Tho,Vietnam,10.085119,105.711922,false,Can Tho (VCA),https://raw.githubusercontent.com/algolia/datasets/master/airports/airports.json
VCE,Venezia Tessera,Venice,Italy,45.505278,12.351944,false,Venice (VCE),https://raw.githubusercontent.com/algolia/datasets/master/airports/airports.json
VCL,Chu Lai,Chu Lai,Vietnam,15.405944,108.705889,false,Chu Lai (VCL),https://raw.githubusercontent.com/algolia/datasets/master/airports/airports.json
VCP,Viracopos,Campinas,Brazil,-23.0075,-47.134444,false,Campinas (VCP),https://raw.githubusercontent.com/algolia/datasets/master/airports/airports.json
VCS,Co Ong Airport,Conson,Vietnam,8.731831,106.632589,false,Conson (VCS),https://raw.githubusercontent.com/algolia/datasets/master/airports/airports.json
VCT,Victoria Regional Airport,Victoria,United States,28.8526,-96.9185,false,Victoria (VCT),https://raw.githubusercontent.com/algolia/datasets/master/airports/airports.json
VDA,Ovda,Ovda,Israel,29.94025,34.93585,false,Ovda (VDA),https://raw.githubusercontent.com/algolia/datasets/master/airports/airports.json
VDB,Leirin,Fagernes,Norway,61.015556,9.288056,false,Fagernes (VDB),https://raw.githubusercontent.com/algolia/datasets/master/airports/airports.json
VDC,Vitória da Conquista Airport,Vitória Da Conquista,Brazil,-14.862761,-40.863106,false,Vitória Da Conquista (VDC),https://raw.githubusercontent.com/algolia/datasets/master/airports/airports.json
VDE,Hierro,Hierro,Spain,27.814847,-17.887056,false,Hierro (VDE),https://raw.githubusercontent.com/algolia/datasets/master/airports/airports.json
VDH,Dong Hoi,Dong Hoi,Vietnam,17.515,106.590556,false,Dong Hoi (VDH),https://raw.githubusercontent.com/algolia/datasets/master/airports/airports.json
VDM,Gobernador Castello,Viedma,Argentina,-40.869222,-63.000389,false,Viedma (VDM),https://raw.githubusercontent.com/algolia/datasets/master/airports/airports.json
VDS,Airport,Vadso,Norway,70.065,29.844,false,Vadso (VDS),https://raw.githubusercontent.com/algolia/datasets/master/airports/airports.json
VDZ,Valdez Pioneer Fld,Valdez,United States,61.133949,-146.248342,false,Valdez (VDZ),https://raw.githubusercontent.com/algolia/datasets/master/airports/airports.json
VEE,Venetie Airport,Venetie,United States,67.008611,-146.366389,false,Venetie (VEE),https://raw.githubusercontent.com/algolia/datasets/master/airports/airports.json
VEL,Vernal Regional Airport,Vernal,United States,40.440833,-109.51,false,Vernal (VEL),https://raw.githubusercontent.com/algolia/datasets/master/airports/airports.json
VER,General Heriberto Jara Intl,Vera Cruz,Mexico,19.145931,-96.187267,true,Vera Cruz (VER),https://raw.githubusercontent.com/algolia/datasets/master/airports/airports.json
VFA,Victoria Falls Intl,Victoria Falls,Zimbabwe,-18.095881,25.839006,true,Victoria Falls (VFA),https://raw.githubusercontent.com/algolia/datasets/master/airports/airports.json
VGA,Vijayawada,Vijayawada,India,16.530433,80.796847,false,Vijayawada (VGA),https://raw.githubusercontent.com/algolia/datasets/master/airports/airports.json
VGO,Vigo,Vigo,Spain,42.2318,-8.626775,false,Vigo (VGO),https://raw.githubusercontent.com/algolia/datasets/master/airports/airports.json
VGZ,Villa Garzon Airport,Villa Garzon,Colombia,0.978889,-76.605556,false,Villa Garzon (VGZ),https://raw.githubusercontent.com/algolia/datasets/master/airports/airports.json
VHC,Saurimo,Saurimo,Angola,-9.689067,20.431875,false,Saurimo (VHC),https://raw.githubusercontent.com/algolia/datasets/master/airports/airports.json
VHM,Vilhelmina,Vilhelmina,Sweden,64.579083,16.833575,false,Vilhelmina (VHM),https://raw.githubusercontent.com/algolia/datasets/master/airports/airports.json
VIE,Schwechat,Vienna,Austria,48.110278,16.569722,false,Vienna (VIE),https://raw.githubusercontent.com/algolia/datasets/master/airports/airports.json
VIG,Juan Pablo Pérez Alfonso Airport,El Vigía,Venezuela,8.6241,-71.672819,false,El Vigía (VIG),https://raw.githubusercontent.com/algolia/datasets/master/airports/airports.json
VII,Vinh Airport,Vinh,Vietnam,18.737569,105.670764,false,Vinh (VII),https://raw.githubusercontent.com/algolia/datasets/master/airports/airports.json
VIJ,Virgin Gorda Airport,Spanish Town,British Virgin Islands,18.4464,-64.4275,false,Spanish Town (VIJ),https://raw.githubusercontent.com/algolia/datasets/master/airports/airports.json
VIL,Dakhla Airport,Dakhla,Western Sahara,23.7183,-15.932,false,Dakhla (VIL),https://raw.githubusercontent.com/algolia/datasets/master/airports/airports.json
VIN,Vinnitsa,Vinnitsa,Ukraine,49.2433,28.6063,false,Vinnitsa (VIN),https://raw.githubusercontent.com/algolia/datasets/master/airports/airports.json
VIS,Visalia Municipal Airport,Visalia,United States,36.318611,-119.392778,false,Visalia (VIS),https://raw.githubusercontent.com/algolia/datasets/master/airports/airports.json
VIX,Goiabeiras,Vitoria,Brazil,-20.258056,-40.286389,false,Vitoria (VIX),https://raw.githubusercontent.com/algolia/datasets/master/airports/airports.json
VKG,Rach Gia,Rach Gia,Vietnam,9.949676,105.133659,false,Rach Gia (VKG),https://raw.githubusercontent.com/algolia/datasets/master/airports/airports.json
VKO,Vnukovo,Moscow,Russia,55.591531,37.261486,false,Moscow (VKO),https://raw.githubusercontent.com/algolia/datasets/master/airports/airports.json
VKT,Vorkuta Airport,Vorkuta,Russia,67.4886,63.9931,false,Vorkuta (VKT),https://raw.githubusercontent.com/algolia/datasets/master/airports/airports.json
VLC,Valencia,Valencia,Spain,39.489314,-0.481625,false,Valencia (VLC),https://raw.githubusercontent.com/algolia/datasets/master/airports/airports.json
VLD,Valdosta Regional Airport,Valdosta,United States,30.7825,-83.2767,false,Valdosta (VLD),https://raw.githubusercontent.com/algolia/datasets/master/airports/airports.json
VLI,Port Vila Bauerfield,Port-vila,Vanuatu,-17.699325,168.319794,false,Port-vila (VLI),https://raw.githubusercontent.com/algolia/datasets/master/airports/airports.json
VLL,Valladolid,Valladolid,Spain,41.706111,-4.851944,false,Valladolid (VLL),https://raw.githubusercontent.com/algolia/datasets/master/airports/airports.json
VLN,Arturo Michelena Intl,Valencia,Venezuela,10.149733,-67.9284,true,Valencia (VLN),https://raw.githubusercontent.com/algolia/datasets/master/airports/airports.json
VLS,Valesdir Airport,Valesdir,Vanuatu,-16.7961,168.177,false,Valesdir (VLS),https://raw.githubusercontent.com/algolia/datasets/master/airports/airports.json
VLV,Dr Antonio Nicolas Briceno,Valera,Venezuela,9.340797,-70.584089,false,Valera (VLV),https://raw.githubusercontent.com/algolia/datasets/master/airports/airports.json
VNO,Vilnius Intl,Vilnius,Lithuania,54.634133,25.285767,true,Vilnius (VNO),https://raw.githubusercontent.com/algolia/datasets/master/airports/airports.json
VNS,Varanasi,Varanasi,India,25.452358,82.859342,false,Varanasi (VNS),https://raw.githubusercontent.com/algolia/datasets/master/airports/airports.json
VNX,Vilankulo,Vilankulu,Mozambique,-22.018431,35.313297,false,Vilankulu (VNX),https://raw.githubusercontent.com/algolia/datasets/master/airports/airports.json
VOG,Gumrak,Volgograd,Russia,48.782528,44.345544,false,Volgograd (VOG),https://raw.githubusercontent.com/algolia/datasets/master/airports/airports.json
VOL,Nea Anchialos,Nea Anghialos,Greece,39.219619,22.794339,false,Nea Anghialos (VOL),https://raw.githubusercontent.com/algolia/datasets/master/airports/airports.json
VOZ,Chertovitskoye,Voronezh,Russia,51.814211,39.229589,false,Voronezh (VOZ),https://raw.githubusercontent.com/algolia/datasets/master/airports/airports.json
VPE,Ondjiva Pereira Airport,Ondjiva,Angola,-17.043464,15.683822,false,Ondjiva (VPE),https://raw.githubusercontent.com/algolia/datasets/master/airports/airports.json
VPS,Eglin Afb,Valparaiso,United States,30.48325,-86.5254,false,Valparaiso (VPS),https://raw.githubusercontent.com/algolia/datasets/master/airports/airports.json
VPY,Chimoio Airport,Chimoio,Mozambique,-19.151267,33.428958,false,Chimoio (VPY),https://raw.githubusercontent.com/algolia/datasets/master/airports/airports.json
VQS,Vieques Airport,Vieques Island,Puerto Rico,18.1158,-65.4227,false,Vieques Island (VQS),https://raw.githubusercontent.com/algolia/datasets/master/airports/airports.json
VRA,Juan Gualberto Gomez Intl,Varadero,Cuba,23.034445,-81.435278,true,Varadero (VRA),https://raw.githubusercontent.com/algolia/datasets/master/airports/airports.json
VRC,Virac Airport,Virac,Philippines,13.576439,124.205672,false,Virac (VRC),https://raw.githubusercontent.com/algolia/datasets/master/airports/airports.json
VRN,Villafranca,Villafranca,Italy,45.395706,10.888533,false,Villafranca (VRN),https://raw.githubusercontent.com/algolia/datasets/master/airports/airports.json
VSA,C P A Carlos Rovirosa Intl,Villahermosa,Mexico,17.997,-92.817361,true,Villahermosa (VSA),https://raw.githubusercontent.com/algolia/datasets/master/airports/airports.json
VST,Vasteras,Vasteras,Sweden,59.589444,16.633611,false,Vasteras (VST),https://raw.githubusercontent.com/algolia/datasets/master/airports/airports.json
VTE,Wattay Intl,Vientiane,Laos,17.988322,102.563256,true,Vientiane (VTE),https://raw.githubusercontent.com/algolia/datasets/master/airports/airports.json
VTZ,Vishakhapatnam,Vishakhapatnam,India,17.721167,83.224483,false,Vishakhapatnam (VTZ),https://raw.githubusercontent.com/algolia/datasets/master/airports/airports.json
VUP,Alfonso Lopez Pumarejo,Valledupar,Colombia,10.435042,-73.249506,false,Valledupar (VUP),https://raw.githubusercontent.com/algolia/datasets/master/airports/airports.json
VUS,Veliky Ustyug,Veliky Ustyug,Russia,60.788333,46.26,false,Veliky Ustyug (VUS),https://raw.githubusercontent.com/algolia/datasets/master/airports/airports.json
VVC,Vanguardia,Villavicencio,Colombia,4.167875,-73.613761,false,Villavicencio (VVC),https://raw.githubusercontent.com/algolia/datasets/master/airports/airports.json
VVI,Viru Viru Intl,Santa Cruz,Bolivia,-17.644756,-63.135364,true,Santa Cruz (VVI),https://raw.githubusercontent.com/algolia/datasets/master/airports/airports.json
VVO,Knevichi,Vladivostok,Russia,43.398953,132.148017,false,Vladivostok (VVO),https://raw.githubusercontent.com/algolia/datasets/master/airports/airports.json
VXC,Lichinga,Lichinga,Mozambique,-13.273986,35.266262,false,Lichinga (VXC),https://raw.githubusercontent.com/algolia/datasets/master/airports/airports.json
VXE,Sao Pedro,Sao Vicente Island,Cape Verde,16.833689,-25.054661,false,Sao Vicente Island (VXE),https://raw.githubusercontent.com/algolia/datasets/master/airports/airports.json
VXO,Kronoberg,Vaxjo,Sweden,56.929144,14.727994,false,Vaxjo (VXO),https://raw.githubusercontent.com/algolia/datasets/master/airports/airports.json
WAA,Wales Airport,Wales,United States,65.6225,-168.095,false,Wales (WAA),https://raw.githubusercontent.com/algolia/datasets/master/airports/airports.json
WAG,Wanganui,Wanganui,New Zealand,-39.962222,175.025278,false,Wanganui (WAG),https://raw.githubusercontent.com/algolia/datasets/master/airports/airports.json
WAT,Waterford,Waterford,Ireland,52.1872,-7.086964,false,Waterford (WAT),https://raw.githubusercontent.com/algolia/datasets/master/airports/airports.json
WAW,Okecie,Warsaw,Poland,52.16575,20.967122,false,Warsaw (WAW),https://raw.githubusercontent.com/algolia/datasets/master/airports/airports.json
WBB,Stebbins Airport,Stebbins,United States,63.515833,-162.278056,false,Stebbins (WBB),https://raw.githubusercontent.com/algolia/datasets/master/airports/airports.json
WBM,Wapenamanda Airport,Wapenamanda,Papua New Guinea,-5.6433,143.895,false,Wapenamanda (WBM),https://raw.githubusercontent.com/algolia/datasets/master/airports/airports.json
WBQ,Beaver Airport,Beaver,United States,66.362222,-147.406667,false,Beaver (WBQ),https://raw.githubusercontent.com/algolia/datasets/master/airports/airports.json
WDH,Windhoek Hosea Kutako International Airport,Windhoek,Namibia,-22.486667,17.4625,true,Windhoek (WDH),https://raw.githubusercontent.com/algolia/datasets/master/airports/airports.json
WEF,Weifang Airport,Weifang,China,36.6467,119.119,false,Weifang (WEF),https://raw.githubusercontent.com/algolia/datasets/master/airports/airports.json
WEI,Weipa,Weipa,Australia,-12.678611,141.925278,false,Weipa (WEI),https://raw.githubusercontent.com/algolia/datasets/master/airports/airports.json
WGA,Wagga Wagga,Wagga Wagga,Australia,-35.165278,147.466389,false,Wagga Wagga (WGA),https://raw.githubusercontent.com/algolia/datasets/master/airports/airports.json
WGP,Mau Hau,Waingapu,Indonesia,-9.669217,120.302006,false,Waingapu (WGP),https://raw.githubusercontent.com/algolia/datasets/master/airports/airports.json
WHK,Whakatane,Whakatane,New Zealand,-37.920556,176.914167,false,Whakatane (WHK),https://raw.githubusercontent.com/algolia/datasets/master/airports/airports.json
WIC,Wick,Wick,United Kingdom,58.458889,-3.093056,false,Wick (WIC),https://raw.githubusercontent.com/algolia/datasets/master/airports/airports.json
WIL,Nairobi Wilson,Nairobi,Kenya,-1.321719,36.814833,false,Nairobi (WIL),https://raw.githubusercontent.com/algolia/datasets/master/airports/airports.json
WIN,Winton Airport,Winton,Australia,-22.3636,143.086,false,Winton (WIN),https://raw.githubusercontent.com/algolia/datasets/master/airports/airports.json
WJR,Wajir,Wajir,Kenya,1.733239,40.091606,false,Wajir (WJR),https://raw.githubusercontent.com/algolia/datasets/master/airports/airports.json
WJU,Wonju Airport,Wonju,South Korea,37.438081,127.960383,false,Wonju (WJU),https://raw.githubusercontent.com/algolia/datasets/master/airports/airports.json
WKJ,Wakkanai,Wakkanai,Japan,45.404167,141.800833,false,Wakkanai (WKJ),https://raw.githubusercontent.com/algolia/datasets/master/airports/airports.json
WLG,Wellington Intl,Wellington,New Zealand,-41.327221,174.805278,true,Wellington (WLG),https://raw.githubusercontent.com/algolia/datasets/master/airports/airports.json
WLH,Walaha Airport,Walaha,Vanuatu,-15.412,167.691,false,Walaha (WLH),https://raw.githubusercontent.com/algolia/datasets/master/airports/airports.json
WLK,Selawik Airport,Selawik,United States,66.6,-159.985833,false,Selawik (WLK),https://raw.githubusercontent.com/algolia/datasets/master/airports/airports.json
WLS,Wallis,Wallis,Wallis and Futuna,-13.238281,-176.199228,false,Wallis (WLS),https://raw.githubusercontent.com/algolia/datasets/master/airports/airports.json
WMI,Warsaw Modlin,Warsaw,Poland,52.451111,20.651667,false,Warsaw (WMI),https://raw.githubusercontent.com/algolia/datasets/master/airports/airports.json
WMN,Maroantsetra,Maroantsetra,Madagascar,-15.436666,49.688332,false,Maroantsetra (WMN),https://raw.githubusercontent.com/algolia/datasets/master/airports/airports.json
WMO,White Mountain Airport,White Mountain,United States,64.689167,-163.412778,false,White Mountain (WMO),https://raw.githubusercontent.com/algolia/datasets/master/airports/airports.json
WMR,Avaratra,Mananara,Madagascar,-16.1639,49.773753,false,Mananara (WMR),https://raw.githubusercontent.com/algolia/datasets/master/airports/airports.json
WMX,Wamena,Wamena,Indonesia,-4.102511,138.957372,false,Wamena (WMX),https://raw.githubusercontent.com/algolia/datasets/master/airports/airports.json
WNH,Wenshan Airport,Wenshan,China,23.375833,104.243056,false,Wenshan (WNH),https://raw.githubusercontent.com/algolia/datasets/master/airports/airports.json
WNN,Wunnumin Lake Airport,Wunnumin Lake,Canada,52.8939,-89.2892,false,Wunnumin Lake (WNN),https://raw.githubusercontent.com/algolia/datasets/master/airports/airports.json
WNP,Naga Airport,Naga,Philippines,13.584886,123.270239,false,Naga (WNP),https://raw.githubusercontent.com/algolia/datasets/master/airports/airports.json
WNR,Windorah Airport,Windorah,Australia,-25.4131,142.667,false,Windorah (WNR),https://raw.githubusercontent.com/algolia/datasets/master/airports/airports.json
WNZ,Wenzhou Yongqiang Airport,Wenzhou,China,27.9122,120.852,false,Wenzhou (WNZ),https://raw.githubusercontent.com/algolia/datasets/master/airports/airports.json
WRE,Whangarei,Whangarei,New Zealand,-35.768333,174.365,false,Whangarei (WRE),https://raw.githubusercontent.com/algolia/datasets/master/airports/airports.json
WRG,Wrangell Airport,Wrangell,United States,56.4843,-132.37,false,Wrangell (WRG),https://raw.githubusercontent.com/algolia/datasets/master/airports/airports.json
WRL,Worland Municipal Airport,Worland,United States,43.9657,-107.951,false,Worland (WRL),https://raw.githubusercontent.com/algolia/datasets/master/airports/airports.json
WRO,Strachowice,Wroclaw,Poland,51.102683,16.885836,false,Wroclaw (WRO),https://raw.githubusercontent.com/algolia/datasets/master/airports/airports.json
WRY,Westray Airport,Westray,United Kingdom,59.3503,-2.95,false,Westray (WRY),https://raw.githubusercontent.com/algolia/datasets/master/airports/airports.json
WSN,South Naknek Airport,South Naknek,United States,58.702222,-157.0025,false,South Naknek (WSN),https://raw.githubusercontent.com/algolia/datasets/master/airports/airports.json
WSX,Westsound Seaplane Base,Westsound,United States,48.617778,-122.952778,false,Westsound (WSX),https://raw.githubusercontent.com/algolia/datasets/master/airports/airports.json
WSZ,Westport,Westport,New Zealand,-41.738056,171.580833,false,Westport (WSZ),https://raw.githubusercontent.com/algolia/datasets/master/airports/airports.json
WTK,Noatak Airport,Noatak,United States,67.5661,-162.975,false,Noatak (WTK),https://raw.githubusercontent.com/algolia/datasets/master/airports/airports.json
WTL,Tuntutuliak Airport,Tuntutuliak,United States,60.335278,-162.666944,false,Tuntutuliak (WTL),https://raw.githubusercontent.com/algolia/datasets/master/airports/airports.json
WUA,Wuhai,Wuhai,China,39.794444,106.799444,false,Wuhai (WUA),https://raw.githubusercontent.com/algolia/datasets/master/airports/airports.json
WUH,Tianhe,Wuhan,China,30.783758,114.2081,false,Wuhan (WUH),https://raw.githubusercontent.com/algolia/datasets/master/airports/airports.json
WUS,Nanping Wuyishan Airport,Wuyishan,China,27.7019,118.001,false,Wuyishan (WUS),https://raw.githubusercontent.com/algolia/datasets/master/airports/airports.json
WUX,Wuxi Airport,Wuxi,China,31.4944,120.429,false,Wuxi (WUX),https://raw.githubusercontent.com/algolia/datasets/master/airports/airports.json
WUZ,Changzhoudao Airport,Wuzhou,China,23.4567,111.248,false,Wuzhou (WUZ),https://raw.githubusercontent.com/algolia/datasets/master/airports/airports.json
WVB,Walvis Bay Airport,Walvis Bay,Namibia,-22.9799,14.6453,false,Walvis Bay (WVB),https://raw.githubusercontent.com/algolia/datasets/master/airports/airports.json
WWK,Wewak Intl,Wewak,Papua New Guinea,-3.583828,143.669186,true,Wewak (WWK),https://raw.githubusercontent.com/algolia/datasets/master/airports/airports.json
WWP,North Whale Seaplane Base,North Whale Pass,United States,56.116389,-133.121667,false,North Whale Pass (WWP),https://raw.githubusercontent.com/algolia/datasets/master/airports/airports.json
WWT,Newtok Airport,Newtok,United States,60.939167,-164.641111,false,Newtok (WWT),https://raw.githubusercontent.com/algolia/datasets/master/airports/airports.json
WXN,Wanxian Airport,Wanxian,China,30.8361,108.406,false,Wanxian (WXN),https://raw.githubusercontent.com/algolia/datasets/master/airports/airports.json
WYA,Whyalla Airport,Whyalla,Australia,-33.0589,137.514,false,Whyalla (WYA),https://raw.githubusercontent.com/algolia/datasets/master/airports/airports.json
XAP,Chapeco,Chapeco,Brazil,-27.134219,-52.656553,false,Chapeco (XAP),https://raw.githubusercontent.com/algolia/datasets/master/airports/airports.json
XBE,Bearskin Lake Airport,Bearskin Lake,Canada,53.9656,-91.0272,false,Bearskin Lake (XBE),https://raw.githubusercontent.com/algolia/datasets/master/airports/airports.json
XBJ,Birjand,Birjand,Iran,32.898056,59.266111,false,Birjand (XBJ),https://raw.githubusercontent.com/algolia/datasets/master/airports/airports.json
XCH,Christmas Island,Christmas Island,Christmas Island,-10.450556,105.690278,false,Christmas Island (XCH),https://raw.githubusercontent.com/algolia/datasets/master/airports/airports.json
XCR,Vatry,Chalons,France,48.776072,4.184492,false,Chalons (XCR),https://raw.githubusercontent.com/algolia/datasets/master/airports/airports.json
XFN,Xiangfan Airport,Xiangfan,China,32.1506,112.291,false,Xiangfan (XFN),https://raw.githubusercontent.com/algolia/datasets/master/airports/airports.json
XFW,Hamburg Finkenwerder,Hamburg,Germany,53.535886,9.837025,false,Hamburg (XFW),https://raw.githubusercontent.com/algolia/datasets/master/airports/airports.json
XGR,Kangiqsualujjuaq (Georges River) Airport,Kangiqsualujjuaq,Canada,58.7114,-65.9928,false,Kangiqsualujjuaq (XGR),https://raw.githubusercontent.com/algolia/datasets/master/airports/airports.json
XIC,Qingshan,Xichang,China,27.989083,102.184361,false,Xichang (XIC),https://raw.githubusercontent.com/algolia/datasets/master/airports/airports.json
XIL,Xilinhot Airport,Xilinhot,China,43.9156,115.964,false,Xilinhot (XIL),https://raw.githubusercontent.com/algolia/datasets/master/airports/airports.json
XIY,Xianyang,Xi'an,China,34.447119,108.751592,false,Xi'an (XIY),https://raw.githubusercontent.com/algolia/datasets/master/airports/airports.json
XKH,Xieng Khouang,Phon Savan,Laos,19.449997,103.158333,false,Phon Savan (XKH),https://raw.githubusercontent.com/algolia/datasets/master/airports/airports.json
XKS,Kasabonika Airport,Kasabonika,Canada,53.5247,-88.6428,false,Kasabonika (XKS),https://raw.githubusercontent.com/algolia/datasets/master/airports/airports.json
XMH,Manihi,Manihi,French Polynesia,-14.436764,-146.070056,false,Manihi (XMH),https://raw.githubusercontent.com/algolia/datasets/master/airports/airports.json
XMN,Gaoqi,Xiamen,China,24.544036,118.127739,false,Xiamen (XMN),https://raw.githubusercontent.com/algolia/datasets/master/airports/airports.json
XMS,Coronel E Carvajal,Macas,Ecuador,-2.299167,-78.12075,false,Macas (XMS),https://raw.githubusercontent.com/algolia/datasets/master/airports/airports.json
XNA,NW Arkansas Regional,Bentonville,United States,36.2818694,-94.3068111,false,Bentonville (XNA),https://raw.githubusercontent.com/algolia/datasets/master/airports/airports.json
XNN,Xining Caojiabu Airport,Xining,China,36.5275,102.043,false,Xining (XNN),https://raw.githubusercontent.com/algolia/datasets/master/airports/airports.json
XQP,La Managua,Quepos,Costa Rica,9.443164,-84.129772,false,Quepos (XQP),https://raw.githubusercontent.com/algolia/datasets/master/airports/airports.json
XRY,Jerez,Jerez,Spain,36.744622,-6.060111,false,Jerez (XRY),https://raw.githubusercontent.com/algolia/datasets/master/airports/airports.json
XSB,Sir Bani Yas Island,Sir Bani Yas Island,United Arab Emirates,24.2856083,52.5783472,false,Sir Bani Yas Island (XSB),https://raw.githubusercontent.com/algolia/datasets/master/airports/airports.json
XSC,South Caicos,South Caicos,Turks and Caicos Islands,21.515739,-71.528528,false,South Caicos (XSC),https://raw.githubusercontent.com/algolia/datasets/master/airports/airports.json
XTG,Thargomindah Airport,Thargomindah,Australia,-27.9864,143.811,false,Thargomindah (XTG),https://raw.githubusercontent.com/algolia/datasets/master/airports/airports.json
XUZ,Xuzhou Guanyin Airport,Xuzhou,China,34.16,117.11,false,Xuzhou (XUZ),https://raw.githubusercontent.com/algolia/datasets/master/airports/airports.json
YAA,Anahim Lake Airport,Anahim Lake,Canada,52.4525,-125.303,false,Anahim Lake (YAA),https://raw.githubusercontent.com/algolia/datasets/master/airports/airports.json
YAB,Arctic Bay Airport,Arctic Bay,Canada,73.006389,-85.047222,false,Arctic Bay (YAB),https://raw.githubusercontent.com/algolia/datasets/master/airports/airports.json
YAC,Cat Lake Airport,Cat Lake,Canada,51.7272,-91.8244,false,Cat Lake (YAC),https://raw.githubusercontent.com/algolia/datasets/master/airports/airports.json
YAG,Fort Frances Municipal Airport,Fort Frances,Canada,48.6542,-93.4397,false,Fort Frances (YAG),https://raw.githubusercontent.com/algolia/datasets/master/airports/airports.json
YAK,Yakutat,Yakutat,United States,59.3012,-139.3937,false,Yakutat (YAK),https://raw.githubusercontent.com/algolia/datasets/master/airports/airports.json
YAM,Sault Ste Marie,Sault Sainte Marie,Canada,46.485001,-84.509445,false,Sault Sainte Marie (YAM),https://raw.githubusercontent.com/algolia/datasets/master/airports/airports.json
YAP,Yap Intl,Yap,Micronesia,9.498911,138.082497,true,Yap (YAP),https://raw.githubusercontent.com/algolia/datasets/master/airports/airports.json
YAT,Attawapiskat Airport,Attawapiskat,Canada,52.9275,-82.4319,false,Attawapiskat (YAT),https://raw.githubusercontent.com/algolia/datasets/master/airports/airports.json
YAX,Wapekeka Airport,Angling Lake,Canada,53.8492,-89.5794,false,Angling Lake (YAX),https://raw.githubusercontent.com/algolia/datasets/master/airports/airports.json
YAY,St Anthony,St. Anthony,Canada,51.391944,-56.083056,false,St. Anthony (YAY),https://raw.githubusercontent.com/algolia/datasets/master/airports/airports.json
YBC,Baie Comeau,Baie Comeau,Canada,49.1325,-68.204444,false,Baie Comeau (YBC),https://raw.githubusercontent.com/algolia/datasets/master/airports/airports.json
YBG,Bagotville,Bagotville,Canada,48.330555,-70.996391,false,Bagotville (YBG),https://raw.githubusercontent.com/algolia/datasets/master/airports/airports.json
YBK,Baker Lake,Baker Lake,Canada,64.298889,-96.077778,false,Baker Lake (YBK),https://raw.githubusercontent.com/algolia/datasets/master/airports/airports.json
YBL,Campbell River,Campbell River,Canada,49.950832,-125.270833,false,Campbell River (YBL),https://raw.githubusercontent.com/algolia/datasets/master/airports/airports.json
YBP,Yibin,Yibin,China,28.800278,104.544444,false,Yibin (YBP),https://raw.githubusercontent.com/algolia/datasets/master/airports/airports.json
YBR,Brandon Muni,Brandon,Canada,49.91,-99.951944,false,Brandon (YBR),https://raw.githubusercontent.com/algolia/datasets/master/airports/airports.json
YBX,Lourdes De Blanc Sablon Airport,Lourdes-De-Blanc-Sablon,Canada,51.4436,-57.1853,false,Lourdes-De-Blanc-Sablon (YBX),https://raw.githubusercontent.com/algolia/datasets/master/airports/airports.json
YCB,Cambridge Bay,Cambridge Bay,Canada,69.108055,-105.138333,false,Cambridge Bay (YCB),https://raw.githubusercontent.com/algolia/datasets/master/airports/airports.json
YCD,Nanaimo,Nanaimo,Canada,49.052333,-123.870167,false,Nanaimo (YCD),https://raw.githubusercontent.com/algolia/datasets/master/airports/airports.json
YCG,Castlegar,Castlegar,Canada,49.296389,-117.6325,false,Castlegar (YCG),https://raw.githubusercontent.com/algolia/datasets/master/airports/airports.json
YCL,Charlo,Charlo,Canada,47.990833,-66.330278,false,Charlo (YCL),https://raw.githubusercontent.com/algolia/datasets/master/airports/airports.json
YCO,Kugluktuk,Coppermine,Canada,67.816667,-115.143889,false,Coppermine (YCO),https://raw.githubusercontent.com/algolia/datasets/master/airports/airports.json
YCS,Chesterfield Inlet Airport,Chesterfield Inlet,Canada,63.3469,-90.7311,false,Chesterfield Inlet (YCS),https://raw.githubusercontent.com/algolia/datasets/master/airports/airports.json
YCU,Zhangxiao,Yuncheng,China,35.018,110.993,false,Yuncheng (YCU),https://raw.githubusercontent.com/algolia/datasets/master/airports/airports.json
YCY,Clyde River,Clyde River,Canada,70.486111,-68.516667,false,Clyde River (YCY),https://raw.githubusercontent.com/algolia/datasets/master/airports/airports.json
YDF,Deer Lake,Deer Lake,Canada,49.210833,-57.391388,false,Deer Lake (YDF),https://raw.githubusercontent.com/algolia/datasets/master/airports/airports.json
YDP,Nain Airport,Nain,Canada,56.5492,-61.6803,false,Nain (YDP),https://raw.githubusercontent.com/algolia/datasets/master/airports/airports.json
YDQ,Dawson Creek,Dawson Creek,Canada,55.742333,-120.183,false,Dawson Creek (YDQ),https://raw.githubusercontent.com/algolia/datasets/master/airports/airports.json
YEG,Edmonton Intl,Edmonton,Canada,53.309723,-113.579722,true,Edmonton (YEG),https://raw.githubusercontent.com/algolia/datasets/master/airports/airports.json
YEK,Arviat,Eskimo Point,Canada,61.094166,-94.070833,false,Eskimo Point (YEK),https://raw.githubusercontent.com/algolia/datasets/master/airports/airports.json
YER,Fort Severn Airport,Fort Severn,Canada,56.0189,-87.6761,false,Fort Severn (YER),https://raw.githubusercontent.com/algolia/datasets/master/airports/airports.json
YES,Yasuj Airport,Yasuj,Iran,30.700556,51.545,false,Yasuj (YES),https://raw.githubusercontent.com/algolia/datasets/master/airports/airports.json
YEV,Inuvik Mike Zubko,Inuvik,Canada,68.304167,-133.482778,false,Inuvik (YEV),https://raw.githubusercontent.com/algolia/datasets/master/airports/airports.json
YFA,Fort Albany Airport,Fort Albany,Canada,52.2014,-81.6969,false,Fort Albany (YFA),https://raw.githubusercontent.com/algolia/datasets/master/airports/airports.json
YFB,Iqaluit,Iqaluit,Canada,63.75639,-68.555832,false,Iqaluit (YFB),https://raw.githubusercontent.com/algolia/datasets/master/airports/airports.json
YFC,Fredericton,Fredericton,Canada,45.868889,-66.537222,false,Fredericton (YFC),https://raw.githubusercontent.com/algolia/datasets/master/airports/airports.json
YFH,Fort Hope Airport,Fort Hope,Canada,51.5619,-87.9078,false,Fort Hope (YFH),https://raw.githubusercontent.com/algolia/datasets/master/airports/airports.json
YFO,Flin Flon,Flin Flon,Canada,54.678055,-101.681667,false,Flin Flon (YFO),https://raw.githubusercontent.com/algolia/datasets/master/airports/airports.json
YFS,Fort Simpson,Fort Simpson,Canada,61.760153,-121.236525,false,Fort Simpson (YFS),https://raw.githubusercontent.com/algolia/datasets/master/airports/airports.json
YGH,Fort Good Hope,Fort Good Hope,Canada,66.26666667,-128.65,false,Fort Good Hope (YGH),https://raw.githubusercontent.com/algolia/datasets/master/airports/airports.json
YGJ,Yonago Kitaro,Miho,Japan,35.492222,133.236389,false,Miho (YGJ),https://raw.githubusercontent.com/algolia/datasets/master/airports/airports.json
YGK,Kingston,Kingston,Canada,44.225277,-76.596944,false,Kingston (YGK),https://raw.githubusercontent.com/algolia/datasets/master/airports/airports.json
YGL,La Grande Riviere,La Grande Riviere,Canada,53.625278,-77.704167,false,La Grande Riviere (YGL),https://raw.githubusercontent.com/algolia/datasets/master/airports/airports.json
YGP,Gaspe,Gaspe,Canada,48.775278,-64.478611,false,Gaspe (YGP),https://raw.githubusercontent.com/algolia/datasets/master/airports/airports.json
YGR,Iles De La Madeleine,Iles De La Madeleine,Canada,47.424721,-61.778056,false,Iles De La Madeleine (YGR),https://raw.githubusercontent.com/algolia/datasets/master/airports/airports.json
YGT,Igloolik Airport,Igloolik,Canada,69.3647,-81.8161,false,Igloolik (YGT),https://raw.githubusercontent.com/algolia/datasets/master/airports/airports.json
YGV,Havre Saint-Pierre Airport,Havre-Saint-Pierre,Canada,50.281944,-63.611389,false,Havre-Saint-Pierre (YGV),https://raw.githubusercontent.com/algolia/datasets/master/airports/airports.json
YGW,Kuujjuarapik Airport,Kuujjuarapik,Canada,55.2819,-77.7653,false,Kuujjuarapik (YGW),https://raw.githubusercontent.com/algolia/datasets/master/airports/airports.json
YGX,Gillam Airport,Gillam,Canada,56.3575,-94.7106,false,Gillam (YGX),https://raw.githubusercontent.com/algolia/datasets/master/airports/airports.json
YGZ,Grise Fiord Airport,Grise Fiord,Canada,76.4261,-82.9092,false,Grise Fiord (YGZ),https://raw.githubusercontent.com/algolia/datasets/master/airports/airports.json
YHD,Dryden Rgnl,Dryden,Canada,49.831667,-92.744167,false,Dryden (YHD),https://raw.githubusercontent.com/algolia/datasets/master/airports/airports.json
YHI,Ulukhaktok Holman,Holman Island,Canada,70.762778,-117.806111,false,Holman Island (YHI),https://raw.githubusercontent.com/algolia/datasets/master/airports/airports.json
YHK,Gjoa Haven,Gjoa Haven,Canada,68.635556,-95.849722,false,Gjoa Haven (YHK),https://raw.githubusercontent.com/algolia/datasets/master/airports/airports.json
YHM,Hamilton,Hamilton,Canada,43.173611,-79.935,false,Hamilton (YHM),https://raw.githubusercontent.com/algolia/datasets/master/airports/airports.json
YHO,Hopedale Airport,Hopedale,Canada,55.4483,-60.2286,false,Hopedale (YHO),https://raw.githubusercontent.com/algolia/datasets/master/airports/airports.json
YHP,Poplar Hill Airport,Poplar Hill,Canada,52.1133,-94.2556,false,Poplar Hill (YHP),https://raw.githubusercontent.com/algolia/datasets/master/airports/airports.json
YHR,Chevery Airport,Chevery,Canada,50.4689,-59.6367,false,Chevery (YHR),https://raw.githubusercontent.com/algolia/datasets/master/airports/airports.json
YHU,St Hubert,Montreal,Canada,45.5175,-73.416944,false,Montreal (YHU),https://raw.githubusercontent.com/algolia/datasets/master/airports/airports.json
YHY,Hay River,Hay River,Canada,60.839722,-115.782778,false,Hay River (YHY),https://raw.githubusercontent.com/algolia/datasets/master/airports/airports.json
YHZ,Halifax Intl,Halifax,Canada,44.880833,-63.50861,true,Halifax (YHZ),https://raw.githubusercontent.com/algolia/datasets/master/airports/airports.json
YIC,Yichun Mingyueshan Airport,Yichun,China,27.8033,114.3081,false,Yichun (YIC),https://raw.githubusercontent.com/algolia/datasets/master/airports/airports.json
YIF,St Augustin Airport,St-Augustin,Canada,51.2117,-58.6583,false,St-Augustin (YIF),https://raw.githubusercontent.com/algolia/datasets/master/airports/airports.json
YIH,Yichang Airport,Yichang,China,30.671,111.441,false,Yichang (YIH),https://raw.githubusercontent.com/algolia/datasets/master/airports/airports.json
YIK,Ivujivik Airport,Ivujivik,Canada,62.4173,-77.9253,false,Ivujivik (YIK),https://raw.githubusercontent.com/algolia/datasets/master/airports/airports.json
YIN,Yining Airport,Yining,China,43.9558,81.3303,false,Yining (YIN),https://raw.githubusercontent.com/algolia/datasets/master/airports/airports.json
YIO,Pond Inlet,Pond Inlet,Canada,72.683334,-77.966667,false,Pond Inlet (YIO),https://raw.githubusercontent.com/algolia/datasets/master/airports/airports.json
YIW,Yiwu Airport,Yiwu,China,29.3447,120.032,false,Yiwu (YIW),https://raw.githubusercontent.com/algolia/datasets/master/airports/airports.json
YJT,Stephenville,Stephenville,Canada,48.544167,-58.549999,false,Stephenville (YJT),https://raw.githubusercontent.com/algolia/datasets/master/airports/airports.json
YKA,Kamloops,Kamloops,Canada,50.702222,-120.444444,false,Kamloops (YKA),https://raw.githubusercontent.com/algolia/datasets/master/airports/airports.json
YKF,Waterloo,Waterloo,Canada,43.460833,-80.378611,false,Waterloo (YKF),https://raw.githubusercontent.com/algolia/datasets/master/airports/airports.json
YKG,Kangirsuk Airport,Kangirsuk,Canada,60.0272,-69.9992,false,Kangirsuk (YKG),https://raw.githubusercontent.com/algolia/datasets/master/airports/airports.json
YKL,Schefferville,Schefferville,Canada,54.805278,-66.805278,false,Schefferville (YKL),https://raw.githubusercontent.com/algolia/datasets/master/airports/airports.json
YKM,Yakima Air Terminal McAllister Field,Yakima,United States,46.5682,-120.544,false,Yakima (YKM),https://raw.githubusercontent.com/algolia/datasets/master/airports/airports.json
YKQ,Waskaganish Airport,Waskaganish,Canada,51.4733,-78.7583,false,Waskaganish (YKQ),https://raw.githubusercontent.com/algolia/datasets/master/airports/airports.json
YKS,Yakutsk,Yakutsk,Russia,62.09325,129.770672,false,Yakutsk (YKS),https://raw.githubusercontent.com/algolia/datasets/master/airports/airports.json
YKU,Chisasibi Airport,Chisasibi,Canada,53.8056,-78.9169,false,Chisasibi (YKU),https://raw.githubusercontent.com/algolia/datasets/master/airports/airports.json
YLC,Kimmirut Airport,Kimmirut,Canada,62.85,-69.8833,false,Kimmirut (YLC),https://raw.githubusercontent.com/algolia/datasets/master/airports/airports.json
YLE,Whatì Airport,Whatì,Canada,63.1317,-117.246,false,Whatì (YLE),https://raw.githubusercontent.com/algolia/datasets/master/airports/airports.json
YLH,Lansdowne House Airport,Lansdowne House,Canada,52.1956,-87.9342,false,Lansdowne House (YLH),https://raw.githubusercontent.com/algolia/datasets/master/airports/airports.json
YLL,Lloydminster,Lloydminster,Canada,53.309166,-110.0725,false,Lloydminster (YLL),https://raw.githubusercontent.com/algolia/datasets/master/airports/airports.json
YLW,Kelowna,Kelowna,Canada,49.956112,-119.377778,false,Kelowna (YLW),https://raw.githubusercontent.com/algolia/datasets/master/airports/airports.json
YMM,Fort Mcmurray,Fort Mcmurray,Canada,56.653333,-111.221944,false,Fort Mcmurray (YMM),https://raw.githubusercontent.com/algolia/datasets/master/airports/airports.json
YMN,Makkovik Airport,Makkovik,Canada,55.0769,-59.1864,false,Makkovik (YMN),https://raw.githubusercontent.com/algolia/datasets/master/airports/airports.json
YMO,Moosonee,Moosonee,Canada,51.291111,-80.607778,false,Moosonee (YMO),https://raw.githubusercontent.com/algolia/datasets/master/airports/airports.json
YMT,Chapais Airport,Chibougamau,Canada,49.7719,-74.5281,false,Chibougamau (YMT),https://raw.githubusercontent.com/algolia/datasets/master/airports/airports.json
YNA,Natashquan,Natashquan,Canada,50.19,-61.789167,false,Natashquan (YNA),https://raw.githubusercontent.com/algolia/datasets/master/airports/airports.json
YNB,Yenbo,Yenbo,Saudi Arabia,24.144244,38.06335,false,Yenbo (YNB),https://raw.githubusercontent.com/algolia/datasets/master/airports/airports.json
YNC,Wemindji Airport,Wemindji,Canada,53.0106,-78.8311,false,Wemindji (YNC),https://raw.githubusercontent.com/algolia/datasets/master/airports/airports.json
YNG,Youngstown Warren Rgnl,Youngstown,United States,41.260736,-80.679097,false,Youngstown (YNG),https://raw.githubusercontent.com/algolia/datasets/master/airports/airports.json
YNJ,Yanji Airport,Yanji,China,42.8828,129.451258,false,Yanji (YNJ),https://raw.githubusercontent.com/algolia/datasets/master/airports/airports.json
YNO,North Spirit Lake Airport,North Spirit Lake,Canada,52.49,-92.9711,false,North Spirit Lake (YNO),https://raw.githubusercontent.com/algolia/datasets/master/airports/airports.json
YNS,Nemiscau Airport,Nemiscau,Canada,51.6911,-76.1356,false,Nemiscau (YNS),https://raw.githubusercontent.com/algolia/datasets/master/airports/airports.json
YNT,Laishan,Yantai,China,37.401667,121.371667,false,Yantai (YNT),https://raw.githubusercontent.com/algolia/datasets/master/airports/airports.json
YNY,Yangyang International Airport,Sokcho / Gangneung,South Korea,38.061311,128.669164,true,Sokcho / Gangneung (YNY),https://raw.githubusercontent.com/algolia/datasets/master/airports/airports.json
YNZ,Yancheng Airport,Yancheng,China,33.3856,120.125,false,Yancheng (YNZ),https://raw.githubusercontent.com/algolia/datasets/master/airports/airports.json
YOG,Ogoki Post Airport,Ogoki Post,Canada,51.6586,-85.9017,false,Ogoki Post (YOG),https://raw.githubusercontent.com/algolia/datasets/master/airports/airports.json
YOJ,High Level,High Level,Canada,58.621389,-117.164722,false,High Level (YOJ),https://raw.githubusercontent.com/algolia/datasets/master/airports/airports.json
YOL,Yola,Yola,Nigeria,9.257553,12.430422,false,Yola (YOL),https://raw.githubusercontent.com/algolia/datasets/master/airports/airports.json
YOP,Rainbow Lake Airport,Rainbow Lake,Canada,58.491389,-119.407778,false,Rainbow Lake (YOP),https://raw.githubusercontent.com/algolia/datasets/master/airports/airports.json
YOW,Ottawa Macdonald Cartier Intl,Ottawa,Canada,45.3225,-75.669167,true,Ottawa (YOW),https://raw.githubusercontent.com/algolia/datasets/master/airports/airports.json
YPC,Paulatuk,Paulatuk,Canada,62.35,-124.3333,false,Paulatuk (YPC),https://raw.githubusercontent.com/algolia/datasets/master/airports/airports.json
YPH,Inukjuak Airport,Inukjuak,Canada,58.4719,-78.0769,false,Inukjuak (YPH),https://raw.githubusercontent.com/algolia/datasets/master/airports/airports.json
YPJ,Aupaluk Airport,Aupaluk,Canada,59.2967,-69.5997,false,Aupaluk (YPJ),https://raw.githubusercontent.com/algolia/datasets/master/airports/airports.json
YPL,Pickle Lake,Pickle Lake,Canada,51.446388,-90.214167,false,Pickle Lake (YPL),https://raw.githubusercontent.com/algolia/datasets/master/airports/airports.json
YPM,Pikangikum Airport,Pikangikum,Canada,51.8197,-93.9733,false,Pikangikum (YPM),https://raw.githubusercontent.com/algolia/datasets/master/airports/airports.json
YPN,Port Menier,Port Menier,Canada,49.836389,-64.288611,false,Port Menier (YPN),https://raw.githubusercontent.com/algolia/datasets/master/airports/airports.json
YPO,Peawanuck Airport,Peawanuck,Canada,54.9881,-85.4433,false,Peawanuck (YPO),https://raw.githubusercontent.com/algolia/datasets/master/airports/airports.json
YPR,Prince Rupert,Prince Pupert,Canada,54.28611,-130.444722,false,Prince Pupert (YPR),https://raw.githubusercontent.com/algolia/datasets/master/airports/airports.json
YPW,Powell River Airport,Powell River,Canada,49.8342,-124.5,false,Powell River (YPW),https://raw.githubusercontent.com/algolia/datasets/master/airports/airports.json
YPX,Puvirnituq Airport,Puvirnituq,Canada,60.0506,-77.2869,false,Puvirnituq (YPX),https://raw.githubusercontent.com/algolia/datasets/master/airports/airports.json
YPY,Fort Chipewyan,Fort Chipewyan,Canada,58.767223,-111.117222,false,Fort Chipewyan (YPY),https://raw.githubusercontent.com/algolia/datasets/master/airports/airports.json
YQB,Quebec Jean Lesage Intl,Quebec,Canada,46.791111,-71.393333,true,Quebec (YQB),https://raw.githubusercontent.com/algolia/datasets/master/airports/airports.json
YQC,Quaqtaq Airport,Quaqtaq,Canada,61.0464,-69.6178,false,Quaqtaq (YQC),https://raw.githubusercontent.com/algolia/datasets/master/airports/airports.json
YQD,The Pas Airport,The Pas,Canada,53.9714,-101.091,false,The Pas (YQD),https://raw.githubusercontent.com/algolia/datasets/master/airports/airports.json
YQF,Red Deer Regional,Red Deer Industrial,Canada,52.182222,-113.894444,false,Red Deer Industrial (YQF),https://raw.githubusercontent.com/algolia/datasets/master/airports/airports.json
YQG,Windsor,Windsor,Canada,42.275556,-82.955556,false,Windsor (YQG),https://raw.githubusercontent.com/algolia/datasets/master/airports/airports.json
YQK,Kenora,Kenora,Canada,49.788334,-94.363056,false,Kenora (YQK),https://raw.githubusercontent.com/algolia/datasets/master/airports/airports.json
YQL,Lethbridge,Lethbridge,Canada,49.630278,-112.799722,false,Lethbridge (YQL),https://raw.githubusercontent.com/algolia/datasets/master/airports/airports.json
YQM,Greater Moncton Intl,Moncton,Canada,46.112221,-64.678611,true,Moncton (YQM),https://raw.githubusercontent.com/algolia/datasets/master/airports/airports.json
YQQ,Comox,Comox,Canada,49.710833,-124.886667,false,Comox (YQQ),https://raw.githubusercontent.com/algolia/datasets/master/airports/airports.json
YQR,Regina Intl,Regina,Canada,50.431944,-104.665833,true,Regina (YQR),https://raw.githubusercontent.com/algolia/datasets/master/airports/airports.json
YQT,Thunder Bay,Thunder Bay,Canada,48.371944,-89.323889,false,Thunder Bay (YQT),https://raw.githubusercontent.com/algolia/datasets/master/airports/airports.json
YQU,Grande Prairie,Grande Prairie,Canada,55.179722,-118.885,false,Grande Prairie (YQU),https://raw.githubusercontent.com/algolia/datasets/master/airports/airports.json
YQX,Gander Intl,Gander,Canada,48.936944,-54.568056,true,Gander (YQX),https://raw.githubusercontent.com/algolia/datasets/master/airports/airports.json
YQY,Sydney,Sydney,Canada,46.161388,-60.047779,false,Sydney (YQY),https://raw.githubusercontent.com/algolia/datasets/master/airports/airports.json
YQZ,Quesnel,Quesnel,Canada,53.026112,-122.510278,false,Quesnel (YQZ),https://raw.githubusercontent.com/algolia/datasets/master/airports/airports.json
YRA,Rae Lakes Airport,Gamètì,Canada,64.1161,-117.31,false,Gamètì (YRA),https://raw.githubusercontent.com/algolia/datasets/master/airports/airports.json
YRB,Resolute Bay,Resolute,Canada,74.716944,-94.969444,false,Resolute (YRB),https://raw.githubusercontent.com/algolia/datasets/master/airports/airports.json
YRG,Rigolet Airport,Rigolet,Canada,54.1797,-58.4575,false,Rigolet (YRG),https://raw.githubusercontent.com/algolia/datasets/master/airports/airports.json
YRL,Red Lake Airport,Red Lake,Canada,51.0669,-93.7931,false,Red Lake (YRL),https://raw.githubusercontent.com/algolia/datasets/master/airports/airports.json
YRT,Rankin Inlet,Rankin Inlet,Canada,62.81139,-92.115833,false,Rankin Inlet (YRT),https://raw.githubusercontent.com/algolia/datasets/master/airports/airports.json
YSB,Sudbury,Sudbury,Canada,46.625,-80.798889,false,Sudbury (YSB),https://raw.githubusercontent.com/algolia/datasets/master/airports/airports.json
YSG,Lutselk'e Airport,Lutselk'e,Canada,62.4183,-110.682,false,Lutselk'e (YSG),https://raw.githubusercontent.com/algolia/datasets/master/airports/airports.json
YSJ,Saint John,St. John,Canada,45.316111,-65.890278,false,St. John (YSJ),https://raw.githubusercontent.com/algolia/datasets/master/airports/airports.json
YSK,Sanikiluaq Airport,Sanikiluaq,Canada,56.5378,-79.2467,false,Sanikiluaq (YSK),https://raw.githubusercontent.com/algolia/datasets/master/airports/airports.json
YSM,Fort Smith,Fort Smith,Canada,60.020278,-111.961944,false,Fort Smith (YSM),https://raw.githubusercontent.com/algolia/datasets/master/airports/airports.json
YSO,Postville Airport,Postville,Canada,54.910278,-59.785278,false,Postville (YSO),https://raw.githubusercontent.com/algolia/datasets/master/airports/airports.json
YSY,Sachs Harbour,Sachs Harbour,Canada,71.993889,-125.2425,false,Sachs Harbour (YSY),https://raw.githubusercontent.com/algolia/datasets/master/airports/airports.json
YTE,Cape Dorset,Cape Dorset,Canada,64.23,-76.526667,false,Cape Dorset (YTE),https://raw.githubusercontent.com/algolia/datasets/master/airports/airports.json
YTH,Thompson,Thompson,Canada,55.801111,-97.864166,false,Thompson (YTH),https://raw.githubusercontent.com/algolia/datasets/master/airports/airports.json
YTL,Big Trout Lake Airport,Big Trout Lake,Canada,53.8178,-89.8969,false,Big Trout Lake (YTL),https://raw.githubusercontent.com/algolia/datasets/master/airports/airports.json
YTQ,Tasiujaq Airport,Tasiujaq,Canada,58.6678,-69.9558,false,Tasiujaq (YTQ),https://raw.githubusercontent.com/algolia/datasets/master/airports/airports.json
YTS,Timmins,Timmins,Canada,48.569721,-81.376667,false,Timmins (YTS),https://raw.githubusercontent.com/algolia/datasets/master/airports/airports.json
YTY,Yangzhou Taizhou Airport,Yangzhou,China,32.5617,119.715,false,Yangzhou (YTY),https://raw.githubusercontent.com/algolia/datasets/master/airports/airports.json
YTZ,City Centre,Toronto,Canada,43.627499,-79.396167,false,Toronto (YTZ),https://raw.githubusercontent.com/algolia/datasets/master/airports/airports.json
YUB,Tuktoyaktuk,Tuktoyaktuk,Canada,69.433334,-133.026389,false,Tuktoyaktuk (YUB),https://raw.githubusercontent.com/algolia/datasets/master/airports/airports.json
YUD,Umiujaq Airport,Umiujaq,Canada,56.5361,-76.5183,false,Umiujaq (YUD),https://raw.githubusercontent.com/algolia/datasets/master/airports/airports.json
YUL,Pierre Elliott Trudeau Intl,Montreal,Canada,45.470556,-73.740833,true,Montreal (YUL),https://raw.githubusercontent.com/algolia/datasets/master/airports/airports.json
YUM,Yuma Mcas Yuma Intl,Yuma,United States,32.656578,-114.60598,true,Yuma (YUM),https://raw.githubusercontent.com/algolia/datasets/master/airports/airports.json
YUS,Yushu Batang,Yushu,China,32.825,97.125,false,Yushu (YUS),https://raw.githubusercontent.com/algolia/datasets/master/airports/airports.json
YUT,Repulse Bay,Repulse Bay,Canada,66.521389,-86.224722,false,Repulse Bay (YUT),https://raw.githubusercontent.com/algolia/datasets/master/airports/airports.json
YUX,Hall Beach,Hall Beach,Canada,68.776111,-81.243611,false,Hall Beach (YUX),https://raw.githubusercontent.com/algolia/datasets/master/airports/airports.json
YUY,Rouyn Noranda,Rouyn,Canada,48.206111,-78.835556,false,Rouyn (YUY),https://raw.githubusercontent.com/algolia/datasets/master/airports/airports.json
YVB,Bonaventure Airport,Bonaventure,Canada,48.0711,-65.4603,false,Bonaventure (YVB),https://raw.githubusercontent.com/algolia/datasets/master/airports/airports.json
YVM,Qikiqtarjuaq,Broughton Island,Canada,67.545833,-64.031389,false,Broughton Island (YVM),https://raw.githubusercontent.com/algolia/datasets/master/airports/airports.json
YVO,Val D Or,Val D'or,Canada,48.053333,-77.782778,false,Val D'or (YVO),https://raw.githubusercontent.com/algolia/datasets/master/airports/airports.json
YVP,Kuujjuaq,Quujjuaq,Canada,58.096111,-68.426944,false,Quujjuaq (YVP),https://raw.githubusercontent.com/algolia/datasets/master/airports/airports.json
YVQ,Norman Wells,Norman Wells,Canada,65.281617,-126.798219,false,Norman Wells (YVQ),https://raw.githubusercontent.com/algolia/datasets/master/airports/airports.json
YVR,Vancouver Intl,Vancouver,Canada,49.193889,-123.184444,true,Vancouver (YVR),https://raw.githubusercontent.com/algolia/datasets/master/airports/airports.json
YVZ,Deer Lake Airport,Deer Lake,Canada,52.6558,-94.0614,false,Deer Lake (YVZ),https://raw.githubusercontent.com/algolia/datasets/master/airports/airports.json
YWB,Kangiqsujuaq - Wakeham Bay Airport,Kangiqsujuaq,Canada,61.588611,-71.929444,false,Kangiqsujuaq (YWB),https://raw.githubusercontent.com/algolia/datasets/master/airports/airports.json
YWG,Winnipeg Intl,Winnipeg,Canada,49.910036,-97.239886,true,Winnipeg (YWG),https://raw.githubusercontent.com/algolia/datasets/master/airports/airports.json
YWH,Victoria Inner Harbour Airport,Victoria,Canada,48.422778,-123.3875,false,Victoria (YWH),https://raw.githubusercontent.com/algolia/datasets/master/airports/airports.json
YWJ,Deline,Deline,Canada,65.1833333,-125.41666667,false,Deline (YWJ),https://raw.githubusercontent.com/algolia/datasets/master/airports/airports.json
YWK,Wabush,Wabush,Canada,52.921944,-66.864444,false,Wabush (YWK),https://raw.githubusercontent.com/algolia/datasets/master/airports/airports.json
YWL,Williams Lake,Williams Lake,Canada,52.183056,-122.054167,false,Williams Lake (YWL),https://raw.githubusercontent.com/algolia/datasets/master/airports/airports.json
YWP,Webequie Airport,Webequie,Canada,52.9597,-87.3689,false,Webequie (YWP),https://raw.githubusercontent.com/algolia/datasets/master/airports/airports.json
YXC,Canadian Rockies Intl,Cranbrook,Canada,49.612222,-115.781944,true,Cranbrook (YXC),https://raw.githubusercontent.com/algolia/datasets/master/airports/airports.json
YXE,Saskatoon J G Diefenbaker Intl,Saskatoon,Canada,52.170834,-106.699722,true,Saskatoon (YXE),https://raw.githubusercontent.com/algolia/datasets/master/airports/airports.json
YXH,Medicine Hat,Medicine Hat,Canada,50.01889,-110.720833,false,Medicine Hat (YXH),https://raw.githubusercontent.com/algolia/datasets/master/airports/airports.json
YXJ,Fort St John,Fort Saint John,Canada,56.238056,-120.740278,false,Fort Saint John (YXJ),https://raw.githubusercontent.com/algolia/datasets/master/airports/airports.json
YXL,Sioux Lookout,Sioux Lookout,Canada,50.113889,-91.905278,false,Sioux Lookout (YXL),https://raw.githubusercontent.com/algolia/datasets/master/airports/airports.json
YXN,Whale Cove Airport,Whale Cove,Canada,62.24,-92.5981,false,Whale Cove (YXN),https://raw.githubusercontent.com/algolia/datasets/master/airports/airports.json
YXP,Pangnirtung,Pangnirtung,Canada,66.145,-65.713611,false,Pangnirtung (YXP),https://raw.githubusercontent.com/algolia/datasets/master/airports/airports.json
YXS,Prince George,Prince George,Canada,53.889444,-122.678889,false,Prince George (YXS),https://raw.githubusercontent.com/algolia/datasets/master/airports/airports.json
YXT,Terrace,Terrace,Canada,54.468508,-128.576219,false,Terrace (YXT),https://raw.githubusercontent.com/algolia/datasets/master/airports/airports.json
YXU,London,London,Canada,43.033056,-81.151111,false,London (YXU),https://raw.githubusercontent.com/algolia/datasets/master/airports/airports.json
YXX,Abbotsford,Abbotsford,Canada,49.025278,-122.360556,false,Abbotsford (YXX),https://raw.githubusercontent.com/algolia/datasets/master/airports/airports.json
YXY,Whitehorse Intl,Whitehorse,Canada,60.709553,-135.067269,true,Whitehorse (YXY),https://raw.githubusercontent.com/algolia/datasets/master/airports/airports.json
YYB,North Bay,North Bay,Canada,46.363611,-79.422778,false,North Bay (YYB),https://raw.githubusercontent.com/algolia/datasets/master/airports/airports.json
YYC,Calgary Intl,Calgary,Canada,51.113888,-114.020278,true,Calgary (YYC),https://raw.githubusercontent.com/algolia/datasets/master/airports/airports.json
YYD,Smithers,Smithers,Canada,54.824722,-127.182778,false,Smithers (YYD),https://raw.githubusercontent.com/algolia/datasets/master/airports/airports.json
YYE,Fort Nelson,Fort Nelson,Canada,58.836389,-122.596944,false,Fort Nelson (YYE),https://raw.githubusercontent.com/algolia/datasets/master/airports/airports.json
YYF,Penticton,Penticton,Canada,49.463056,-119.602222,false,Penticton (YYF),https://raw.githubusercontent.com/algolia/datasets/master/airports/airports.json
YYG,Charlottetown,Charlottetown,Canada,46.290001,-63.121111,false,Charlottetown (YYG),https://raw.githubusercontent.com/algolia/datasets/master/airports/airports.json
YYH,Taloyoak,Spence Bay,Canada,69.546667,-93.576667,false,Spence Bay (YYH),https://raw.githubusercontent.com/algolia/datasets/master/airports/airports.json
YYJ,Victoria Intl,Victoria,Canada,48.646944,-123.425833,true,Victoria (YYJ),https://raw.githubusercontent.com/algolia/datasets/master/airports/airports.json
YYQ,Churchill,Churchill,Canada,58.739167,-94.065,false,Churchill (YYQ),https://raw.githubusercontent.com/algolia/datasets/master/airports/airports.json
YYR,Goose Bay,Goose Bay,Canada,53.319168,-60.425833,false,Goose Bay (YYR),https://raw.githubusercontent.com/algolia/datasets/master/airports/airports.json
YYT,St Johns Intl,St. John's,Canada,47.61861,-52.751945,true,St. John's (YYT),https://raw.githubusercontent.com/algolia/datasets/master/airports/airports.json
YYU,Kapuskasing,Kapuskasing,Canada,49.413889,-82.4675,false,Kapuskasing (YYU),https://raw.githubusercontent.com/algolia/datasets/master/airports/airports.json
YYY,Mont Joli,Mont Joli,Canada,48.608612,-68.208056,false,Mont Joli (YYY),https://raw.githubusercontent.com/algolia/datasets/master/airports/airports.json
YYZ,Lester B Pearson Intl,Toronto,Canada,43.677223,-79.630556,true,Toronto (YYZ),https://raw.githubusercontent.com/algolia/datasets/master/airports/airports.json
YZF,Yellowknife,Yellowknife,Canada,62.462778,-114.440278,false,Yellowknife (YZF),https://raw.githubusercontent.com/algolia/datasets/master/airports/airports.json
YZG,Salluit Airport,Salluit,Canada,62.1794,-75.6672,false,Salluit (YZG),https://raw.githubusercontent.com/algolia/datasets/master/airports/airports.json
YZP,Sandspit,Sandspit,Canada,53.254333,-131.813833,false,Sandspit (YZP),https://raw.githubusercontent.com/algolia/datasets/master/airports/airports.json
YZR,Chris Hadfield,Sarnia,Canada,42.999444,-82.308889,false,Sarnia (YZR),https://raw.githubusercontent.com/algolia/datasets/master/airports/airports.json
YZS,Fairmont Hot Springs,Coral Harbour,Canada,64.193333,-83.359444,false,Coral Harbour (YZS),https://raw.githubusercontent.com/algolia/datasets/master/airports/airports.json
YZT,Port Hardy,Port Hardy,Canada,50.680556,-127.366667,false,Port Hardy (YZT),https://raw.githubusercontent.com/algolia/datasets/master/airports/airports.json
YZV,Sept Iles,Sept-iles,Canada,50.223333,-66.265556,false,Sept-iles (YZV),https://raw.githubusercontent.com/algolia/datasets/master/airports/airports.json
YZY,Mackenzie Airport,Mackenzie British Columbia,Canada,55.29944,-123.08333,false,Mackenzie British Columbia (YZY),https://raw.githubusercontent.com/algolia/datasets/master/airports/airports.json
YZZ,Trail Airport,Trail,Canada,49.055556,-117.609167,false,Trail (YZZ),https://raw.githubusercontent.com/algolia/datasets/master/airports/airports.json
ZAD,Zadar,Zadar,Croatia,44.108269,15.346697,false,Zadar (ZAD),https://raw.githubusercontent.com/algolia/datasets/master/airports/airports.json
ZAG,Zagreb,Zagreb,Croatia,45.742931,16.068778,false,Zagreb (ZAG),https://raw.githubusercontent.com/algolia/datasets/master/airports/airports.json
ZAH,Zahedan Intl,Zahedan,Iran,29.475686,60.906189,true,Zahedan (ZAH),https://raw.githubusercontent.com/algolia/datasets/master/airports/airports.json
ZAL,Pichoy,Valdivia,Chile,-39.649956,-73.086111,false,Valdivia (ZAL),https://raw.githubusercontent.com/algolia/datasets/master/airports/airports.json
ZAM,Zamboanga Intl,Zamboanga,Philippines,6.922419,122.059633,true,Zamboanga (ZAM),https://raw.githubusercontent.com/algolia/datasets/master/airports/airports.json
ZAT,Zhaotong Airport,Zhaotong,China,27.3256,103.755,false,Zhaotong (ZAT),https://raw.githubusercontent.com/algolia/datasets/master/airports/airports.json
ZAZ,Zaragoza Ab,Zaragoza,Spain,41.666242,-1.041553,false,Zaragoza (ZAZ),https://raw.githubusercontent.com/algolia/datasets/master/airports/airports.json
ZBF,Bathurst Airport,Bathurst,Canada,47.6297,-65.7389,false,Bathurst (ZBF),https://raw.githubusercontent.com/algolia/datasets/master/airports/airports.json
ZBR,Chah Bahar,Chah Bahar,Iran,25.44335,60.382114,false,Chah Bahar (ZBR),https://raw.githubusercontent.com/algolia/datasets/master/airports/airports.json
ZCL,General Leobardo C Ruiz Intl,Zacatecas,Mexico,22.897112,-102.68689,true,Zacatecas (ZCL),https://raw.githubusercontent.com/algolia/datasets/master/airports/airports.json
ZCO,Maquehue,Temuco,Chile,-38.766819,-72.637097,false,Temuco (ZCO),https://raw.githubusercontent.com/algolia/datasets/master/airports/airports.json
ZDY,Dalma Airport,Dalma Island,United Arab Emirates,24.5033833,52.3360528,false,Dalma Island (ZDY),https://raw.githubusercontent.com/algolia/datasets/master/airports/airports.json
ZEL,Bella Bella Airport,Bella Bella,Canada,52.139722,-128.063611,false,Bella Bella (ZEL),https://raw.githubusercontent.com/algolia/datasets/master/airports/airports.json
ZEM,Eastmain River Airport,Eastmain River,Canada,52.2264,-78.5225,false,Eastmain River (ZEM),https://raw.githubusercontent.com/algolia/datasets/master/airports/airports.json
ZFM,Fort Mcpherson,Fort Mcpherson,Canada,67.4075,-134.860556,false,Fort Mcpherson (ZFM),https://raw.githubusercontent.com/algolia/datasets/master/airports/airports.json
ZFN,Tulita,Tulita,Canada,64.0833333,-125.5833333,false,Tulita (ZFN),https://raw.githubusercontent.com/algolia/datasets/master/airports/airports.json
ZGU,Gaua Island Airport,Gaua Island,Vanuatu,-14.2181,167.587,false,Gaua Island (ZGU),https://raw.githubusercontent.com/algolia/datasets/master/airports/airports.json
ZHA,Zhanjiang Airport,Zhanjiang,China,21.2144,110.358,false,Zhanjiang (ZHA),https://raw.githubusercontent.com/algolia/datasets/master/airports/airports.json
ZHY,Zhongwei Xiangshan Airport,Zhongwei,China,37.5728,105.1544,false,Zhongwei (ZHY),https://raw.githubusercontent.com/algolia/datasets/master/airports/airports.json
ZIG,Ziguinchor,Ziguinchor,Senegal,12.555617,-16.281783,false,Ziguinchor (ZIG),https://raw.githubusercontent.com/algolia/datasets/master/airports/airports.json
ZIH,Ixtapa Zihuatanejo Intl,Zihuatanejo,Mexico,17.601569,-101.460536,true,Zihuatanejo (ZIH),https://raw.githubusercontent.com/algolia/datasets/master/airports/airports.json
ZKE,Kashechewan Airport,Kashechewan,Canada,52.2825,-81.6778,false,Kashechewan (ZKE),https://raw.githubusercontent.com/algolia/datasets/master/airports/airports.json
ZKG,Kegaska Airport,Kegaska,Canada,50.195833,-61.265833,false,Kegaska (ZKG),https://raw.githubusercontent.com/algolia/datasets/master/airports/airports.json
ZLO,Playa De Oro Intl,Manzanillo,Mexico,19.144778,-104.558631,true,Manzanillo (ZLO),https://raw.githubusercontent.com/algolia/datasets/master/airports/airports.json
ZLT,La Tabatière Airport,La Tabatière,Canada,50.8308,-58.9756,false,La Tabatière (ZLT),https://raw.githubusercontent.com/algolia/datasets/master/airports/airports.json
ZMT,Masset Airport,Masset,Canada,54.0275,-132.125,false,Masset (ZMT),https://raw.githubusercontent.com/algolia/datasets/master/airports/airports.json
ZNE,Newman Airport,Newman,Australia,-23.4178,119.803,false,Newman (ZNE),https://raw.githubusercontent.com/algolia/datasets/master/airports/airports.json
ZNZ,Zanzibar,Zanzibar,Tanzania,-6.222025,39.224886,false,Zanzibar (ZNZ),https://raw.githubusercontent.com/algolia/datasets/master/airports/airports.json
ZOS,Canal Bajo Carlos Hott Siebert,Osorno,Chile,-40.611208,-73.061042,false,Osorno (ZOS),https://raw.githubusercontent.com/algolia/datasets/master/airports/airports.json
ZPB,Sachigo Lake Airport,Sachigo Lake,Canada,53.8911,-92.1964,false,Sachigo Lake (ZPB),https://raw.githubusercontent.com/algolia/datasets/master/airports/airports.json
ZQN,Queenstown,Queenstown International,New Zealand,-45.021111,168.739167,false,Queenstown International (ZQN),https://raw.githubusercontent.com/algolia/datasets/master/airports/airports.json
ZQW,Zweibruecken,Zweibruecken,Germany,49.209445,7.401323,false,Zweibruecken (ZQW),https://raw.githubusercontent.com/algolia/datasets/master/airports/airports.json
ZRH,Zurich,Zurich,Switzerland,47.464722,8.549167,false,Zurich (ZRH),https://raw.githubusercontent.com/algolia/datasets/master/airports/airports.json
ZRJ,Round Lake (Weagamow Lake) Airport,Round Lake,Canada,52.9436,-91.3128,false,Round Lake (ZRJ),https://raw.githubusercontent.com/algolia/datasets/master/airports/airports.json
ZSA,San Salvador,Cockburn Town,Bahamas,24.063275,-74.523967,false,Cockburn Town (ZSA),https://raw.githubusercontent.com/algolia/datasets/master/airports/airports.json
ZSE,St Pierre Pierrefonds,St.-pierre,Reunion,-21.320039,55.423581,false,St.-pierre (ZSE),https://raw.githubusercontent.com/algolia/datasets/master/airports/airports.json
ZSJ,Sandy Lake Airport,Sandy Lake,Canada,53.0642,-93.3444,false,Sandy Lake (ZSJ),https://raw.githubusercontent.com/algolia/datasets/master/airports/airports.json
ZTB,Tête-à-la-Baleine Airport,Tête-à-la-Baleine,Canada,50.6744,-59.3836,false,Tête-à-la-Baleine (ZTB),https://raw.githubusercontent.com/algolia/datasets/master/airports/airports.json
ZTH,Dionysios Solomos,Zakynthos,Greece,37.750853,20.88425,false,Zakynthos (ZTH),https://raw.githubusercontent.com/algolia/datasets/master/airports/airports.json
ZUH,Zhuhai Airport,Zhuhai,China,22.0064,113.376,false,Zhuhai (ZUH),https://raw.githubusercontent.com/algolia/datasets/master/airports/airports.json
ZUM,Churchill Falls Airport,Churchill Falls,Canada,53.5619,-64.1064,false,Churchill Falls (ZUM),https://raw.githubusercontent.com/algolia/datasets/master/airports/airports.json
ZVK,Savannakhet,Savannakhet,Laos,16.556594,104.759531,false,Savannakhet (ZVK),https://raw.githubusercontent.com/algolia/datasets/master/airports/airports.json
ZYL,Osmany Intl,Sylhet Osmani,Bangladesh,24.963242,91.866783,true,Sylhet Osmani (ZYL),https://raw.githubusercontent.com/algolia/datasets/master/airports/airports.json
