Destination,Airport,Train Station
Baghlan,Mazar-i-sharif (MZR),
Balkh,Mazar-i-sharif (MZR),
Dowlatābād,,
Faizabad,Kulyab (TJU),
Herat,Herat (HEA),
Ḩukūmatī Dahanah-ye Ghōrī,,
"Ishkashim, Afghanistan",Chitral (CJL),
Kabul,Kabul (KBL),
Kandahar,Kandahar (KDH),
Khandud,Chitral (CJL),
"Kholm, Afghanistan",Mazar-i-sharif (MZR),
Maidan Shar,Kabul (KBL),
Mazar-i-Sharif,Mazar-i-sharif (MZR),
Molah,,
Nahrīn,Kabul (KBL),
Pul-e Khumrī,Mazar-i-sharif (MZR),
Qala e Naw,Herat (HEA),
Rāghistān,Kabul (KBL),
Wākhān,Gilgit (GIL),
"Wazir Akbar Khan, Kabul",,
Mariehamn,Mariehamn (MHQ),
Bashkia Berat,Tirana (TIA),
Bashkia Bulqizë,Tirana (TIA),
Bashkia Kuçovë,Tirana (TIA),
Bashkia Poliçan,Tirana (TIA),
Bashkia Skrapar,,
Berat,Tirana (TIA),
Çorovodë,Kastoria (KSO),
Elbasan,Tirana (TIA),
Kuçovë District,Tirana (TIA),
Municipalities of Albania,,
Pogradec,Kastoria (KSO),
Poliçan,Tirana (TIA),
Port of Durrës,Tirana (TIA),
Rrethi i Beratit,Tirana (TIA),
Rrethi i Kuçovës,Tirana (TIA),
Rrethi i Skraparit,Kastoria (KSO),
Shkodër,Podgorica (TGD),Shkodër railway station
TIRANA,Tirana (TIA),
Ura Vajgurore,Tirana (TIA),
Villages of Fier County,,
ALGIERS,Algier (ALG),
Annaba,Annaba (AAE),
Azazga,Bejaja (BJA),
Batna (city),Batna (BLJ),
Béchar,Béchar (CBH),
Béjaïa,Bejaja (BJA),
Biskra,Biskra (BSK),
Blida,Algier (ALG),
Bordj,Setif (QSF),
Bordj Bou Arréridj,Setif (QSF),
Bordj el Kiffan,Algier (ALG),
Bougara,Algier (ALG),
Cheraga,Algier (ALG),
Chlef,Tiaret (TID),
Constantine,Constantine (CZL),
"Constantine, Algeria",Constantine (CZL),
Djelfa,Tiaret (TID),
El Eulma,Setif (QSF),
El Wad,Ghardaia (GHA),
Ghardaïa,Ghardaia (GHA),
Ghilizane,Ghriss (MUW),Relizane railway station
Guelma,In Salah (INZ),
Jijel,Bejaja (BJA),
M'Sila,Setif (QSF),
Médéa,Algier (ALG),
Mostaganem,Oran (ORN),Relizane railway station
Oran,Oran (ORN),
Ouargla,Ouargla (OGX),
"Saïda, Algeria",Ghriss (MUW),
Sidi Bel Abbès Province,Oran (ORN),
Skikda,Constantine (CZL),
Souk Ahras,Annaba (AAE),
STIF,,
Tébessa,Tebessa (TEE),
Tiaret,Tiaret (TID),
Tlemcen,Tlemcen (TLM),
Touggourt,Touggourt (TGR),
Pago Pago,Pago Pago (PPG),
Andorra la Vella,Carcassonne (CCF),
Arinsal,Carcassonne (CCF),
Canillo,Carcassonne (CCF),
El Tarter,Carcassonne (CCF),
Encamp,Carcassonne (CCF),
Engordany,,
Escaldes-Engordany,Carcassonne (CCF),
La Massana,Carcassonne (CCF),
les Escaldes,Carcassonne (CCF),
Llorts,Carcassonne (CCF),
Ordino,Carcassonne (CCF),
Pas de la Casa,Carcassonne (CCF),
Sant Julià de Lòria,Carcassonne (CCF),
Santa Coloma,,
Sispony,Carcassonne (CCF),
Soldeu,Carcassonne (CCF),
Ambriz,Luanda (LAD),
Benguela,Catumbela (CBT),
Cabinda,Pointe-noire (PNR),
Cacole,,
Camabatela,,
Camacupa,Kuito (SVP),
Catabola,Kuito (SVP),
Catumbela,Catumbela (CBT),
Caxito,Luanda (LAD),
Cazeta,,
Chissamba,Kuito (SVP),
Cuito,Menongue (SPP),
Huambo,Huambo (NOV),
Kuito,Kuito (SVP),
Lobito,Catumbela (CBT),
Luanda,Luanda (LAD),
Lubango,Lubango (SDD),
Lucapa,Saurimo (VHC),
Lumeje,Luena (LUO),
Malanje,Malanje (MEG),
Menongue,Menongue (SPP),
Muxaluando,Luanda (LAD),
N’dalatando,Kuito (SVP),
Namibe,Mocamedes (MSZ),
Ondjiva,Ondjiva (VPE),
Piri,,
Quibala,Malanje (MEG),
Saurimo,Saurimo (VHC),
Sumbe,Catumbela (CBT),
Talatona,Luanda (LAD),
Anguilla,,
Blowing Point Village,The Valley (AXA),
East End Village,The Valley (AXA),
North Hill Village,The Valley (AXA),
"Sandy Ground, Anguilla",The Valley (AXA),
South Hill Village,The Valley (AXA),
The Quarter at Tropicana,,
"The Valley, Anguilla",The Valley (AXA),
Antarctica,Ushuaia (USH),
All Saints,Antigua (ANU),
Antigua,,
Bolans,Antigua (ANU),
Cassada Gardens,Antigua (ANU),
Codrington,Antigua (ANU),
"Liberta, Antigua and Barbuda",Antigua (ANU),
Old Road,Antigua (ANU),
Parham,Antigua (ANU),
Piggotts,Antigua (ANU),
Saint John's,Antigua (ANU),
"St. John's, Antigua and Barbuda",Antigua (ANU),
28 de Noviembre,El Calafate (FTE),
Abasto,Buenos Aires (AEP),
Acassuso,,
Acebal,Rosario (ROS),Rosario Central Córdoba train station
Acevedo,,
Adelia Maria,San Luis (LUQ),
Agua de Oro,Cordoba (COR),Alta Córdoba train station
Albardon,San Julian (UAQ),
Albarellos,,
Alberdi,,
Alberti,,
Aldo Bonzi,Buenos Aires (EZE),
Alejandro Korn,Buenos Aires (EZE),
Alicia,San Luis (LUQ),
Allen,Neuquen (NQN),
Almafuerte,,
Almagro,,
Avellaneda,,
Bahía Blanca-Cerri,Bahia Blanca (BHI),
BUENOS AIRES,Buenos Aires (AEP),
Buenos Aires Argentina Temple,Buenos Aires (AEP),
Campos del Tuyú National Park,Montevideo (MVD),
Catamarca,Catamarca (CTC),
Chaco National Park,Santa Cruz (SRZ),
Comodoro Rivadavia-Rada Tilly,Comodoro Rivadavia (CRD),
Concordia,Uruguaiana (URG),
Córdoba,Cordoba (COR),Córdoba Mitre train station
Corrientes,Uruguaiana (URG),
El Leoncito National Park,San Julian (UAQ),
El Palmar National Park,Parana (PRA),
Formosa,Formosa (FMA),
General San Martín,,
Islas de Santa Fe National Park,Rosario (ROS),Antártida Argentina train station
La Matanza,Buenos Aires (EZE),
La Plata,Montevideo (MVD),
La Rioja,La Rioja (IRJ),
Lago Puelo National Park,Esquel (EQS),
Lanín National Park,San Martin Des Andes (CPC),
Lanus,,
Lomas de Zamora,Buenos Aires (EZE),
Los Arrayanes National Park,San Carlos De Bariloche (BRC),
Los Cardones National Park,Salta (SLA),
Mar del Plata-Batán,Mar Del Plata (MDQ),
Mendoza,Mendoza (MDZ),Mendoza train station
Morón,Buenos Aires (EZE),
Nahuel Huapi National Park,San Carlos De Bariloche (BRC),
Neuquén-Plottier,Neuquen (NQN),
Paraná,Aracatuba (ARU),
Perito Moreno National Park,El Calafate (FTE),
Posadas,Posadas (PSS),
Quilmes,Buenos Aires (AEP),
Rawson-Trelew-Playa Unión,Trelew (REL),
Resistencia,Resistencia (RES),
Río Cuarto,San Luis (LUQ),
Río Pilcomayo National Park,Asuncion (ASU),
Rosario,Rosario (ROS),Rosario Central Córdoba train station
Salta,Salta (SLA),
San Fernando,Buenos Aires (AEP),
San Guillermo National Park,La Serena (LSC),
San Isidro,Buenos Aires (AEP),
San Juan,San Julian (UAQ),
San Luis - El Chorrillo,San Luis (LUQ),
San Miguel de Tucumán,Tucuman (TUC),Tucumán Mitre train station
San Nicolás-Villa Constitución,,
San Salvador de Jujuy-Palpalá,Jujuy (JUJ),
Santa Fé,Santa Fe (SFN),Santa Fe train station
Santa Rosa-Toay,Santa Rosa (RSA),
Santiago del Estero-La Banda,Santiago Del Estero (SDE),
Talampaya National Park,La Rioja (IRJ),
Tierra del Fuego National Park,Ushuaia (USH),
Tucumán-Tafí Viejo,Tucuman (TUC),Tucumán Mitre train station
Ushuaia-Río Grande,Rio Grande (RGA),
Vicente López,Buenos Aires (AEP),
Abovyan,Yerevan (EVN),Yerevan railway station
Agarak,Nakhchivan (NAJ),
Apaga,Yerevan (EVN),Yerevan railway station
Aparan,Gyumri (LWN),Gyumri railway station
Arabkir,Yerevan (EVN),Yerevan railway station
Aragatsotn Province,Yerevan (EVN),Yerevan railway station
Archaeological heritage of Armenia,,
Ashtarak,Yerevan (EVN),Yerevan railway station
Erebuni Fortress,Yerevan (EVN),Yerevan railway station
Gyumri,Gyumri (LWN),Gyumri railway station
Hrazdan,Yerevan (EVN),Yerevan railway station
Ijevan,Tbilisi (TBS),
Jermuk,Nakhchivan (NAJ),
Kapan,Nakhchivan (NAJ),
Mount Aragats,Gyumri (LWN),Gyumri railway station
Tsaghkadzor,Yerevan (EVN),Yerevan railway station
Vanadzor,Gyumri (LWN),Gyumri railway station
Vanadzoz,,
YEREVAN,Yerevan (EVN),Yerevan railway station
Noord,Oranjestad (AUA),
ORANJESTAD,Oranjestad (AUA),
Palm Beach,Oranjestad (AUA),
Paradera,Oranjestad (AUA),
Ponton,Oranjestad (AUA),
Sabaneta,Oranjestad (AUA),
Saint Nicholas,,
San Barbola,,
Santa Cruz,Oranjestad (AUA),
Sero Blanco,Oranjestad (AUA),
Tanki Lender,Oranjestad (AUA),
Abbotsford,Melbourne (MEB),Southern Cross railway station
Abbotsham,Devonport (DPO),
Abercrombie River National Park,Bathurst (BHS),
Aberdeen,Newcastle (NTL),Branxton railway station
Aberfoyle,Adelaide (ADL),Adelaide railway station
Aberglasslyn,Newcastle (NTL),Branxton railway station
Abermain,Newcastle (NTL),Branxton railway station
Acacia Ridge,Brisbane (BNE),Roma Street railway station
Adamstown,Totegegie (GMR),
Adelaide,Adelaide (ADL),Adelaide railway station
Adelaide International Bird Sanctuary National Park—Winaityinaityi Pangkara,Adelaide (ADL),Adelaide railway station
Adelong,Wagga Wagga (WGA),
Advancetown,Coolangatta (OOL),Roma Street railway station
Agnes Banks,Richmond (RCM),Berowra railway station
Agnes Water,Gladstone (GLT),
Airlie Beach,Hamilton Island (HTI),
Aitkenvale,Townsville (TSV),
Albany,Albany (ALH),
Albany Creek,Brisbane (BNE),Roma Street railway station
Albert Park,Melbourne (MEB),Southern Cross railway station
Alberton,Adelaide (ADL),Adelaide railway station
Albion,,
Albion Park,Brisbane (BNE),Roma Street railway station
Albury,Albury (ABX),
Albury-Wodonga,Albury (ABX),
Aldgate,Adelaide (ADL),Adelaide railway station
Aldinga,,
Aldinga Beach,Adelaide (ADL),Adelaide railway station
Alexandra,,
Alexandria,Sydney (SYD),Jannali railway station
Annan River National Park,Cairns (CNS),
Apudthama National Park,Amberley (ABM),
Arakwal National Park,Ballina Byron Bay (BNK),
Avon Valley National Park,Perth (PER),Perth railway station
Barmah National Park,Albury (ABX),
Barnard Island Group National Park,Cairns (CNS),Babinda railway station
Barool National Park,Grafton (GFN),
Barranyi (North Island) National Park,McArthur River Mine (MCV),
Barrington Tops National Park,Newcastle (NTL),Branxton railway station
Barron Gorge National Park,Cairns (CNS),Gordonvale railway station
Baw Baw National Park,Melbourne (MEB),
Beelu National Park,Perth (PER),Perth railway station
Belair National Park,Adelaide (ADL),Adelaide railway station
Belford National Park,Newcastle (NTL),Branxton railway station
Bellinger River National Park,Coff's Harbour (CFS),
Bellthorpe National Park,Maroochydore (MCY),Roma Street railway station
Ben Lomond National Park,Glasgow (GLA),Arrochar and Tarbet railway station
Benambra National Park,Albury (ABX),
Beowa National Park,Merimbula (MIM),
Berowra Valley National Park,Richmond (RCM),Berowra railway station
Biamanga National Park,Merimbula (MIM),
Bindarri National Park,Coff's Harbour (CFS),
Biriwal Bulga National Park,Taree (TRO),
Blackwood River National Park,Brusselton (BQB),
Blue Mountains National Park,Richmond (RCM),Picton railway station
Booderee National Park and Botanic Gardens,Moruya (MYA),
Boorara-Gardner National Park,Brusselton (BQB),
Booti Booti National Park,Taree (TRO),
Border Ranges National Park,Coolangatta (OOL),
Bouddi National Park,Sydney (SYD),Woy Woy railway station
Bournda National Park,Merimbula (MIM),
Bowling Green Bay National Park,Townsville (TSV),
Brampton Islands National Park,Mackay (MKY),
Bribie Island National Park,Maroochydore (MCY),Roma Street railway station
Brindabella National Park,Canberra (CBR),
Brisbane,Brisbane (BNE),Roma Street railway station
Brisbane Ranges National Park,Avalon (AVV),Southern Cross railway station
Brisbane Water National Park,Richmond (RCM),Woy Woy railway station
Broadwater National Park,Ballina Byron Bay (BNK),
Brockman National Park,Brusselton (BQB),
Budawang National Park,Moruya (MYA),
Budderoo National Park,Sydney (SYD),Picton railway station
Bundjalung National Park,Grafton (GFN),
Bungawalbin National Park,Lismore (LSY),
Bungonia National Park,Canberra (CBR),
Bunurong Marine National Park,Melbourne (MEB),Narre Warren railway station
Bunya Mountains National Park,Toowoomba (TWB),Dalby railway station
Burleigh Head National Park,Coolangatta (OOL),
Burrum Coast National Park,Bundaberg (BDB),
Cairns,Cairns (CNS),Gordonvale railway station
Canberra,Canberra (CBR),
Canberra-Queanbeyan,Canberra (CBR),
Canunda National Park,Mount Gambier (MGB),
Cape Howe Marine National Park,Merimbula (MIM),
Cape Le Grand National Park,Esperance (EPR),
Cape Melville National Park,Coen (CUQ),
Cape Range (South) National Park,Learmonth (LEA),
Cape Upstart National Park,Townsville (TSV),
Capricorn Coast National Park,Rockhampton (ROK),
Capricornia Cays National Park,Gladstone (GLT),
Cascade National Park,Coff's Harbour (CFS),
Castle Tower National Park,Gladstone (GLT),
Cathedral Rock National Park,Armidale (ARM),
Cattai National Park,Richmond (RCM),Berowra railway station
Central Coast,Richmond (RCM),Wondabyne railway station
Chaelundi National Park,Grafton (GFN),
Charles Darwin National Park,Darwin (DRW),
Chiltern-Mt Pilot National Park,Albury (ABX),
Christmas Island National Park,Christmas Island (XCH),
Churchill Island Marine National Park,Avalon (AVV),Narre Warren railway station
Churchill National Park,Melbourne (MEB),Narre Warren railway station
Cleland National Park,Adelaide (ADL),Adelaide railway station
Clump Mountain National Park,Cairns (CNS),Babinda railway station
Clyde River National Park,Moruya (MYA),
Coffin Bay National Park,Port Lincoln (PLO),
Conjola National Park,Moruya (MYA),
Conway National Park,Hamilton Island (HTI),
Coopracambra National Park,Merimbula (MIM),
Coorabakh National Park,Taree (TRO),
Corner Inlet Marine National Park,Melbourne (MEB),
Cradle Mountain-Lake St Clair National Park,Devonport (DPO),
Crater Lakes National Park,Cairns (CNS),Gordonvale railway station
Crowdy Bay National Park,Taree (TRO),
Cunnawarra National Park,Armidale (ARM),
Curtis Island National Park,Gladstone (GLT),
D'Entrecasteaux National Park,Brusselton (BQB),
Daintree Rainforest,Cairns (CNS),
Danbulla National Park and State Forest,Cairns (CNS),Gordonvale railway station
Dandenong Ranges National Park,Melbourne (MEB),Narre Warren railway station
Darwin,Darwin (DRW),
Davies Creek National Park,Cairns (CNS),Gordonvale railway station
Deep Creek National Park,Kingscote (KGC),
Dharug National Park,Richmond (RCM),Wondabyne railway station
Dirk Hartog Island National Park,Geraldton (GET),
Discovery Bay Marine National Park,Portland (PTJ),
Djiru National Park,Cairns (CNS),Babinda railway station
Dooragan National Park,Port Macquarie (PQQ),
Dorrigo National Park,Coff's Harbour (CFS),
Drovers Cave National Park,Geraldton (GET),
Dularcha National Park,Maroochydore (MCY),Roma Street railway station
Endeavour River National Park,Cairns (CNS),
Eubenangee Swamp National Park,Cairns (CNS),Babinda railway station
Eucla National Park,Ceduna (CED),
Eudlo Creek National Park,Maroochydore (MCY),
Eurobodalla National Park,Moruya (MYA),
Fairlies Knob National Park,Hervey Bay (HVB),
Family Islands National Park,Cairns (CNS),Babinda railway station
Finke Gorge National Park,Alice Springs (ASP),
Fitzroy Island National Park,Cairns (CNS),Gordonvale railway station
Flinders Chase National Park,Kingscote (KGC),
Flinders Group National Park,Argyle (PUG),
Forest Grove National Park,Brusselton (BQB),
Fort Lytton National Park,Brisbane (BNE),Roma Street railway station
Frankland Group National Park,Cairns (CNS),Babinda railway station
French Island National Park,Melbourne (MEB),Narre Warren railway station
Freycinet National Park,Launceston (LST),
Garigal National Park,Sydney (SYD),Berowra railway station
Gawler Ranges National Park,Ceduna (CED),
Geelong,Avalon (AVV),Southern Cross railway station
Geikie Gorge National Park,Broome (BME),
Georges River National Park,Sydney (SYD),Jannali railway station
Ghin-Doo-Ee National Park,Taree (TRO),
Gibraltar Range National Park,Grafton (GFN),
Girramay National Park,Cairns (CNS),Babinda railway station
Girraween National Park,Lismore (LSY),
Glass House Mountains National Park,Maroochydore (MCY),Roma Street railway station
Glenthorne National Park–Ityamaiitpinna Yarta,Adelaide (ADL),Adelaide railway station
Gloucester National Park,Perth (PER),Perth railway station
Gold Coast,Coolangatta (OOL),Roma Street railway station
Gold Coast-Tweed Heads,Coolangatta (OOL),
Goobang National Park,Parkes (PKE),
Goold Island National Park,Townsville (TSV),
Goonengerry National Park,Lismore (LSY),
Gooseberry Hill National Park,Perth (PER),Perth railway station
Goulburn River National Park,Dubbo (DBO),
Grampians National Park,Portland (PTJ),
Great Australian Bight Marine National Park,Ceduna (CED),
Great Barrier Reef,Cairns (CNS),Gordonvale railway station
Great Otway National Park,Avalon (AVV),
Great Sandy National Park,Hervey Bay (HVB),
Greater Adelaide,Adelaide (ADL),Adelaide railway station
Greater Bendigo National Park,Melbourne (MEL),
Greater Brisbane,Brisbane (BNE),Roma Street railway station
Greater Darwin,Darwin (DRW),
Greater Dordagup National Park,Brusselton (BQB),
Greater Hawke National Park,Brusselton (BQB),
Greater Hobart,Hobart (HBA),
Greater Melbourne,Melbourne (MEB),Southern Cross railway station
Greater Perth,Perth (PER),Perth railway station
Greater Sydney,,
Greater Wollongong,,
Greenmount National Park,Perth (PER),Perth railway station
Grey Peaks National Park,Cairns (CNS),Gordonvale railway station
Gulaga National Park,Moruya (MYA),
Gull Rock National Park,Albany (ALH),
Gunbower National Park,Melbourne (MEL),
Guy Fawkes River National Park,Grafton (GFN),
Hartz Mountains National Park,Hobart (HBA),
Hasties Swamp National Park,Cairns (CNS),Gordonvale railway station
Heathcote National Park,Sydney (SYD),Heathcote railway station
Herberton Range National Park,Cairns (CNS),Gordonvale railway station
Hinchinbrook Island National Park,Townsville (TSV),
Hobart,Hobart (HBA),
Houtman Abrolhos Islands National Park,Geraldton (GET),
Hull River National Park,Cairns (CNS),Babinda railway station
Innes National Park,Kingscote (KGC),
Isla Gorge National Park,Gladstone (GLT),
Iytwelepenty / Davenport Range National Park,Alice Springs (ASP),
Japoon National Park,Cairns (CNS),Babinda railway station
Jervis Bay National Park,Moruya (MYA),
John Forrest National Park,Perth (PER),Perth railway station
Junuy Juluum National Park,Coff's Harbour (CFS),
Kakadu National Park,Darwin (DRW),
Kalamunda National Park,Perth (PER),Perth railway station
Kamay Botany Bay National Park,Sydney (SYD),Gymea railway station
Kanangra-Boyd National Park,Bathurst (BHS),Picton railway station
Kara Kara National Park,Norilsk (NSK),
Kent Group National Park,Flinders Island (FLS),
Kinglake National Park,Melbourne (MEL),Southern Cross railway station
Kirrama National Park,Cairns (CNS),
Kondalilla National Park,Maroochydore (MCY),
Koreelah National Park,Toowoomba (TWB),
Korung National Park,Perth (PER),Perth railway station
Kosciuszko National Park,Canberra (CBR),
Ku-ring-gai Chase National Park,Sydney (SYD),Berowra railway station
KULLA (McIlwraith Range) National Park,Coen (CUQ),
Kuranda National Park,Cairns (CNS),Gordonvale railway station
Kurrimine Beach National Park,Cairns (CNS),Babinda railway station
Kwiambal National Park,Moree (MRZ),
Lachlan Valley National Park,Orange (OAG),
Lake Frome National Park,Broken Hill (BHQ),
Lake Torrens National Park,Olympic Dam (OLP),
Lamington National Park,Coolangatta (OOL),Roma Street railway station
Lane Cove National Park,Sydney (SYD),Berowra railway station
Launceston,Launceston (LST),
Leeuwin-Naturaliste National Park,Brusselton (BQB),
Lesmurdie Falls National Park,Perth (PER),Perth railway station
Lincoln National Park,Port Lincoln (PLO),
Lind National Park,Merimbula (MIM),
Lindeman Islands National Park,Hamilton Island (HTI),
Lizard Island National Park,Cairns (CNS),
Macquarie Pass National Park,Sydney (SYD),Picton railway station
Magnetic Island National Park,Townsville (TSV),
Mallanganee National Park,Lismore (LSY),
Mapleton Falls National Park,Maroochydore (MCY),
Maria Creek National Park,Port Macquarie (PQQ),
Maria Island National Park,Hobart (HBA),
Marramarra National Park,Richmond (RCM),Berowra railway station
Mebbin National Park,Lismore (LSY),
Melbourne,Melbourne (MEB),Southern Cross railway station
Meroo National Park,Moruya (MYA),
Midgegooroo National Park,Perth (PER),Perth railway station
Millstream Falls National Park,Cairns (CNS),Babinda railway station
Mimosa Rocks National Park,Merimbula (MIM),
Minerva Hills National Park,Emerald (EMD),
Mirima National Park,Kununurra (KNX),
Mitchell River National Park,Kununurra (KNX),
Molle Islands National Park,Hamilton Island (HTI),
Mooball National Park,Coolangatta (OOL),
Moresby Range National Park,Cairns (CNS),Babinda railway station
Moreton Island National Park,Brisbane (BNE),Roma Street railway station
Mornington Peninsula National Park,Avalon (AVV),Narre Warren railway station
Morton National Park,Moruya (MYA),
Morwell National Park,Melbourne (MEB),
Mount Archer National Park,Rockhampton (ROK),
Mount Augustus National Park,Paraburdoo (PBO),
Mount Barney National Park,Coolangatta (OOL),
Mount Bauple National Park,Hervey Bay (HVB),
Mount Clunie National Park,Lismore (LSY),
Mount Colosseum National Park,Gladstone (GLT),
"Mount Cook National Park, Australia",Cairns (CNS),
Mount Eccles National Park,Portland (PTJ),
Mount Field National Park,Hobart (HBA),
Mount Hypipamee National Park,Cairns (CNS),Babinda railway station
Mount Jerusalem National Park,Coolangatta (OOL),
Mount Kaputar National Park,Moree (MRZ),
Mount Mackay National Park,Mackay (MKY),
Mount Nothofagus National Park,Lismore (LSY),
Mount Remarkable National Park,Argyle (PUG),
Mount Richmond National Park,Portland (PTJ),
Mount Royal National Park,Newcastle (NTL),Branxton railway station
Mount Spurgeon National Park,Mackay (MKY),
Mount William National Park,Flinders Island (FLS),
Mount Windsor National Park,Mackay (MKY),
Munga-Thirri–Simpson Desert National Park,Bedourie (BEU),
Mungo National Park,Mildura (MQL),
Murramarang National Park,Moruya (MYA),
Murray River National Park,Mildura (MQL),
Murujuga National Park,Karratha (KTA),
Namadgi National Park,Canberra (CBR),
Nambung National Park,Perth (PER),
Naracoorte Caves National Park,Mount Gambier (MGB),
Narawntapu National Park,Devonport (DPO),
Neerabup National Park,Perth (PER),Perth railway station
Nerang National Park,Coolangatta (OOL),Roma Street railway station
New England National Park,Coff's Harbour (CFS),
Newcastle,Newcastle (NTL),Branxton railway station
Newcastle-Maitland,,
Nicoll Scrub National Park,Coolangatta (OOL),
Nightcap National Park,Lismore (LSY),
Niiwalarra Islands National Park,Kununurra (KNX),
Nilpena Ediacara National Park,Olympic Dam (OLP),
Ningaloo Reef,Learmonth (LEA),
Noosa National Park,Maroochydore (MCY),
Norfolk Island National Park,Norfolk Island (NLK),
Nuga Nuga National Park,Emerald (EMD),
Nullarbor National Park,Ceduna (CED),
Nymboi-Binderay National Park,Coff's Harbour (CFS),
Nymboida National Park,Grafton (GFN),
Nymph Island National Park,Coen (CUQ),
Onkaparinga River National Park,Adelaide (ADL),Adelaide railway station
Organ Pipes National Park,Melbourne (MEL),Southern Cross railway station
Orpheus Island National Park,Townsville (TSV),
Oxley Wild Rivers National Park,Armidale (ARM),
Paluma Range National Park,Townsville (TSV),
Peak Range National Park,Albany (ALH),
Perth,Perth (PER),Perth railway station
Piper Islands National Park,Lockhart River (IRG),
Point Addis Marine National Park,Avalon (AVV),
Point Hicks Marine National Park,Merimbula (MIM),
Popran National Park,Richmond (RCM),Wondabyne railway station
Porongurup National Park,Albany (ALH),
Port Campbell National Park,Avalon (AVV),
Port Hedland,,
Possession Island National Park,Horn Island (HID),
Pulu Keeling National Park,Cocos Keeling Island (CCK),
Richmond Range National Park,Lismore (LSY),
Rocky Cape National Park,Burnie (BWT),
Rocky Islets National Park,Cairns (CNS),
Round Top Island National Park,Mackay (MKY),
Royal National Park,Sydney (SYD),Heathcote railway station
Russell River National Park,Cairns (CNS),Babinda railway station
Sarabah National Park,Coolangatta (OOL),Roma Street railway station
Saunders Islands National Park,Amberley (ABM),
Savage River National Park,Burnie (BWT),
Scheyville National Park,Richmond (RCM),Berowra railway station
Scott National Park,Brusselton (BQB),
Sea Acres National Park,Port Macquarie (PQQ),
Serpentine National Park,Perth (PER),Perth railway station
Seven Mile Beach National Park,Sydney (SYD),Picton railway station
Sir Charles Hardy Group National Park,Lockhart River (IRG),
Snowy River National Park,Merimbula (MIM),
South Bruny National Park,Hobart (HBA),
Southern Moreton Bay Islands National Park,Brisbane (BNE),Roma Street railway station
Southwest National Park,Hobart (HBA),
Springbrook National Park,Coolangatta (OOL),Roma Street railway station
St Helena Island National Park,Brisbane (BNE),Roma Street railway station
Stirling Range National Park,Albany (ALH),
Stokes National Park,Esperance (EPR),
Strzelecki National Park,Flinders Island (FLS),
Sunshine Coast,Maroochydore (MCY),
Sydney,Sydney (SYD),Jannali railway station
Sydney Harbour National Park,Sydney (SYD),Berowra railway station
Tamborine National Park,Coolangatta (OOL),Roma Street railway station
Tarlo River National Park,Canberra (CBR),Picton railway station
Tarong National Park,Toowoomba (TWB),Dalby railway station
Tasman National Park,Hobart (HBA),
Tasmania,Launceston (LST),
The Lakes National Park,Albury (ABX),
Thirlmere Lakes National Park,Sydney (SYD),Picton railway station
Three Islands National Park,Cairns (CNS),
Tomaree National Park,Newcastle (NTL),Branxton railway station
Tooloom National Park,Lismore (LSY),
Toonumbar National Park,Lismore (LSY),
Toowoomba,Toowoomba (TWB),Dalby railway station
Torndirrup National Park,Albany (ALH),
Townsville,Townsville (TSV),
Triunia National Park,Maroochydore (MCY),
Tuart Forest National Park,Brusselton (BQB),
Tully Falls National Park,Cairns (CNS),Babinda railway station
Tully Gorge National Park,Cairns (CNS),Babinda railway station
Twelve Apostles Marine National Park,Avalon (AVV),
Ulidarra National Park,Coff's Harbour (CFS),
Uluru,Uluru (AYQ),
Uluṟu-Kata Tjuṯa National Park,Uluru (AYQ),
Venman Bushland National Park,Brisbane (BNE),Roma Street railway station
Wallaga Lake National Park,Moruya (MYA),
Wallingat National Park,Taree (TRO),
Walls of Jerusalem National Park,Devonport (DPO),
Walpole-Nornalup National Park,Albany (ALH),
Walyunga National Park,Perth (PER),Perth railway station
Wapma Thura–Southern Flinders Ranges National Park,Argyle (PUG),
Warra National Park,Armidale (ARM),
Warrabah National Park,Tamworth (TMW),
Warren National Park,Brusselton (BQB),
Warrumbungle National Park,Dubbo (DBO),
Washpool National Park,Grafton (GFN),
Watarrka National Park,Uluru (AYQ),
Waychinicup National Park,Albany (ALH),
Wellington National Park,Brusselton (BQB),
Werakata National Park,Newcastle (NTL),Branxton railway station
West MacDonnell National Park,Alice Springs (ASP),
Whitsunday Islands National Park,Hamilton Island (HTI),
William Bay National Park,Albany (ALH),
Wilsons Promontory Marine National Park,Flinders Island (FLS),
Wilsons Promontory National Park,Flinders Island (FLS),
Windjana Gorge National Park,Broome (BME),
Woko National Park,Taree (TRO),
Wolfe Creek Meteorite Crater National Park,Kununurra (KNX),
Wollongong,Sydney (SYD),Picton railway station
Wollumbin National Park,Coolangatta (OOL),
Wooditjup National Park,Brusselton (BQB),
Woomargama National Park,Albury (ABX),
Wooroonooran National Park,Cairns (CNS),Gordonvale railway station
Wyrrabalong National Park,Sydney (SYD),Woy Woy railway station
Yabbra National Park,Grafton (GFN),
Yamarrinh Wachangan Islands (Denham Group) National Park,Amberley (ABM),
Yanchep National Park,Perth (PER),Perth railway station
Yanga National Park,Mildura (MQL),
Yarra Ranges National Park,Melbourne (MEB),Narre Warren railway station
Yelverton National Park,Brusselton (BQB),
Yengo National Park,Richmond (RCM),Branxton railway station
Yungaburra National Park,Cairns (CNS),Gordonvale railway station
Absam,Innsbruck (INN),
Absdorf,Vienna (VIE),
Abtenau,Salzburg (SZG),
Abtsdorf,Salzburg (SZG),
Ach,,
Achenkirch,Innsbruck (INN),
Achensee,Innsbruck (INN),
Admont,Linz (LNZ),
Adnet,,
Afritz,,
Aggsbach,Vienna (VIE),
Aichbach,,
Aichdorf,Graz (GRZ),
Aifersdorf,Klagenfurt (KLU),Udine railway station
Aigen,Salzburg (SZG),
Aigen im Muehlkreis,Linz (LNZ),
Ainet,Salzburg (SZG),
Aistersheim,Linz (LNZ),
Alberndorf in der Riedmark,Linz (LNZ),
Alberschwende,Altenrhein (ACH),Bregenz railway station
Aldrans,Innsbruck (INN),
Alkoven,Linz (LNZ),
Alland,Vienna (VIE),
Allhartsberg,Linz (LNZ),
Alpbach,,
Altach,,
Altenberg,,
Altenberg bei Linz,Linz (LNZ),
Altenburg,Vienna (VIE),
Bregenz,Altenrhein (ACH),Bregenz railway station
Eisenstadt,Vienna (VIE),
Graz,Graz (GRZ),
Innsbruck,Innsbruck (INN),
Klagenfurt,Klagenfurt (KLU),Ljubljana railway station
Linz,Linz (LNZ),
Salzburg,Salzburg (SZG),
Sankt Pölten,Vienna (VIE),
Vienna,Vienna (VIE),
Ağdam,Parsabad (PFQ),
Aghjabadi,Parsabad (PFQ),
Aqdash,,
BAKU,Baku (GYD),Baku railway station
Ceyranbatan,Baku (GYD),Baku railway station
Digah,Lankaran (LLK),
Ganja,Ganja (KVD),
Gyuzdek,Baku (GYD),Baku railway station
Khirdalan,,
Lankaran,,
Nakhchivan,Nakhchivan (NAJ),
Qobu,Baku (GYD),Baku railway station
Quba,Qabala (GBB),
Qusar,Qabala (GBB),
Saray,,
Sulutapa,Baku (GYD),Baku railway station
Sumgayit,,
Sumqayit,Baku (GYD),Baku railway station
Xirdalan,Baku (GYD),Baku railway station
Zurges,Ganja (KVD),
Abraham’s Bay,Mayaguana (MYG),
Alice Town,Alice Town (BIM),
Andros Town,Nassau (NAS),
Arthur’s Town,Arthur's Town (ATC),
Clarence,Dead Man's Cay (LGI),
Colonel Hill,Colonel Hill (CRI),
Cooper’s Town,Treasure Cay (TCB),
Duncan Town,Nassau (NAS),
Dunmore Town,North Eleuthera (ELH),
Freeport,Freeport (FPO),
George Town,Great Exuma (GGT),
Great Exuma,,
High Rock,Freeport (FPO),
Lucaya,Freeport (FPO),
Marsh Harbour,Marsh Harbor (MHH),
Matthew Town,Matthew Town (IGA),
NASSAU,Nassau (NAS),
Palmetto Point,,
Spanish Wells,North Eleuthera (ELH),
Al Budayyi`,Bahrain (BAH),Dammam railway station
Al Hadd,Bahrain (BAH),Dammam railway station
Al Hamalah,,
Al Hidd,Bahrain (BAH),Dammam railway station
Al Janabiyah,,
Al Markh,Bahrain (BAH),Dammam railway station
Al Muharraq,Bahrain (BAH),Dammam railway station
Bahrain,,
Bahrain Tamarod,Bahrain (BAH),Dammam railway station
Bani Jamrah,Bahrain (BAH),Dammam railway station
Barbar,Bahrain (BAH),Dammam railway station
Hamad Town,Bahrain (BAH),Dammam railway station
Jidhafs,Bahrain (BAH),Dammam railway station
Jurdab,Bahrain (BAH),Dammam railway station
Madinat `Isa,Bahrain (BAH),Dammam railway station
Madinat Hamad,,
Manama,,
Oil City,Bahrain (BAH),Dammam railway station
Sanabis,Bahrain (BAH),Dammam railway station
Sitra,Bahrain (BAH),Dammam railway station
Tubli,Bahrain (BAH),Dammam railway station
Altadighi National Park,Saidpur (SPD),Radhikapur railway station
Bagerhat,Barisal (BZL),Khulna railway station
Bandarban,Cox's Bazar (CXB),Cox's Bazar railway station
Barguna,Barisal (BZL),
Barisal,,
Barishal,Barisal (BZL),
Baroiyadhala National Park,Chittagong (CGP),
Bhawal National Park,Dhaka (DAC),Kamalapur railway station
Birganj National Park,Saidpur (SPD),Radhikapur railway station
Birgonj National Park,Saidpur (SPD),Radhikapur railway station
Bogra,Rajshahi (RJH),
Brahmanbaria,Agartala (IXA),Cumilla railway station
Chittagong,Chittagong (CGP),
Comilla,Agartala (IXA),Cumilla railway station
DHAKA,Dhaka (DAC),Kamalapur railway station
Dharmapur National Park,Saidpur (SPD),Radhikapur railway station
Dinajpur,Saidpur (SPD),Radhikapur railway station
Gazipur,Dhaka (DAC),Kamalapur railway station
Himchari National Park,Cox's Bazar (CXB),Cox's Bazar railway station
Inani National Park,Cox's Bazar (CXB),Cox's Bazar railway station
Jamalpur,Dhaka (DAC),
Jessore,Jessore (JSR),Khulna railway station
Kadamrasul,,
Kadigarh National Park,Dhaka (DAC),Kamalapur railway station
Kaptai National Park,Chittagong (CGP),
Khadim Nagar National Park,Sylhet Osmani (ZYL),
Khulna,Jessore (JSR),Khulna railway station
Kuakata National Park,Barisal (BZL),
Lawachara National Park,Sylhet Osmani (ZYL),
Madhupur National Park,Dhaka (DAC),
Medhakachhapia National Park,Cox's Bazar (CXB),Cox's Bazar railway station
Mymensingh,Dhaka (DAC),
Naogaon,Rajshahi (RJH),
Narayanganj,Dhaka (DAC),Kamalapur railway station
Narsingdi,Dhaka (DAC),Kamalapur railway station
Nawabganj,Dhaka (DAC),Kamalapur railway station
Nawabganj National Park,Saidpur (SPD),Radhikapur railway station
Pabna,Rajshahi (RJH),
Rajshahi,Rajshahi (RJH),
Ramsagar National Park,Saidpur (SPD),Radhikapur railway station
Rangpur,Saidpur (SPD),
Saidpur,Saidpur (SPD),Radhikapur railway station
Satchari National Park,Agartala (IXA),Cumilla railway station
Sheikh Jamal Inani National Park,Cox's Bazar (CXB),Cox's Bazar railway station
Singra National Park,Saidpur (SPD),Radhikapur railway station
Sirajganj,Dhaka (DAC),
Sylhet Osmani,,
Tangail,Dhaka (DAC),
Tongi,Dhaka (DAC),Kamalapur railway station
Atlantic Shores,Bridgetown (BGI),
Bagatelle,Bridgetown (BGI),
Bloomsbury,,
"Blue Waters, Barbados",,
Bridgetown,Bridgetown (BGI),
Bruce Vale,Bridgetown (BGI),
Cave Hill,Bridgetown (BGI),
"Christ Church, Barbados",Bridgetown (BGI),
Clapham,Bridgetown (BGI),
Hastings,Bridgetown (BGI),
Holetown,Bridgetown (BGI),
Husband,Bridgetown (BGI),
Jackmans,Bridgetown (BGI),
Succession season 4,,
"Wanstead, Barbados",Bridgetown (BGI),
Warner Bros.,,
"Warrens, Barbados",Bridgetown (BGI),
Baranovichi,Minsk 2 (MSQ),
Belovezhskaya Pushcha National Park,Lublin (LUZ),Brest-Tsentralny railway station
Bobruisk,Minsk 2 (MSQ),
Borisov,Minsk 2 (MSQ),Minsk Pasažyrski railway station
Brest,Lublin (LUZ),Brest-Tsentralny railway station
Dzyarzhynsk,Minsk 2 (MSQ),Minsk Pasažyrski railway station
Gomel,Kiev (IEV),
Grodno,Vilnius (VNO),Białystok railway station
Horki,Minsk 2 (MSQ),
Hrodna,Vilnius (VNO),Białystok railway station
Lahoysk,Minsk 2 (MSQ),Minsk Pasažyrski railway station
Lida,Vilnius (VNO),
Lyakhovichi,,
Lyaskavichy,,
Mazyr,Kiev (IEV),
Minsk,Minsk 2 (MSQ),Minsk Pasažyrski railway station
Mogilev,Minsk 2 (MSQ),
Mozir,Kiev (IEV),
Narachanski National Park,Vilnius (VNO),
Navapolatsk,,
Novopolotsk,Minsk 2 (MSQ),
Orsha,Minsk 2 (MSQ),
Pinsk,Minsk 2 (MSQ),
Polatsk,Minsk 2 (MSQ),
Radoshkovichi,Minsk 2 (MSQ),Minsk Pasažyrski railway station
Shklow,Minsk 2 (MSQ),
Soligorsk,,
Vitebsk,Minsk 2 (MSQ),
Aalbeke,Lille (LIL),Lille-Europe railway station
Aalst,Brussels (BRU),Aalst railway station
Aalter,Ostend (OST),Gent-Sint-Pieters railway station
Aarschot,Brussels (BRU),Brussels-North railway station
Aarsele,Ostend (OST),Gent-Sint-Pieters railway station
Aartrijke,Ostend (OST),Brugge railway station
Aartselaar,Antwerp (ANR),Brussels-North railway station
Achel,,
Adegem,Ostend (OST),Brugge railway station
Adinkerke,Ostend (OST),Brugge railway station
Anderlecht,Brussels (BRU),Brussels-South railway station
Antwerpen,Antwerp (ANR),Brussels-North railway station
Brugge,Ostend (OST),Brugge railway station
Brussels,Brussels (BRU),Brussels-North railway station
BRUXELLES,Brussels (BRU),Brussels-North railway station
Charleroi,Charleroi (CRL),Charleroi-Central railway station
Gent,Antwerp (ANR),Gent-Sint-Pieters railway station
Liège,Liege (LGG),Liège-Guillemins railway station
Namur,Charleroi (CRL),Namur railway station
Schaerbeek,Brussels (BRU),Brussels-North railway station
Belize City,Belize (TZA),
Belmopan,Belmopan (BCV),
Benque Viejo del Carmen,,
Benque Viejo el Carmen,Belmopan (BCV),
Corozal Town,Corozal (CZH),
Dangriga,Dangriga (DGA),
Freetown Sibun,Belize (TZA),
Hurricane Karl,,
Ladyville,Belize (TZA),
Orange Walk District,Belmopan (BCV),
Orange Walk Town,Corozal (CZH),
Placencia,Placencia (PLJ),
"Punta Gorda, Belize",Punta Gorda (PND),
San Ignacio,Belmopan (BCV),
San Pedro,San Pedro (SPR),
San Pedro Town,San Pedro (SPR),
Valley of Peace,Belmopan (BCV),
Abomey-Calavi,Cotonou (COO),
Alibori,Niamey (NIM),
Atakora,,
Atlantique,,
Banikoara,Niamey (NIM),
Borgou,Ilorin (ILR),
Collines,Cotonou (COO),
Donga,,
Guilmaro,Tamale (TML),
Kandi,Niamey (NIM),
Kouffo,Cotonou (COO),
Littoral,Cotonou (COO),
Malanville,Niamey (NIM),
Mono,,
Natitingou,Tamale (TML),
Oueme,Cotonou (COO),
Plateau,,
Tanguiéta,Tamale (TML),
Zou,Cotonou (COO),
Administrative divisions of Bermuda,Bermuda (BDA),
Bermuda,Bermuda (BDA),
Devonshire,Bermuda (BDA),
"Hamilton Harbour, Bermuda",Bermuda (BDA),
"Hamilton, Bermuda",Mayaguana (MYG),
"St. George's, Bermuda",Bermuda (BDA),
Town of St. George,Bermuda (BDA),
Bhutan Premier League,,
Bhutan Women's National League,,
"Buli, Bhutan",Thimphu (PBH),
Bumthang,Thimphu (PBH),
Chukha,Thimphu (PBH),
Dagana,Thimphu (PBH),
Education in Bhutan,,
Gasa,Thimphu (PBH),
Haa,Thimphu (PBH),
Lhuntse,Thimphu (PBH),
Outline of Bhutan,Thimphu (PBH),
"Paro, Bhutan",Thimphu (PBH),
Pemagatsel,Guwahati (GAU),
Punakha Dzong,Thimphu (PBH),
THIMPHU,Thimphu (PBH),
Trashigang,Guwahati (GAU),
Trashiyangtse District,Guwahati (GAU),
Trongsa Dzong,Thimphu (PBH),
Tsirang District,Thimphu (PBH),
Valleys of Bhutan,,
Anillo,,
Aroma,,
Bermejo,Yacuiba (BYC),
Caracasa,,
Carnival of Santa Cruz de la Sierra,Santa Cruz (SRZ),
Cobija,Cobija (CIJ),
Cochabamba,Cochabamba (CBB),
Cotoca,Santa Cruz (SRZ),
Cruz,Santa Cruz (SRZ),
El Alto,La Paz (LPB),
Guayaramerin,Guayaramerín (GYA),
Guayaramerín,Guayaramerín (GYA),
Kaa-Iya del Gran Chaco National Park and Integrated Management Natural Area,Santa Cruz (SRZ),
La Paz,La Paz (LPB),
Oruro,Cochabamba (CBB),
Potosí,Potosi (POI),
Provincia Cercado,Cochabamba (CBB),
Provincia General José Ballivián,,
Provincia Iténez,,
Provincia Mamoré,,
Provincia Marbán,,
Provincia Moxos,,
Provincia Vaca Diez,,
Riberalta,Riberalta (RIB),
Sajama National Park,Tacna (TCQ),
Santa Cruz,Santa Cruz (SRZ),
Sucre,Sucre (SRE),
Tarija,Tarija (TJA),
Trinidad,Trinidad (TDD),
Tunari National Park,Cochabamba (CBB),
Banja,Banja Luka (BNX),
Banja Luka,Banja Luka (BNX),
Bijeljina,Osijek (OSI),Novi Sad railway station
Bosanska Dubica,Banja Luka (BNX),
Bosanska Krupa,Banja Luka (BNX),
Brčko,Osijek (OSI),
"Breza, Bosnia and Herzegovina",,
Cazin,Zagreb (ZAG),
Central Bosnia Canton,,
Croatian Republic of Herzeg-Bosnia,,
Doboj,,
"Gračanica, Bosnia and Herzegovina",,
Ilidža,Sarajevo (SJJ),Mostar railway station
Jajce,Banja Luka (BNX),
Mostar,Mostar (OMO),Mostar railway station
Prijedor,Banja Luka (BNX),
SARAJEVO,Sarajevo (SJJ),Mostar railway station
Tuzla,Sarajevo (SJJ),
Zenica,Sarajevo (SJJ),
Francistown,Francistown (FRW),
Gaberone,,
GABORONE,Gaberone (GBE),
Gaborone City Council,Gaberone (GBE),
Gobojango,Francistown (FRW),
Gweta,Maun (MUB),
Kalamare,Lephalale (ELL),
Letlhakane,Francistown (FRW),
Letsheng,Lephalale (ELL),
Maapi,,
Machaneng,Lephalale (ELL),
Mahalapye,Lephalale (ELL),
Makobeng,Lephalale (ELL),
Makwata,,
Mathakola,,
Mathambgwane,,
Mathathane,Francistown (FRW),
Maunatlala,Lephalale (ELL),
Mogapi,Francistown (FRW),
Moijabana,,
Mookane,Lephalale (ELL),
Mopipi,Maun (MUB),
Mosetse,Francistown (FRW),
Nata,Francistown (FRW),
Orapa,,
Serowe,Francistown (FRW),
Village,,
Bouvet Island,Cape Town (CPT),
Amazon Rainforest,Manaus (MAO),
Americana,Campinas (VCP),Campinas train station
Ananindeua,Belem (BEL),
Anápolis,Goiania (GYN),
Aracaju,Aracaju (AJU),
Arapiraca,Maceio (MCZ),
Bauru,Bauru (JTC),
Belem,,
Belém Brazil Temple,Belem (BEL),
Belford Roxo,Rio De Janeiro (GIG),
Belo Horizonte,Belo Horizonte (PLU),
Betim,Belo Horizonte (PLU),
Blumenou,,
Boa Vista,Boa Vista (BVB),
Brasilia,Brasilia (BSB),
Cabo Frio,,
Campina Grande,Campina Grande (CPV),
Campinas,Campinas (VCP),Campinas train station
Campo Grande,Campo Grande (CGR),
Campos dos Goytacazes,Campos (CAW),
Canoas,Porto Alegre (POA),
Carapicuíba,Sao Paulo (CGH),Guarulhos-Cecap train station
Caruaru,Campina Grande (CPV),
Cascavel,Cascavel (CAC),
Caxias do Sul,Caxias Do Sul (CXJ),
Chapada Diamantina National Park,Lençóis (LEC),
Chapada dos Veadeiros National Park,Minacu (MQH),
Colombo,,
Contagem,Belo Horizonte (PLU),
Corumba,,
Cuiabá,Cuiaba (CGB),
Curitiba,Curitiba (CWB),
Diadema,Sao Paulo (CGH),Guarulhos-Cecap train station
Divinópolis,Belo Horizonte (PLU),
Duque de Caxias,Rio De Janeiro (GIG),
Embu,Sao Paulo (CGH),Guarulhos-Cecap train station
Feira de Santana,Salvador (SSA),
Fernando de Noronha,Fernando Do Noronha (FEN),
Florianópolis,Florianopolis (FLN),
Fortaleza,Fortaleza (FOR),
Foz do Iguaçu,Foz Do Iguacu (IGU),
Franca,Ribeirao Preto (RAO),
Goiânia,Goiania (GYN),
Governador Valadares,Governador Valadares (GVR),
Gravatai,Porto Alegre (POA),
Guarulhos,Sao Paulo (GRU),Guarulhos-Cecap train station
Hortolandia,Campinas (VCP),Campinas train station
Ibitipoca State Park,Juiz de Fora (IZA),
Iguazu Falls,Iguazu Falls (IGR),
Imperatriz,Imperatriz (IMP),
Indaiatuba,Campinas (VCP),Campinas train station
Itabuna,Ilheus (IOS),
Itapevi,Sao Paulo (CGH),Jundiaí train station
Itaquaquecetuba,Sao Paulo (GRU),Guarulhos-Cecap train station
Jaboatao dos Guarapes,Recife (REC),
Jacareí,Sao Jose Dos Campos (SJK),Aeroporto-Guarulhos train station
Jericoacoara National Park,Fortaleza (FOR),
Joao Pessoa,Joao Pessoa (JPA),
Joinville,Joinville (JOI),
Juàzeiro do Norte,Juazeiro Do Norte (JDO),
Juiz de Fora,Juiz de Fora (IZA),
Jundiaí,Campinas (VCP),Jundiaí train station
Lençóis Maranhenses National Park,Sao Luis (SLZ),
Limeira,Campinas (VCP),Campinas train station
Londrina,Londrina (LDB),
Macae,Macaé (MEA),
Macapá,Macapa (MCP),
Maceió,Maceio (MCZ),
Manaus,Manaus (MAO),
Maraba,Maraba (MAB),
Marília,Marília (MII),
Maringá,Maringa (MGF),
Mauá,Sao Paulo (CGH),Guarulhos-Cecap train station
Montes Claros,Montes Claros (MOC),
Mossoró,Fortaleza (FOR),
Natal,Natal (NAT),
Navegantes,,
Niterói,Rio De Janeiro (SDU),
Nova Iguaçu,Rio De Janeiro (GIG),
Nôvo Hamburgo,Porto Alegre (POA),
Olinda,Recife (REC),
Osasco,Sao Paulo (CGH),Guarulhos-Cecap train station
Palmas,Palmas (PMW),
Pantanal,Corumba (CMG),
Parnamirim,Natal (NAT),
Passo Fundo,Passo Fundo (PFB),
Paulista,,
Pelotas,Pelotas (PET),
Petrolina,Petrolina (PNZ),
Petrópolis,Rio De Janeiro (GIG),
Piracicaba,Campinas (VCP),Campinas train station
Ponta Grossa,Curitiba (CWB),
Porto Alegre,Porto Alegre (POA),
Porto Velho,Porto Velho (PVH),
Praia Grande,Sao Paulo (CGH),Guarulhos-Cecap train station
Presidente Prudente,President Prudente (PPB),
Recife,Recife (REC),
Ribeirao Prêto,Ribeirao Preto (RAO),
Rio Branco,Rio Branco (RBR),
Rio Claro,Campinas (VCP),Campinas train station
Rio de Janeiro,Rio De Janeiro (SDU),
Salvador,Salvador (SSA),
Santa Bárbara D'Oeste,Campinas (VCP),Campinas train station
Santa Maria,Santa Maria (RIA),
Santarém,Santarem (STM),
Santo André,Sao Paulo (CGH),Guarulhos-Cecap train station
Santos,Sao Paulo (CGH),Guarulhos-Cecap train station
Sao Bernardo do Campo,Sao Paulo (CGH),Guarulhos-Cecap train station
Sao Gonçalo,Rio De Janeiro (SDU),
Sao Joao de Meriti,Rio De Janeiro (GIG),
Sao José do Rio Prêto,Sao Jose Do Rio Preto (SJP),
Sao José dos Campos,Sao Jose Dos Campos (SJK),Aeroporto-Guarulhos train station
Sao José dos Pinhais,Curitiba (CWB),
Sao Leopoldo,Porto Alegre (POA),
Sao Luís,Sao Luis (SLZ),
Sao Paulo,Sao Paulo (CGH),Guarulhos-Cecap train station
Sao Vicente,Sao Paulo (CGH),Guarulhos-Cecap train station
Sete Lagoas,,
Sorocaba,Campinas (VCP),Jundiaí train station
Taboao da Serra,Sao Paulo (CGH),Guarulhos-Cecap train station
Taubaté,Sao Jose Dos Campos (SJK),
Teresina,Teresina (THE),
Uberaba,Uberaba (UBA),
Uberlândia,Uberlandia (UDI),
Varzea Grande,,
Vitória,Vitoria (VIX),
Vitória da Conquista,Vitória Da Conquista (VDC),
Volta Redonda,Rio De Janeiro (GIG),
British Columbia,,
Carcasse,Gan Island (GAN),
Danger Islands (island),Gan Island (GAN),
Diego Garcia,Gan Island (GAN),
Diego Garcia (island),Gan Island (GAN),
Eagle Islands (island),Gan Island (GAN),
East Point Settlement,Gan Island (GAN),
Egmont Islands (island),Gan Island (GAN),
Peros Banhos (island),Gan Island (GAN),
Salomon Islands (island),Gan Island (GAN),
Three Brothers Islands (island),Gan Island (GAN),
Road Town,Tortola (EIS),
Tortola,,
Bandar Seri Begawan,Bandar Seri Begawan (BWN),
Bangar,Limbang (LMN),
Berakas A,Bandar Seri Begawan (BWN),
Kampong Jerudong,Bandar Seri Begawan (BWN),
Kapok,Bandar Seri Begawan (BWN),
Kuala Belait,Miri (MYY),
Mentiri,Bandar Seri Begawan (BWN),
Panaga,Miri (MYY),
Serasa,Bandar Seri Begawan (BWN),
Seria,Marudi (MUR),
Tutong,Limbang (LMN),
Akhtopol,Bourgas (BOJ),Burgas Railway Station
Aksakovo,Varna (VAR),Varna railway station
Aleksandriya,,
Alfatar,Varna (VAR),
Anton,,
Antonovo,Bourgas (BOJ),
Ardino,Plovdiv (PDV),Plovdiv Central railway station
Asenovgrad,Plovdiv (PDV),Plovdiv Central railway station
Aytos,Bourgas (BOJ),Burgas Railway Station
Babovo,Bucharest (OTP),Bucharest North railway station
Baltchik,Varna (VAR),Varna railway station
Banite,Plovdiv (PDV),Plovdiv Central railway station
Bankya,Sofia (SOF),
Bansko,Sofia (SOF),
Barutin,Plovdiv (PDV),Plovdiv Central railway station
Batak,Plovdiv (PDV),Plovdiv Central railway station
Belene,Bucharest (OTP),
Belogradchik,Sofia (SOF),
Burgas,Bourgas (BOJ),Burgas Railway Station
Pleven,Craiova (CRA),
Plovdiv,Plovdiv (PDV),Plovdiv Central railway station
Ruse,Bucharest (OTP),Bucharest North railway station
Stara Zagora,Plovdiv (PDV),Plovdiv Central railway station
Stratospheric Observatory for Infrared Astronomy,Rodez (RDZ),
Varna,Varna (VAR),Varna railway station
Bale,Bobo-dioulasso (BOY),
Bam,Ouagadougou (OUA),
Banfora,,
Banwa,Bobo-dioulasso (BOY),
Bazega,,
Bobo Dioulasso,Bobo-dioulasso (BOY),
Bougouriba,,
Boulgou Province,Ouagadougou (OUA),
Boulkiemdé Province,Ouagadougou (OUA),
Dédougou,Bobo-dioulasso (BOY),
Dori,Ouagadougou (OUA),
Fada N'gourma,Ouagadougou (OUA),
Gorom-Gorom,Ouagadougou (OUA),
Kaya,Ouagadougou (OUA),
Koudougou,Ouagadougou (OUA),
OUAGADOUGOU,Ouagadougou (OUA),
Ouahigouya,,
Pouytenga,Ouagadougou (OUA),
Solenzo,Bobo-dioulasso (BOY),
Tenkodogo,Ouagadougou (OUA),
Mandalay,,
Nyuang U,,
Yangon,,
Bubanza,Bujumbura (BJM),
BUJUMBURA,Bujumbura (BJM),
Bujumbura Mairie,Bujumbura (BJM),
Bujumbura Rural,,
Bururi,Bujumbura (BJM),
Cankuzo,Bujumbura (BJM),
Cibitoke,Kamembe (KME),
Gitega,Bujumbura (BJM),
Karuzi,Bujumbura (BJM),
Kayanza,Bujumbura (BJM),
Kirundo,Kigali (KGL),
Makamba,Bujumbura (BJM),
Muyinga,Kigali (KGL),
Mwaro,Bujumbura (BJM),
Rumonge,Bujumbura (BJM),
Rutana Hospital,Bujumbura (BJM),
Battambang,Siem-reap (REP),Battambang railway station
Mongkol Borei,,
Moung Roessei,,
Paoy Paet,Siem-reap (REP),
Phnom Penh,Phnom-penh (PNH),Phnom Penh railway station
Phumi Chhuk,,
Phumi Preah Haoh,,
Phumi Prei,Siem-reap (REP),
Phumi Prek Mrinh,,
Phumi Siem Reab,,
Phumi Thmei,Phnom-penh (PNH),
Phumi Thnal,Phnom-penh (PNH),Phnom Penh railway station
Phumi Vott Phnum,,
Sihanoukville,Sihanoukville (KOS),
Sisophon,,
Srŏk Âk Phnŭm,,
Srŏk Banăn,,
Srŏk Malai,,
Srŏk Svay Chék,Siem-reap (REP),Battambang railway station
Tuol Kok,Phnom-penh (PNH),Phnom Penh railway station
Vott Kampong Svay,Phnom-penh (PNH),Phnom Penh railway station
Bafia,Yaounde (NSI),
Bafoussam,Douala (DLA),
Bamenda,,
Bankim,Yaounde (NSI),
Banyo,,
Bélel,N'gaoundere (NGE),
Bertoua,Yaounde (NSI),
Buea,Douala (DLA),
Djohong,N'gaoundere (NGE),
Douala,Douala (DLA),
Edéa,Douala (DLA),
Garoua,Garoua (GOU),
Kontcha,N'gaoundere (NGE),
Kousséri,N'djamena (NDJ),
Kribi,Bata (BSG),
Kumba,Douala (DLA),
Maroua,Maroua (MVR),
Mayo-Banyo,N'gaoundere (NGE),
Meïganga,N'gaoundere (NGE),
Ngaoundéré,N'gaoundere (NGE),
Nkongsamba,Douala (DLA),
Ringo,,
Somié,N'gaoundere (NGE),
Tibati,N'gaoundere (NGE),
Tignère,N'gaoundere (NGE),
Yaoundé,Yaounde (NSI),
100 Mile House,Williams Lake (YWL),
Abbey,,
Abbotsford,,
Abbotsford-Mission,Abbotsford (YXX),
Acadia Valley,Medicine Hat (YXH),
Acme,,
Acton,Toronto (YYZ),Kitchener railway station
Acton Vale,Montreal (YHU),Trois-Rivières railway station
Agassiz,Abbotsford (YXX),
Agincourt,,
Ailsa Craig,London (YXU),
Airdrie,Calgary (YYC),
Ajax,Toronto (YTZ),
Aklavik,Inuvik (YEV),
Alameda,,
Albanel,,
Alberton,Fort Frances (YAG),
Aldergrove,Abbotsford (YXX),
Alert Bay,Port Hardy (YZT),
Alexander,,
Alexandria,,
Alfred,Fort Mcmurray (YMM),
Allan,Calgary (YYC),
Allardville,Bathurst (ZBF),
Allenford,,
Alliston,Toronto (YYZ),
Alma,,
Almonte,Ottawa (YOW),
Alton,Toronto (YYZ),Kitchener railway station
Altona,Winnipeg (YWG),
Alvinston,Sarnia (YZR),
Amherst,,
Amherstburg,Windsor (YQG),
Amos,,
Amqui,Mont Joli (YYY),
Ancaster,Hamilton (YHM),Kitchener railway station
Andrew,,
Ange-Gardien,,
Angliers,Rouyn (YUY),
Angus,,
Annapolis Royal,St. John (YSJ),
Antigonish,Charlottetown (YYG),
Apohaqui,St. John (YSJ),
Apple Hill,,
Banff National Park,Calgary (YYC),
Barrie,Toronto (YYZ),
Brampton,Toronto (YYZ),Kitchener railway station
Brantford,Hamilton (YHM),Kitchener railway station
Burlington,Hamilton (YHM),St. Catharines railway station
Burnaby,Vancouver (CXH),
Calgary,Calgary (YYC),
Cambridge,Waterloo (YKF),Kitchener railway station
Cape Breton,Sydney (YQY),
Cape Breton Highlands National Park,Sydney (YQY),
Chatham-Kent,Windsor (YQG),
Coquitlam,Vancouver (CXH),
Cranbrook,,
Edmonton,Edmonton (YEG),
Fundy National Park,Moncton (YQM),
Gander,,
Gatineau,Ottawa (YOW),
Greater Sudbury / Grand Sudbury,Sudbury (YSB),Capreol railway station
Gros Morne National Park,Deer Lake (YDF),
Guelph,Waterloo (YKF),Kitchener railway station
Halifax,Halifax (YHZ),Halifax railway station
HAMILTON,Hamilton (YHM),St. Catharines railway station
Jasper National Park,Grande Prairie (YQU),
Kelowna,Kelowna (YLW),
Kingston,Kingston (YGK),
Kitchener-Cambridge-Waterloo,Waterloo (YKF),Kitchener railway station
Laval,Montreal (YUL),
Lévis V,Quebec (YQB),
London,London (YXU),
Longueuil,Montreal (YHU),
Markham,Toronto (YTZ),
Mississauga,Toronto (YYZ),St. Catharines railway station
Moncton,Moncton (YQM),
Montréal,Montreal (YUL),
Niagara Falls,Niagara Falls (IAG),Niagara Falls railway station
Oakville,Toronto (YYZ),St. Catharines railway station
Oshawa,Toronto (YTZ),
OTTAWA,Ottawa (YOW),
Ottawa - Gatineau,Ottawa (YOW),
Pacific Rim National Park Reserve,Comox (YQQ),
Peterborough,Toronto (YTZ),
Québec,Quebec (YQB),
Quebec City,Quebec (YQB),
Regina,Regina (YQR),
Richmond,Vancouver (YVR),
Richmond Hill,Toronto (YYZ),
Saanich,Victoria (YWH),
Saguenay,Bagotville (YBG),Jonquière railway station
Saint John,St. John (YSJ),
Saskatoon,Saskatoon (YXE),Saskatoon railway station
Sherbrooke,Montreal (YHU),
St Catharines-Niagara,Niagara Falls (IAG),St. Catharines railway station
St. John's,St. John's (YYT),
Surrey,Vancouver (CXH),
Thunder Bay,Thunder Bay (YQT),
Toronto,Toronto (YTZ),St. Catharines railway station
Trois-Rivières,Quebec (YQB),Trois-Rivières railway station
Vancouver,Vancouver (CXH),
Vaughan,Toronto (YYZ),St. Catharines railway station
Victoria,Victoria (YWH),
Waterton Lakes National Park,Kalispell (FCA),
Whistler,Vancouver (CXH),
Whitby,Toronto (YTZ),
Whitehorse,,
Windsor,,
Winnipeg,Winnipeg (YWG),
Yoho National Park,Calgary (YYC),
Amilcar Cabral,,
Assomada,Maio (MMO),
Chã de Igreja,Sao Vicente Island (VXE),
Cidade Velha,Maio (MMO),
Cova Figueira,Maio (MMO),
Espargos,Amilcar Cabral (SID),
Mindelo,Sao Vicente Island (VXE),
Nova Sintra,Maio (MMO),
Pedra Badejo,Maio (MMO),
"Pombas, Cape Verde",,
"Ponta do Sol, Madeira",Funchal (FNC),
Porto Inglês,Maio (MMO),
"Porto Novo, Cape Verde",,
Praia,Maio (MMO),
"Ribeira Brava, Cape Verde (municipality)",Maio (MMO),
"Ribeira Grande, Cape Verde",Maio (MMO),
Sal Rei,Boa Vista (BVC),
"Santa Cruz, Cape Verde",Amilcar Cabral (SID),
Santa Maria,Amilcar Cabral (SID),
"São Filipe, Cape Verde",Maio (MMO),
Kralendijk,Kralendijk (BON),
Bodden Town,,
Cayman Barac,,
Coral Gables,,
GEORGE TOWN,Georgetown (GCM),
"George Town, Cayman Islands",Georgetown (GCM),
Georgetown,,
Newlands,Georgetown (GCM),
Savannah,Georgetown (GCM),
Spot Bay,Little Cayman (LYB),
West Bay,Georgetown (GCM),
Bamingui,Bangui (BGF),
Bamingui-Bangoran,Bangui (BGF),
Bangui,Bangui (BGF),
Basse-Kotto,Gemena (GMA),
Haut-Mbomou,,
Haute-Kotto,,
Kemo,,
Lobaye,Bangui (BGF),
Mambere-Kadei,Bangui (BGF),
Mbomou,Isiro (IRP),
Nana-Grebizi,Bangui (BGF),
Nana-Mambere,N'gaoundere (NGE),
Ndélé,,
Ombella-Mpoko,,
Ouaka,Bangui (BGF),
Ouham,Bangui (BGF),
Ouham-Pende,N'gaoundere (NGE),
Sangha-Mbaere,Bangui (BGF),
Vakaga,Nyala (UYL),
Ati,N'djamena (NDJ),
Batha,N'djamena (NDJ),
Biltine,Geneina (EGN),
Bitkine,N'djamena (NDJ),
Bokoro,N'djamena (NDJ),
Borkou-Ennedi-Tibesti,Geneina (EGN),
Chari-Baguirmi,N'djamena (NDJ),
Fada,Geneina (EGN),
Faya-Largeau,Geneina (EGN),
Guéra,N'djamena (NDJ),
Kanem,N'djamena (NDJ),
Lac,N'djamena (NDJ),
Logone Occidental,Maroua (MVR),
Logone Oriental,Maroua (MVR),
Massaguet,N'djamena (NDJ),
Massakory,N'djamena (NDJ),
Mayo-Kebbi,Garoua (GOU),
Melfi,N'djamena (NDJ),
Mongo,N'djamena (NDJ),
Moussoro,N'djamena (NDJ),
Moyen-Chari,Maroua (MVR),
N'Djamena,N'djamena (NDJ),
Ouaddaï,Geneina (EGN),
Oum Hadjer,Geneina (EGN),
Salamat,,
Tandjile,Maroua (MVR),
Algarrobo,Santiago (SCL),
Alto Hospicio,Iquique (IQQ),
Angol,Temuco (ZCO),
Antofagasta,Antofagasta (ANF),
Apoquindo,Santiago (SCL),
Arauco,Concepcion (CCP),
Arica,Arica (ARI),
Bosque de Fray Jorge National Park,La Serena (LSC),
Buin,Santiago (SCL),
Bulnes,Concepcion (CCP),Chillán railway station
Cabo de Hornos National Park,Ushuaia (USH),
Calama,Calama (CJC),
Caldera,Copiapo (CPO),
Castro,Puerto Montt (PMC),
Cerro Castillo National Park,Balmaceda (BBA),
Chiguallante,,
Chillán,Concepcion (CCP),Chillán railway station
Chiloé National Park,Puerto Montt (PMC),
Concepción,Concepcion (CCP),
Conguillío National Park,Temuco (ZCO),
Copiapó,Copiapo (CPO),
Coquimbo,,
Coronel,Concepcion (CCP),
Curicó,Santiago (SCL),
Diego Ramirez Islands & Drake Passage National Park,Ushuaia (USH),
Easter Island,,
Huerquehue National Park,Temuco (ZCO),
Iquique,Iquique (IQQ),
Isla Guamblin National Park,Balmaceda (BBA),
La Campana National Park,Santiago (SCL),
La Serena,La Serena (LSC),
Laguna del Laja National Park,Concepcion (CCP),
Lauca National Park,Tacna (TCQ),
Llullaillaco National Park,Antofagasta (ANF),
Los Angeles,Concepcion (CCP),
Nahuelbuta National Park,Concepcion (CCP),
Osorno,Osorno (ZOS),
Pali-Aike National Park,Rio Gallegos (RGL),
Patagonia National Park,Balmaceda (BBA),
Puente Alto,Santiago (SCL),
Puerto Montt,Puerto Montt (PMC),
Punta Arenas,Punta Arenas (PUQ),
Puyehue National Park,Osorno (ZOS),
Quilpué,Santiago (SCL),
Rancagua,Santiago (SCL),
Rapa Nui National Park,Easter Island (IPC),
Río Clarillo National Park,Santiago (SCL),
Salar del Huasco National Park,Iquique (IQQ),
San Bernardo,Santiago (SCL),
San Pedro de la Paz,Concepcion (CCP),
SANTIAGO,Santiago (SCL),
Santiago Chile Temple,Santiago (SCL),
Talca,Concepcion (CCP),
Talcahuano,Concepcion (CCP),
Temuco,Temuco (ZCO),
Torres del Paine National Park,El Calafate (FTE),
Valdivia,Valdivia (ZAL),
Valparaíso,Santiago (SCL),
Vicente Pérez Rosales National Park,Puerto Montt (PMC),
Villa Alemana,Santiago (SCL),
Villarrica National Park,Temuco (ZCO),
Viña del Mar,Santiago (SCL),
Volcán Isluga National Park,Arica (ARI),
Yendegaia National Park,Ushuaia (USH),
Anshan,Shenyang (SHE),Liaozhong railway station
Baotou,Baotou (BAV),
Bayannur,Bayannur (RLK),
Bazhong,Dazhou (DAX),
Beijing,Beijing (NAY),Beijing railway station
Bijie,Bijie (BFJ),
Bozhou,Fuyang (FUG),
Changbai Mountain,Baishan (NBS),
Changchun,Changchun (CGQ),Changchun railway station
Changde,Changde (CGD),Changde Railway Station
Changsha,Changcha (CSX),Changsha railway station
Changshu,Wuxi (WUX),Suzhou North railway station
Changzhou,Changzhou (CZX),Changzhou railway station
Chaoyang,Chaoyang (CHG),Liaoning Chaoyang railway station
Chengdu,Chengdu (CTU),Chengdu railway station
Chifeng,Chifeng (CIF),
Chongqing,Chongqing (CKG),Chongqing railway station
Cixi,,
County-level city,,
Dali,Dali (DLU),Dali Railway Station
Dalian,Dalian (DLC),Dalian railway station
Daqing,Qiqihar (NDG),Daqing East railway station
"Datang, Zhuji",Yiwu (YIW),Fuyang railway station (Zhejiang)
Datong,Datong (DAT),Datong railway station
Dengzhou,Nanyang (NNY),
Dingzhou,Shijiazhuang (SJW),Dingzhou Railway Station
Dongguan,Shenzhen (SZX),Xipingxi Railway Station
Dongtai,Yancheng (YNZ),
Ezhou,Wuhan (WUH),E'zhou Railway Station
Fengcheng,Nanchang (KHN),Jinxian South railway station
Fuqing,Fuzhou (FOC),Fuqing railway station
Fushun,Shenyang (SHE),Shenyang North railway station
Fuyang,Fuyang (FUG),
Fuzhou,Fuzhou (FOC),Fuzhou railway station
Gaozhou,Zhanjiang (ZHA),
Great Wall of China,Beijing (PEK),Beijing West railway station
Guang'an,Nanchong (NAO),Nanchongbei Railway Station
Guangzhou,Foshan (FUO),Guangzhou railway station
Guigang,Liuzhou (LZH),Guigang Railway Station
Guilin,Guilin (KWL),Guilinbei Railway Station
Guiping,Liuzhou (LZH),Guigang Railway Station
Guiyang,Guiyang (KWE),Guiyang Railway Station
Haerbin,Harbin (HRB),Harbin railway station
Haicheng,Shenyang (SHE),Liaozhong railway station
Handan,Handan (HDG),Handan railway station
Hangzhou,Hangzhou (HGH),Hangzhou railway station
Harbin,Harbin (HRB),Harbin railway station
Hechuan,Chongqing (CKG),Chongqing North railway station
Hefei,Hefei (HFE),Hefei railway station
Heze,Jining (JNG),Puyang Railway Station
HONG KONG SAR,Hong Kong (HKG),Hong Kong West Kowloon railway station
Huaian,Huai An (HIA),Huai'an East Railway Station
Huainan,Hefei (HFE),Shuijiahu Railway Station
Huanglong Scenic and Historic Interest Area,Jiuzhaigou (JZH),
Huangshan,,
"Huazhou, Guangdong",Zhanjiang (ZHA),
Huhehaote,Hohhot (HET),Hohhot railway station
"Jiangdu, Yangzhou",Yangzhou (YTY),Yangzhou East railway station
Jiangjin,Chongqing (CKG),Chongqing West railway station
Jiangyin,Wuxi (WUX),Huishan railway station
Jianyang,Chengdu (CTU),Ziyang railway station
Jieyang Tower,Shantou (SWA),Chaoyang railway station
Jilin,Changchun (CGQ),Changchun railway station
"Jimo, Qingdao",Qingdao (TAO),Chengyang Railway Station
Jinan,Jinan (TNA),Jinan railway station
Jingzhou,Yichang (YIH),
Jining Da'an Airport,Jining (JNG),
Jinjiang,Quanzhou (JJN),Jinjiang railway station
Jiuzhaigou National Park,Jiuzhaigou (JZH),
JW Marriott Hotels,,
Kanas Lake,Altay (AAT),
Kekexili Nature Reserve,,
Kunming,Kunming (KMG),Kunming North railway station
Kunshan Forest Park,Shanghai (SHA),Kunshan railway station
Laiwu,Jinan (TNA),Zibo Railway Station
Lanzhou,Lanzhou (LHW),Lanzhou railway station
Leiyang,Yongzhou (LLF),
Leizhou,Zhanjiang (ZHA),
Leqing,,
Leshan,Chengdu (CTU),Emei Railway Station
Lhasa,Lhasa (LXA),
Li River,Guilin (KWL),Guilinxi Railway Station
Lianjiang,Fuzhou (FOC),Lianjiang railway station
Lijiang,Lijiang (LJG),Lijiang Railway Station
Linyi,Linyi (LYI),Xinyi railway station
Liuyang,Changcha (CSX),Changsha South railway station
Liuzhou,Liuzhou (LZH),
Lu'an,Hefei (HFE),Hefei West Railway Station
Lufeng,Shantou (SWA),
Luoyang,Luoyang (LYA),Luoyang Railway Station
Luzhou,Luzhou (LZO),
Macheng,Wuhan (WUH),Macheng North Railway Station
Mianyang,Mianyang (MIG),
Moon Hill,Guilin (KWL),Guilinbei Railway Station
Mount Emei,Chengdu (CTU),Emei Railway Station
Mount Huangshan,Huangshan (TXN),
Mount Tai,Jinan (TNA),Jinan railway station
Mount Wuyi,Wuyishan (WUS),
Mudanjiang Hailang International Airport,Mudanjiang (MDG),
Nanan,,
Nanchang,Nanchang (KHN),Nanchang railway station
Nanchong,Nanchong (NAO),Nanchongbei Railway Station
Nanhai,Foshan (FUO),Foshan railway station
"Nanhai, Foshan",Foshan (FUO),Foshan railway station
Nanjing,Nanjing (NKG),Nanjing railway station
Nanning,Nanning (NNG),Nanning railway station
"Nanxun, Huzhou",Wuxi (WUX),Suzhou railway station
Nanyang,Nanyang (NNY),
Neijiang,Luzhou (LZO),Zigong North Railway Station
Ningbo,Ninbo (NGB),Ningbo East railway station
Ordos,Dongsheng (DSN),Ordos Railway Station
Pingdu,Qingdao (TAO),Jiaozhou North railway station
Pizhou,Xuzhou (XUZ),Pizhou railway station
Potatso National Park,Shangri-La (DIG),
Potatson National Park,Shangri-La (DIG),
Puning,Shantou (SWA),Chaoyang railway station
Puyang,Handan (HDG),Puyang Railway Station
"Qidong, Jiangsu",Nantong (NTG),Qidong Railway Station
Qingdao,Qingdao (TAO),Qingdaobei railway station
Qinzhou (disambiguation),,
Qiqihaer,Qiqihar (NDG),Dorbod railway station
Quanzhou,Quanzhou (JJN),Quanzhoudong Railway Station
Rizhao,Lianyungang (LYG),Rizhao West Railway Station
Rugao,Nantong (NTG),
Ruian,Wenzhou (WNZ),Rui'an railway station
Sanya,,
Shanghai,Shanghai (SHA),Shanghai railway station
Shangqiu,Jining (JNG),
Shantou,Shantou (SWA),Shantou Railway Station
Shenyang,Shenyang (SHE),Shenyang North railway station
Shenzhen,Shenzhen (SZX),Futian Railway Station
Shijiazhuang,Shijiazhuang (SJW),Shijiazhuang railway station
Shilin Stone Forest,Kunming (KMG),Kunming South railway station
Shiyan,Xiangfan (XFN),Shiyandong Railway Station
Shunde,Foshan (FUO),Shunde College Railway Station
Suining,Nanchong (NAO),Nanchongbei Railway Station
Suizhou,Xiangfan (XFN),Guangshui railway station
Suzhou,Wuxi (WUX),Suzhou railway station
Tai'an,Jinan (TNA),Jinan railway station
Taixing,Changzhou (CZX),Changzhou North Railway Station (Changzhou Metro)
Taiyuan,Taiyuan (TYN),Taiyuan East railway station
Taizhou,Huangyan (HYN),Taizhou railway station
Tangshan,Tangshan (TVS),Tangshan South Railway Station
Tengzhou,Jining (JNG),
Terracotta Army,Xi'an (XIY),Xi'an North railway station
Three Gorges,Yichang (YIH),
Tianjin,Tianjin (TSN),Tianjin railway station
Tianmen,Dayong (DYG),
Tianshui,Qingyang (IQN),Tianshui South railway station
Tiger Leaping Gorge,Lijiang (LJG),Lijiang Railway Station
Tongzhou,Beijing (NAY),Beijing railway station
Urumqi,Urumqi (URC),Ürümqi South railway station
Weifang,Weifang (WEF),Weifang railway station
Wenling,Huangyan (HYN),Wenling railway station
Wenzhou,Wenzhou (WNZ),Wenzhou Railway Station
West Lake,Hangzhou (HGH),Hangzhou railway station
Wu County,Hangzhou (HGH),Fuyang railway station (Zhejiang)
Wuhan,Wuhan (WUH),Dazhimen railway station
Wujin,Changzhou (CZX),Changzhou railway station
Wulingyuan Scenic Area,Dayong (DYG),
Wuxi,Wuxi (WUX),Wuxi railway station
Xi an,,
Xiamen,Xiamen (XMN),Xiamen railway station
Xiangcheng City,Fuyang (FUG),
Xiantao,Wuhan (WUH),
Xianyang Palace,Xi'an (XIY),Xi'an North railway station
Xiaoshan,Hangzhou (HGH),Hangzhou South railway station
Xinghua,Yangzhou (YTY),Yangzhou East railway station
Xintai,Linyi (LYI),
Xinyang,Wuhan (WUH),Guangshui railway station
Xishan,,
Xuanwei,Zhaotong (ZAT),
Xuchang,Zhengzhou (CGO),Xuchang railway station
Xuzhou,Xuzhou (XUZ),Xuzhou railway station
Yangshuo,Guilin (KWL),Guilinbei Railway Station
Yantai,Yantai (YNT),Yantainan Railway Station
Yarlung Tsangpo Grand Canyon,Nyingchi (LZY),
Yixing,Wuxi (WUX),Yixing Railway Station
Yiyang,Changde (CGD),Yiyang Railway Station
Yongcheng,Xuzhou (XUZ),Xuzhou railway station
Yueyang,Changcha (CSX),Yueyang Railway Station
"Yuncheng, Yunfu",Wuzhou (WUZ),
Yushu,Yushu (YUS),
Zaoyang,Xiangfan (XFN),
Zaozhuang,Linyi (LYI),Xuzhou East railway station
Zhangjiajie National Forest Park,Dayong (DYG),
Zhanjiang,Zhanjiang (ZHA),
Zhengzhou,Zhengzhou (CGO),Zhengzhou railway station
Zhongshan,Shenzhen (SZX),Ronggui railway station
Zibo,Dongying (DOY),Zibo Railway Station
Zigong,Yibin (YBP),Zigong North Railway Station
Ziyang County,Chengdu (CTU),Ziyang railway station
Zoucheng,Jining (JNG),
Drumsite (settlement),Christmas Island (XCH),
Flying Fish Cove (settlement),Christmas Island (XCH),
Poon Saan (settlement),Christmas Island (XCH),
Silver City (settlement),Christmas Island (XCH),
Bantam (settlement),Cocos Keeling Island (CCK),
West Island (island),Cocos Keeling Island (CCK),
Abelardo de la Espriella,,
Armenia,Armenia (AXM),
Barrancabermeja,Barrancabermeja (EJA),
Barranquilla,Barranquilla (BAQ),
Bello,Medellin (EOH),
Bogotá,Bogota (BOG),
Bucaramanga,Bucaramanga (BGA),
Buenaventura,Buenaventura (BUN),
Cali,Cali (CLO),
Cartagena,Cartagena (CTG),
Cartago,Pereira (PEI),
Cúcuta,Cucuta (CUC),
Dosquebradas,Pereira (PEI),
Envigado,Medellin (EOH),
Florencia,Florencia (FLA),
Floridablanca,Bucaramanga (BGA),
Ibagué,Ibague (IBE),
Itagüi,Medellin (EOH),
Magangué,,
Manizales,Manizales (MZL),
Medellín,Medellin (EOH),
Montería,Monteria (MTR),
Neiva,Neiva (NVA),
Palmira,Cali (CLO),
Pasto,Pasto (PSO),
Pereira,Pereira (PEI),
Popayán,Popayan (PPN),
Riohacha,Rio Hacha (RCH),
San Andres de Tumaco,Tumaco (TCO),
Santa Marta,Santa Marta (SMR),
Sierra Nevada de Santa Marta National Park,Santa Marta (SMR),
Sincelejo,Corozal (CZU),
Soacha,Bogota (BOG),
Soledad,Barranquilla (BAQ),
Sumapaz National Park,Bogota (BOG),
Tuluá,Armenia (AXM),
Tunja,Yopal (EYP),
Turbo,Puerto Obaldia (PUE),
Valledupar,Valledupar (VUP),
Villavicencio,Villavicencio (VVC),
Adda-Douéni,Dzaoudzi (DZA),
Anjouan (Nzwani),Dzaoudzi (DZA),
Antsahé,Dzaoudzi (DZA),
Assimpao,Dzaoudzi (DZA),
Bandajou,Dzaoudzi (DZA),
"Barakani, Anjouan",,
Bimbini,Moroni (HAH),
Boungouéni,Dzaoudzi (DZA),
"Chandra, Comoros",,
Chironkamba,Dzaoudzi (DZA),
Chitrouni,Dzaoudzi (DZA),
Comoros,,
"Daji, Comoros",,
Dziani,Moroni (HAH),
Grande Comore (Njazidja),Moroni (HAH),
Hajoho,Dzaoudzi (DZA),
Harembo,Dzaoudzi (DZA),
Moheli (Mwali),Moroni (HAH),
MORONI,Moroni (HAH),
"Moroni, Comoros",Moroni (HAH),
Kinshasa,,
Lubumashi,,
Avarua,Avarua (RAR),
Cook Islands,,
Fiordland,Queenstown International (ZQN),
Naval Base Samoa,,
Alajuela,La Fortuna/San Carlos (FON),
Alajuelita,San Jose (SYQ),
Alfaro,,
Arenal Volcano National Park,La Fortuna/San Carlos (FON),
Aserri,San Jose (SYQ),
Atenas,San Jose (SJO),
Ballena Marine National Park,Palmar Sur (PMZ),
Barra Honda National Park,Nosara Beach (NOB),
Barva,San Jose (SYQ),
Braulio Carrillo National Park,San Jose (SYQ),
Cahuita National Park,Changuinola (CHX),
Carara National Park,Nicoya (TMU),
"Cartago, Costa Rica",,
Chirripó National Park,Palmar Sur (PMZ),
Corcovado National Park,Puntarenas (DRK),
Costa Rican colón,,
Desamparados,San Jose (SYQ),
Goicoechea,San Jose (SYQ),
Guanacaste National Park,Liberia (LIR),
Heredia,San Jose (SYQ),
Irazú Volcano National Park,San Jose (SYQ),
Juan Castro Blanco National Park,San Jose (SJO),
La Unión,,
Las Baulas Marine National Park,Nicoya (TNO),
Liberia,,
Limón,Roxana (TTQ),
Los Quetzales National Park,Quepos (XQP),
Manuel Antonio National Park,Quepos (XQP),
Palo Verde National Park,Liberia (LIR),
Pavas,San Jose (SYQ),
Perez Zeledon,,
Piedras Blancas National Park,Golfito (GLF),
Poás Volcano National Park,San Jose (SJO),
Pococi,San Jose (SYQ),
Puntarenas,Nicoya (TMU),
Rincón de la Vieja National Park,Liberia (LIR),
Rincón de la Vieja Volcano National Park,Liberia (LIR),
San Carlos,La Fortuna/San Carlos (FON),
San José,San Jose (SYQ),
"San José, Costa Rica",,
San Lucas Island National Park,Nicoya (TMU),
Tapantí National Park,San Jose (SYQ),
Tenorio Volcano National Park,La Fortuna/San Carlos (FON),
Tortuguero National Park,Roxana (TTQ),
Turrialba Volcano National Park,San Jose (SYQ),
Abidjan,,
Antunovac,,
Baska,Rijeka (RJK),Rijeka railway station
Baska Voda,Brac (BWK),Mostar railway station
Bedekovcina,Zagreb (ZAG),
Bestovje,Zagreb (ZAG),
Betina,Zadar (ZAD),
Bibinje,Zadar (ZAD),
Bizovac,Osijek (OSI),
Bjelovar,Zagreb (ZAG),
Bracevci,Osijek (OSI),
Brdovec,Zagreb (ZAG),
Bregana,Zagreb (ZAG),
Brela,Brac (BWK),Mostar railway station
Brsadin,Osijek (OSI),Novi Sad railway station
Buje,Ronchi De Legionari (TRS),Trieste Centrale railway station
Cabuna,Banja Luka (BNX),
Cavtat,Dubrovnik (DBV),
Cepin,Osijek (OSI),
Cestica,Zagreb (ZAG),
Core,,
Crikvenica,Rijeka (RJK),Rijeka railway station
Croatian Railway Museum,Zagreb (ZAG),
Dalj,Osijek (OSI),Novi Sad railway station
Darda,Osijek (OSI),
Delnice,Rijeka (RJK),Rijeka railway station
Desinic,Zagreb (ZAG),
Donja Pusca,Zagreb (ZAG),
Donja Zelina,Zagreb (ZAG),
Donji Kraljevec,Zagreb (ZAG),
Dubrovnik,Dubrovnik (DBV),
Dugo Selo,Zagreb (ZAG),
Fazana,Pula (PUY),Rijeka railway station
Fuzine,Rijeka (RJK),Rijeka railway station
Galgovo,Zagreb (ZAG),
Glina,Zagreb (ZAG),
Gornja Lomnica,,
Gornji Kriz,Zagreb (ZAG),
Gornji Stupnik,Zagreb (ZAG),
Osijek,Osijek (OSI),
Rijeka,Rijeka (RJK),Rijeka railway station
Split,Split (SPU),
ZAGREB,Zagreb (ZAG),
Alquízar,Havana (HAV),
Bayamo,Holguin (HOG),
Camagüey,Camaguey (CMW),Camagüey railway station
Cayo Largo del Sur,,
Ciego de Avila,,
Cienfuegos,Santa Clara (SNU),Santa Clara railway station
Guantánamo,Guantanamo (GAO),
Habana,Havana (HAV),
Havana,Havana (HAV),
Holguín,Holguin (HOG),
LA HABANA,Havana (HAV),
Las Tunas,Holguin (HOG),
Matanzas,Varadero (VRA),
Pinar del Río,Havana (HAV),
Sancti Spíritus,Santa Clara (SNU),Santa Clara railway station
Santa Clara,Santa Clara (SNU),Santa Clara railway station
Santiago de Cuba,Santiago De Cuba (SCU),
Varadero,Varadero (VRA),
Villa,Santa Clara (SNU),Santa Clara railway station
Willemstad,Willemstad (CUR),
Agia Anna,,
Aradippou,Larnaca (LCA),
Ayia Marina,Larnaca (LCA),
Chlorakas,,
Deryneia,Larnaca (LCA),
Famagusta,Larnaca (LCA),
Geroskipou,Paphos (PFO),
Kato Lakatamia,Nicosia (ECN),
Kato Polemidia,Paphos (PFO),
Kiti,Larnaca (LCA),
Kyrenia,Nicosia (ECN),
Larnaca,Larnaca (LCA),
Laxia,,
Limassol,Paphos (PFO),
Livadia,Larnaca (LCA),
Morfou,Nicosia (ECN),
Mouttagiaka,Larnaca (LCA),
Nicosia,Nicosia (ECN),
Paphos,Paphos (PFO),
Paralimni,Larnaca (LCA),
Adamov,,
Albrechtice,Ostrava (OSR),Main Train Station in Bielsko-Biała
Arnoltice,,
As,,
Babice,,
Banov,,
Baska,,
Batelov,,
Bavory,,
Bechyne,,
Bela pod Bezdezem,,
Belotin,,
Benatky nad Jizerou,,
Benesov,,
Benesovice,,
Bernartice,,
Bernartice nad Odrou,,
Beroun,Prague (PRG),
Bezdekov,,
Bilina,,
Bilovice,,
Bilovice nad Svitavou,,
Bitovany,,
Blansko,,
Blatna,,
Blizevedly,,
Blovice,,
Blucina,,
Bludov,,
Bludovice,Ostrava (OSR),Main Train Station in Bielsko-Biała
Bochov,,
Bohnice,Prague (PRG),
Bohumin,,
Bohunovice,,
Bojanov,,
Bojkovice,,
Bolatice,,
Bolebor,,
Bor,,
Boretice,,
Borohradek,,
Borotin,,
Borovany,,
Borsice,,
Bosin,,
Boskovice,,
Bradlec,,
Brno,,
Hradec Králové,,
Liberec,,
Olomouc,,
Ostrava,,
Plzen,Karlovy Vary (KLV),
Prague,Prague (PRG),
Ústí nad Labem,Pardubice (PED),
Aabenraa,Soenderborg (SGD),
Aabybro,Aalborg (AAL),Snedsted railway station
Aalborg,,
Aarhus,,
Aars,Aalborg (AAL),Snedsted railway station
Abyhoj,Aarhus (AAR),
Agedrup,Soenderborg (SGD),
Agerbaek,Esbjerg (EBJ),
Agerskov,Soenderborg (SGD),
Akirkeby,,
Albaek,Aalborg (AAL),
Albertslund,Copenhagen (CPH),Nørreport railway station
Ålborg,Aalborg (AAL),
Ale,,
Alestrup,Aalborg (AAL),Snedsted railway station
Aller,,
Allerod,,
Allingabro,Aarhus (AAR),
Allinge,Ronne (RNN),
Almind,,
Alsgarde,Ängelholm (AGH),Firhøj railway station
Alslev,Copenhagen (CPH),
Anholt,Aarhus (AAR),
Ans,,
Ansager,Esbjerg (EBJ),
Arden,Aalborg (AAL),
Århus,Aarhus (AAR),
Arre,Esbjerg (EBJ),
Arslev,Soenderborg (SGD),
Arup,,
Asa,,
Copenhagen,Copenhagen (CPH),Nørreport railway station
Esbjerg,Esbjerg (EBJ),
Frederiksberg,Copenhagen (CPH),Nørreport railway station
Kongernes Nordsjælland National Park,Ängelholm (AGH),Hillerød railway station
Mols Bjerge National Park,Aarhus (AAR),
Odense,Soenderborg (SGD),
Skjern Å National Park,Esbjerg (EBJ),
Thy National Park,Karup (KRP),Snedsted railway station
Vejle,Billund (BLL),
"Wadden Sea National Park, Denmark",Esbjerg (EBJ),
'Ali Sabieh,,
Alaïli Ḏaḏḏa‘,Djibouti (JIB),
Ali Sabih,Djibouti (JIB),
Arta,Djibouti (JIB),
Dikhil,Djibouti (JIB),
Djibouti,Djibouti (JIB),
Goubétto,Djibouti (JIB),
Loyada,Djibouti (JIB),
Obock,Djibouti (JIB),
Tadjoura,Djibouti (JIB),
Tadjourah,Djibouti (JIB),
2026 Central American and Caribbean Games,,
2026 CONCACAF W Championship qualification,,
Azua Dominican Field,La Isabela (JBQ),
Bajos de Haina,La Isabela (JBQ),
Cabrits National Park,Dominica (DOM),
History of the Dominican Republic,,
Hurricane David,,
Hurricane Maria,,
Iglesia del Monasterio del Carmen Bajo de San Rafael,Santiago (SCL),
La Romana,Comiso (CIY),Catania Centrale railway station
Los Alcarrizos,La Isabela (JBQ),
Morne Diablotin National Park,Dominica (DOM),
Morne Trois Pitons National Park,Dominica (DOM),
Roseau,Dominica (DOM),
Santiago de los Caballeros,,
Santo Domingo Dominican Republic Temple,La Isabela (JBQ),
Santo Domingo East,La Isabela (JBQ),
Santo Domingo North,,
Santo Domingo West,,
The Church of Jesus Christ of Latter-day Saints in the Dominican Republic,,
Azua,La Isabela (JBQ),
Bajos de Haina,La Isabela (JBQ),
Baní,La Isabela (JBQ),
Boca Chica,Santo Domingo (SDQ),
Bonao,Santiago (STI),
Higüey,La Romana (LRM),
La Isabela,,
La Romana,La Romana (LRM),
La Vega,Santiago (STI),
Los Alcarrizos,La Isabela (JBQ),
Moca,Santiago (STI),
Puerto Plata,Puerto Plata (POP),
Punta Cana,,
Samana,,
San Cristóbal,La Isabela (JBQ),
San Francisco de Macoris,Santiago (STI),
San Juan de la Maguana,Santiago (STI),
San Pedro de Macoris,Santo Domingo (SDQ),
Santiago,,
Santiago de los Caballeros,Santiago (STI),
SANTO DOMINGO,La Isabela (JBQ),
Santo Domingo East,La Isabela (JBQ),
Santo Domingo North,,
Santo Domingo West,La Isabela (JBQ),
Democratic Republic of the Congo–Rwanda conflict (2022–present),,
Kinshasa,Brazzaville (BZV),
Dili,,
Ambato,Latacunga (LTX),
Atacames,Esmeraldas (ESM),
Atuntaqui,Quito (UIO),
Babahoyo,Guayaquil (GYE),
Bahia de Caraquez,Manta (MEC),
Banos,Latacunga (LTX),
Calderon,,
Cayambe,Quito (UIO),
Cotopaxi National Park,Latacunga (LTX),
Cuenca,Cuenca (CUE),
Daule,Guayaquil (GYE),
Durán,Guayaquil (GYE),
Esmeraldas,Esmeraldas (ESM),
Guayaquil,Guayaquil (GYE),
Ibarra,Tulcan (TUA),
Latacunga,,
Loja,La Toma (Catamayo) (LOH),
Machala,Tumbes (TBP),
Machalilla National Park,Manta (MEC),
Manta,Manta (MEC),
Milagro,Guayaquil (GYE),
Podocarpus National Park,La Toma (Catamayo) (LOH),
Portoviejo,Manta (MEC),
Quevedo,Latacunga (LTX),
QUITO,Quito (UIO),
Quito Ecuador Temple,Quito (UIO),
Riobamba,Macas (XMS),
Santa Elena,Guayaquil (GYE),
Santo Domingo de los Colorados,Quito (UIO),
6th of October City,Cairo (CAI),
Abo Keber,,
Abu Hammad,Cairo (CAI),
Akhmim,Sohag (HMB),
Al Mahallah al Kubra,Cairo (CAI),
Al Mansurah,,
Al Marj,,
Al Orizah,Tel-aviv (TLV),
Alexandria,Alexandria (HBE),
Almazah,,
Ar Rawdah,,
Assiut,Asyut (ATZ),
Assyût,Asyut (ATZ),
Aswan,Aswan (ASW),
Asyut,,
Az Zamalik,Cairo (CAI),
Badr,Cairo (CAI),
Banha,Cairo (CAI),
Bani Suwayf,Cairo (CAI),
Beni-Suef,Cairo (CAI),
Bilbes,,
CAIRO,Cairo (CAI),
Cairo Egyptians,Cairo (CAI),
Damanhûr,Alexandria (HBE),
Damietta,Cairo (CAI),Port Said railway station
Desok,,
El-Aresh,,
El-Hwamdia,,
El-Khosos,,
El-Mahalla El-Kubra,Cairo (CAI),
El-Mataria,Cairo (CAI),
Faiyûm,Cairo (CAI),
Faraskur,Cairo (CAI),Port Said railway station
Flaminj,,
Gerga,,
Giza,Cairo (CAI),
Heliopolis,Cairo (CAI),
Helwan,Cairo (CAI),
Hurghada,Hurghada (HRG),
Imbaba,Cairo (CAI),
Ismailia,Cairo (CAI),Port Said railway station
Kafr ash Shaykh,Alexandria (HBE),
Kafr-El-Dwar,Alexandria (HBE),
Kaluop,,
Kena,,
Luxer,Luxor (LXR),
Luxor,Luxor (LXR),
Malawe,,
Mansûra,Cairo (CAI),
Marsa Alam,,
Matrouh,Alexandria (HBE),
Menia,,
Met Ghamr,,
Port Said,Cairo (CAI),Port Said railway station
Ramadan,,
Sharm El Sheikh,,
Shebin-El-Kom,Cairo (CAI),
Shubra-El-Khema,Cairo (CAI),
Sohag,Sohag (HMB),
Suez,Cairo (CAI),Port Said railway station
Tanta,Cairo (CAI),
Zagazig,Cairo (CAI),
Ahuachapan,San Salvador (SAL),
Antiguo Cuscatlán,San Salvador (SAL),
Apopa,San Salvador (SAL),
Ayutuxtepeque,San Salvador (SAL),
Ciudad Delgado,San Salvador (SAL),
"Coatepeque, El Salvador",,
Cuscatancingo,San Salvador (SAL),
El Boquerón National Park,San Salvador (SAL),
El Imposible National Park,Guatemala City (GUA),
Ilopango,San Salvador (SAL),
Los Volcanes National Park,San Salvador (SAL),
Los Volcanos National Park,San Salvador (SAL),
Mejicanos,San Salvador (SAL),
Montecristo National Park,San Salvador (SAL),
San Martin,San Salvador (SAL),
San Miguel,San Salvador (SAL),
SAN SALVADOR,San Salvador (SAL),
Santa Ana,San Salvador (SAL),
"Santa Ana, El Salvador",,
Santa Tecla,San Salvador (SAL),
Sonsonate,San Salvador (SAL),
Soyapango,San Salvador (SAL),
Annobon,Sao Tome (TMS),
Baney,Malabo (SSG),
Bioko Norte,,
Bioko Sur,Malabo (SSG),
Centro Sur,Bata (BSG),
Ebibeyin,Bata (BSG),
Evinayong,Bata (BSG),
Kie-Ntem,Bata (BSG),
Littoral zone,,
"Luba, Equatorial Guinea",,
Malabo,Malabo (SSG),
Municipalities of Equatorial Guinea,Bata (BSG),
"Rebola, Equatorial Guinea",,
Río Muni,Bata (BSG),
Subdivisions of Equatorial Guinea,,
Adi Keyh,Asmara (ASM),
Ak’ordat,Asmara (ASM),
Anseba,Asmara (ASM),
ASMARA,Asmara (ASM),
"Barentu, Eritrea",,
Debub,,
Debubawi K'eyih Bahri,,
Dek’emhāre,Asmara (ASM),
Eritrea,,
Gash Barka,Asmara (ASM),
Keren,Asmara (ASM),
Ma'akel,Asmara (ASM),
Massawa,Massawa (MSW),
Mendefera,Asmara (ASM),
Semenawi Keyih Bahri,Massawa (MSW),
Teseney,Shire Indasilase (SHC),
Aasmae,Tallinn-ulemiste International (TLL),
Aaviku,,
Aespa,,
Ahtma,,
Alliku,Tallinn-ulemiste International (TLL),
Ambla,Tallinn-ulemiste International (TLL),
Antsla,Tartu (TAY),
Ardu,Tallinn-ulemiste International (TLL),
Avinurme,Tartu (TAY),
Elva,Tartu (TAY),
Emmaste,Kuressaare (URE),
Enge,Tallinn-ulemiste International (TLL),
Estonian Islamic Centre,,
Haabneeme,Tallinn-ulemiste International (TLL),Helsinki Central Railway Station
Haage,Tartu (TAY),
Haapsalu,Tallinn-ulemiste International (TLL),
Tallinn,Tallinn-ulemiste International (TLL),
Tartu,Tartu (TAY),
Väike-Maarja Parish,Tallinn-ulemiste International (TLL),
Mbabane,Manzini (MTS),
Abomsa,Addis Ababa (ADD),
Addiet Canna,,
Addis Ababa,Addis Ababa (ADD),Addis Abeba train station
Ādīs Zemen,Addis Ababa (ADD),Addis Abeba train station
Afar,Djibouti (JIB),
Amhara,Bahar Dar (BJR),
Asaita,Djibouti (JIB),
Āwash,Addis Ababa (ADD),
Bahir Dar,Bahar Dar (BJR),
Batī,Lalibella (LLI),
Bichena,Bahar Dar (BJR),
Binshangul Gumuz,Asosa (ASO),
Burē,Bahar Dar (BJR),
Dabat,Gondar (GDQ),
Debark’,,
Debre Birhan,Addis Ababa (ADD),
Debre Mark’os,Bahar Dar (BJR),
Debre Sīna,,
Debre Tabor,Bahar Dar (BJR),
Debre Werk’,Bahar Dar (BJR),
Dejen,,
Desē,,
Dire Dawa,Dire Dawa (DIR),
Dubti,Lalibella (LLI),
Finote Selam,,
Gewane,Dire Dawa (DIR),
Gondar,Gondar (GDQ),
Harari,,
Kemisē,Lalibella (LLI),
Kombolcha,Lalibella (LLI),
Lalibela,Lalibella (LLI),
North Shewa Zone (Amhara),Addis Ababa (ADD),
Oromia,Addis Ababa (ADD),
Semera,Lalibella (LLI),
Somali,,
"Southern Nations, Nationalities, and Peoples Region",Arba Minch (AMH),
Tigray,,
Ajax Bay,Mount Pleasant (MPN),
Beaver Settlement,Mount Pleasant (MPN),
Bluff Cove,Mount Pleasant (MPN),
"Chartres, Falkland Islands",Mount Pleasant (MPN),
Darwin Settlement,Mount Pleasant (MPN),
"Douglas, Falkland Islands",Mount Pleasant (MPN),
"Dunnose Head, West Falkland",Mount Pleasant (MPN),
Estancia House,Mount Pleasant (MPN),
Fitzroy Settlement,Mount Pleasant (MPN),
History of the Falkland Islands,Mount Pleasant (MPN),
Peter Symonds College,Southampton (SOU),Winchester railway station
STANLEY,Mount Pleasant (MPN),
Argir,Vagar (FAE),
Glyvrar,Vagar (FAE),
Hvalba,Vagar (FAE),
Innan Glyvur,Vagar (FAE),
Municipalities of the Faroe Islands,Vagar (FAE),
Saltangará,Vagar (FAE),
Signabøur,,
Towns of the Faroe Islands,,
Central (Suva),Nausori (SUV),
Eastern (Levuka),Nausori (SUV),
Nandi,,
Nausori,,
Northern (Labasa),Lambasa (LBS),
Rotuma,Rotuma (RTA),
Suva (insurer),,
Western (Lautoka),Nandi (NAN),
Aapajoki,,
Aavasaksa,Kemi (KEM),
Aitoo,Tampere (TMP),Tampere railway station
Akaa,Tampere (TMP),Tampere railway station
Alastaro,Turku (TKU),Turku Central railway station
Alaveteli,,
Alavieska,Kruunupyy (KOK),
Alavus,Vaasa (VAA),
Alvettula,,
Angelniemi,Turku (TKU),Turku Central railway station
Anjala,Lappeenranta (LPP),Uusikylä railway station
Archipelago National Park,Turku (TKU),Turku Central railway station
Bothnian Bay National Park,Kemi (KEM),
Eastern Gulf of Finland National Park,Lappeenranta (LPP),
Ekenäs Archipelago National Park,Tallinn-ulemiste International (TLL),
Espoo,Helsinki (HEL),Leppävaara railway station
HELSINKI,Helsinki (HEL),Helsinki Central Railway Station
Helsinki Finland Temple,Helsinki (HEL),Leppävaara railway station
Hossa National Park,Kuusamo (KAO),
Isojärvi National Park,Tampere (TMP),Tampere railway station
Jyvaskyla,Jyvaskyla (JYV),
Kauhaneva-Pohjankangas National Park,Pori (POR),
Koli National Park,Joensuu (JOE),
Kolovesi National Park,Savonlinna (SVL),
Kuopio,Kuopio (KUO),Kuopio railway station
Kurjenrahka National Park,Turku (TKU),Turku Central railway station
Lahti,Helsinki (HEL),Lahti railway station
Lauhanvuori National Park,Pori (POR),
Leivonmäki National Park,Jyvaskyla (JYV),
Linnansaari National Park,Savonlinna (SVL),
Nuuksio National Park,Helsinki (HEL),Leppävaara railway station
Oulu,Oulu (OUL),Oulu railway station
Pallas-Yllästunturi National Park,Kittila (KTT),
Puurijärvi-Isosuo National Park,Pori (POR),Tampere railway station
Repovesi National Park,Lappeenranta (LPP),Hillosensalmi railway station
Rokua National Park,Kajaani (KAJ),Oulu railway station
Salamajärvi National Park,Kruunupyy (KOK),
Salla National Park,Kuusamo (KAO),
Sipoonkorpi National Park,Helsinki (HEL),Hiekkaharju railway station
Tampere,Tampere (TMP),Tampere railway station
Teijo National Park,Turku (TKU),Turku Central railway station
Torronsuo National Park,Tampere (TMP),
Turku,Turku (TKU),Turku Central railway station
Valkmusa National Park,Lappeenranta (LPP),Uusikylä railway station
Vantaa,Helsinki (HEL),Tikkurila railway station
Aast,,
Abancourt,Beauvais (BVA),Amiens railway station
Abbans-Dessus,Dole (DLE),Dijon-Ville railway station
Abbaretz,Nantes (NTE),Rennes railway station
Abbecourt,Beauvais (BVA),Amiens railway station
Abbeville,Beauvais (BVA),Amiens railway station
Abbeville-les-Conflans,Metz (ETZ),Luxembourg railway station
Abeilhan,Beziers (BZR),Montpellier-Saint-Roch railway station
Abere,Pau (PUF),
Abergement-Saint-Jean,Lyon (LYS),
Abilly,Poitiers (PIS),Tours railway station
Ablain-Saint-Nazaire,Lille (LIL),Lille-Europe railway station
Ablaincourt-Pressoir,Beauvais (BVA),Amiens railway station
Ablainzevelle,Lille (LIL),Amiens railway station
Ablis,Paris (ORY),
Ablon-sur-Seine,Paris (ORY),
Abondance,,
Abondant,Paris (ORY),
Abreschviller,Strasbourg (SXB),
Abrest,Clermont-Ferrand (CFE),
Abscon,Lille (LIL),Lille-Europe railway station
Abzac,Limoges (LIG),
Achatel,Metz (ETZ),Luxembourg railway station
Achenheim,Strasbourg (SXB),
Acheres,Paris (ORY),
Acheville,Lille (LIL),Lille-Europe railway station
Achicourt,Lille (LIL),Lille-Europe railway station
Achiet-le-Grand,Lille (LIL),Amiens railway station
Achiet-le-Petit,Lille (LIL),Amiens railway station
Acigne,Rennes (RNS),Rennes railway station
Acq,,
Acquigny,Beauvais (BVA),
Acy-en-Multien,Paris (CDG),
Adam-les-Vercel,Dole (DLE),Lausanne railway station
Adamswiller,Saarbruecken (SCN),
Adelans-et-le-Val-de-Bithaine,Basel (BSL),
Adissan,Beziers (BZR),Montpellier-Saint-Roch railway station
Adriers,Poitiers (PIS),
Afa,,
Agay,Nice (NCE),Nice-Ville railway station
Agde,Beziers (BZR),Montpellier-Saint-Roch railway station
Agen,Agen (AGF),
Agneaux,Caen (CFR),
Agnetz,,
Agnin,Lyon (LYS),Grenoble railway station
Agnos,Pau (PUF),
Agny,Lille (LIL),Lille-Europe railway station
Aguilcourt,Chalons (XCR),
Aix-en-Provence,Marseille (MRS),
Amiens,Beauvais (BVA),Amiens railway station
Angers,Nantes (NTE),
Annecy,Geneva (GVA),Annecy railway station
Argenteuil,Paris (CDG),
Avignon,Avignon (AVN),
Besançon,Dole (DLE),Dijon-Ville railway station
Biarritz,Biarritz-bayonne (BIQ),Donostia/San Sebastián train station
Bordeaux,Bordeaux (BOD),Bordeaux-Saint-Jean railway station
Boulogne-Billancourt,Paris (ORY),
Caen,Caen (CFR),
Calanques National Park,Marseille (MRS),
Camargue Regional Nature Park,,
Carcassonne,Carcassonne (CCF),Perpignan railway station
Cevennes National Park,Rodez (RDZ),Montpellier-Saint-Roch railway station
Chamonix,Geneva (GVA),Chamonix-Mont-Blanc railway station
Clermont-Ferrand,Clermont-Ferrand (CFE),
Colmar,Strasbourg (SXB),
Corsica,Ajaccio (AJA),Ajaccio railway station
Dijon,Dijon (DIJ),Dijon-Ville railway station
Dune of Pilat,Bordeaux (BOD),Bordeaux-Saint-Jean railway station
Ecrins National Park,Cuneo (CUF),Grenoble railway station
Forêts National Park,Dijon (DIJ),Dijon-Ville railway station
French Riviera,Hyeres (TLN),Nice-Ville railway station
Grenoble,Lyon (LYS),Grenoble railway station
Guadeloupe National Park,Pointe-a-pitre (PTP),
Le Havre,Le Havre (LEH),
Le Mans,Tours (TUF),Tours railway station
Lille,Lille (LIL),Lille-Europe railway station
Limoges,Limoges (LIG),
Loire Valley,Tours (TUF),Tours railway station
Lyon,Lyon (LYS),
Marseille,Marseille (MRS),
Mercantour National Park,Monaco (MCM),Nice-Ville railway station
Metz,Metz (ETZ),Luxembourg railway station
Mont Saint-Michel,Dinard (DNR),Rennes railway station
Montpellier,Montpellier (MPL),Montpellier-Saint-Roch railway station
Montreuil,Paris (ORY),
Mulhouse,Basel (BSL),
Nancy,Metz (ETZ),
Nantes,Nantes (NTE),
Nice,Nice (NCE),Nice-Ville railway station
Nîmes,Nimes (FNI),Montpellier-Saint-Roch railway station
Orléans,Paris (ORY),
Paris,Paris (ORY),
Perpignan,Perpignan (PGF),Perpignan railway station
Port-Cros National Park,Hyeres (TLN),
Pyrenees National Park,Tarbes (LDE),
Reims,Chalons (XCR),
Rennes,Rennes (RNS),Rennes railway station
Réunion National Park,St.-pierre (ZSE),
Rouen,Deauville (DOL),
Saint-Denis,Paris (CDG),
Saint-Étienne,St-Etienne (EBU),
Saint-Malo,Dinard (DNR),Rennes railway station
Saint-Paul,Nice (NCE),Nice-Ville railway station
Strasbourg,Strasbourg (SXB),
Toulon,Hyeres (TLN),
Toulouse,Toulouse (TLS),
Tours,Tours (TUF),Tours railway station
Vanoise National Park,Torino (TRN),Chamonix-Mont-Blanc railway station
Verdon Gorge,Nice (NCE),Nice-Ville railway station
Versailles,Paris (ORY),
Villeurbanne,Lyon (LYS),
Cayenne,Cayenne (CAY),
Arue,Papeete (PPT),
Faaa,Papeete (PPT),
Mahina,Papeete (PPT),
Paeau,,
Papeete,Papeete (PPT),
Pīraʻe,Papeete (PPT),
Punaʻauia,Papeete (PPT),
Port-aux-Français,Rodriguez Island (RRG),
Cocobeach,Libreville (LBV),
Crystal Mountains National Park,Libreville (LBV),
Fougamou,Port Gentil (POG),
Franceville,Sao Filipe (SFL),
Gamba,Port Gentil (POG),
Lambaréné,Libreville (LBV),
Lastourville Airport,,
Lékoni,Sao Filipe (SFL),
LIBREVILLE,Libreville (LBV),
Mamagnia,,
Mayumba National Park,Pointe-noire (PNR),
Mbigou,Pointe-noire (PNR),
Mimongo,Port Gentil (POG),
Moanda,Sao Filipe (SFL),
Mouila,Port Gentil (POG),
Mounana,,
Ndjolé,Libreville (LBV),
Ntoum,Libreville (LBV),
Okondja,Sao Filipe (SFL),
Port-Gentil,Port Gentil (POG),
Tchibanga,Pointe-noire (PNR),
BANJU,Banjul (BJL),
Banjul,Banjul (BJL),
Central River,,
Lower River,,
North Bank,Banjul (BJL),
Upper River,Conakry (CKY),
Western,Banjul (BJL),
Akhaldaba,Kutaisi (KUT),
Batumi,Batumi (BUS),
Chakvi,Batumi (BUS),
Dioknisi,,
Gogolesubani,,
Khelvachauri,Batumi (BUS),
Khulo,Batumi (BUS),
Kobuleti,Batumi (BUS),
Kutaisi,Kutaisi (KUT),
Lentekhi,Kutaisi (KUT),
Makhinjauri,Batumi (BUS),
Ochkhamuri,Batumi (BUS),
Qazbegi,Beslan (OGZ),Vladikavkaz railway station
Rustavi,Tbilisi (TBS),
Samtredia,Kutaisi (KUT),
Shuakhevi,Batumi (BUS),
Sukhumi,Sochi (AER),Sukhumi railway station
TBILISI,Tbilisi (TBS),
Zemo-Avchala,Tbilisi (TBS),
Zugdidi,Kutaisi (KUT),
Aachen,Maastricht (MST),Heerlen railway station
Augsburg,Augsburg (AGB),
Bavarian Forest National Park,Linz (LNZ),
Berchtesgaden National Park,Salzburg (SZG),
Berlin,Berlin (TXL),
Bielefeld,Paderborn (PAD),
Black Forest,Strasbourg (SXB),
Black Forest National Park,Karlsruhe/Baden-Baden (FKB),
Bochum,Dortmund (DTM),Wuppertal-Vohwinkel train station
Bonn,Cologne (CGN),Wuppertal-Vohwinkel train station
Braunschweig,Hannover (HAJ),Magdeburg-Neustadt railway station
Bremen,Bremen (BRE),
Chemnitz,Dresden (DRS),Chemnitz Süd railway station
Cologne,Cologne (CGN),Wuppertal-Vohwinkel train station
Dortmund,Dortmund (DTM),Wuppertal-Vohwinkel train station
Dresden,Dresden (DRS),Chemnitz Küchwald railway station
Duisburg,Duesseldorf (DUS),Wuppertal-Vohwinkel train station
Düsseldorf,Duesseldorf (DUS),Wuppertal-Vohwinkel train station
Eifel National Park,Maastricht (MST),Heerlen railway station
Erfurt,Erfurt (ERF),
Essen,Duesseldorf (DUS),Wuppertal-Vohwinkel train station
Frankfurt,Frankfurt (FRA),
Frankfurt am Main,Frankfurt (FRA),
Freiburg im Breisgau,Basel (BSL),
Gelsenkirchen,Duesseldorf (DUS),Wuppertal-Vohwinkel train station
Hainich National Park,Erfurt (ERF),
Halle,Leipzig (LEJ),Magdeburg-Neustadt railway station
Hamburg,Hamburg (HAM),Lübeck railway station
Hamburg Wadden Sea National Park,Hamburg (XFW),
Hannover,Hannover (HAJ),
Harz National Park,Kassel (KSF),
Heidelberg,Mannheim (MHG),
Hunsrück-Hochwald National Park,Hahn (HHN),Luxembourg railway station
Jasmund National Park,Heringsdorf (HDF),
Karlsruhe,Karlsruhe/Baden-Baden (FKB),
Kellerwald-Edersee National Park,Kassel (KSF),
Kiel,Luebeck (LBC),Lübeck railway station
Köln,Cologne (CGN),Wuppertal-Vohwinkel train station
Krefeld,Duesseldorf (DUS),Wuppertal-Vohwinkel train station
Leipzig,Leipzig (LEJ),Chemnitz Küchwald railway station
Lower Oder Valley National Park,Szczecin (SZZ),Gorzów Wielkopolski Wieprzyce railway station
Lower Saxon Wadden Sea National Park,Groningen (GRQ),
Lübeck,Luebeck (LBC),Lübeck railway station
Magdeburg,Leipzig (LEJ),Magdeburg-Neustadt railway station
Mainz,Frankfurt (FRA),
Mannheim,Mannheim (MHG),
Mönchengladbach,Duesseldorf (DUS),Wuppertal-Vohwinkel train station
München,Munich (MUC),
Munich,Munich (MUC),
Münster,Munster (FMO),Glanerbrug railway station
Müritz National Park,Laage (RLG),
Neuschwanstein Castle,Marktoberdorf (OAL),Bregenz railway station
Nuremberg,Nuernberg (NUE),
Nürnberg,Nuernberg (NUE),
Oberhausen,Duesseldorf (DUS),Wuppertal-Vohwinkel train station
Rostock,Laage (RLG),Warnemünde railway station
Saxon Switzerland National Park,Dresden (DRS),
Schleswig-Holstein Wadden Sea National Park,Westerland (GWT),
Stuttgart,Stuttgart (STR),
Western Pomerania Lagoon Area National Park,Laage (RLG),Warnemünde railway station
Wiesbaden,Frankfurt (FRA),
Wuppertal,Duesseldorf (DUS),Wuppertal-Vohwinkel train station
Accra,,
Agogo,Kumasi (KMS),
Bawku,Tamale (TML),
Bekwai,Kumasi (KMS),
Berekum,Sunyani (NYI),
Bia National Park,Abidjan (ABJ),
Bolgatanga,Tamale (TML),
Cape Coast,Takoradi (TKD),
Edgardo Angara,,
Ejura,Kumasi (KMS),
Home,Kumasi (KMS),
Kakum National Park,Takoradi (TKD),
Koforidua,Accra (ACC),
Konongo,Kumasi (KMS),
Kumasi,Kumasi (KMS),
Legon,Accra (ACC),
Mampong,Kumasi (KMS),
Navrongo,Tamale (TML),
Nini Suhien National Park,Takoradi (TKD),
Obuase,,
Sekondi,Takoradi (TKD),
Sunyani,Sunyani (NYI),
Takoradi,Takoradi (TKD),
Tamale,Tamale (TML),
Tema,Accra (ACC),
Wa,Tamale (TML),
Winneba,Accra (ACC),
Bruce's Farm,Gibraltar (GIB),
Caleta,Gibraltar (GIB),
Catalan Bay Village,Gibraltar (GIB),
Devil's Bowling Green Battery,Gibraltar (GIB),
Gibraltar,Gibraltar (GIB),
Holy Land,Gibraltar (GIB),
Monkeys Alameda,Gibraltar (GIB),
North Front,Gibraltar (GIB),
Rock of Gibraltar,Gibraltar (GIB),
Rosia Bay,Gibraltar (GIB),
Aegina,Athens (ATH),
Agioi Anargyroi,Athens (ATH),
Agios Nikolaos,Sitia (JSH),
Agrinio,Patras (GPA),
Aigaleo,Athens (ATH),
Aigio,Patras (GPA),
Alexandreia,Thessaloniki (SKG),Platy railway station
Alexandroupoli,Alexandroupolis (AXD),Alexandroupolis railway station
Aliartos,Athens (ATH),
Alimos,Athens (ATH),
Amaliada,Patras (GPA),
Anavyssos,Athens (ATH),
Andravida,Patras (GPA),
Ano Liosia,Athens (ATH),
Athens,Athens (ATH),
ATHINAI,Athens (ATH),
Calithèa,Athens (ATH),
Corfu,Kerkyra/corfu (CFU),
Crete,Heraklion (HER),
Iraclion,Heraklion (HER),
Kavala,,
Kerkyra/corfu,,
Larissa,Nea Anghialos (VOL),
Meteora,Kozani (KZI),
Mykonos,Mykonos (JMK),
Patrai,Patras (GPA),
Pésterion,Athens (ATH),
Pireas,Athens (ATH),
Rhodes,Rhodos (RHO),
Santorini,Thira (JTR),
Thessaloniki,Thessaloniki (SKG),Thessaloniki railway station
Aasiaat,Aasiaat (JEG),
Ilulissat,Ilulissat (JAV),
Kapisillit,Godthaab (GOH),
Maniitsoq,Maniitsoq (JSU),
Narsaq,Narsaq (JNS),
Narsarsuaq,Narssarssuaq (UAK),
Nuuk,Godthaab (GOH),
Nuussuaq,Upernavik (JUV),
Paamiut,Paamiut (JFR),
Qaqortoq,Qaqortoq (JJU),
Qasigiannguit,Ilulissat (JAV),
Qeqertarsuaq,Aasiaat (JEG),
Qeqertat,Qaanaaq (NAQ),
Sisimiut,Sisimiut (JHS),
Tasiilaq,Angmagssalik (AGM),
Upernavik,Upernavik (JUV),
Uummannaq Kommune,,
Carriacou and Petit Martinique,Point Salines (GND),
Gouyave,Point Salines (GND),
"Grenville, Grenada",Point Salines (GND),
"Hillsborough, Carriacou",Point Salines (GND),
Mark the Evangelist,,
Point Salines,,
Saint Andrew,Point Salines (GND),
Saint David,Point Salines (GND),
Saint George,Point Salines (GND),
"Saint John Parish, Grenada",,
"Saint Mark Parish, Grenada",,
"Saint Patrick Parish, Grenada",Point Salines (GND),
Sauteurs,Point Salines (GND),
St Davids,Point Salines (GND),
ST. GEORGE'S,Point Salines (GND),
"St. George's, Grenada",Point Salines (GND),
Anse-Bertrand,Pointe-a-pitre (PTP),
Baie-Mahault,Pointe-a-pitre (PTP),
Baillif Airport,Pointe-a-pitre (PTP),
BASSE-TERRE,Pointe-a-pitre (PTP),
Capesterre-Belle-Eau,Pointe-a-pitre (PTP),
Gourbeyre,Pointe-a-pitre (PTP),
Guadeloupe,Pointe-a-pitre (PTP),
"Hôtel de Ville, Le Gosier",Pointe-a-pitre (PTP),
Pointe-à-Pitre,Pointe-a-pitre (PTP),
"Port-Louis, Guadeloupe",Pointe-a-pitre (PTP),
Agana,,
Barrigada Village,Agana (GUM),
Dededo Village,Agana (GUM),
Hagåtña,Agana (GUM),
"Hagåtña, Guam",Agana (GUM),
Inarajan Village,Agana (GUM),
Santa Rita,Agana (GUM),
Tamuning-Tumon-Harmon Village,Agana (GUM),
Yigo Village,Agana (GUM),
Antigua Guatemala,Guatemala City (GUA),
Cambote,,
Catarina,Guatemala City (GUA),
Central,Guatemala City (GUA),
Chimaltenango,Guatemala City (GUA),
Chiquimula,,
Ciudad Vieja,Guatemala City (GUA),
Coban,Guatemala City (GUA),
El Limon,,
El Naranjo,Guatemala City (GUA),
El Rosario National Park,Flores (FRS),
El Salvador,,
Escuintla,Guatemala City (GUA),
Esquipulas,Guatemala City (GUA),
Flores,Flores (FRS),
Guatemala City,Guatemala City (GUA),
Huehuetenango,Tapachula (TAP),
Interoceanic Corridor of the Isthmus of Tehuantepec,Minatitlan (MTT),
Mixco,Guatemala City (GUA),
Quetzaltenango,Tapachula (TAP),
Sipacate-Naranjo National Park,Guatemala City (GUA),
Villa Nueva,Guatemala City (GUA),
Guernsey,Guernsey (GCI),
Saint Anne,Alderney (ACI),
Saint Peter Port,Guernsey (GCI),
St. Andrew`s,Guernsey (GCI),
ST. PETER PORT,Guernsey (GCI),
Boffa,Conakry (CKY),
Boké,,
Boke Prefecture,Conakry (CKY),
Boké Region,Bissau (OXB),
Camayenne,Conakry (CKY),
CONAKRY,Conakry (CKY),
Dabola,Conakry (CKY),
Fria,Conakry (CKY),
Kalia,,
Kankan,Bamako (BKO),
Kindia,Conakry (CKY),
Labé,Conakry (CKY),
Lola,Monrovia (ROB),
MALABO,Malabo (SSG),
Mamou,Conakry (CKY),
Minister of Foreign Affairs (Guinea-Bissau),,
Nzérékoré,Monrovia (ROB),
Port Kamsar,Conakry (CKY),
Port Moresby,Port Moresby (POM),
Sangaredi,Conakry (CKY),
Bafata,Bissau (OXB),
Bijagós Islands,Bissau (OXB),
Biombo,Bissau (OXB),
BISSAU,Bissau (OXB),
Bolama,Bissau (OXB),
Buba,Bissau (OXB),
Cacheu,Ziguinchor (ZIG),
Farim (disambiguation),,
Gabu,Bissau (OXB),
Gabú (town),Bissau (OXB),
Oio,Bissau (OXB),
Oio region,,
Quinara,Bissau (OXB),
Quinhamel,Bissau (OXB),
Titina Silá,,
Barima-Waini,Georgetown (OGL),
Cuyuni-Mazaruni,Georgetown (GEO),
Demerara-Mahaica,Georgetown (OGL),
East Berbice-Corentyne,Georgetown (GEO),
Electricity sector in Guyana,,
Essequibo Islands-West Demerara,Georgetown (GEO),
Georgetown,,
"Georgetown, Guyana",,
Guyana,Georgetown (OGL),
"Lethem, Guyana",Boa Vista (BVB),
Mabaruma,Georgetown (OGL),
Mahaica,Georgetown (OGL),
Mahaica-Berbice,Georgetown (GEO),
Mahaicony Village,Georgetown (OGL),
"New Amsterdam, Guyana",Georgetown (GEO),
Pomeroon-Supenaam,Georgetown (OGL),
Potaro-Siparuni,Santa Elena de Uairen (SNV),
Rondell Rawlins,,
Upper Demerara-Berbice,Georgetown (GEO),
Upper Takutu-Upper Essequibo,Boa Vista (BVB),
Vreed en Hoop,Georgetown (OGL),
Anse Rouge,Cap Haitien (CAP),
Arrondissement de Saint-Marc,Port-au-prince (PAP),
Cap-Haïtien,Cap Haitien (CAP),
Carrefour,Port-au-prince (PAP),
Delmar,,
Désarmes,,
Dessalines,,
Duverger,,
Ennery,Cap Haitien (CAP),
Gonaïves,Cap Haitien (CAP),
Grande Colline National Park,Port-au-prince (PAP),
Haiti,,
Jacmel,Port-au-prince (PAP),
Jérémie,Port-au-prince (PAP),
La Visite National Park,Port-au-prince (PAP),
Masseau,,
Moise,,
Petionville,Port-au-prince (PAP),
Pic Macaya National Park,Port-au-prince (PAP),
Port-au-Prince,Port-au-prince (PAP),
Prince,Port-au-prince (PAP),
Turgeau,Port-au-prince (PAP),
Heard Island and McDonald Islands,Rodriguez Island (RRG),
Capiro Calentura National Park,Guanaja (GJA),
Celaque National Park,San Salvador (SAL),
Cerro Azul Meámbar National Park,San Pedro Sula (SAP),
Choloma,San Pedro Sula (SAP),
Comayagua,Tegucigalpa (TGU),
Comayaguela,Tegucigalpa (TGU),
Coxen Hole,Roatan (RTB),
El Barro,,
El Paraiso,,
El Progreso,,
Honduras,,
Jeannette Kawas National Park,San Pedro Sula (SAP),
La Ceiba,La Ceiba (LCE),
La Hacienda,San Pedro Sula (SAP),
La Tigra National Park,Tegucigalpa (TGU),
Montecristo Trifinio National Park,San Salvador (SAL),
Morazan,San Pedro Sula (SAP),
Nacaome,Tegucigalpa (TGU),
Nombre de Dios National Park,La Ceiba (LCE),
Omoa National Park,Tegucigalpa (TGU),
Pinalejo,,
Piraera,San Salvador (SAL),
Port Royal National Park,Roatan (RTB),
Puerto Lempira,Puerto Lempira (PEU),
Punta Izopo National Park,La Ceiba (LCE),
Roatan,,
San Pedro Sula,San Pedro Sula (SAP),
Santa Barbara,San Pedro Sula (SAP),
Sula,San Pedro Sula (SAP),
TEGUCIGALPA,Tegucigalpa (TGU),
Aberdeen,Hong Kong (HKG),Hong Kong West Kowloon railway station
Causeway Bay,Hong Kong (HKG),Hong Kong West Kowloon railway station
Central District,Hong Kong (HKG),Hong Kong West Kowloon railway station
Cha Kwo Ling,Hong Kong (HKG),Hong Kong West Kowloon railway station
Chai Wan Kok,Hong Kong (HKG),Hong Kong West Kowloon railway station
Chek Chue,Hong Kong (HKG),Hong Kong West Kowloon railway station
Cheung Kong,,
Cheung Sha Wan,Hong Kong (HKG),Hong Kong West Kowloon railway station
Chuen Lung,,
Chung Hau,Hong Kong (HKG),Hong Kong West Kowloon railway station
Fa Yuen,,
Fanling,Hong Kong (HKG),Shenzhen Railway Station
Fo Tan,Hong Kong (HKG),Hong Kong West Kowloon railway station
Happy Valley,Hong Kong (HKG),Hong Kong West Kowloon railway station
Ho Man Tin,Hong Kong (HKG),Hong Kong West Kowloon railway station
Hong Kong,,
Hong Kong Disneyland,Hong Kong (HKG),Hong Kong West Kowloon railway station
Hung Hom,Hong Kong (HKG),Hong Kong West Kowloon railway station
Kat O Sheung Wai,Hong Kong (HKG),Shenzhen Railway Station
Kennedy Town,Hong Kong (HKG),Hong Kong West Kowloon railway station
Kowloon,Hong Kong (HKG),Hong Kong West Kowloon railway station
Abaujszanto,Kosice (KSC),Miskolc-Tiszai railway station
Abda,Bratislava (BTS),Győr railway station
Abony,Budapest (BUD),
Acs,Bratislava (BTS),Győr railway station
Acsa,Budapest (BUD),Tatabánya railway station
Adacs,Budapest (BUD),Miskolc Gömöri railway station
Adony,Budapest (BUD),Tatabánya railway station
Agard,,
Aggtelek National Park,Kosice (KSC),Miskolc Gömöri railway station
Ajak,,
Ajka,Bratislava (BTS),Győr railway station
Alap,Budapest (BUD),
Albertirsa,Budapest (BUD),
Almasfuzito,Budapest (BUD),Tatabánya railway station
Almaskamaras,Arad (ARW),Timișoara Nord railway station
Almosd,Debrecen (DEB),
Alsogalla,Budapest (BUD),Tatabánya railway station
Alsonemedi,Budapest (BUD),Tatabánya railway station
Alsopahok,Graz (GRZ),
Alsoszentivan,Budapest (BUD),
Alsotold,Budapest (BUD),
Alsozsolca,Kosice (KSC),Miskolc-Tiszai railway station
Aparhant,Osijek (OSI),
Apatfalva,Arad (ARW),Timișoara Nord railway station
Apc,Budapest (BUD),
Apostag,Budapest (BUD),
Arnot,Kosice (KSC),Miskolc Gömöri railway station
Asotthalom,Osijek (OSI),Subotica railway station
Aszalo,Kosice (KSC),Miskolc Gömöri railway station
Aszar,Bratislava (BTS),Tatabánya railway station
Aszod,Budapest (BUD),
Atkar,Budapest (BUD),Miskolc Gömöri railway station
Attala,Osijek (OSI),
Babolna,Bratislava (BTS),Győr railway station
Bacsalmas,Osijek (OSI),Subotica railway station
Badacsonytomaj,Budapest (BUD),
Badacsonytordemic,Budapest (BUD),
Bag,Budapest (BUD),
Bagyogszovat,Bratislava (BTS),Győr railway station
Baja,Osijek (OSI),Subotica railway station
Bajna,Budapest (BUD),Tatabánya railway station
Bakonybel,Bratislava (BTS),Győr railway station
Bakonycsernye,Budapest (BUD),Tatabánya railway station
Balaton Uplands National Park,Budapest (BUD),Tatabánya railway station
Budapest,Budapest (BUD),Tatabánya railway station
Bükk National Park,Kosice (KSC),Miskolc Gömöri railway station
Danube-Drava National Park,Osijek (OSI),Subotica railway station
Danube-Ipoly National Park,Budapest (BUD),Tatabánya railway station
Debrecen,Debrecen (DEB),
Fertő-Hanság National Park,Vienna (VIE),Győr railway station
Györ,Bratislava (BTS),Győr railway station
Hortobágy National Park,Debrecen (DEB),Miskolc-Tiszai railway station
Kecskemét,Budapest (BUD),
Kiskunság National Park,Budapest (BUD),Subotica railway station
Körös-Maros National Park,Arad (ARW),
Miskolc,Kosice (KSC),Miskolc Gömöri railway station
Nyiregyhaza,Debrecen (DEB),Miskolc-Tiszai railway station
Őrség National Park,Graz (GRZ),
Pécs,Osijek (OSI),
Szeged,Arad (ARW),Subotica railway station
Székesfehérvar,Budapest (BUD),Tatabánya railway station
Akranes,Reykjavik (RKV),
Akureyri,Akureyri (AEY),
Borgarnes,Reykjavik (RKV),
Dalvik,Akureyri (AEY),
Garðabær,Reykjavik (RKV),
Grindavik,Keflavik (KEF),
Hella,Reykjavik (RKV),
Holmavik,Isafjordur (IFJ),
Husavik,Akureyri (AEY),
Hvammstangi,Isafjordur (IFJ),
Hveragerdi,Reykjavik (RKV),
Hvolsvollur,Reykjavik (RKV),
"Icelandic heritage in Spanish Fork, Utah",,
Icelandic Police,,
Keflavik,,
Kópavogur,Reykjavik (RKV),
Reykjavík,Reykjavik (RKV),
Selfoss (town),Reykjavik (RKV),
Skaftafell National Park,Egilsstadir (EGS),
Skagaströnd,Akureyri (AEY),
Snæfellsjökull National Park,Keflavik (KEF),
Þingvellir National Park,Reykjavik (RKV),
Agra,Agra (AGR),Bharatpur Junction railway station
Ahmedabad,Ahmedabad (AMD),Ahmedabad Junction railway station
Ajmer,Jaipur (JAI),
Akola,Aurangabad (IXU),
Aligarh,Agra (AGR),
Allahabad,Allahabad (IXD),
Amravati,Nagpur (NAG),
Amritsar,Amritsar (ATQ),Lahore Junction Railway Station
Anamudi Shola National Park,Kochi (COK),
Asansol,Ranchi (IXR),
Aurangabad,Aurangabad (IXU),
Bandhavgarh National Park,Jabalpur (JLR),
Bandipur National Park,Mysore (MYQ),Mysore Junction railway station
Bangalore,Bangalore (BLR),Krantivira Sangolli Rayanna railway station
Bannerghatta National Park,Bangalore (BLR),Krantivira Sangolli Rayanna railway station
Bareilly,Dhangarhi (DHI),
Belgaum,Belgaum (IXG),Tivim Railway Station
Bengaluru India Temple,,
Betla National Park,Ranchi (IXR),Barwadih Junction railway station
Bhagwan Mahaveer Sanctuary and Mollem National Park,Goa (GOI),Madgaon Junction railway station
Bhatpara,Kolkata (CCU),Howrah railway station
Bhavnagar,Bhaunagar (BHU),
Bhilai Nagar,Raipur (RPR),Durg Junction railway station
Bhiwandi,Mumbai (BOM),Airoli railway station
Bhopal,Bhopal (BHO),Rani Kamalapati railway station
Bhubaneswar,Bhubaneswar (BBI),New Bhubaneswar railway station
Bikaner,Jodhpur (JDH),
Bokaro Steel City,Ranchi (IXR),
Campbell Bay National Park,Banda Aceh (BTJ),
Chandigarh,Chandigarh (IXC),Chandigarh Junction railway station
Chennai,Madras (MAA),Chennai Central railway station
Clouded Leopard National Park,Agartala (IXA),Cumilla railway station
Coimbatore,Coimbatore (CJB),Coimbatore North Junction railway station
Cuttack,Bhubaneswar (BBI),New Bhubaneswar railway station
Dachigam National Park,Srinagar (SXR),Pampore railway station
Davangere,Hubli (HBX),
Dehradun,Dehra Dun (DED),
Delhi,Delhi (DEL),Delhi Junction railway station
Dibru-Saikhowa National Park,Dibrugarh (DIB),
Dinosaur Fossils National Park,Indore (IDR),
Dombivli,Mumbai (BOM),Airoli railway station
Dudhwa National Park,Dhangarhi (DHI),
Durg-Bhilai Nagar,Raipur (RPR),Durg Junction railway station
Durgapur,Kolkata (CCU),
Eravikulam National Park,Kochi (COK),
Faridabad,Delhi (DEL),Delhi Junction railway station
Gangotri National Park,Dehra Dun (DED),
Gaya,Patina (PAT),
Ghaziabad,Delhi (DEL),Delhi Junction railway station
Gir Forest National Park,Diu (DIU),
Goa,Goa (GOI),Karmali railway station
Gorakhpur,Gorakhpur (GOP),Gorakhpur Junction railway station
Gorumara National Park,Baghdogra (IXB),
Great Himalayan National Park,Kulu (KUU),
Great Rann of Kutch,Bhuj (BHJ),
Gugamal National Park,Nagpur (NAG),
Guindy National Park,Madras (MAA),Chennai Egmore railway station
Gulbarga,Hyderabad (HYD),
Gulf of Mannar Marine National Park,Madurai (IXM),
Guntur,Vijayawada (VGA),
Guwahati,Guwahati (GAU),Guwahati railway station
Gwalior,Gwalior (GWL),
Haora,Kolkata (CCU),Howrah railway station
Hemis National Park,Leh (IXL),
Hubli-Dharwad,Hubli (HBX),
Hyderabad,Hyderabad (HYD),Hyderabad Deccan railway station
Indore,Indore (IDR),Indore Junction railway station
Intanki National Park,Dimapur (DMU),
Jabalpur,Jabalpur (JLR),
Jaipur,Jaipur (JAI),Jaipur Junction railway station
Jalandhar,Ludhiaha (LUH),
Jaldapara National Park,Thimphu (PBH),
Jalgaon,Aurangabad (IXU),Jalgaon railway station
Jammu,Srinagar (SXR),Srinagar railway station
Jamnagar,Jamnagar (JGA),Rajkot junction railway station
Jamshedpur,Ranchi (IXR),Tatanagar Junction railway station
Jhansi,Gwalior (GWL),
Jim Corbett National Park,Dehra Dun (DED),
Jodhpur,Jodhpur (JDH),Jodhpur railway station
Kalesar National Park,Dehra Dun (DED),
Kallakurichi,Tiruchirappalli (TRZ),
Kalyan,Mumbai (BOM),Airoli railway station
Kanger Ghati National Park,Vishakhapatnam (VTZ),
Kanger Valley National Park,Vishakhapatnam (VTZ),
Kanha National Park,Jabalpur (JLR),
Kannur,Calicut (CCJ),Kannur South railway station
Kanpur,Kanpur (KNU),Kanpur Central railway station
Kaziranga National Park,Dimapur (DMU),
Keibul Lamjao National Park,Imphal (IMF),
Keoladeo National Park,Agra (AGR),Bharatpur Junction railway station
Kerala Backwaters,Kochi (COK),
Khangchendzonga National Park,Baghdogra (IXB),
Khirganga National Park,Kulu (KUU),
Kochi,Kochi (COK),
Kolhapur,Belgaum (IXG),
Kolkata,Kolkata (CCU),Sealdah railway station
Kollam,Trivandrum (TRV),Thiruvananthapuram Central railway station
Kota,Jaipur (JAI),
Kozhikode,Calicut (CCJ),Kozhikode Railway Station
Kudremukh National Park,Mangalore (IXE),
Lucknow,Lucknow (LKO),Lucknow Charbagh railway station
Ludhiana,Ludhiaha (LUH),
Madhav National Park,Gwalior (GWL),
Madras,,
Madurai,Madurai (IXM),
Mahatma Gandhi Marine National Park,Port Blair (IXZ),
Mahavir Harina Vanasthali National Park,Hyderabad (HYD),Kacheguda railway station
Maheshtala,Kolkata (CCU),Shalimar railway station
Malegaon,,
Mangalore,Mangalore (IXE),
Mathikettan Shola National Park,Kochi (COK),
Meerut,Delhi (DEL),Delhi Junction railway station
Middle Button Island National Park,Port Blair (IXZ),
Mira-Bhayandar,Mumbai (BOM),Airoli railway station
Moradabad,Dehra Dun (DED),
Mount Harriet National Park,Port Blair (IXZ),
Mudumalai National Park,Calicut (CCJ),
Mukundara Hills National Park,Udaipur (UDR),
Mukurthi National Park,Calicut (CCJ),Coimbatore North Junction railway station
Mumbai,Mumbai (BOM),Vashi railway station
Mysore,Mysore (MYQ),Mysore Junction railway station
Nabarangpur,Vishakhapatnam (VTZ),
Nagarhole National Park,Mysore (MYQ),Mysore Junction railway station
Nagpur,Nagpur (NAG),Nagpur Junction railway station
Najafgarh,Delhi (DEL),Delhi Junction railway station
Nanda Devi and Valley of Flowers National Parks,Dehra Dun (DED),
Nanda Devi National Park,Dehra Dun (DED),
Nanded,Aurangabad (IXU),
Narendra Modi,,
Nashik,Mumbai (BOM),
Navi Mumbai,Mumbai (BOM),Nerul railway station
Nellore,Tirupeti (TIR),
Neora Valley National Park,Baghdogra (IXB),
Nokrek National Park,Saidpur (SPD),
North Button Island National Park,Port Blair (IXZ),
Orang National Park,Guwahati (GAU),Guwahati railway station
Pambadum Shola National Park,Kochi (COK),
Pampadum Shola National Park,Kochi (COK),
Panna National Park,Khajuraho (HJR),
Patna,Patina (PAT),Patna Junction railway station
Pench National Park,Nagpur (NAG),Nagpur Junction railway station
Periyar National Park,Madurai (IXM),
Phawngpui National Park,Aizwal (AJL),
Pimpri,Pune (PNQ),Pimpri railway station
Pimpri Chinchwad,Pune (PNQ),Pimpri railway station
Pune,Pune (PNQ),Pune Junction railway station
Raipur,Raipur (RPR),Durg Junction railway station
Rajbari National Park,Agartala (IXA),Mainamati railway station
Rajkot,Rajkot (RAJ),Rajkot junction railway station
Ranchi,Ranchi (IXR),Ranchi Junction railway station
Rani Jhansi Marine National Park,Port Blair (IXZ),
Ranthambore National Park,Jaipur (JAI),
Rishikesh,Dehra Dun (DED),
Royal Manas National Park,Guwahati (GAU),
Saddle Peak National Park,Port Blair (IXZ),
Saharanpur,Dehra Dun (DED),
Salem,Tiruchirappalli (TRZ),
Salim Ali National Park,Srinagar (SXR),Srinagar railway station
Sangli-Miraj-Kupwad,Belgaum (IXG),
Sanjay Gandhi National Park,Mumbai (BOM),Airoli railway station
Sanjay National Park,Mumbai (BOM),Airoli railway station
Shirui National Park,Imphal (IMF),
Shivaji Nagar,Mumbai (BOM),Vashi railway station
Silent Valley National Park,Calicut (CCJ),Coimbatore North Junction railway station
Siliguri,Baghdogra (IXB),
Singalila National Park,Baghdogra (IXB),
Solapur,Pune (PNQ),
South Button Island National Park,Port Blair (IXZ),
South Dum Dum,Kolkata (CCU),Sealdah railway station
Sri Venkateswara National Park,Tirupeti (TIR),
Srinagar,Srinagar (SXR),Srinagar railway station
Sultanpur National Park,Delhi (DEL),Delhi Junction railway station
Sundarbans National Park,Kolkata (CCU),
Surat,Surat (STV),
Thane,Mumbai (BOM),Airoli railway station
Thiruvananthapuram,Trivandrum (TRV),Thiruvananthapuram Central railway station
Tiruchchirappalli,Tiruchirappalli (TRZ),Tiruchirappalli Junction railway station
Tirunelveli,Trivandrum (TRV),
Trivandrum,,
Udaipur,Udaipur (UDR),Udaipur City railway station
Ujjain,Indore (IDR),Indore Junction railway station
Ulhasnagar,Mumbai (BOM),Taloja Panchnand railway station
Vadodara,Baroda (BDQ),Vadodara Junction railway station
Valley of Flowers National Park,Dehra Dun (DED),
Valmiki National Park,Bharatpur (BHR),
Van Vihar National Park,Bhopal (BHO),Rani Kamalapati railway station
Vansda National Park,Surat (STV),
Varanasi,Varanasi (VNS),Varanasi Junction railway station
Vijayawada,Vijayawada (VGA),
Visakhapatnam,Vishakhapatnam (VTZ),Visakhapatnam Junction railway station
Warangal,Hyderabad (HYD),
2020 Depok mayoral election,,
Abadi,,
Adiantorop,,
Airmadidi,Manado (MDC),
Alas Purwo National Park,Denpasar (DPS),
Ambarawa,,
Ambon,Ambon (AMQ),
Ambon City,Ambon (AMQ),
Amlapura,Denpasar (DPS),
Anggrek,,
Angkasa,,
Area,,
Badung,Denpasar (DPS),
Bali,Denpasar (DPS),
Balikpapan,Balikpapan (BPN),
Baluran National Park,Denpasar (DPS),
Banda Aceh,Banda Aceh (BTJ),
Bandar Lampung,Bandar Lampung-Sumatra Island (TKG),
Bandjarmasin,Banjarmasin (BDJ),
Bandung,Bandung (BDO),Bandung railway station
Bantimurung - Bulusaraung National Park,Ujung Pandang (UPG),
Batam,Batam (BTH),Tanjong Pagar railway station
Bekasi,Jakarta (CGK),Bekasi railway station
Bengkulu,Bengkulu (BKS),
Binjai,Penang (PEN),Medan railway station
Bitung,Manado (MDC),
Blitar,Malang (MLG),Malang railway station
Bogor,Jakarta (CGK),Bogor Paledang railway station
Bromo Tengger Semeru National Park,Malang (MLG),Malang railway station
Bukit Tiga Puluh National Park,Jambi (DJB),
Cirebon,Bandung (BDO),Cirebon Prujakan railway station
Danau Sentarum National Park,Sibu (SBW),
Denpasar,Denpasar (DPS),
Gorontalo,Gorontalo (GTO),
Gunung Ciremai National Park,Bandung (BDO),Cirebon Prujakan railway station
Gunung Gede Pangrango National Park,Bandung (BDO),Bogor Paledang railway station
Gunung Halimun National Park,Jakarta (CGK),Bogor Paledang railway station
Gunung Merapi National Park,Yogyakarta (JOG),Yogyakarta railway station
Gunung Merbabu National Park,Solo City (SOC),Yogyakarta railway station
Gunung Palung National Park,Ketapang (KTG),
Gunung Rinjani National Park,Praya (LOP),
JAKARTA,Jakarta (CGK),Gambir railway station
Jambi,Jambi (DJB),
Jayapura,Jayapura (DJJ),
Karimunjawa National Park,Semarang (SRG),
Kediri,,
Kelimutu National Park,Ende (ENE),
Kepulauan Seribu National Park,Jakarta (CGK),SHIA railway station
Kepulauan Togean National Park,Luwuk (LUW),
Kepulauan Wakatobi National Park,Kendari (KDI),
Kerinci Seblat National Park,Bengkulu (BKS),
Madiun,Solo City (SOC),Solo Jebres railway station
Magelang,Yogyakarta (JOG),Yogyakarta railway station
Makasar,,
Makassar,Ujung Pandang (UPG),
Malang,Malang (MLG),Malang railway station
Manado,Manado (MDC),
Mataram,Yogyakarta (JOG),Yogyakarta railway station
Medan,Penang (PEN),Medan railway station
Mojokerto,Surabaya (SUB),Benowo railway station
Mount Ciremai National Park,Bandung (BDO),Cirebon Prujakan railway station
Mount Gede Pangrango National Park,Bandung (BDO),Bogor Paledang railway station
Mount Halimun Salak National Park,Jakarta (CGK),Bogor Paledang railway station
Mount Rinjani National Park,Praya (LOP),
Padang,Padang (PDG),Pulau Aie railway station
Pakalongan,Semarang (SRG),
Pakanbaru,Pekanbaru (PKU),
Palangkaraya,Palangkaraya (PKY),
Palembang,Palembang (PLM),Kertapati railway station
Pangkal Pinang,Pangkal Pinang (PGK),
Pare Pare,Ujung Pandang (UPG),
Pasuruan,Surabaya (SUB),Wonokromo railway station
Pematang Siantar,Kuala Lumpur (SZB),
Pontianak,Pontianak (PNK),
Praya,,
Probolinggo,Malang (MLG),Malang railway station
Salatiga,Solo City (SOC),Alastua railway station
Samarinda,,
Semarang,Semarang (SRG),Semarang Poncol railway station
Siberut National Park,Padang (PDG),
Sukabumi,Bandung (BDO),Bogor Paledang railway station
Surabaya,Surabaya (SUB),Surabaya Kota railway station
Surakarta,Solo City (SOC),Solo Balapan railway station
Taka Bone Rate National Park,Labuhan Bajo (LBJ),
Tangerang,Jakarta (CGK),Tangerang railway station
Tanjung Balai,Singapore (SIN),Tanjong Pagar railway station
Tebing Tinggi,Penang (PEN),Medan railway station
Tegal,Semarang (SRG),Cirebon Prujakan railway station
West Bali National Park,Denpasar (DPS),
Yogyakarta,Yogyakarta (JOG),Yogyakarta railway station
Abadan,Abadan (ABD),
Ahwaz,Ahwaz (AWZ),Ahvaz Railway Station
Amol,Dasht-e-naz (SRY),
Arak,Hamadan (HDM),
Ardabil,Ardabil (ADU),
Babol,Dasht-e-naz (SRY),
Bandar Abbas,,
Bandar-e-Abbas,Bandar Abbas (BND),
Borujerd,Khorram Abad (KHD),
Dezful,Khorram Abad (KHD),
Esfahan,Isfahan (IFN),
Golestan,Gorgan (GBT),
Gorgan,Gorgan (GBT),
Hamadan,Hamadan (HDM),
Isfahan,Isfahan (IFN),
Islam Shahr,Yazd (AZD),
Karaj,Teheran (THR),Karaj Railway Station
Kashan,Isfahan (IFN),
Kerman,Kerman (KER),
Kermanshah,Bakhtaran (KSH),Kermanshah Railway Station
Khomeini shahr,Yazd (AZD),
Khoramabad,Khorram Abad (KHD),
Khoy,Nakhchivan (NAJ),
Malard,Teheran (THR),Karaj Railway Station
Mashhad,Mashhad (MHD),Mashhad Railway Station
Najafabad,Isfahan (IFN),
Neyshabur,Mashhad (MHD),Mashhad Railway Station
Orumiyeh,Uromiyeh (OMH),
Pakdasht,Teheran (THR),Shahr-e Qods railway station
Qazvin,Ramsar (RZR),Qazvin Railway Station
Qods,Teheran (THR),Shahr-e Qods railway station
Qom,Tehran (IKA),Qom Railway Station
Rasht,Rasht (RAS),
Sabzewar,,
Sanandaj,Sanandaj (SDG),
Sari,Dasht-e-naz (SRY),
Saveh,,
Shahriar,Teheran (THR),Shahr-e Qods railway station
Shiraz,Shiraz (SYZ),Shiraz Railway Station
Tabriz,Tabriz (TBZ),Tabriz Railway Station
Teheran,,
TEHRAN,Teheran (THR),Shahr-e Qods railway station
Varamin,Tehran (IKA),Shahr-e Qods railway station
Yazd,Yazd (AZD),
Zahedan,Zahedan (ZAH),Zahedan Railway Station
Zanjan,Rasht (RAS),
Adhamiyah,Baghdad (BGW),
Al `Amarah,,
Al Hillah,,
Amara,Basrah (BSR),
BAGHDAD,Baghdad (BGW),
Bahr,,
Basere,,
Basra,Basrah (BSR),
Basrah,,
Diwaniya,,
Erbil,Erbil (EBL),
Haji Hasan,,
Hayat,,
Hilla,Najaf (NJF),
Kadhimain,Baghdad (BGW),
Karkh,,
Karradah Sharqiyah,Baghdad (BGW),
Kerbala,Baghdad (BGW),
Kirkuk,Sulaymaniyah (ISU),
Kut,Ilam (IIL),
Majnoon,Basrah (BSR),
Manawi,Basrah (BSR),
Mosul,Erbil (EBL),
Najaf,Najaf (NJF),
Nasariya,Basrah (BSR),
Ramadi,Baghdad (BGW),
Sulamaniya,Sulaymaniyah (ISU),
Sulaymaniyah,Sulaymaniyah (ISU),
Tikrit,Baghdad (BGW),
Belfast,Belfast (BHD),Belfast Great Victoria Street railway station
Birkenhead,Liverpool (LPL),Liverpool Lime Street railway station
Blackpool,Blackpool (BLK),Liverpool Lime Street railway station
Bournemouth,Bournemouth (BOH),Bournemouth railway station
Brighton/Worthing/Littlehampton,London (LGW),Shoreham-by-Sea railway station
Bristol,,
Cardiff,,
City status in Ireland,,
Coventry/Bedworth,Birmingham (BHX),Coventry railway station
DUBLIN,Dublin (DUB),
Edinburgh,Edinburgh (EDI),Edinburgh Waverley railway station
Fife,,
Glasgow,,
Kingston-upon-Hull,,
Leicester,East Midlands (EMA),Leicester railway station
Liverpool,,
Manchester,,
North Lanarkshire,Glasgow (GLA),Motherwell railway station
Nottingham,,
Portsmouth,,
Preston,,
Reading/Wokingham,London (LHR),Twyford railway station
Sheffield,,
South Lanarkshire,Edinburgh (EDI),Carstairs railway station
Southampton,Southampton (SOU),Southampton Central railway station
Southend,Southend (SEN),
Swansea,Cardiff (CWL),Swansea railway station
Teesside,Teesside (MME),
The Potteries,,
Tyneside,,
West Midlands,,
West Yorkshire,Leeds (LBA),Huddersfield railway station
Ballasalla,Isle Of Man (IOM),
"Castletown, Isle of Man",Isle Of Man (IOM),
"Dalby, Queensland",Toowoomba (TWB),Dalby railway station
DOUGLAS,Isle Of Man (IOM),
Foxdale,Isle Of Man (IOM),
Isle of Man TT Mountain Course,,
Laxey,Isle Of Man (IOM),
Onchan,Isle Of Man (IOM),
Peel,Isle Of Man (IOM),
Port Erin,Isle Of Man (IOM),
Port Saint Mary,Isle Of Man (IOM),
Ramsey,Isle Of Man (IOM),
Saint Johns,Isle Of Man (IOM),
`Alma,Haifa (HFA),
`Amir,,
`Arugot,Tel-aviv (TLV),Ashdod Ad Halom railway station
`Aseret,Tel-aviv (TLV),Ashdod Ad Halom railway station
`En Ayyala,Haifa (HFA),Netanya Railway Station
`En HaShelosha,Tel-aviv (TLV),Ashkelon Railway Station
`Evron,Haifa (HFA),Netanya Railway Station
Acre,Haifa (HFA),Netanya Railway Station
Afiqim,Haifa (HFA),Netanya Railway Station
Ahituv,Tel-aviv (TLV),
Ashdod,Tel-aviv (TLV),Ashdod Ad Halom railway station
Ashqelon,Tel-aviv (TLV),Ashkelon Railway Station
Bat Yam,Tel-aviv (SDV),Lod railway station
Be'er Sheva,,
Bene Beraq,Tel-aviv (SDV),Lod railway station
Haifa,Haifa (HFA),Netanya Railway Station
Holon,Tel-aviv (SDV),Lod railway station
Jerusalem,Tel-aviv (TLV),Lod railway station
Netanya,Tel-aviv (SDV),Netanya Railway Station
Petah Tiqwa,Tel-aviv (TLV),Lod railway station
Ramat Gan,Tel-aviv (SDV),Lod railway station
Rehovot,Tel-aviv (TLV),Lod railway station
Rishon Leziyyon,Tel-aviv (TLV),Lod railway station
Tel Aviv-Yafo,Tel-aviv (SDV),Lod railway station
Abruzzo National Park,Pescara (PSR),Latina railway station
"Abruzzo, Lazio and Molise National Park",Pescara (PSR),Latina railway station
Alta Murgia National Park,Bari (BRI),Matera Centrale railway station
Amalfi Coast,Naples (NAP),Salerno railway station
Appennino Lucano - Val d'Agri - Lagonegrese National Park,Bari (BRI),Matera Centrale railway station
Appennino Tosco-Emiliano National Park,Parma (PMF),Reggio Emilia railway station
Arcipelago di La Maddalena National Park,Figari (FSC),
Arcipelago Toscano National Park,Marina Di Campo (EBA),Quercianella-Sonnino railway station
Asinara National Park,Alghero (AHO),Sassari railway station
Aspromonte National Park,Reggio Calabria (REG),Reggio di Calabria Santa Caterina railway station
Assisi,Perugia (PEG),Assisi railway station
Bari,Bari (BRI),Bari Centrale railway station
Bergamo,Bergamo (BGY),Monza railway station
Bologna,Bologna (BLQ),Bologna Centrale railway station
Brescia,Bergamo (BGY),Brescia railway station
Cagliari,Cagliari (CAG),Cagliari railway station
Capri,Naples (NAP),Napoli Centrale railway station
Catania,Catania (CTA),Catania Centrale railway station
"Cilento, Vallo di Diano and Alburni National Park",Naples (NAP),Salerno railway station
Cinque Terre,Pisa (PSA),Genova Brignole railway station
Cinque Terre National Park,Pisa (PSA),Pisa Centrale railway station
Circeo National Park,Rome (CIA),Latina railway station
Dolomites,Bolzano (BZO),
Dolomiti Bellunesi National Park,Treviso (TSF),Trento railway station
Ferrara,Bologna (BLQ),Ferrara railway station
Firenze,Florence (FLR),Firenze Santa Maria Novella railway station
Florence,Florence (FLR),Firenze Santa Maria Novella railway station
Foggia,Bari (BRI),Foggia railway station
"Foreste Casentinesi, Monte Falterona, Campigna National Park",Florence (FLR),Firenze Santa Maria Novella railway station
Forli,Rimini (RMI),Forlì railway station
Gargano National Park,Bari (BRI),Foggia railway station
Gennargentu National Park,Cagliari (CAG),
Genoa,Genoa (GOA),Genova Brignole railway station
Genova,Genoa (GOA),Genova Brignole railway station
Giugliano in Campania,Naples (NAP),Napoli Centrale railway station
Gran Paradiso National Park,Torino (TRN),Torino Porta Susa railway station
Gran Sasso e Monti della Laga National Park,Pescara (PSR),Pescara railway station
Lake Como,Lugano (LUG),Lugano railway station
Latina,Rome (CIA),Latina railway station
Livorno,Pisa (PSA),Livorno Centrale railway station
Maddalena Archipelago National Park,Olbia (OLB),
Maiella National Park,Pescara (PSR),Pescara Porta Nuova railway station
Matera,Bari (BRI),Matera Centrale railway station
Messina,Reggio Calabria (REG),Messina Marittima railway station
Milan,Milan (LIN),Milano Porta Garibaldi railway station
Milano,Milan (LIN),Milano Porta Garibaldi railway station
Modena,Bologna (BLQ),Modena railway station
Monti Sibillini National Park,Perugia (PEG),Assisi railway station
Monza,Milan (LIN),Monza railway station
Naples,Naples (NAP),Napoli Centrale railway station
Napoli,Naples (NAP),Napoli Centrale railway station
Padova,Treviso (TSF),Padova railway station
Palermo,Palermo (PMO),Palermo Centrale railway station
Pantelleria National Park,Pantelleria (PNL),
Parco Nazionale del Vesuvio,Naples (NAP),Napoli Centrale railway station
Parma,Parma (PMF),Parma railway station
Perugia,Perugia (PEG),Perugia railway station
Pescara,Pescara (PSR),Pescara Porta Nuova railway station
Pisa,Pisa (PSA),Pisa Centrale railway station
Pollino National Park,Lamezia (SUF),
Pompeii,Naples (NAP),Napoli Centrale railway station
Prato,Florence (FLR),Prato Centrale railway station
Puglia,Bari (BRI),Bari Centrale railway station
Ravenna,Rimini (RMI),Ravenna railway station
Reggio di Calabria,Reggio Calabria (REG),Reggio di Calabria Santa Caterina railway station
Reggio nell'Emilia,Parma (PMF),Reggio Emilia railway station
Representational oligonucleotide microarray analysis,,
Rimini,Rimini (RMI),Rimini railway station
Rome,Rome (CIA),Roma Termini railway station
Salerno,Naples (NAP),Salerno railway station
Sardinia,Cagliari (CAG),
Sassari,Alghero (AHO),Sassari railway station
Sicily,Comiso (CIY),Palermo Centrale railway station
Siena,Florence (FLR),Siena railway station
Sila National Park,Lamezia (SUF),
Siracusa,Catania (CTA),Syracuse railway station
Stelvio National Park,Bolzano (BZO),Trento railway station
Taormina,Reggio Calabria (REG),Taormina-Giardini railway station
Taranto,Brindisi (BDS),Taranto railway station
Terni,Perugia (PEG),Terni railway station
Torino,,
Trento,Bolzano (BZO),Trento railway station
Trieste,Ronchi De Legionari (TRS),Trieste Centrale railway station
Turin,Torino (TRN),Torino Porta Susa railway station
Val Grande National Park,Lugano (LUG),Verbania–Pallanza railway station
Vatican City,Rome (CIA),Roma Termini railway station
Venezia,Ronchi De Legionari (TRS),Udine railway station
Venice,Venice (VCE),Venezia Santa Lucia railway station
Verona,Villafranca (VRN),Verona Porta Nuova railway station
Vesuvius National Park,Naples (NAP),Napoli Centrale railway station
Vicenza,Treviso (TSF),Padova railway station
Abengourou,Sunyani (NYI),
Abidjan,Abidjan (ABJ),
Abobo,Abidjan (ABJ),
Aboisso,Abidjan (ABJ),
Adiaké,Abidjan (ABJ),
Agnibilékrou,Sunyani (NYI),
Anyama,Abidjan (ABJ),
Ayamé,Abidjan (ABJ),
Bangolo,Monrovia (ROB),
Biankouma,Monrovia (ROB),
Bingerville,Abidjan (ABJ),
Bonoua,Abidjan (ABJ),
Folon,,
Gbôklé,,
Grand-Bassam,Abidjan (ABJ),
Indénié-Djuablin,Sunyani (NYI),
Kabadougou,Bamako (BKO),
Nawa,Abidjan (ABJ),
Odienné,Bamako (BKO),
San-Pédro,Abidjan (ABJ),
Sassandra,Abidjan (ABJ),
Sud-Comoé,Abidjan (ABJ),
Tabou,Monrovia (ROB),
Yamoussoukro,Abidjan (ABJ),
Black River,Montego Bay (MBJ),
Browns Town,Montego Bay (MBJ),
Gordon Town,Kingston (KIN),
Gregory Park,,
Kingston,,
"Kingston, Jamaica",Kingston (KIN),
Mandeville,Montego Bay (MBJ),
May Pen,Kingston (KIN),
Moneague,Kingston (KIN),
Montego Bay,Montego Bay (MBJ),
Negril,Montego Bay (MBJ),
Ocho Rios,Kingston (KIN),
Old Harbour,Kingston (KIN),
Port Maria,Kingston (KIN),
Portland Cottage,Kingston (KIN),
Portmore,Kingston (KIN),
Runaway Bay,Montego Bay (MBJ),
Spanish Town,Kingston (KIN),
Abashiri Quasi-National Park,Memanbetsu (MMB),
Aichi Kōgen Quasi-National Park,Nagoya (NKM),
Akan Mashu National Park,Memanbetsu (MMB),
Akiyoshidai Quasi-National Park,Yamaguchi (UBJ),
Amami Guntō National Park,Amami (ASJ),
Amami Guntō Quasi-National Park,Amami (ASJ),
Ashizuri-Uwakai National Park,Kochi (KCZ),
Aso Kujū National Park,Kumamoto (KMJ),
Bandai-Asahi National Park,Niigata (KIJ),
Biwako Quasi-National Park,Nagoya (NKM),
Chiba,Tokyo (NRT),
Chichibu Tama Kai National Park,Matsumoto (MMJ),
Chōkai Quasi-National Park,Shonai (SYO),
Chūbu-Sangaku National Park,Toyama (TOY),
Chūō Alps Quasi-National Park,Matsumoto (MMJ),
Daisen-Oki National Park,Tottori (TTJ),
Daisetsuzan National Park,Asahikawa (AKJ),
Echigo Sanzan-Tadami Quasi-National Park,Niigata (KIJ),
Echizen-Kaga Kaigan Quasi-National Park,Kanazawa (KMQ),
Fuji-Hakone-Izu National Park,Oshima (OIM),
Fukuoka,Fukuoka (FUK),
Funabashi,Tokyo (HND),
Genkai Quasi-National Park,Fukuoka (FUK),
Hachioji,Tokyo (HND),
Hakone,Oshima (OIM),
Hakusan National Park,Kanazawa (KMQ),
Hamamatsu,Shizuoka (FSZ),
Hayachine Quasi-National Park,Hanamaki (HNA),
Hiba-Dogo-Taishaku Quasi-National Park,Miho (YGJ),
Hida-Kisogawa Quasi-National Park,Nagoya (NKM),
Hidakasanmyaku-Erimo-Tokachi National Park,Obihiro (OBO),
Higashiosaka,Osaka (ITM),
Himeji,Kobe (UKB),
Hiroshima,Hiroshima (HIJ),
Hyōnosen-Ushiroyama-Nagisan Quasi-National Park,Tottori (TTJ),
Iki-Tsushima Quasi-National Park,Tsushima (TSJ),
Iriomote-Ishigaki National Park,Ishigaki (ISG),
Ise-Shima National Park,Nagoya (NGO),
Ishizuchi Quasi-National Park,Matsuyama (MYJ),
Jōshin'etsu-kōgen National Park,Matsumoto (MMJ),
Kagoshima,Kagoshima (KOJ),
Kamakura,Tokyo (HND),
Kanazawa,Kanazawa (KMQ),
Kawasaki,Tokyo (HND),
Kerama Shotō National Park,Okinawa (OKA),
Kirishima-Kinkowan National Park,Kagoshima (KOJ),
Kirishima-Yaku National Park,Kagoshima (KOJ),
Kita Nagato Kaigan Quasi-National Park,Iwami (IWJ),
Kitakyushu,Kitakyushu (KKJ),
Kobe,Kobe (UKB),
Kongō-Ikoma-Kisen Quasi-National Park,Osaka (KIX),
Kumamoto,Kumamoto (KMJ),
Kushiro-shitsugen National Park,Kushiro (KUH),
Kyoto,Osaka (ITM),
Matsuyama,Matsuyama (MYJ),
Meiji no Mori Minō Quasi-National Park,Osaka (ITM),
Meiji no Mori Takao Quasi-National Park,Osaka (ITM),
Mikawa Wan Quasi-National Park,Nagoya (NGO),
Minami Alps National Park,Matsumoto (MMJ),
Minami Bōsō Quasi-National Park,Tokyo (HND),
Mount Fuji,Shizuoka (FSZ),
Murō-Akame-Aoyama Quasi-National Park,Osaka (KIX),
Muroto-Anan Kaigan Quasi-National Park,Tokushima (TKS),
Myōgi-Arafune-Saku Kōgen Quasi-National Park,Matsumoto (MMJ),
Myōkō-Togakushi Renzan National Park,Matsumoto (MMJ),
Nagoya,Nagoya (NKM),
Nara,Osaka (ITM),
Nichinan Kaigan Quasi-National Park,Miyazaki (KMI),
Niigata,Niigata (KIJ),
Nikkō National Park,Niigata (KIJ),
Niseko-Shakotan-Otaru Kaigan Quasi-National Park,Sapporo (CTS),
Nishi-Chugoku Sanchi Quasi-National Park,Iwami (IWJ),
Noto Hantō Quasi-National Park,Wajima (NTQ),
Oga Quasi-National Park,Akita (AXT),
Okayama,Okayama (OKJ),
Okinawa,Okinawa (OKA),
Okinawa Kaigan Quasi-National Park,Okinawa (OKA),
Okinawa Senseki Quasi-National Park,Okinawa (OKA),
Ōnuma Quasi-National Park,Hakodate (HKD),
Osaka,Osaka (ITM),
Oze National Park,Niigata (KIJ),
Rishiri-Rebun-Sarobetsu National Park,Wakkanai (WKJ),
Sagamihara,Tokyo (HND),
Saitama,Tokyo (HND),
Sakai,Osaka (ITM),
Sanin Kaigan National Park,Tottori (TTJ),
Sanriku Fukkō National Park,Hanamaki (HNA),
Sapporo,Sapporo (CTS),
Sendai,Sendai (SDJ),
Setonaikai National Park,Hiroshima (HIJ),
Shimokita Hanto Quasi-National Park,Hakodate (HKD),
Shiretoko National Park,Yuzhno-Kurilsk (DEE),
Shizuoka,Shizuoka (FSZ),
Sobo-Katamuki Quasi-National Park,Kumamoto (KMJ),
Suigo-Tsukuba Quasi-National Park,Tokyo (NRT),
Suzuka Quasi-National Park,Nagoya (NGO),
Takayama,,
Tango-Amanohashidate-Ōeyama Quasi-National Park,Osaka (ITM),
Tanzawa-Ōyama Quasi-National Park,Tokyo (HND),
Taroko National Park,Hualien (HUN),Fengyuan railway station
Tenryū-Okumikawa Quasi-National Park,Shizuoka (FSZ),
Tokyo,Tokyo (HND),
Towada-Hachimantai National Park,Odate Noshiro (ONJ),
Tsugaru Quasi-National Park,Aomori (AOJ),
Tsurugisan Quasi-National Park,Takamatsu (TAK),
Unzen-Amakusa National Park,Nagasaki (NGS),
Utsunomiya,Ibaraki (IBR),
Wakasa Wan Quasi-National Park,Osaka (ITM),
Yaba-Hita-Hikosan Quasi-National Park,Oita (OIT),
Yakushima National Park,Kagoshima (KOJ),
Yamato-Aogaki Quasi-National Park,Osaka (ITM),
Yatsugatake-Chūshin Kōgen Quasi-National Park,Matsumoto (MMJ),
Yokohama,Tokyo (HND),
Yoshino-Kumano National Park,Nanki-shirahama (SHM),
Zaō Quasi-National Park,Yamagata (GAJ),
Saint Helier,Jersey (JER),
St Helier,Jersey (JER),
St. Helier (settlement),Jersey (JER),
‘Ajlūn,,
Ajlun,,
Al 'Aqabah,Elat (ETH),
Al Balqa',Amman (AMM),
Al Karak,Amman (AMM),
Al Mafraq,Amman (AMM),
AMMAN,Amman (AMM),
Aqaba,,
Ar Ramtha,,
At Tafilah,Amman (AMM),
Az Zarqa',Amman (AMM),
Farah,,
Irbid,Haifa (HFA),
Jarash,Amman (AMM),
Ma'an,Ovda (VDA),
Madaba,Amman (AMM),
Russiefa,Amman (AMM),
Sahab,Amman (AMM),
Salt,Amman (AMM),
Zarqa,Amman (AMM),
Aksay,Uralsk (URA),
Aksoran,Karaganda (KGF),
Aktau,Aktau (SCO),
Aktobe,,
Almaty,Alma-ata (ALA),Almaty-2 railway station
Aqtas,Alma-ata (ALA),Almaty-1 railway station
Aqtau,Zhezkazgan (DZN),
ASTANA,Tselinograd (TSE),
Atirau,Atyrau (GUW),
Atyrau,Atyrau (GUW),
Baikonur,Kzyl-Orda (KZO),
Bayanaul National Park,Pavlodar (PWQ),
Buiratau National Park,Tselinograd (TSE),
Burabay National Park,Kokshetau (KOV),
Charyn National Park,Alma-ata (ALA),
Dostyk,Yining (YIN),
Dzhezkazgan,,
Ekibastuz,Pavlodar (PWQ),
Esil,Kostanay (KSN),
Ile-Alatau National Park,Alma-ata (ALA),Almaty-2 railway station
Karaganda,Karaganda (KGF),Qarağandı railway station
Karagandy,,
Karkaraly National Park,Karaganda (KGF),
Kazakh,Zhezkazgan (DZN),
Kentau,Chimkent (CIT),
Kokshetau National Park,Kokshetau (KOV),
Koktem,,
Koktshetau,Kokshetau (KOV),
Kolsay Lakes National Park,Alma-ata (ALA),
Kostanay,Kostanay (KSN),
Kustanai,,
Kyzyl,,
Kyzylorda,Kzyl-Orda (KZO),
Lomonosovka,,
Oral,Uralsk (URA),
Pavlodar,Pavlodar (PWQ),
Petropavl,Petropavlosk (PPK),Petropavlovsk Railway Station
Petropavlovsk,Petropavlosk (PPK),Petropavlovsk Railway Station
Qaskeleng,Alma-ata (ALA),Almaty-2 railway station
Ridder,Ust Kamenogorsk (UKK),
Rudni,,
Rudnyy,Kostanay (KSN),
Semey,Semiplatinsk (PLX),
Semipalatinsk,Semiplatinsk (PLX),
Serebryansk,Ust Kamenogorsk (UKK),
Shimkent,Chimkent (CIT),
Shymkent,Chimkent (CIT),
Taldykorgan,Alma-ata (ALA),
Taraz,Dzhambul (DMB),
Temirtau,Karaganda (KGF),Qarağandı railway station
Tselinograd,,
Uralsk,Uralsk (URA),
Ust-Kamenogorsk,Ust Kamenogorsk (UKK),
Aberdare National Park,Nanyuki (NYK),
Amboseli National Park,Amboseli National Park (ASV),
Baringo,Eldoret (EDL),
Bondo,Kisumu (KIS),
Bungoma,Kitale (KTL),
Chuka,Nanyuki (NYK),
Chyulu Hills National Park,Amboseli National Park (ASV),
Eldama Ravine,Eldoret (EDL),
Eldoret,Eldoret (EDL),
Garissa,Lamu (LAU),
Hell's Gate National Park,Nairobi (WIL),Nairobi railway station
Kabarnet,Eldoret (EDL),
Kabete,,
Kaiboi,Eldoret (EDL),
Karatina,Nanyuki (NYK),
Kiambu,Nairobi (WIL),Nairobi railway station
Kikuyu,Nairobi (WIL),Nairobi railway station
Kisii,Kisumu (KIS),
Kisite-Mpunguti Marine National Park,Ukunda (UKA),
Kisumu,Kisumu (KIS),
Kitale,Kitale (KTL),
Kitui,Nairobi (NBO),
Lake Nakuru National Park,Nanyuki (NYK),
Machakos,Nairobi (NBO),Nairobi railway station
Malindi Marine National Park,Malindi (MYD),
Marsabit National Park,Samburu South (UAS),
Maseno,Kisumu (KIS),
Mavoko/AthiRiver,Nairobi (NBO),Nairobi railway station
Mbita,Kisumu (KIS),
Meru National Park,Samburu South (UAS),
Mombasa,Mombasa (MBA),
Mombasa Marine National Park and Reserve,Mombasa (MBA),
Mount Elgon National Park,Kitale (KTL),
Mount Kenya National Park,Nanyuki (NYK),
Mount Longonot National Park,Nairobi (WIL),Nairobi railway station
Nairobi,Nairobi (WIL),Nairobi railway station
Nairobi National Park,Nairobi (WIL),Nairobi railway station
Nakuru,Nanyuki (NYK),
Ngong,Nairobi (WIL),Nairobi railway station
Ol Donyo Sabuk National Park,Nairobi (NBO),Nairobi railway station
Ruiru,Nairobi (NBO),Nairobi railway station
Ruma National Park,Kisumu (KIS),
Sawa Sawa,Ukunda (UKA),
Siaya,Kisumu (KIS),
Sotik,,
Sotik Post,Kisumu (KIS),
Thika,Nairobi (NBO),Nairobi railway station
Turbo,Eldoret (EDL),
Watamu Marine National Park,Malindi (MYD),
Wote,Nairobi (NBO),
Abaiang,Tarawa (TRW),
Abemama,Tarawa (TRW),
Ambo Village,Tarawa (TRW),
Aranuka,Tarawa (TRW),
Arorae,Tarawa (TRW),
Bairiki Village,Tarawa (TRW),
Banaba,Nauru (INU),
Betio Village,Tarawa (TRW),
Bikenibeu Village,Tarawa (TRW),
Bonriki Village,Tarawa (TRW),
Buota Village,Tarawa (TRW),
Coral reefs of Kiribati,Tarawa (TRW),
Kiribati,Tarawa (TRW),
Kiritimati,,
Makin Village,Tarawa (TRW),
Outline of Kiribati,Tarawa (TRW),
Tarawa,Tarawa (TRW),
Pyongyang,,
Dunavo,,
Ferizaj,Pristina (PRN),Skopje Train Station
Mitrovica,Pristina (PRN),
Pristina,Pristina (PRN),Skopje Train Station
Prizren,Pristina (PRN),Skopje Train Station
Abraq Khaytan,,
Ad Dasmah,,
Ad Dawhah,Doha (DOH),
Al Ahmadi,Kuwait (KWI),
Al Farwaniyah,Kuwait (KWI),
Al Shamiya,,
Ar Rawdah,,
As Salimiyah,,
Ash Shu`aybah,,
Ash Shuwaykh,,
Bayan,Kuwait (KWI),
Hawalli,Kuwait (KWI),
Jaleeb Al-Shuykh,,
Janub as Surrah,Kuwait (KWI),
Kayfan,,
Kuwait,,
Kuwait City,Kuwait (KWI),
Salmiya,Kuwait (KWI),
"Salwa, Kuwait",,
Ak-Suu,Aksu (AKU),
Ala Archa National Park,Bishkek (FRU),Bishkek-1 railway station
Alamudunskiy Rayon,,
Aydarken,Fergana (FEG),
Balykchy,Alma-ata (ALA),
Batken,,
Batken Oblasty,Fergana (FEG),
Belovodskoye,,
Bishkek,Bishkek (FRU),Bishkek-1 railway station
Bishkek Shaary,Bishkek (FRU),Bishkek-1 railway station
Cholpon-Ata,Alma-ata (ALA),Almaty-2 railway station
Chuy Oblasty,Bishkek (FRU),Bishkek-1 railway station
Chuyskiy Rayon,,
Iradan,Fergana (FEG),
Isfana,Khudzhand (LBD),
Ivanovka,Bishkek (FRU),Bishkek-2 railway station
Jalal-Abad Oblasty,Andizhan (AZN),
Kaindy,Alma-ata (ALA),
Kant,Bishkek (FRU),Bishkek-2 railway station
Kara-Balta,Bishkek (FRU),Bishkek-1 railway station
Karavan,,
Kemin,Bishkek (FRU),
Kyzyl-Kyya,Fergana (FEG),
Lebedinovka,Bishkek (FRU),Bishkek-2 railway station
Naryn Oblasty,Bishkek (FRU),
Osh,Osh (OSS),
Osh Oblasty,Osh (OSS),
Sokulukskiy Rayon,,
Sosnovka,Bishkek (FRU),Bishkek-1 railway station
State Nature National Park Besh-Tash,Dzhambul (DMB),
Suluktu,Khudzhand (LBD),
Talas Oblasty,Dzhambul (DMB),
Tokmok,Bishkek (FRU),Bishkek-2 railway station
Ysyk-Ata,Bishkek (FRU),Bishkek-2 railway station
Ysyk-Kol Oblasty,Alma-ata (ALA),
Attapeu,Pakse (PKZ),
Attapu,Pakse (PKZ),
Bokeo,Tachilek (THL),
Bolikhamxai,,
Champasak,,
Houaphan,,
Khammouan,Nakhon Phanom (KOP),
Louangnamtha,Luang Namtha (LXG),
Louangphrabang,Luang Prabang (LPQ),
Luang Prabang,,
Muang Phouvong,Pleiku (PXU),
Oudomxai,Muang Xay (ODY),
Phongsali,Dienbienphu (DIN),
Salavan,Pakse (PKZ),
Savannakhet,Savannakhet (ZVK),
Viangchan,Vientiane (VTE),Thanaleng railway station
Vientiane,Vientiane (VTE),Thanaleng railway station
Xaignabouli,Luang Prabang (LPQ),
Xaisomboun,Phon Savan (XKH),
Xekong,Hue (HUI),
Xiangkhoang,Phon Savan (XKH),
Adazi,Riga (RIX),Jelgava train station
Agenskalns,Riga (RIX),Jelgava train station
Aizkraukle,Riga (RIX),
Aizpute,Palanga (PLQ),
Baldone,Riga (RIX),Jelgava train station
Balvi,Tartu (TAY),
Bauska,Riga (RIX),Jelgava train station
Brankas,Riga (RIX),Jelgava train station
Carnikava,Riga (RIX),Jelgava train station
Centrs,Riga (RIX),Jelgava train station
Daugavpils,Vilnius (VNO),Daugavpils train station
Dobele,Riga (RIX),Jelgava train station
Durbe,Palanga (PLQ),
Gulbene,Tartu (TAY),
Ilguciems,Riga (RIX),Jelgava train station
Izvalta,Vilnius (VNO),Daugavpils train station
Jaunolaine,Riga (RIX),Jelgava train station
Jelgava,Riga (RIX),Jelgava train station
Riga,Riga (RIX),Jelgava train station
100 Women (BBC),London (LCY),Twyford railway station
Aaley,Beirut (BEY),
Adma,Beirut (BEY),
Ashrafiye,Beirut (BEY),
Baabda,Beirut (BEY),
Baalbek,Beirut (BEY),
Beirut,Beirut (BEY),
Broummana,Beirut (BEY),
Bsalim,Beirut (BEY),
Chekka,Beirut (BEY),
Dbaiye,,
Dik el Mehdi,Beirut (BEY),
Halba,Beirut (BEY),
Hboub,,
Sarba,Beirut (BEY),
Sidon,Beirut (BEY),
Tripoli,Beirut (BEY),
Zgharta,Beirut (BEY),
Berea,Maseru (MSU),
Butha-Buthe,Maseru (MSU),
Leribe,,
Mafeteng,Maseru (MSU),
Maputsoe,Maseru (MSU),
Maseru,Maseru (MSU),
Mohale's Hoek,Maseru (MSU),
Mokhotlong,Pietermaritzburg (PZB),
Nako,,
Qacha's Nek,Maseru (MSU),
Quthing,Maseru (MSU),
Teyateyaneng,Maseru (MSU),
Thaba-Tseka,Maseru (MSU),
Bomi,Monrovia (MLW),
Buchanan,Monrovia (ROB),
Gbarnga,Monrovia (ROB),
Gbarpolu,Monrovia (ROB),
Grand Bassa County,Monrovia (ROB),
Grand Cape Mount,Monrovia (MLW),
Grand Gedeh,Monrovia (ROB),
Grand Kru,Monrovia (ROB),
Liberia,Monrovia (ROB),
Lofa,Monrovia (ROB),
Margibi,Monrovia (ROB),
MONROVIA,Monrovia (MLW),
Montserrado County,Monrovia (ROB),
Republic of Maryland,Monrovia (ROB),
River Cess,Monrovia (ROB),
River Gee County,Monrovia (ROB),
Ajdabiya,Benghazi (BEN),
Al ‘Azīzīyah,Tripoli (TIP),
Al Abyār,Benghazi (BEN),
Al Bayḑā’,Al Bayda' (LAQ),
Al Burayqah,Benghazi (BEN),
Al Jawf,Kufra (AKF),
Al Khums,Misratah (MRA),
Al Marj,Benghazi (BEN),
Al Qubbah,Al Bayda' (LAQ),
At Tāj,Kufra (AKF),
Awjilah,,
Az Zuwaytīnah,Benghazi (BEN),
Bani Walid,Misratah (MRA),
Benghazi,Benghazi (BEN),
Darnah,Al Bayda' (LAQ),
Gharyan,Tripoli (TIP),
Ghat,Ghat (GHT),
Giado,Tripoli (TIP),
Gialo,Benghazi (BEN),
Hūn,Sirt (SRX),
Marādah,Sirt (SRX),
Mişrātah,Misratah (MRA),
Mizdah,,
Qaryat Sulūq,,
Sabha,Ubari (QUB),
Tripoli,Tripoli (TIP),
Tūkrah,Benghazi (BEN),
Waddān,Sirt (SRX),
Yafran,Tripoli (TIP),
Zintan,Tripoli (TIP),
Zliten,Misratah (MRA),
Balzers,Altenrhein (ACH),Schaan-Vaduz railway station
Bendern,Altenrhein (ACH),Schaan-Vaduz railway station
Demographics of Liechtenstein,Altenrhein (ACH),Schaan-Vaduz railway station
Eschen,Altenrhein (ACH),Schaan-Vaduz railway station
Liechtenstein,Altenrhein (ACH),Schaan-Vaduz railway station
Municipalities of Liechtenstein,Altenrhein (ACH),Schaan-Vaduz railway station
Oberland (electoral district),Altenrhein (ACH),Schaan-Vaduz railway station
VADUZ,Altenrhein (ACH),Schaan-Vaduz railway station
Alytus,Kaunas (KUN),Kaunas train station
Anciskiai,,
Antakalnis,Vilnius (VNO),Jonava train station
Garliava,Kaunas (KUN),Kaunas train station
Ignalina,Vilnius (VNO),Daugavpils train station
Jonava,Kaunas (KUN),Jonava train station
Jurbarkas,Kaunas (KUN),Kaunas train station
Juskonys,Kaunas (KUN),Jonava train station
Kaunas,Kaunas (KUN),Kaunas train station
Klaipeda,Palanga (PLQ),Klaipėda train station
Kretinga,Palanga (PLQ),Klaipėda train station
Mastaiciai,Kaunas (KUN),Kaunas train station
Palanga,Palanga (PLQ),Klaipėda train station
Panevezhis,Kaunas (KUN),Jonava train station
Panevezys,Kaunas (KUN),Jonava train station
Sakiai,Kaunas (KUN),Kaunas train station
Salcininkai,Vilnius (VNO),
Shauliai,Kaunas (KUN),
Trakai,Vilnius (VNO),Jonava train station
VILNIUS,Vilnius (VNO),Jonava train station
Ahn,Luxemburg (LUX),Luxembourg railway station
Alzette,Luxemburg (LUX),Luxembourg railway station
Alzingen,Luxemburg (LUX),Luxembourg railway station
Bascharage,Luxemburg (LUX),Luxembourg railway station
Beaufort,Luxemburg (LUX),Luxembourg railway station
Beckerich,Luxemburg (LUX),Luxembourg railway station
Beggen,,
Beidweiler,Luxemburg (LUX),Luxembourg railway station
Belvaux-Soleuvre railway station,Luxemburg (LUX),Luxembourg railway station
Berchem service station,Luxemburg (LUX),Luxembourg railway station
Bertrange,Luxemburg (LUX),Luxembourg railway station
Bonnevoie,Luxemburg (LUX),Luxembourg railway station
Communes of Luxembourg,Luxemburg (LUX),Luxembourg railway station
Émile Reuter,,
Luxembourg,Luxemburg (LUX),Luxembourg railway station
Luxembourg City,Luxemburg (LUX),Luxembourg railway station
Roodt-sur-Syre,Luxemburg (LUX),Luxembourg railway station
Théodore Eberhard,,
Walferdange,Luxemburg (LUX),Luxembourg railway station
Aomen,,
Aumwnz,,
Bán đảo Ma Cao,,
Cheoc Ca Chün,,
Cidade de Macau,,
Cidade do Santo Nome de Deus de Macau,Macau (MFM),Futian Railway Station
Coloane,Macau (MFM),Hong Kong West Kowloon railway station
Dangzai,Macau (MFM),Hong Kong West Kowloon railway station
Hac Sa,,
Hac-Tsa,,
Heisha,Macau (MFM),Hong Kong West Kowloon railway station
Ilha da Taipa,Macau (MFM),Futian Railway Station
Jiu’ao,,
Ká Hó,Macau (MFM),Hong Kong West Kowloon railway station
Lai Chi Van,Macau (MFM),Hong Kong West Kowloon railway station
Lin-chia-ts'un,,
Lizhiwan,,
Luhuan,Macau (MFM),Hong Kong West Kowloon railway station
Lui-Tchi-Van,,
Macao Peninsula,Macau (MFM),Futian Railway Station
Macau,,
Ambanja,Nosy-be (NOS),
Ampasimanolotra,Toamasina (TMM),
Andovoranto,Toamasina (TMM),
Antananarivo,Antananarivo (TNR),
Antsirabe,Antananarivo (TNR),
Antsiranana,Antsiranana (DIE),
Fianarantsoa,Antananarivo (TNR),
Mahajanga,Mahajanga (MJN),
Mahanoro,Antananarivo (TNR),
Mahavelona,,
Marolambo,Antananarivo (TNR),
Toamasina,Toamasina (TMM),
Toamasina I,Toamasina (TMM),
Toamasina II,Toamasina (TMM),
Toliara,Toliara (TLE),
Vohibinany,Toamasina (TMM),
Balaka,Blantyre (BLZ),
Blantyre,Blantyre (BLZ),
Blantyre City,Blantyre (BLZ),
Chikwawa,Blantyre (BLZ),
Chiradzulu,Blantyre (BLZ),
Chitipa,Mfuwe (MFU),
Dedza,Lilongwe (LLW),
Dowa,Lilongwe (LLW),
Karonga,Lichinga (VXC),
Kasungu,Lilongwe (LLW),
Likoma,Lichinga (VXC),
Lilongwe,Lilongwe (LLW),
Machinga,Blantyre (BLZ),
Mangochi,Lichinga (VXC),
Mchinji,Chipata (CIP),
Mulanje,Blantyre (BLZ),
Mwanza,Blantyre (BLZ),
Mzimba,Chipata (CIP),
Ntcheu,Blantyre (BLZ),
Alor Setar,Alor Setar (AOR),Alor Setar railway station
Ampang,,
Ampang/Ulu Kelang,,
Bandar Maharani,Kuala Lumpur (KUL),Batang Melaka railway station
Bandar Penggaram,Johor Bahru (JHB),
Bintulu,Bintulu (BTU),
Butterworth,Penang (PEN),Sungai Petani railway station
GEORGETOWN,Penang (PEN),Sungai Petani railway station
Kajang dan Sungai Chua,Kuantan (KUA),
Klang,Kuala Lumpur (SZB),Kuala Lumpur railway station
Kluang,Johor Bahru (JHB),
Kota Bharu,Kota Bahru (KBR),Su-ngai Kolok railway station
Kota Kinabalu,Kota Kinabalu (BKI),
KUALA LUMPUR,Kuala Lumpur (SZB),Kuala Lumpur railway station
Kuala Terengganu,Kuala Terengganu (TGG),
Kuantan,Kuantan (KUA),
Kuching,Kuching (KCH),
Kulim,Penang (PEN),Sungai Petani railway station
MB Ipoh,,
MB Johor Bahru,Johor Bahru (JHB),Tanjong Pagar railway station
Melaka,Kuala Lumpur (KUL),Pulau Sebang/Tampin railway station
Miri,Miri (MYY),
MP Kota Bharu,Kota Bahru (KBR),Su-ngai Kolok railway station
Pasir Gudang,Singapore (SIN),Tanjong Pagar railway station
Penang,,
Petaling Jaya,Kuala Lumpur (SZB),Kuala Lumpur railway station
Pulau,,
Sandakan,Sandakan (SDK),
Seleyang Baru,Kuala Lumpur (SZB),Kuala Lumpur railway station
Seremban,Kuala Lumpur (KUL),Pulau Sebang/Tampin railway station
Shah Alam,Kuala Lumpur (SZB),Kuala Lumpur railway station
Sibu,Sibu (SBW),
Subang Jaya,Kuala Lumpur (SZB),Kuala Lumpur railway station
Sungai Petani,Penang (PEN),Sungai Petani railway station
Taiping,Ipoh (IPH),Taiping railway station
Tawau,Tawau (TWU),
Alifu,,
Baa,Male (MLE),
Dhaalu,Laamu Atoll (KDO),
Faafu,Male (MLE),
Fuvahmulah,Gan Island (GAN),
Gaafu Alifu,Kooddoo (GKK),
Gaafu Dhaalu,Kaadedhdhoo (KDM),
Gnaviyani,Gan Island (GAN),
Haa Alif Atoll,Haa Dhaalu Atoll (HAQ),
Haa Dhaalu Atoll,Haa Dhaalu Atoll (HAQ),
Maafushi (Kaafu Atoll),Male (MLE),
Maldives,,
Malé,Male (MLE),
Abeïbara,Bordj Badji Mokhtar (BMW),
Ansongo,Niamey (NIM),
Bafoulabé,Bamako (BKO),
Bamako,Bamako (BKO),
Bamako (Capital),Bamako (BKO),
Banamba,Bamako (BKO),
Bandiagara,Ouagadougou (OUA),
Cercle d’Abeïbara,,
Cercle de Bourem,,
Djénné,Bobo-dioulasso (BOY),
Douentza,Ouagadougou (OUA),
Douentza Cercle,Ouagadougou (OUA),
Gao,Niamey (NIM),
Gao Cercle,,
Inékar,Niamey (NIM),
Kangaba,Bamako (BKO),
Kati,Bamako (BKO),
Kayes,Bamako (BKO),
Kidal,Bordj Badji Mokhtar (BMW),
Kita,Bamako (BKO),
Kokofata,Bamako (BKO),
Kolokani,Bamako (BKO),
Koulikoro,Bamako (BKO),
Mopti,Bobo-dioulasso (BOY),
Sagalo,Bamako (BKO),
Segou,Bamako (BKO),
Sikasso,Bobo-dioulasso (BOY),
Tombouctou,Ouagadougou (OUA),
Attard,Malta (MLA),
Balzan,,
Bingemma,Malta (MLA),
Birgu,Malta (MLA),
Birkirkara,Malta (MLA),
Bugibba,Malta (MLA),
Cospicua,Malta (MLA),
Dingli,Malta (MLA),
Fgura,Malta (MLA),
Fontana,Malta (MLA),
Għajnsielem,Malta (MLA),
Għarb,Malta (MLA),
Għasri,Malta (MLA),
Għaxaq,Malta (MLA),
Gżira,Malta (MLA),
Hal Gharghur,Malta (MLA),
Hamrun,Malta (MLA),
Malta International Airport,Malta (MLA),
VALLETTA,Malta (MLA),
Ailuk Atoll,Kwajalein (KWA),
COVID-19 pandemic in the Marshall Islands,,
Delap-Uliga-Djarrit,Majuro (MAJ),
Ebaye,,
Gilbert and Marshall Islands campaign,Kwajalein (KWA),
Kili,Majuro (MAJ),
Likiep Atoll,Kwajalein (KWA),
Majuro,Majuro (MAJ),
Marshall Islands,Kwajalein (KWA),
Namdrik Atoll,Kwajalein (KWA),
Ujae Atoll,Kwajalein (KWA),
Wotje Atoll,Kwajalein (KWA),
Case-Pilote,,
Fort-de-France,Fort-de-france (FDF),
Le François,Fort-de-france (FDF),
Le Gros-Morne,Fort-de-france (FDF),
Le Lamentin,Fort-de-france (FDF),
Les Trois-Îlets,Fort-de-france (FDF),
Martinique,Fort-de-france (FDF),
Rivière-Salée,Fort-de-france (FDF),
"Saint-Pierre, Martinique",Fort-de-france (FDF),
Schœlcher,,
’Elb el Jmel,,
Adrar,Nouakschott (NKC),
Aleg,Nouakschott (NKC),
Assaba,Nouakschott (NKC),
Atar,Nouakschott (NKC),
Barkéwol,Nouakschott (NKC),
Brakna,Nouakschott (NKC),
Chingueṭṭi,Dakhla (VIL),
Dakhlet Nouadhibou,Nouadhibou (NDB),
Gorgol,Nouakschott (NKC),
Guidimaka,Dakhla (VIL),
Hodh Ech Chargui,Bamako (BKO),
Hodh El Gharbi,Bamako (BKO),
Inchiri,Nouakschott (NKC),
Kaédi,Nouakschott (NKC),
Kiffa,Nouakschott (NKC),
Nouadhibou,Nouadhibou (NDB),
Nouakchott,Nouakschott (NKC),
Tagant,Nouakschott (NKC),
Tiris Zemmour,Tan Tan (TTA),
Trarza,Nouakschott (NKC),
Beau Bassin,Plaisance (MRU),
Beau Bassin-Rose Hill,Plaisance (MRU),
Black River Gorges National Park,Plaisance (MRU),
Bon Accueil,Plaisance (MRU),
Bras d'Eau National Park,Plaisance (MRU),
Chemin Grenier,Plaisance (MRU),
Ebene CyberCity,Plaisance (MRU),
Floreal,Plaisance (MRU),
Geography of Mauritius,,
Index of Mauritius-related articles,,
Le Reduit,Plaisance (MRU),
Mauritius,,
Plaisance,,
PORT LOUIS,Plaisance (MRU),
Port Mathurin,Rodriguez Island (RRG),
Quatre Bornes,Plaisance (MRU),
St. Brandon,Plaisance (MRU),
"Tamarin, Mauritius",Plaisance (MRU),
Vacoas-Phoenix,Plaisance (MRU),
Bandaboa,,
Chiconi,Dzaoudzi (DZA),
Combani,Dzaoudzi (DZA),
Communes of Mayotte,Dzaoudzi (DZA),
COVID-19 pandemic in Mayotte,Dzaoudzi (DZA),
Dzaoudzi–Pamandzi International Airport,Dzaoudzi (DZA),
Dzoumonye,Dzaoudzi (DZA),
Mamoudzou,Dzaoudzi (DZA),
Tsoundzou 1,Dzaoudzi (DZA),
Acapulco,Acapulco (ACA),
Aguascalientes,Aguascalientes (AGU),
Archipiélago Espíritu Santo National Park,La Paz (LAP),
Arrecife Alacranes National Park,Merida (MID),
Arrecife de Puerto Morelos National Park,Cancun (CUN),
Arrecifes de Cozumel National Park,Cozumel (CZM),
Arrecifes de Xcalak National Park,San Pedro (SPR),
Barranca del Cupatitzio National Park,Uruapan (UPN),
Basaseachic Falls National Park,Ciudad Obregon (CEN),
Benito Juárez National Park,Oaxaca (OAX),
Bosencheve National Park,Toluca (TLC),
Cabo Pulmo National Park,San Jose Del Cabo (SJD),
Campeche,Campeche (CPE),
Cancun,Cancun (CUN),
Cañón del Sumidero National Park,Tuxtla Gutierrez (TGZ),
Celaya,Queretaro (QRO),
Cerro de Garnica National Park,Morelia (MLM),
Cerro de la Estrella National Park,Mexico City (MEX),
Cerro de Las Campanas National Park,Queretaro (QRO),
Chetumal,,
Chichen Itza,Merida (MID),
Chihuahua,Chihuahua (CUU),
Chilpacingo,,
Chimalhuacan,Mexico City (MEX),
Ciudad Apodaca,Monterrey (MTY),
Ciudad Del Carmen,,
Ciudad General Escobedo,Monterrey (MTY),
Ciudad Juarez,,
Ciudad Juárez Mexico Temple,El Paso (ELP),
Ciudad López Mateos,Mexico City (MEX),
Ciudad Madero,Tampico (TAM),
Ciudad Nezahualcóyotl,Mexico City (MEX),
Ciudad Obregón,Ciudad Obregon (CEN),
Ciudad Santa Catarina,Monterrey (MTY),
"Ciudad Universitaria, Mexico City",Mexico City (MEX),
Ciudad Victoria,Ciudad Victoria (CVM),
Coatzacoalcos,Minatitlan (MTT),
Cofre de Perote National Park,Jalapa (JAL),
Cozumel,,
Cuautitlan Izcalli,Mexico City (MEX),
Cuernavaca,Toluca (TLC),
Culiacan,,
Culiacán Rosales,Culiacan (CUL),
Cumbres del Ajusco National Park,Mexico City (MEX),
Del Bajio,,
Desierto de los Leones National Park,Toluca (TLC),
Desierto del Carmen National Park,Toluca (TLC),
Durango,Durango (DGO),
Ecatepec,Mexico City (MEX),
Ecatepec de Morelos,Mexico City (MEX),
El Chico National Park,Mexico City (MEX),
El Cimatario National Park,Queretaro (QRO),
El Gogorrón National Park,San Luis Potosi (SLP),
El Tepeyac National Park,Mexico City (MEX),
El Tepozteco National Park,Mexico City (MEX),
El Veladero National Park,Acapulco (ACA),
Ensenada,Tijuana (TIJ),
Fresnillo,,
Fuentes Brotantes de Tlalpan National Park,Mexico City (MEX),
General Juan N. Álvarez National Park,Acapulco (ACA),
Gogorrón National Park,San Luis Potosi (SLP),
Gómez Palacio,Torreon (TRC),
Guadalajara,Guadalajara (GDL),Zapopan Centro railway station
"Guadalupe, Nuevo León",Monterrey (MTY),
Gustavo A. Madero,,
Hermosillo,Hermosillo (HMO),
Heroica Nogales,Tucson (TUS),
Huatulco,,
Huatulco National Park,Huatulco (HUX),
Insurgente Miguel Hidalgo y Costilla National Park,Toluca (TLC),
Irapuato,Del Bajio (BJX),
Ixtapaluca,Mexico City (MEX),
Iztaccíhuatl–Popocatépetl National Park,Puebla (PBC),
Iztapalapa,Mexico City (MEX),
Juárez,Ciudad Juarez (CJS),
La Marquesa National Park,Toluca (TLC),
La Paz,,
"La Paz, Baja California Sur",La Paz (LAP),
"La Paz, Distrito Federal",Mexico City (MEX),
Lago de Camécuaro National Park,Uruapan (UPN),
Lagunas de Zempoala National Park,Toluca (TLC),
Lázaro Cárdenas,Lazard Cardenas (LZC),
León,Monterrey (MTY),
"León, Guanajuato",Del Bajio (BJX),
Loreto,,
Los Cabos,San Jose Del Cabo (SJD),
Los Marmoles National Park,Queretaro (QRO),
Los Mochis,Los Mochis (LMM),
Los Remedios National Park,Mexico City (MEX),
Manzanillo,,
Matamoros,Brownsville (BRO),
Mazatlán,Mazatlan (MZT),
Mérida,Merida (MID),
Mexicali,Mexicali (MXL),
Mexico City,Mexico City (MEX),
Molino de Flores Nezahualcóyotl National Park,Mexico City (MEX),
Monclova,Saltillo (SLW),
Monterrey,Monterrey (MTY),
Morelia,Morelia (MLM),
Naucalpan de Juárez,Mexico City (MEX),
Netzahualcóyotl,,
Nevado de Toluca National Park,Toluca (TLC),
Nuevo Laredo,Nuevo Laredo (NLD),
Oaxaca,Oaxaca (OAX),
Oaxaca de Juárez,,
Pachuca,Mexico City (MEX),
Pico de Orizaba National Park,Jalapa (JAL),
Piedras Negras,,
Playa del Carmen,Cozumel (CZM),
Poza Rica de Hidalgo,Poza Rico (PAZ),
Puebla,,
Puebla de Zaragoza,Puebla (PBC),
Puebla Mexico Temple,Puebla (PBC),
Puerto Escondido,,
Puerto Vallarta,Puerto Vallarta (PVR),
Querétaro,Queretaro (QRO),
Reynosa,Mcallen (MFE),
Sacromonte National Park,Puebla (PBC),
Salamanca,Del Bajio (BJX),
Saltillo,Saltillo (SLW),
San Cristobal de las Casas,Tuxtla Gutierrez (TGZ),
San Francisco Coacalco,Mexico City (MEX),
San Jose Del Cabo,,
San Juan del Río,Durango (DGO),
San Luis Potosí,San Luis Potosi (SLP),
San Luis Rio Colorado,Yuma (YUM),
San Miguel de Allende,Queretaro (QRO),
San Nicolas de los Garza,Monterrey (MTY),
Sierra de Órganos National Park,Durango (DGO),
Soledad de Graciano Sanchez,San Luis Potosi (SLP),
Tampico,Tampico (TAM),
Tapachula,Tapachula (TAP),
Tehuacán,Puebla (PBC),
Tepic,Tepic (TPQ),
Tijuana,Tijuana (TIJ),
Tlalnepantla,Mexico City (MEX),
Tlaquepaque,Guadalajara (GDL),Zapopan Centro railway station
Toluca,Toluca (TLC),
Tonala,Guadalajara (GDL),Zapopan Centro railway station
Torreón,Torreon (TRC),
Tula National Park,Mexico City (MEX),
Tulum,Cozumel (CZM),
Tuxtla Gutiérrez,Tuxtla Gutierrez (TGZ),
Uruapan,Uruapan (UPN),
Vera Cruz,,
Veracruz,Jalapa (JAL),
Villa Nicolas Romero,Mexico City (MEX),
Villahermosa,Villahermosa (VSA),
Volcán Nevado de Colima National Park,Colima (CLQ),
Xalapa-Enriquez,Jalapa (JAL),
Xico,Mexico City (MEX),
Zacatecas,,
Zapopan,Guadalajara (GDL),Zapopan Centro railway station
Zihuatanejo,,
Chuuk,,
Palikir,Pohnpei (PNI),
Pohnpei,,
Yap,,
Anenii Noi,Chisinau (KIV),Tiraspol railway station
Balti,Iasi (IAS),Iași railway station
"Bender, Moldova",Chisinau (KIV),Iași railway station
Briceni,Iasi (IAS),
Cahul,Chisinau (KIV),Galați railway station
Calarasi,Iasi (IAS),Iași railway station
CHISINAU,Chisinau (KIV),Tiraspol railway station
Ciorescu,Chisinau (KIV),Tiraspol railway station
Cojusna,Chisinau (KIV),Tiraspol railway station
Comrat,Chisinau (KIV),
Durlești,Chisinau (KIV),Tiraspol railway station
Ialoveni,Chisinau (KIV),Tiraspol railway station
Măgdăcești,Chisinau (KIV),Tiraspol railway station
Nisporeni,Iasi (IAS),Iași railway station
Orhei,Chisinau (KIV),
Soroca,Iasi (IAS),
Strășeni,Chisinau (KIV),Iași railway station
Tiraspol,Chisinau (KIV),Tiraspol railway station
Voinescu,Chisinau (KIV),Iași railway station
MONACO,Monaco (MCM),Nice-Ville railway station
Monarchy of Monaco,Monaco (MCM),Nice-Ville railway station
Altai,Olgii (ULG),
Altai Tavan Bogd National Park,Altay (AAT),
Arvayheer,Bayankhongor (BYN),
Baruun-Urt,Choibalsan (COQ),
Bayangol,Ulan Bator (ULN),Ulaanbaatar railway station
Bayanhongor,Bayankhongor (BYN),
Cecerleg,,
Chihertey,,
Choyr,Ulan Bator (ULN),
Dalandzadgad,,
Darhan,Ulan Bator (ULN),
Han-Uul,Ulan Bator (ULN),
Har Us Nuur National Park,Khovd (HVD),
Hovsgol,Muren (MXV),
Ikh Bogd Uul National Park,Bayankhongor (BYN),
Javhlant,,
Khan-Khokhi Khyargas Mountain National Park,Ulaangom (ULO),
Khorgo-Terkhiin Tsagaan Nuur National Park,Muren (MXV),
Khovd,Khovd (HVD),
Khustain Nuruu National Park,Ulan Bator (ULN),Ulaanbaatar railway station
Khyargas Nuur National Park,Ulaangom (ULO),
Mandalgovi,Ulan Bator (ULN),
Ovoot,Dalanzadgad (DLZ),
Ovorhangay,Bayankhongor (BYN),
Saynshand,Ulan Bator (ULN),
Toyrim,,
Tsetserleg,Bayankhongor (BYN),
Ulaan-Uul,Muren (MXV),
ULAANBAATAR,Ulan Bator (ULN),Ulaanbaatar railway station
Ulan Bator,Ulan Bator (ULN),Ulaanbaatar railway station
Uliastay,Altai (LTI),
Undurkhaan,,
A-1 motorway (Montenegro),,
Bar,Podgorica (TGD),Bar railway station
Berane,Podgorica (TGD),Podgorica railway station
Bijelo Polje,Podgorica (TGD),Podgorica railway station
Budva,Tivat (TIV),Bar railway station
Crna Gora,Podgorica (TGD),Podgorica railway station
Danilovgrad,Podgorica (TGD),Podgorica railway station
Diocese of Kotor,,
Gusinje,Podgorica (TGD),Podgorica railway station
Herceg Novi,Tivat (TIV),Podgorica railway station
Igalo,Tivat (TIV),Podgorica railway station
Kotor,Tivat (TIV),Podgorica railway station
Niksic,Tivat (TIV),Podgorica railway station
"Petrovac, Budva",Tivat (TIV),Bar railway station
Pljevlja,Sarajevo (SJJ),
PODGORICA,Podgorica (TGD),Podgorica railway station
Stari Bar,Podgorica (TGD),Bar railway station
Sutomore,Podgorica (TGD),Bar railway station
Ulcinj,Podgorica (TGD),Bar railway station
Bank,,
Bank Level,,
Bugby Hole,,
Cavalla Hill,,
Cork Hill,Antigua (ANU),
Cudjoe Head,Antigua (ANU),
Delvins,Antigua (ANU),
Dick Hill,Antigua (ANU),
Drummond's,Antigua (ANU),
Montserrat,Antigua (ANU),
"Plymouth, Montserrat",,
Rubus,,
Afourer,Ouarzazate (OZZ),
Agadir,Agadir (AGA),
Ait Melloul,Agadir (AGA),
Al Hoceima,Al Hociema (AHU),
Assa,Tan Tan (TTA),
Benguerir,Marrakech (RAK),Marrakesh railway station
Beni Mellal,Casablanca (CMN),
Berrechid,Casablanca (CMN),Casa-Port railway station
Casablanca,Casablanca (CMN),Casa-Port railway station
Deroua,Casablanca (CMN),Casa-Port railway station
El Gara,Casablanca (CMN),Casa-Port railway station
El Hajeb,Fes (FEZ),
El Jadida,Casablanca (CMN),
Erfoud,Béchar (CBH),
Fes,Fes (FEZ),
Fkih Ben Salah,Casablanca (CMN),
Kenitra,Rabat (RBA),
Khemisset,Rabat (RBA),
Khouribga,Casablanca (CMN),
Ksar el Kebir,Tanger (TNG),
Larache,Tanger (TNG),
Mansour,,
Marrakesh,Marrakech (RAK),Marrakesh railway station
Mehediyah,,
Meknes,Fes (FEZ),
Mohammedia,Casablanca (CMN),Casa-Port railway station
Nador,Melilla (MLN),
Ouazzane,,
Oued Zem,Casablanca (CMN),
Oujda,Oujda (OUD),
Oulad Teima,Agadir (AGA),
Rabat,Rabat (RBA),
Safi,Essadouira (ESU),
António Enes,,
Beira,Beira (BEW),Beira railway station
Boane District,Maputo (MPM),Maputo Railway Station
Chibuto,Maputo (MPM),
Chimoio,Chimoio (VPY),
Chiure,Pemba (POL),
Chokwé,Maputo (MPM),
Concelho de Matola,Maputo (MPM),Maputo Railway Station
Ilha de Moçambique,Nampula (APL),
Inhambane,Inhambane (INH),
KaTembe,Maputo (MPM),Maputo Central Railway Station
Macia,Maputo (MPM),
Magude District,Maputo (MPM),
Manhica,Maputo (MPM),Maputo Railway Station
Maputo,Maputo (MPM),Maputo Railway Station
Marracuene District,Maputo (MPM),Maputo Railway Station
Matola,Maputo (MPM),Maputo Railway Station
Matutiune District,,
Maxixe,Inhambane (INH),
Moamba District,Maputo (MPM),Maputo Railway Station
Mocímboa,Mtwara (MYW),
Mocuba,Quelimane (UEL),
Montepuez,Pemba (POL),
Mozambique,Beira (BEW),
Mutuáli,,
Nacala,Nampula (APL),
Namaacha District,Maputo (MPM),Maputo Railway Station
Nampula,Nampula (APL),
Pemba,Pemba (POL),
Quelimane,,
Ressano Garcia,Maputo (MPM),Maputo Railway Station
Tete,Tete (TET),
Xai-Xai,Maputo (MPM),
Ayeyarwady,Yangon (RGN),
Bago,Yangon (RGN),Yangon Central railway station
Bogale,Yangon (RGN),
Chin State,Cox's Bazar (CXB),
Dawei,Dawei (TVY),
Ha Ka,,
Hlaing,,
Hpa-an,Tak (MAQ),Mawlamyine railway station
Inya,Yangon (RGN),Yangon Central railway station
Kachin State,Myitkyina (MYT),
Kayah State,Mae Hong Son (HGN),
Kayin State,,
Kyauktada,Yangon (RGN),Yangon Central railway station
Loikaw,Mae Hong Son (HGN),
Magway,Nyuang U (NYU),
Mandalay,Mandalay (MDL),Mandalay Central Railway Station
Mawlamyine,Tak (MAQ),Mawlamyine railway station
Mon State,Tak (MAQ),Mawlamyine railway station
Monywa,Mandalay (MDL),
Myitkyina,Myitkyina (MYT),
Naypyidaw,NAYPYITAW (NYT),Naypyitaw Central Railway Station
Pathein,Yangon (RGN),
Rakhine State,Kyaukpyu (KYP),
Sagaing,Mandalay (MDL),Mandalay Central Railway Station
Shan State,Heho (HEH),
Sittway,Sittwe (AKY),
Tanintharyi,Myeik (MGZ),
Taunggyi,Heho (HEH),
Wagan,,
Yangon,Yangon (RGN),Yangon Central railway station
Arandis,Walvis Bay (WVB),Swakopmund railway station
Dorob National Park,Walvis Bay (WVB),Swakopmund railway station
Etosha National Park,Ondangwa (OND),
Etunda,Ondjiva (VPE),
Grootfontein,Rundu (NDU),
Hentiesbaai,Walvis Bay (WVB),Swakopmund railway station
Karibib,Windhoek (ERS),
Katima Mulilo,Mpacha (MPA),
Keetmanshoop,Oranjemund (OMD),Keetmanshoop railway station
Mpapuka,,
Olympia,Windhoek (ERS),Windhoek Railway Station
Omaruru,Windhoek (ERS),
Ondangwa,Ondangwa (OND),
Ongwediva,Ondangwa (OND),
Oranjemund,Oranjemund (OMD),
Oshakati,Ondangwa (OND),
Otjimbingwe,Windhoek (ERS),
Otjiwarongo,Windhoek (WDH),Otjiwarongo Railway Station
Outapi,Ondjiva (VPE),
Swakopmund,Walvis Bay (WVB),Swakopmund railway station
Swakopmund Constituency,Walvis Bay (WVB),Swakopmund railway station
Tsau ǁKhaeb National Park,Luderitz (LUD),Lüderitz railway station
Tsau ǁKhaeb Sperrgebiet National Park,Luderitz (LUD),Lüderitz railway station
Tsumeb,Ondangwa (OND),
Walvis Bay,Walvis Bay (WVB),Walvis Bay railway station
Waterberg National Park,Windhoek (WDH),Otjiwarongo Railway Station
Windhoek,Windhoek (ERS),Windhoek Railway Station
Anabar,Nauru (INU),
Arijejen,Nauru (INU),
Baiti,Nauru (INU),
Baitsi District,Nauru (INU),
Boe,Nauru (INU),
Denigomodu,Nauru (INU),
Ijuw,Nauru (INU),
Menen,Nauru (INU),
Nauru,,
Nibok,Nauru (INU),
Uaboe,Nauru (INU),
Yaren,,
Yaren District,Nauru (INU),
Banepā,Kathmandu (KTM),
Bharatpur,Bharatpur (BHR),
Bhimdutta,Dhangarhi (DHI),
Biratnagar,Biratnagar (BIR),
Birgañj,Kathmandu (KTM),
Birgunj,Bharatpur (BHR),
Butwal,Bhairawa (BWA),
Dhangadhi,Dhangarhi (DHI),
Dharan,Biratnagar (BIR),
Dhulikhel,Kathmandu (KTM),
Gaur,Kathmandu (KTM),
Hari Bdr Tamang House,,
Hetauda,Kathmandu (KTM),
Jaleshwar,Kathmandu (KTM),
Jawlakhel,,
KATHMANDU,Kathmandu (KTM),
Lumbini,Bhairawa (BWA),
Palpa,Bhairawa (BWA),
Patan,Kathmandu (KTM),
Pokhara,Pokhara (PKR),
Aagtekerke,Ostend (OST),Brugge railway station
Almere,Amsterdam (AMS),Almere Centrum railway station
Amersfoort,Amsterdam (AMS),Amersfoort Central railway station
Amsterdam,Amsterdam (AMS),Zaandam railway station
Apeldoorn,Weeze (NRN),Apeldoorn railway station
Arnhem,Weeze (NRN),Arnhem Centraal railway station
Breda,Eindhoven (EIN),Tilburg Reeshof railway station
Dordrecht,Rotterdam (RTM),Dordrecht Zuid railway station
Ede,Weeze (NRN),Ede Centrum railway station
Eindhoven,Eindhoven (EIN),Eindhoven Central railway station
Emmen,Groningen (GRQ),Emmen railway station
Enschede,Munster (FMO),Enschede railway station
Geleen-Sittard,Maastricht (MST),Sittard railway station
Groningen,Groningen (GRQ),Emmen railway station
Haarlem,Amsterdam (AMS),Haarlem railway station
Haarlemmermeer,Amsterdam (AMS),Schiphol Airport railway station
Heerlen-Kerkrade,Maastricht (MST),Heerlen railway station
Leiden,Rotterdam (RTM),Leiden Centraal railway station
Maastricht,Maastricht (MST),Maastricht railway station
Nijmegen,Weeze (NRN),Nijmegen railway station
Rotterdam,Rotterdam (RTM),Dordrecht railway station
s-Gravenhage,Rotterdam (RTM),Den Haag Centraal railway station
s-Hertogenbosch,Eindhoven (EIN),Tilburg railway station
The Hague,Rotterdam (RTM),Den Haag Centraal railway station
Tilburg,Eindhoven (EIN),Tilburg railway station
Utrecht,Amsterdam (AMS),Utrecht Centraal railway station
Zaanstad,Amsterdam (AMS),Zaandam railway station
Zoetermeer,Rotterdam (RTM),Leiden Centraal railway station
Zwolle,Groningen (GRQ),Zwolle railway station
Philipsburg,,
Dumbea,Noumea (GEA),
Mont-Dore,Noumea (GEA),
Nouméa,Noumea (GEA),
Nouville,Noumea (GEA),
Paita,Noumea (GEA),
Ahaura,Hokitika (HKK),
Albany,Auckland (AKL),
Amberley,Christchurch (CHC),
Ashhurst,Palmerston North (PMR),
Auckland,Auckland (AKL),
Avondale,,
Awanui,Kaitaia (KAT),
Balclutha,Dunedin (DUD),
Balfour,Invercargill (IVC),
Beachlands,Auckland (AKL),
Christchurch,Christchurch (CHC),
Dunedin,Dunedin (DUD),
Lower Hutt,Wellington (WLG),
Manukau,Auckland (AKL),
Napier-Hastings,NAPIER (NPE),
North Shore,Auckland (AKL),
Tauranga,Tauranga (TRG),
Waitakere,Auckland (AKL),
Wellington,Wellington (WLG),
Bluefields,Roxana (TTQ),
Boaco,Managua (MGA),
Camoapa,Managua (MGA),
Chinandega,Managua (MGA),
El Panama,Liberia (LIR),
Esteli,Managua (MGA),
Granada,Managua (MGA),
Jinotega,Managua (MGA),
León,Managua (MGA),
Los Arados,,
MANAGUA,Managua (MGA),
Masaya,Managua (MGA),
Matagalpa,Managua (MGA),
Ocotal,Tegucigalpa (TGU),
Rivas,Managua (MGA),
San Juan del Sur,,
Santa Lucía,Managua (MGA),
Aba,,
Abeokuta,,
Akure,Benin (BNI),
Bauchi,,
Benin City,,
Calabar,,
Enugu,Enugu (ENU),
Ibadan,,
Ife,Ibadan (IBA),
Ikorodu,,
Ilorin,Ilorin (ILR),
Jos,Kano (KAN),
Kaduna,,
Kano,Kano (KAN),
Katsina,Kano (KAN),
Lagos,,
Maiduguri,Maroua (MVR),
Minna,Kaduna (KAD),
Niamey,Niamey (NIM),Niamey railway station
Ogbomosho,,
Okene,,
Onitsha,Enugu (ENU),
Oshogbo,,
Oyo,,
Port Harcourt,Port Hartcourt (PHC),
Sokoto,Sokoto (SKO),
Warri,Osubi (QRW),
Zaria,,
Aba,Imo (QOW),
Abeokuta,Lagos (LOS),
ABUJA,Abuja (ABV),
Ado-Ekiti,Ilorin (ILR),
Akure,Benin (BNI),
Bauchi,Jos (JOS),
Benin City,Benin (BNI),
Bida,Abuja (ABV),
Calabar,Calabar (CBQ),
Chad Basin National Park,Maroua (MVR),
Cross River National Park,Calabar (CBQ),
Damaturu,Yola (YOL),
Effon-Alaiye,Ilorin (ILR),
Enugu,Enugu (ENU),
Gombe,Yola (YOL),
Gusau,Kaduna (KAD),
Ibadan,Ibadan (IBA),
Ife,Ibadan (IBA),
Ijebu-Ode,Ibadan (IBA),
Ikire,Ibadan (IBA),
Ikorodu,Lagos (LOS),
Ikot Ekpene,Imo (QOW),
Ilesha,,
Ilorin,Ilorin (ILR),
Iseyin,Ibadan (IBA),
Iwo,Ibadan (IBA),
Jimeta,Yola (YOL),
Jos,Jos (JOS),
Kaduna,Kaduna (KAD),
Kainji National Park,Ilorin (ILR),
Kano,Kano (KAN),
Katsina,Kano (KAN),
Lagos,Lagos (LOS),
Maiduguri,Maroua (MVR),
Makurdi,Enugu (ENU),
Minna,Abuja (ABV),
Mubi,Garoua (GOU),
Nnamdi Azikiwe International Airport,Abuja (ABV),
Nnewi,Imo (QOW),
Ogbomosho,Ilorin (ILR),
Okene,Benin (BNI),
Okomu National Park,Benin (BNI),
Okpogho,Enugu (ENU),
Ondo,Benin (BNI),
Onitsha,Enugu (ENU),
Oshogbo,Ilorin (ILR),
Owerri,Imo (QOW),
Owo,Benin (BNI),
Oyo,Ibadan (IBA),
Port Harcourt,Port Hartcourt (PHC),
Port Hartcourt,,
Sagamu,Lagos (LOS),
Sapele,Benin (BNI),
Sokoto,Sokoto (SKO),
Suleja,Abuja (ABV),
Ugep,Enugu (ENU),
Umuahia,Imo (QOW),
Warri,Osubi (QRW),
Zaria,Kaduna (KAD),
1999 Birthday Honours,,
Alofi,Alofi (IUE),
Hikutavake,Alofi (IUE),
Hunuki Hunukitama,,
John Pule,,
Anson Bay,Norfolk Island (NLK),
Bumboras,Norfolk Island (NLK),
Kingston,Norfolk Island (NLK),
"Kingston, Norfolk Island",,
Norfolk Island,,
Steeles Point,Norfolk Island (NLK),
Chagang,Baishan (NBS),
Changgang-gun,Baishan (NBS),
Chasong County,Baishan (NBS),
Hoeyang County,Sokcho / Gangneung (YNY),
Kaesong,Seoul (GMP),
Kanggye,Baishan (NBS),
Kangwon,Pyongyang (FNJ),
"Kangwon Province, North Korea",Pyongyang (FNJ),
Najin,,
Namp'o,Pyongyang (FNJ),
North Hamgyong,Yanji (YNJ),
North Hwanghae,Pyongyang (FNJ),
North P'yongan,Pyongyang (FNJ),
Pyongyang,Pyongyang (FNJ),
South Hamgyong,Yanji (YNJ),
South Hwanghae,Pyongyang (FNJ),
South P'yongan,Dandong (DDG),
Yanggang,,
Galičica National Park,Kastoria (KSO),
Mavrovo National Park,Tirana (TIA),Skopje Train Station
Pelister National Park,Kastoria (KSO),
Prespa National Park,Kastoria (KSO),
Šar Planina National Park,Pristina (PRN),Skopje Train Station
Sharr Mountains National Park,Pristina (PRN),Skopje Train Station
Skopje,Skopje (SKP),Skopje Train Station
Rota,,
Saipan,Saipan (SPN),
"Saipan, Northern Mariana Islands",,
Abelvaer,Rørvik (RVK),
Adalsbruk,Oslo (OSL),
Adland,Bergen (BGO),
Agotnes,Bergen (BGO),
Agskardet,Mo i Rana (MQN),
Aker,Oslo (OSL),
Akkarfjord,Hammerfest (HFT),
Akrehamn,Haugesund (HAU),
Al,Oslo (OSL),
Alen,,
Algard,Stavanger (SVG),
Almas,,
Alta,Alta (ALF),
Alvdal,Roros (RRS),
Amli,Kristiansand (KRS),
Amot,Oslo (OSL),
Ana-Sira,Stavanger (SVG),
Anárjohka National Park,Ivalo (IVL),
Andalsnes,Molde (MOL),
Ånderdalen National Park,Andoya (ANX),
Bergen,Bergen (BGO),
Blåfjella–Skjækerfjella National Park,Namsos (OSY),
Breheimen National Park,Sogndal (SOG),
Dovre National Park,Roros (RRS),
Dovrefjell–Sunndalsfjella National Park,Kristiansund (KSU),
Færder National Park,Sandefjord (TRF),
Folgefonna National Park,Stord (SRP),
Forlandet National Park,Svalbard (LYR),
Forollhogna National Park,Roros (RRS),
Fulufjellet National Park,Mora (MXX),
Gutulia National Park,Roros (RRS),
Hallingskarvet National Park,Sogndal (SOG),
Hardangervidda National Park,Sogndal (SOG),
Indre Wijdefjorden National Park,Svalbard (LYR),
Jomfruland National Park,Skien (SKE),
Jostedalsbreen National Park,Sandane (SDN),
Jotunheimen National Park,Fagernes (VDB),
Junkerdal National Park,Bodo (BOO),
Láhko National Park,Bodo (BOO),
Lierne National Park,Namsos (OSY),
Lofotodden National Park,Leknes (LKN),
Lomsdal–Visten National Park,Bronnoysund (BNN),
Møysalen National Park,Stokmarknes (SKN),
Nordenskiöld Land National Park,Svalbard (LYR),
Nordre Isfjorden National Park,Svalbard (LYR),
Nordvest-Spitsbergen National Park,Svalbard (LYR),
Oslo,Oslo (OSL),
Øvre Pasvik National Park,Kirkenes (KKN),
Raet National Park,Kristiansand (KRS),
Rago National Park,Bodo (BOO),
Reinheimen National Park,Molde (MOL),
Rohkunborri National Park,Bardufoss (BDU),
Rondane National Park,Fagernes (VDB),
Saltfjellet–Svartisen National Park,Mo i Rana (MQN),
Seiland National Park,Hammerfest (HFT),
Sjunkhatten National Park,Bodo (BOO),
Sør-Spitsbergen National Park,Svalbard (LYR),
Stavanger,Stavanger (SVG),
Trondheim,Trondheim (TRD),
Van Mijenfjorden National Park,Svalbard (LYR),
Ytre Hvaler National Park,Sandefjord (TRF),
Arad,Al Ain (AAN),
Aristică Cioabă,,
As Seeb,Muscat (MCT),
Bacau,,
Bawshar,Muscat (MCT),
Braila,,
Brasov,,
Cluj-Napoca,,
Constanta,,
Craiova,,
Galati,,
Iasi,,
Muscat,,
Mutrah,Muscat (MCT),
Oradea,,
Pitesti,,
Ploiesti,,
Salalah,Salalah (SLL),
Sibiu,,
Timisoara,,
Ayub National Park,Islamabad (ISB),Rawalpindi railway station
Ayubia National Park,Islamabad (ISB),Islamabad railway station
Bahawalnagar,Faisalabad (LYP),
Bahawalpur,Bahawalpur (BHV),Bahawalpur railway station
Broghil Valley National Park,Gilgit (GIL),
Burewala,Multan (MUX),
Central Karakoram National Park,Skardu (KDU),
Chiniot,Faisalabad (LYP),Faisalabad Railway Station
Chinji National Park,Islamabad (ISB),Jhalar railway station
Chitral Gol National Park,Chitral (CJL),
Dera Ghazi Khan,Dera Ghazi Khan (DEA),Multan Cantonment railway station
Deva Vatala National Park,Sialkot (SKT),Sialkot Junction railway station
Fairy Meadows National Park,Gilgit (GIL),
Faisalabad,Faisalabad (LYP),Faisalabad Railway Station
Gojra,Faisalabad (LYP),Faisalabad Railway Station
Gujranwala,Sialkot (SKT),Gujranwala railway station
Gujrat,Sialkot (SKT),Gujranwala railway station
Gurez 'musk deer' National Park,Srinagar (SXR),Baramulla railway station
Hafizabad,Sialkot (SKT),Gujranwala railway station
Himalaya National Park,Skardu (KDU),
Hundrap-Shandur National Park,Chitral (CJL),
"Hyderabad, Pakistan",Karachi (KHI),Hyderabad Junction railway station
ISLAMABAD,Islamabad (ISB),Islamabad railway station
Jacobabad,Sukkur (SKZ),
Jhang,Faisalabad (LYP),Faisalabad Railway Station
Jhelum,Sialkot (SKT),Gharibwal railway station
Kala Chitta National Park,Islamabad (ISB),Jhalar railway station
Kamoke,Lahore (LHE),Gujranwala railway station
Karachi,Karachi (KHI),Karachi Cantonment Railway Station
Kasur,Lahore (LHE),Lahore Junction Railway Station
Khanewal,Multan (MUX),Multan City railway station
Khanpur,Rahim Yar Khan (RYK),
Kheri Murat National Park,Islamabad (ISB),Rawalpindi railway station
Kohat,Peshawar (PEW),Peshawar Cantonment railway station
Lahore,Lahore (LHE),Lahore Junction Railway Station
Larkana,Moenjodaro (MJD),
Manglot National Park,Gilgit (GIL),
Mangora,,
Mardan,Peshawar (PEW),Peshawar Cantonment railway station
Margalla Hills National Park,Islamabad (ISB),Islamabad railway station
Mirpur Khas,Karachi (KHI),Hyderabad Junction railway station
Multan,Multan (MUX),Multan City railway station
Muridke,Lahore (LHE),Lahore Junction Railway Station
Murree-Kotli Sattian-Kahuta National Park,Islamabad (ISB),Islamabad railway station
Muzaffargharh,Multan (MUX),Multan Cantonment railway station
Nawabshah,Moenjodaro (MJD),
Okara,Faisalabad (LYP),Faisalabad Railway Station
Pakpattan,Faisalabad (LYP),
Panjal Mastan National Park,Islamabad (ISB),Baramulla railway station
Peshawar,Peshawar (PEW),Peshawar Cantonment railway station
Quetta,Quetta (UET),Quetta railway station
Rahimyar Khan,,
Rawalpindi,Islamabad (ISB),Rawalpindi railway station
Sadiqabad,Rahim Yar Khan (RYK),
Sahiwal,Faisalabad (LYP),
Saiful Malook National Park,Gilgit (GIL),
Saiful Muluk National Park,Gilgit (GIL),
Salt Range National Park,Islamabad (ISB),Gharibwal railway station
Sargodha,Faisalabad (LYP),
Shakkarpur,,
Shandur National Park,Chitral (CJL),
Shandur-Hundrup National Park,Chitral (CJL),
Sheikh Badin National Park,Dera Ismael Khan (DSK),
Sheikhu Pura,Lahore (LHE),Lahore Junction Railway Station
Sialkote,Sialkot (SKT),Sialkot Junction railway station
Sukkur,Sukkur (SKZ),
Tilla Reserve National Park,Islamabad (ISB),Gharibwal railway station
Toli Pir National Park,Srinagar (SXR),Baramulla railway station
Turbat,,
Wah Cantonment,Islamabad (ISB),Islamabad railway station
Airai,Babelthuap (ROR),
Federated States of Micronesia,Pohnpei (PNI),
Hatohobei,Sorong (SOQ),
Index of Palau-related articles,Babelthuap (ROR),
Kloulklubed,Babelthuap (ROR),
Koror,Babelthuap (ROR),
Melekeok (capital),Babelthuap (ROR),
Meyuns,Babelthuap (ROR),
Ministry of Education (Palau),Babelthuap (ROR),
Modekngei,,
Ngebuked,Babelthuap (ROR),
Outline of Palau,Babelthuap (ROR),
Ramallah,Tel-aviv (TLV),Lod railway station
Aguadulce,Panama (PAC),
Albrook,Panama (PAC),
Altos de Campana National Park,Panama (PAC),
Ancon,Panama (PAC),
Arosemena,,
Arraijan,Panama (PAC),
Balboa,,
Bella Vista,Panama (PAC),
Bocas del Toro,Bocas Del Toro (BOC),
Boquete,David (DAV),
Bugaba,David (DAV),
Calidonia,Panama (PAC),
Campo Alegre,Panama (PAC),
Cerro Viento,Panama City (PTY),
Changuinola,,
Chigore,Panama (PAC),
Coclé Province,Panama (PAC),
Coiba National Park,David (DAV),
Corozal American Cemetery and Memorial,Panama (PAC),
Cristóbal,Panama (PAC),
Curundú,Panama (PAC),
David,,
"David, Chiriquí",David (DAV),
Las Cruces Trail National Park,Panama (PAC),
Metropolitan National Park,Panama (PAC),
"Omar Torrijos ""El Cope"" National Park",Panama (PAC),
Panama,,
Panama City,,
Sarigua National Park,Panama (PAC),
Soberanía National Park,Panama (PAC),
Aitape,Vanimo (VAI),
Arawa,Choiseul Bay (CHY),
Daru,Daru (DAU),
Goroka,Goroka (GKA),
Kavieng,Kavieng (KVG),
Kerema,Nadzab (LAE),
Kikori,,
Kimbe,Hoskins (HKN),
Kiunga,Kiunga (UNG),
Kokopo,Tokua (RAB),
Kundiawa,Kundiawa (CMU),
Kupano,,
Lae,Nadzab (LAE),
Local-level governments of Papua New Guinea,,
Lorengau,Momote (MAS),
Madang,Madang (MAG),
Mendi,Mendi (MDU),
Mount Hagen,Mount Hagen (HGU),
PORT MORESBY,Port Moresby (POM),
Wewak,,
Asunción,Asuncion (ASU),
Ayolas,Posadas (PSS),
Boqueron,Yacuiba (BYC),
Capiatá,Asuncion (ASU),
Cerro Cora National Park,Dourados (DOU),
Chore,,
Ciudad del Este,Foz Do Iguacu (IGU),
Colonia Mariano Roque Alonso,Asuncion (ASU),
Coronel Oviedo,Asuncion (ASU),
Fernando de la Mora,Asuncion (ASU),
Fuerte Olimpo,Bointo (BYO),
Hernandarias,Ciudad del Este (AGT),
Hohenau,Posadas (PSS),
Independencia,Asuncion (ASU),
La Paz,Posadas (PSS),
Lambaré,Asuncion (ASU),
Limpio,Asuncion (ASU),
Loma Plata,Bointo (BYO),
Luque,Asuncion (ASU),
"National Parks in the Chaco, Paraguay",Bointo (BYO),
Nemby,Asuncion (ASU),
Presidente Franco,Foz Do Iguacu (IGU),
Salto del Guaira,Cascavel (CAC),
San Lorenzo,Asuncion (ASU),
Ybycuí National Park,Asuncion (ASU),
Abancay,Andahuaylas (ANS),
Arequipa,Arequipa (AQP),
Ate,Lima (LIM),
Ayacucho,Ayacucho (AYP),
Bagua,Cajamarca (CJA),
Barranca,Anta (ATA),
Barranco,Lima (LIM),
Bellavista,Lima (LIM),
Bolivar,,
Cajamarca,Cajamarca (CJA),
Callao,Lima (LIM),
Calle,,
Caras,,
Cerro de Pasco,Huánuco (HUU),
Chachapoyas,Cajamarca (CJA),
Chiclayo,Chiclayo (CIX),
Chimbote,Anta (ATA),
Chincha,Lima (LIM),
Chincha Alta,Lima (LIM),
Cusco,Cuzco (CUZ),
Cuzco,Cuzco (CUZ),
Huancayo,Ayacucho (AYP),
Huánuco,Huánuco (HUU),
Huaraz,Anta (ATA),
Ica,Ayacucho (AYP),
Iquitos,Iquitos (IQT),
Juliaca,Juliaca (JUL),
Lima,Lima (LIM),
Lima Peru Temple,Lima (LIM),
Pisco,Lima (LIM),
Piura,Piura (PIU),
Pucallpa,Pucallpa (PCL),
Puno,Juliaca (JUL),
Sullana,Piura (PIU),
Tacna,Tacna (TCQ),
Tarapoto,Tarapoto (TPP),
Trujillo,Trujillo (TRU),
Angeles,Angeles City (CRK),
Angeles City,,
Antipolo,Manila (MNL),
Bacolod,Bacolod (BCD),
Bacoor City,Manila (MNL),
Baguio,Cauayan (CYZ),
Basilan,Zamboanga (ZAM),
Cagayan de Oro,Ladag (CGY),
Calamba,Manila (MNL),
Caloocan,Manila (MNL),
Cebu,Cebu (CEB),
Dasmariñas,Manila (MNL),
Davao,Davao (DVO),
General Santos,General Santos City (GES),
General Santos City,,
Iligan,Ladag (CGY),
Iloilo,Iloilo (ILO),
Kalookan,Manila (MNL),
Laoag,,
Lapu-Lapu,Cebu (CEB),
Las Piñas,Manila (MNL),
Makati,Manila (MNL),
Malabon,Manila (MNL),
Mandaluyong,Manila (MNL),
Mandaue,Cebu (CEB),
MANILA,Manila (MNL),
Marikina,Manila (MNL),
Muntinlupa,Manila (MNL),
Paranaque,Manila (MNL),
Pasay,Manila (MNL),
Pasig,Manila (MNL),
Quezon City,Manila (MNL),
San Jose Del Monte,Manila (MNL),
Taguig,Manila (MNL),
Tarlac,Angeles City (CRK),
Valenzuela,Manila (MNL),
Zamboanga,Zamboanga (ZAM),
Adamstown,Totegegie (GMR),
Adama,Krakow (KRK),Kraków Główny railway station
Alwernia,Krakow (KRK),Kraków Główny railway station
Andrespol,Warsaw (WAW),Łódź Widzew railway station
Andrychow,Krakow (KRK),Main Train Station in Bielsko-Biała
Anin,,
Annopol,Lublin (LUZ),Radom Główny railway station
Arkadia,Warsaw (WAW),Warsaw Central railway station
Babienica,Katowice (KTW),Częstochowa Stradom train station
Babimost,Poznan (POZ),Zielona Góra railway station
Baborow,Ostrava (OSR),Gliwice railway station
Baboszewo,Warsaw (WMI),Warsaw Central railway station
Balice,Krakow (KRK),Kraków Główny railway station
Banino,Gdansk (GDN),Gdynia Redłowo railway station
Baniocha,Warsaw (WAW),Warsaw Central railway station
Baran,,
Baranow,Rzeszow (RZE),Tarnów train station bombing
Baranowko,Poznan (POZ),
Barciany,Kaliningrad (KGD),Olsztyn Główny railway station
Barcice,Krakow (KRK),Tarnów train station bombing
Barcin,Bydgoszcz (BZG),Bydgoszcz Główna railway station
Barczewo,Kaliningrad (KGD),Olsztyn Główny railway station
Barglowka,,
Barlinek,Szczecin (SZZ),Gorzów Wielkopolski railway station
Bartoszyce,Kaliningrad (KGD),Kaliningrad Railway station
Baruchowo,Warsaw (WMI),Włocławek railway station
Barwice,Szczecin (SZZ),Koszalin railway station
Bazanowka,Rzeszow (RZE),
Beblo,Krakow (KRK),Kraków Główny railway station
Bedkow,,
Bejsce,Krakow (KRK),Tarnów train station bombing
Belk,,
Belsk Duzy,Warsaw (WAW),Warsaw Central railway station
Belsznica,Ostrava (OSR),Gliwice railway station
Bestwina,Krakow (KRK),Main Train Station in Bielsko-Biała
Bestwinka,Krakow (KRK),Main Train Station in Bielsko-Biała
Biala,Krakow (KRK),Main Train Station in Bielsko-Biała
Bialobrzegi,Warsaw (WAW),Radom Główny railway station
Bialy Dunajec,Krakow (KRK),Kraków Główny railway station
Bialystok,Warsaw (WAW),Białystok railway station
Bibice,Krakow (KRK),Kraków Główny railway station
Biecz,Rzeszow (RZE),Tarnów train station bombing
Biedrusko,Poznan (POZ),
Bielany,,
Bielany Wroclawskie,Wroclaw (WRO),Wrocław Main Railway Station
Bielawa,Wroclaw (WRO),Wałbrzych Główny train station
Bielawy,Warsaw (WMI),Radegast railway station
Bielcza,Krakow (KRK),Tarnów train station bombing
Bieliny,,
Bielkowo,,
Bielsk,,
Bielsk Podlaski,Warsaw (WAW),Białystok railway station
Bielsko-Biala,Krakow (KRK),Main Train Station in Bielsko-Biała
Bierun,,
Bierun Nowy,Katowice (KTW),Tychy railway station
Bierutow,Wroclaw (WRO),Wrocław Main Railway Station
Biesiekierz,Szczecin (SZZ),Koszalin railway station
Biezanow-Prokocim,Krakow (KRK),Kraków Główny railway station
Bydgoszcz,Bydgoszcz (BZG),Bydgoszcz Główna railway station
Bytom,Katowice (KTW),Gliwice railway station
Chorzów,Katowice (KTW),Tychy railway station
Czestochowa,Katowice (KTW),Częstochowa railway station
Dabrowa Górnicza,Katowice (KTW),Tychy railway station
Elblag,Gdansk (GDN),Gdańsk Główny railway station
Gdansk,Gdansk (GDN),Gdańsk Główny railway station
Gdynia,Gdansk (GDN),Gdynia Główna railway station
Gliwice,Katowice (KTW),Gliwice railway station
Gorzów Wielkopolski,Szczecin (SZZ),Gorzów Wielkopolski railway station
Grudziadz,Bydgoszcz (BZG),Toruń Główny railway station
Jastrzebie-Zdrój,Ostrava (OSR),Tychy railway station
Kalisz,Wroclaw (WRO),
Katowice,Katowice (KTW),Tychy railway station
Kielce,Krakow (KRK),Kielce train station
Koszalin,Szczecin (SZZ),Koszalin railway station
Kraków,Krakow (KRK),Kraków Główny railway station
Legnica,Wroclaw (WRO),Wałbrzych Główny train station
Lódz,Warsaw (WMI),Łódź Fabryczna railway station
Lublin,Lublin (LUZ),
Olsztyn,Kaliningrad (KGD),Olsztyn Główny railway station
Opole,Katowice (KTW),Opole Główne railway station
Plock,Warsaw (WMI),Włocławek railway station
Poznan,Poznan (POZ),
Radom,Warsaw (WAW),Radom Główny railway station
Ruda Slaska,Katowice (KTW),Gliwice railway station
Rybnik,Ostrava (OSR),Gliwice railway station
Rzeszów,Rzeszow (RZE),Tarnów train station bombing
Slupsk,Gdansk (GDN),Słupsk railway station
Sosnowiec,Katowice (KTW),Tychy railway station
Szczecin,Szczecin (SZZ),
Tarnów,Rzeszow (RZE),Tarnów train station bombing
Torun,Bydgoszcz (BZG),Toruń Główny railway station
Tychy,Katowice (KTW),Tychy railway station
Walbrzych,Wroclaw (WRO),Wałbrzych Główny train station
Warsaw,Warsaw (WAW),Warsaw Central railway station
Wloclawek,Bydgoszcz (BZG),Włocławek railway station
Wroclaw,Wroclaw (WRO),Wrocław Main Railway Station
Zabrze,Katowice (KTW),Gliwice railway station
Zielona Góra,Poznan (POZ),Zielona Góra railway station
Abobada,,
Abrantes,Lisbon (LIS),
Acores,Sao Jorge Island (SJZ),
Aguada de Cima,Porto (OPO),Campanhã railway station
Agualva,Lisbon (LIS),Mira Sintra-Meleças train station
Agucadoura,Porto (OPO),São Bento railway station
Aguiar da Beira Municipality,Porto (OPO),
Alandroal,Badajoz (BJZ),Badajoz Railway Station
Albergaria-a-Velha,Porto (OPO),Campanhã railway station
Algarve,Faro (FAO),Portimão railway station
Almada,Lisbon (LIS),Mira Sintra-Meleças train station
Amadora,Lisbon (LIS),Mira Sintra-Meleças train station
Azores,Sao Jorge Island (SJZ),
Braga,Porto (OPO),Campanhã railway station
Coimbra,Porto (OPO),
Funchal,Funchal (FNC),
LISBOA,Lisbon (LIS),Mira Sintra-Meleças train station
Lisbon,Lisbon (LIS),Mira Sintra-Meleças train station
Madeira,Funchal (FNC),
Peneda-Gerês National Park,Vigo (VGO),Vigo railway station
Porto,Porto (OPO),São Bento railway station
Setubal,Lisbon (LIS),Mira Sintra-Meleças train station
Sintra,Lisbon (LIS),Sintra train station
Vila Nova de Gaia,Porto (OPO),São Bento railway station
"Adjuntas, Puerto Rico",Ponce (PSE),
Aguada,Aguadilla (BQN),
Aguadilla,Aguadilla (BQN),
Aguas Buenas,San Juan (SJU),
Aibonito,Ponce (PSE),
Anasco,Mayaguez (MAZ),
Arecibo,Aguadilla (BQN),
Arroyo,San Juan (SJU),
Bajadero,Aguadilla (BQN),
Barceloneta,Ponce (PSE),
Barranquitas,Ponce (PSE),
Bayamón,San Juan (SJU),
Boqueron,Mayaguez (MAZ),
Cabo Rojo,Mayaguez (MAZ),
Caguas,San Juan (SJU),
"Camuy, Puerto Rico",Ponce (PSE),
Carolina,San Juan (SJU),
Guaynabo,San Juan (SJU),
Ponce,Ponce (PSE),
San Juan,San Juan (SJU),
Ad Dawhah,Doha (DOH),
Al Ghuwariyah,Doha (DOH),
Al Ghuwayriyah,Doha (DOH),
Al Jemailiya,Doha (DOH),
Al Jumayliyah,Doha (DOH),
Al Khawr,,
Al Rayyan,,
Al-Khoor,Bahrain (BAH),
Al-Wakrah,Doha (DOH),
Ar Rayyan,Doha (DOH),
Ash Shīḩānīyah,Doha (DOH),
DOHA,Doha (DOH),
Jarayan al Batinah,,
Madinat ash Shamal,Bahrain (BAH),
Mesaieed,Doha (DOH),
Musay‘īd,Doha (DOH),
Umm Bāb,Doha (DOH),
Brazzaville,Brazzaville (BZV),
"Hôtel de Ville, La Possession",St.-denis (RUN),
"Hôtel de Ville, Saint-Benoît, Réunion",St.-denis (RUN),
"Le Port, Réunion",St.-denis (RUN),
Le Tampon,St.-pierre (ZSE),
Piton Saint-Leu,St.-pierre (ZSE),
Réunion,St.-denis (RUN),
SAINT-DENIS,St.-denis (RUN),
"Saint-Denis, Réunion",St.-denis (RUN),
"Saint-Leu, Réunion",St.-denis (RUN),
"Saint-Louis, Réunion",St.-denis (RUN),
Saint-Paul,St.-denis (RUN),
Saint-Pierre,St.-pierre (ZSE),
"Sainte-Marie, Réunion",St.-denis (RUN),
Adjud,Iasi (IAS),Bacău railway station
Afumati,Bucharest (OTP),Bucharest North railway station
Agnita,Sibiu (SBZ),Sibiu railway station
Aiud,Cluj-napoca (CLJ),Sibiu railway station
Alba,Sibiu (SBZ),Sibiu railway station
Alba Iulia,Sibiu (SBZ),Sibiu railway station
Arad,Arad (ARW),Timișoara Nord railway station
Bacau,Iasi (IAS),Bacău railway station
Baia Mare,Baia Mare (BAY),
Botosani,Iasi (IAS),Suceava railway station
Braila,Constanta (CND),Galați railway station
Brasov,Sibiu (SBZ),Brașov railway station
Bucharest,Bucharest (OTP),Bucharest North railway station
Buzau,Bucharest (OTP),
Cluj-Napoca,Cluj-napoca (CLJ),
Constanta,Constanta (CND),Constanța Railway Station
Craiova,Craiova (CRA),Craiova railway station
Drobeta Turnu-Severin,Craiova (CRA),
Focsani,Bucharest (OTP),Galați railway station
Galati,Constanta (CND),Galați railway station
Iasi,Iasi (IAS),Iași railway station
Oradea,Oradea (OMR),
Piatra Neamt,Iasi (IAS),Bacău railway station
Pitesti,Craiova (CRA),
Ploiesti,Bucharest (OTP),Bucharest North railway station
Rimnicu Vilcea,Sibiu (SBZ),Sibiu railway station
Satu-Mare,Satu Mare (SUJ),
Sibiu,Sibiu (SBZ),Sibiu railway station
Suceava,Iasi (IAS),Suceava railway station
Timisoara,Timisoara (TSR),Timișoara Nord railway station
Tirgu-Mures,Tirgu Mures (TGM),
Angarsk,Irkutsk (IKT),Irkutsk railway station
Arkhangelsk,Arkhangelsk (ARH),
Armavir,Stavropol (STW),
Astrakhan,Astrakhan (ASF),
Balakovo,Saratov (RTW),
Balashikha,Moscow (SVO),
Barnaul,Barnaul (BAX),
Belgorod,Belgorod (EGO),Kharkiv-Pasazhyrskyi railway station
Biisk,Gorno-Altaysk (RGK),
Blagoveshchensk,Heihe (HEK),
Bratsk,Bratsk (BTK),
Bryansk,Kursk (URS),
Cheboksary,Cheboksary (CSY),
Chelyabinsk,Chelyabinsk (CEK),
Cherepovets,Cherepovets (CEE),
Chita,Chita (HTA),
Dzerzhinsk,Nizhniy Novgorod (GOJ),Nizhny Novgorod railway station
Ekaterinburg,Yekaterinburg (SVX),Old Train Station in Yekaterinburg
Engels,Saratov (RTW),
Groznyi,,
Irkutsk,Irkutsk (IKT),Irkutsk railway station
Ivanovo,Yaroslavl (IAR),
Izhevsk,Izhevsk (IJK),
Kaliningrad,Kaliningrad (KGD),Kaliningrad North railway station
Kaluga,Moscow (VKO),
Kazan,Kazan (KZN),
Kemerovo,Kemorovo (KEJ),
Khabarovsk,Khabarovsk (KHV),
Khimki,Moscow (SVO),
Kirov,Kirov (KVX),
Kogalym,,
Komsomolsk-na-Amure,Khabarovsk (KHV),
Korolev,,
Kostroma,Yaroslavl (IAR),Yaroslavl railway station
Kovrov,Yaroslavl (IAR),
Krasnodar,Krasnodar (KRR),Krasnodar-1 railway station
Krasnoyarsk,Krasnoyarsk (KJA),Krasnoyarsk railway station
Kurgan,Kurgan (KRO),
Kursk,Murmansk (MMK),
Lipetsk,Voronezh (VOZ),
Lyubertsy,Moscow (DME),
Magnitogorsk,Magnetiogorsk (MQF),
Makhachkala,Makhachkala (MCX),
Moscow,Moscow (SVO),
Moskva-City,Odessa (ODS),
Murmansk,Murmansk (MMK),
Naberezhnye Tchelny,Nizhnekamsk (NBC),
Naltchik,Beslan (OGZ),
Nizhnekamsk,Nizhnekamsk (NBC),
Nizhnevartovsk,Nizhnevartovsk (NJC),
Nizhny Novgorod,Nizhniy Novgorod (GOJ),Nizhny Novgorod railway station
Nizhny Tagil,Yekaterinburg (SVX),
Norilsk,Norilsk (NSK),
Novokuznetsk,Novokuznetsk (NOZ),
Novorossiysk,Gelendzik (GDZ),Novorossiysk Railway station
Novosibirsk,Novosibirsk (OVB),Novosibirsk Main railway station
Omsk,Omsk (OMS),Omsk railway station
Orel,Kursk (URS),
Orenburg,Orenburg (REN),
Orsk,Orsk (OSW),
Penza,Penza (PEZ),
Perm,Perm (PEE),
Petropavlovsk-Kamchatsky,Petropavlovsk (PKC),
Petrozavodsk,Petrozavodsk (PES),
Podolsk,Moscow (DME),
Prokopyevsk,Novokuznetsk (NOZ),
Pskov,Tartu (TAY),
Rostov-na-Donu,Rostov (ROV),
Ryazan,Moscow (DME),
Rybinsk,Yaroslavl (IAR),Yaroslavl railway station
Samara,Samara (KUF),
Saransk,Saransk (SKX),Saransk railway station
Saratov,Saratov (RTW),
Severodvinsk,Arkhangelsk (ARH),
Shakhty,Rostov (ROV),
Smolensk,Minsk 2 (MSQ),Smolensk railway station
Sochi,Sochi (AER),Sochi train station
St. Petersburg,St. Petersburg (LED),
Stary Oskol,Voronezh (VOZ),
Stavropol,Stavropol (STW),
Sterlitamak,Ufa (UFA),
Surgut,Surgut (SGC),
Syktivkar,Syktyvkar (SCW),
Syzran,Samara (KUF),
Taganrog,Rostov (ROV),
Tambov,Tambow (TBW),
Tolyatti,Samara (KUF),
Tomsk,Tomsk (TOF),Tomsk-2 Railway station
Tula,Moscow (DME),
Tver,Moscow (SVO),
Tyumen,Tyumen (TJM),Tyumen railway station
Ufa,Ufa (UFA),
Ulan-Ude,Ulan-ude (UUD),Ulan-Ude railway station
Ulyanovsk,Ulyanovsk (ULV),
Velikiy Novgorod,,
Vladikavkaz,Beslan (OGZ),Vladikavkaz railway station
Vladimir,Yaroslavl (IAR),
Vladivostok,Vladivostok (VVO),Vladivostok railway station
Volgograd,Volgograd (VOG),Volgograd railway station
Vologda,Cherepovets (CEE),Vologda II railway station
Volzhsky,Volgograd (VOG),Volgograd railway station
Voronezh,Voronezh (VOZ),Voronezh I Railway station
Yakutsk,Yakutsk (YKS),
Yaroslavl,Yaroslavl (IAR),Yaroslavl railway station
Yekaterinburg-City,Yekaterinburg (SVX),Old Train Station in Yekaterinburg
Yoshkar-Ola,Cheboksary (CSY),
Yuzhno-Sakhalinsk,Yuzhno-sakhalinsk (UUS),Yuzhno-Sakhalinsk railway station
Butare,Kigali (KGL),
Byumba,Kigali (KGL),
Cyangugu,Kamembe (KME),
"Eglise Catholique, Centrale GIKO",,
Gikongoro,Kamembe (KME),
Gisenyi,Goma (GOM),
Gitarama,Kigali (KGL),
Kibungo,Kigali (KGL),
Kibuye,Goma (GOM),
Kigali,Kigali (KGL),
Kigali Rurale,,
Kigali-ville,Kigali (KGL),
Musanze,Goma (GOM),
Nzega,Mwanza (MWZ),
Ruhengeri,Goma (GOM),
Rwamagana,Kigali (KGL),
Umutara,,
Gustavia,Gustavia (SBH),
Jamestown,,
BASSETERRE,Basse Terre (SKB),
Cayon,Basse Terre (SKB),
Charlestown,Charlestown (NEV),
Dieppe Bay Town,Basse Terre (SKB),
Gingerland,,
Market Shop,Basse Terre (SKB),
Newcastle,Basse Terre (SKB),
Nicola Town,Basse Terre (SKB),
Saint Kitts and Nevis,Basse Terre (SKB),
Anse La Raye,Castries (SLU),
Au Tabor,Castries (SLU),
Babonneau,Castries (SLU),
Bocage,,
Canaries,Castries (SLU),
Castries,Castries (SLU),
Castries - Capital,Castries (SLU),
Choiseul,Hewandorra (UVF),
Dennery District,,
Districts of Saint Lucia,,
Gros Islet,Castries (SLU),
Gros Islet District,Castries (SLU),
Hewandorra,,
Micoud District,Hewandorra (UVF),
"Mon Repos, Saint Lucia",,
Pitons (Saint Lucia),Hewandorra (UVF),
Ravine Poisson,Castries (SLU),
Tourat,Castries (SLU),
Marigot,Philipsburg (SXM),
Geography of Saint Pierre and Miquelon,St.-pierre (FSP),
SAINT-PIERRE,St.-pierre (FSP),
Adelphi,,
Arnos Vale,,
Ashton,,
Barrouallie,Kingstown (SVD),
Bednoe,Kingstown (SVD),
Calder,Kingstown (SVD),
Chapmans,Kingstown (SVD),
Geography of Saint Vincent and the Grenadines,,
Hurricane Beryl,,
Kingstown,Kingstown (SVD),
A'ana,Faleolo (APW),
Aiga-i-le-Tai,Faleolo (APW),
Apia,Faleolo (APW),
Architecture of Samoa,Faleolo (APW),
Districts of Samoa,,
Faʻamatai,,
Faleolo,,
Gagaʻifomauga,Faleolo (APW),
ʻAva ceremony,,
Lake Lanoto'o National Park,Faleolo (APW),
Legislative Assembly of Samoa,,
Lotofagā,Faleolo (APW),
Nofoali‘i,Faleolo (APW),
Pago Pago,Pago Pago (PPG),
Samoan Islands,Pago Pago (PPG),
Tui Ātua Tupua Tamasese Efi,,
Acquaviva,Rimini (RMI),Rimini railway station
Borgo Maggiore,Rimini (RMI),Rimini railway station
City of San Marino,Rimini (RMI),Rimini railway station
Domagnano,Rimini (RMI),Rimini railway station
Faetano,Rimini (RMI),Rimini railway station
Falciano,Rimini (RMI),Rimini railway station
Fiorentino,Rimini (RMI),Rimini railway station
Monte Giardino,,
Poggio di Chiesanuova,Rimini (RMI),Rimini railway station
Rimini–San Marino railway,Rimini (RMI),Rimini railway station
Serravalle,Rimini (RMI),Rimini railway station
Praia,,
São Tomé,Sao Tome (TMS),
Abha,Abha (AHB),
Abqaiq,Dammam (DMM),Dammam railway station
Ad-Dammam,Dammam (DMM),Dammam railway station
Al Bahah,El-baha (ABT),
Al Faruq,Riyadh (RUH),
Al Majāridah,Bisha (BHH),
Al Mindak,,
Al Qatif,Dammam (DMM),Dammam railway station
Al Yamamah,Riyadh (RUH),
Al-Hawiyah,Taif (TIF),
Al-Hufuf,Al-ahsa (HOF),
Al-Jubayl,Dammam (DMM),Dammam railway station
Al-Kharj,Riyadh (RUH),
Al-Khubar,,
Al-Madinah,Madinah (MED),
Al-Mubarraz,,
Al-Qurrayyat,,
An Nimāş,,
Ar'ar,,
At Tuwal,,
At-Ta'if,Taif (TIF),
Ath-Thuqbah,Bahrain (BAH),Dammam railway station
Buraidah,Gassim (ELQ),
Buraydah,Gassim (ELQ),
Dammam,Dammam (DMM),Dammam railway station
Dhahran,Dammam (DMM),Dammam railway station
Ha'il,Hail (HAS),
Hafar al-Batin,Hafr Al-batin (AQI),
Hayil,,
Jazirah,,
Jeddah,Jeddah (JED),
Jiddah,Jeddah (JED),
Jizan,Gizan (GIZ),
Jubail,Dammam (DMM),Dammam railway station
Khamis Mushait,,
Khamis Mushayt,Abha (AHB),
Khobar,Bahrain (BAH),Dammam railway station
Khulays,Jeddah (JED),
Linah,,
Madinat Yanbu` as Sina`iyah,Yenbo (YNB),
Makkah,Taif (TIF),
Mecca,Taif (TIF),
Medina,Madinah (MED),
Mina,Taif (TIF),
Najran,Nejran (EAM),
Qal‘at Bīshah,Bisha (BHH),
Qurayyat,Guriat (URY),
Rabigh,Jeddah (JED),
Rahimah,,
Rahman,,
Ramdah,,
Ras Tanura,Dammam (DMM),Dammam railway station
Riyadh,Riyadh (RUH),
Sabt Al Alayah,,
Sabya,,
Safwa,Dammam (DMM),Dammam railway station
Sakaka,,
Sakakah,Al-Jawf (AJF),
Sambah,,
Sayhat,,
Sekaka,,
Tabālah,Bisha (BHH),
Tabuk,Tabuk (TUU),
Unayzah,Dawadmi (DWD),
Yanbu al-Bahr,,
Boussinki,,
Camberene,Dakar (DKR),
Dakar,Dakar (DKR),
Dakar Department,Dakar (DKR),
Diourbel,Dakar (DKR),
Dodji,Dakar (DKR),
Guediawaye,Dakar (DKR),
Guédiawaye Department,Dakar (DKR),
Kaolack,Banjul (BJL),
Kedougou,Conakry (CKY),
Louga,Dakar (DKR),
Madina Kokoun,,
Mbour,,
Mermoz Boabab,,
N’diareme limamoulaye,,
Pikine,Dakar (DKR),
Pikine Department,Dakar (DKR),
Rufisque,Dakar (DKR),
Saint Louis,Dakar (DKR),
Sama,,
Tanaf,,
Thiès,Dakar (DKR),
Ziguinchor,Ziguinchor (ZIG),
Ada,Timisoara (TSR),Subotica railway station
Aleksinac,Pristina (PRN),
Apatin,Osijek (OSI),Subotica railway station
Arilje,Belgrade (BEG),
Avala,Belgrade (BEG),
Bačka Topola,Osijek (OSI),Subotica railway station
Bački Jarak,Belgrade (BEG),Novi Sad railway station
Belgrade,Belgrade (BEG),Novi Sad railway station
BEOGRAD,Belgrade (BEG),Novi Sad railway station
Cacak,Belgrade (BEG),
Kragujevac,Belgrade (BEG),
Kraljevo,Belgrade (BEG),
Kruševac,Pristina (PRN),
Leskovac,Pristina (PRN),
Niš,Pristina (PRN),
Novi Sad,Belgrade (BEG),Novi Sad railway station
Pancevo,Belgrade (BEG),Novi Sad railway station
Šabac,Belgrade (BEG),Novi Sad railway station
Smederevo,Belgrade (BEG),
Subotica,Osijek (OSI),Subotica railway station
Zrenjanin,Belgrade (BEG),Novi Sad railway station
Anse aux Pins,Mahe (SEZ),
Anse Boileau,Mahe (SEZ),
Anse Etoile,Mahe (SEZ),
Anse Intendance,Mahe (SEZ),
Au Cap,Mahe (SEZ),
Baie Saint Anne,Praslin (PRI),
Bel Air,Mahe (SEZ),
Cascade,Mahe (SEZ),
Curieuse Marine National Park,Praslin (PRI),
Districts of Seychelles,Mahe (SEZ),
"English River, Seychelles",Mahe (SEZ),
Geography of Seychelles,Mahe (SEZ),
Ile Coco Marine National Park,Praslin (PRI),
Index of Seychelles-related articles,Mahe (SEZ),
Mahé,Mahe (SEZ),
Morne Seychellois National Park,Mahe (SEZ),
Port Launay Marine National Park,Mahe (SEZ),
Praslin National Park,Praslin (PRI),
Seychelles,,
Ste Anne Marine National Park,Mahe (SEZ),
Victoria,Mahe (SEZ),
"Victoria, Seychelles",Mahe (SEZ),
"Bo, Sierra Leone",,
Evolution of the Portuguese Empire,,
Falaba,,
FREETOWN,Freetown (FNA),
Gbinti,,
Kaima,Freetown (FNA),
Kalewa,,
Koindu,,
Lungi,Freetown (FNA),
Madina,,
Mano,,
"Mitu, Iran",,
Moyamba District,Freetown (FNA),
Port Loko,Freetown (FNA),
Sulima,Monrovia (MLW),
"Tongo, Sierra Leone",,
Wangechi,,
Ang Mo Kio New Town,Singapore (SIN),Tanjong Pagar railway station
Ayer Raja New Town,Bandar Seri Begawan (BWN),
Bedok New Town,Singapore (SIN),Tanjong Pagar railway station
Boon Lay,Singapore (SIN),Tanjong Pagar railway station
Bukit Batok New Town,Singapore (SIN),Tanjong Pagar railway station
Bukit Panjang New Town,Singapore (SIN),Tanjong Pagar railway station
Bukit Timah,,
Bukit Timah Estate,Singapore (SIN),Tanjong Pagar railway station
Changi Village,Singapore (SIN),Tanjong Pagar railway station
Choa Chu Kang New Town,Singapore (SIN),Tanjong Pagar railway station
"Clementi, Singapore",Singapore (SIN),Tanjong Pagar railway station
Holland Village,Singapore (SIN),Tanjong Pagar railway station
Hougang,,
Jurong East New Town,Singapore (SIN),Tanjong Pagar railway station
Jurong Town,Singapore (SIN),Tanjong Pagar railway station
Jurong West New Town,Singapore (SIN),Tanjong Pagar railway station
Kampong Pasir Ris,Singapore (SIN),Tanjong Pagar railway station
"Kembangan, Singapore",Singapore (SIN),Tanjong Pagar railway station
Singapore,,
State of Singapore (Malaysia),Singapore (SIN),Tanjong Pagar railway station
Philipsburg,Philipsburg (SXM),
Bahon,Bratislava (BTS),Győr railway station
Baka,Bratislava (BTS),Győr railway station
Banovce nad Bebravou,Bratislava (BTS),
Bardejov,Kosice (KSC),Košice railway station
Bela,,
Beladice,Bratislava (BTS),
Bernolakovo,Bratislava (BTS),Győr railway station
Besenov,Bratislava (BTS),Tatabánya railway station
Blatnica,Ostrava (OSR),
Bobrov,Krakow (KRK),Main Train Station in Bielsko-Biała
Bohdanovce,Kosice (KSC),Košice railway station
Boleraz,Bratislava (BTS),
Borovce,Bratislava (BTS),
Branc,Bratislava (BTS),Győr railway station
Bratislava,Bratislava (BTS),Győr railway station
Brezno,Kosice (KSC),
Brezova pod Bradlom,Bratislava (BTS),
Bystricka,Ostrava (OSR),
Cecejovce,Kosice (KSC),Košice railway station
Cechynce,Bratislava (BTS),Győr railway station
Cerova,Bratislava (BTS),
Cerveny Hradok,Bratislava (BTS),Tatabánya railway station
Cerveny Kamen,Bratislava (BTS),
Chlebnice,Krakow (KRK),Main Train Station in Bielsko-Biała
Chorvatsky Grob,Bratislava (BTS),Győr railway station
Chtelnica,Bratislava (BTS),
Cifer,Bratislava (BTS),Győr railway station
Detva,Budapest (BUD),
Diakovce,Bratislava (BTS),Győr railway station
Diviaky nad Nitricou,Ostrava (OSR),
Dlha nad Oravou,Krakow (KRK),Main Train Station in Bielsko-Biała
Dlhe Klcovo,Kosice (KSC),Košice railway station
Dlhe nad Cirochou,Uzhgorod (UDJ),Košice railway station
Dolna Marikova,Ostrava (OSR),
Dolna Streda,Bratislava (BTS),Győr railway station
Kosice,Kosice (KSC),Košice railway station
Low Tatras National Park,Kosice (KSC),
Malá Fatra National Park,Ostrava (OSR),Main Train Station in Bielsko-Biała
Muránska planina National Park,Kosice (KSC),
Pieniny National Park,Krakow (KRK),Tarnów train station bombing
Poloniny National Park,Uzhgorod (UDJ),
Slovak Karst National Park,Kosice (KSC),Miskolc Gömöri railway station
Slovak Paradise National Park,Kosice (KSC),Košice railway station
"Tatra National Park, Slovakia",Krakow (KRK),
Veľká Fatra National Park,Ostrava (OSR),
Ankaran,Ronchi De Legionari (TRS),Trieste Centrale railway station
Begunje na Gorenjskem,,
Beltinci,Graz (GRZ),
Besnica,Ljubljana (LJU),Ljubljana railway station
Bevke,Ljubljana (LJU),Ljubljana railway station
Bistrica pri Rusah,Graz (GRZ),
Bled,Ljubljana (LJU),Ljubljana railway station
Bohinjska Bela,Ljubljana (LJU),Ljubljana railway station
Borovnica,Ljubljana (LJU),Ljubljana railway station
Breginj,Ronchi De Legionari (TRS),Udine railway station
Brestanica,Zagreb (ZAG),Ljubljana railway station
Čemšenik,Ljubljana (LJU),Ljubljana railway station
Cerknica,Ljubljana (LJU),Ljubljana railway station
Ceršak,Graz (GRZ),
Črenšovci,Graz (GRZ),
Kurentovanje,,
Ljubljana,Ljubljana (LJU),Ljubljana railway station
Maribor,Graz (GRZ),
Municipalities of Slovenia,,
Slovenia,,
Auki,Atoifi (ATD),
Buala,Fera Island (FRE),
Central,,
Choiseul,Choiseul Bay (CHY),
Gizo,Gizo (GZO),
Guadalcanal,Honiara (HIR),
HONIARA,Honiara (HIR),
Isabel,Suavanao (VAO),
Malaita,Atoifi (ATD),
Rennell and Bellona,Rennell Island (RNL),
Temotu,Santa Cruz/Graciosa Bay/Luova (SCZ),
Tulagi,Honiara (HIR),
Western,Honiara (HIR),
Awdal,Djibouti (JIB),
Bakool,Gode (GDE),
Banaadir,Mogadishu (MGQ),
Bari,Bosaso (BSA),
Bay,Mogadishu (MGQ),
Galguduud,Galcaio (GLK),
Gedo,Wajir (WJR),
Hargeisa,,
Hiiraan,Gode (GDE),
Jubbada Dhexe,Wajir (WJR),
Jubbada Hoose,Wajir (WJR),
Mogadishu,Mogadishu (MGQ),
Mudug,Galcaio (GLK),
Nugaal,Galcaio (GLK),
Sanaag,Bosaso (BSA),
Shabeellaha Dhexe,Mogadishu (MGQ),
Shabeellaha Hoose,Mogadishu (MGQ),
Sool,Galcaio (GLK),
Tayeeglow,,
Togdheer,Galcaio (GLK),
Woqooyi Galbeed,Galcaio (GLK),
Alberton,,
Alexandra,Johannesburg (JNB),Pretoria railway station
Alice,East London (ELS),
Alrode,Johannesburg (JNB),Pretoria railway station
Amanzimtoti,Durban (DUR),Pietermaritzburg railway station
Ashton,Cape Town (CPT),
Atlantis,Cape Town (CPT),
Balfour,,
Bathurst,East London (ELS),
Beaufort West,George (GRJ),
Bedfordview,Johannesburg (JNB),Pretoria railway station
Belhar,Cape Town (CPT),
Bellville,Cape Town (CPT),
Benoni,Johannesburg (JNB),Pretoria railway station
Bergvliet,Cape Town (CPT),
Bethal,Johannesburg (JNB),
Bethlehem,Maseru (MSU),
BLOEMFONTEIN,Bloemfontein (BFN),Bloemfontein railway station
Boksburg,Johannesburg (JNB),Pretoria railway station
Bothasig,Cape Town (CPT),
Botshabelo,Bloemfontein (BFN),Bloemfontein railway station
Braamfontein,Johannesburg (JNB),Pretoria railway station
Brackenfell,Cape Town (CPT),
Brakpan,Johannesburg (JNB),Pretoria railway station
Bredasdorp,Cape Town (CPT),
Brits,Johannesburg (HLA),Pretoria railway station
Cape Town,,
Cape Town International Airport,Cape Town (CPT),
Durban,Durban (DUR),Pietermaritzburg railway station
Germiston,Johannesburg (JNB),Pretoria railway station
Johannesburg,Johannesburg (JNB),Pretoria railway station
Kathlehong,Johannesburg (JNB),Pretoria railway station
Kempton Park,Johannesburg (JNB),Pretoria railway station
Khayelitsa,Cape Town (CPT),
Kimberley,Kimberley (KIM),Kimberley railway station
Mangaung,Bloemfontein (BFN),Bloemfontein railway station
Mpumalanga,,
Pietermaritzburg,Pietermaritzburg (PZB),Pietermaritzburg railway station
Polokwane,,
Port Elizabeth,Port Elizabeth (PLZ),Port Elizabeth Railway Station
PRETORIA,Johannesburg (HLA),Pretoria railway station
Roodepoort,Johannesburg (HLA),Pretoria railway station
Soweto,Johannesburg (HLA),Pretoria railway station
Springs,Johannesburg (JNB),Pretoria railway station
Tembisa,Johannesburg (JNB),Pretoria railway station
Umlazi,Durban (DUR),Pietermaritzburg railway station
Vereeniging,Johannesburg (JNB),
Corbeta Uruguay base (settlement),,
Godthul (settlement),Mount Pleasant (MPN),
Grytviken (settlement),Mount Pleasant (MPN),
Husvik (settlement),Mount Pleasant (MPN),
King Edward Point (settlement),Mount Pleasant (MPN),
Leith Harbour (settlement),Mount Pleasant (MPN),
Ocean Harbour (settlement),Mount Pleasant (MPN),
Prince Olav Harbour (settlement),Mount Pleasant (MPN),
Stromness (settlement),Mount Pleasant (MPN),
Andong,Taegu (TAE),
Ansan-si,Seoul (GMP),
Anseong,Chongju (CJJ),
Anyang-si,Seoul (GMP),
Asan,Kunsan (KUV),
Bucheon-si,Seoul (GMP),
Busan,Busan (PUS),
Changwon,Busan (PUS),
Cheju,,
Cheonan,Chongju (CJJ),
Cheongju-si,Chongju (CJJ),
Chilgok,,
Chongju,,
Chuncheon,Wonju (WJU),
Chungju,Chongju (CJJ),
Chungnim,Seoul (GMP),
Daegu,Taegu (TAE),
Daejeon,Chongju (CJJ),
Deokjin,,
Duchon,,
Gangneung,Sokcho / Gangneung (YNY),
Gimhae,Busan (PUS),
Gongju,Chongju (CJJ),
Goyang-si,Seoul (GMP),
Gumi,Taegu (TAE),
Gunnae,,
Gwangju,Kwangju (KWJ),
Gwangmyeong,Seoul (GMP),
Gyeongju,Pohang (KPO),
Incheon,Seoul (GMP),
Seongnam,Seoul (GMP),
Seoul,Seoul (GMP),
Sokcho / Gangneung,,
Suwon,Seoul (GMP),
Juba,Juba (JUB),
A Coruña,La Coruna (LCG),A Coruña railway station
Albacete,Valencia (VLC),Albacete-Los Llanos Railway Station
Alcalá de Henares,Madrid (MAD),Atocha Railway Station
Alcorcón,Madrid (MAD),Atocha Railway Station
Algeciras,Gibraltar (GIB),
Alicante,Alicante (ALC),Alicante railway station
Almería,Almeria (LEI),
Badajoz,Badajoz (BJZ),Badajoz Railway Station
Badalona,Barcelona (BCN),Barcelona Sants railway station
Barcelona,Barcelona (BCN),Barcelona Sants railway station
Bilbao,Bilbao (BIO),Vitoria-Gasteiz railway station
Burgos,Burgos (RGS),Burgos Rosa Manzano railway station
Cádiz,Jerez (XRY),Jerez de la Frontera train station
Canary Islands,Gran Canaria (LPA),
Castellón de la Plana,Valencia (VLC),Castelló de la Plana railway station
Cordoba,Sevilla (SVQ),Córdoba-Julio Anguita railway station
Donostia - San Sebastián,San Sebastian (EAS),Donostia/San Sebastián train station
Dos Hermanas,Sevilla (SVQ),Sevilla-Santa Justa railway station
Elche,Alicante (ALC),Alicante railway station
Fuenlabrada,Madrid (MAD),Atocha Railway Station
Getafe,Madrid (MAD),Atocha Railway Station
Gijón,Aviles (OVD),Gijón Railway Station
Granada,Granada (GRX),Granada train station
Hospitalet de Llobregat,Barcelona (BCN),Barcelona Sants railway station
Huelva,Faro (FAO),
Ibiza,Ibiza (IBZ),
Jaén,Granada (GRX),Jaén railway station
Jérez de la Frontera,Jerez (XRY),Jerez de la Frontera train station
La Coruña,La Coruna (LCG),A Coruña railway station
Las Palmas de Gran Canaria,,
Leganés,Madrid (MAD),Atocha Railway Station
Lleida,Lleida (ILD),Lleida Pirineus railway station
Logroño,Logroño-Agoncillo (RJL),Logroño railway station
Madrid,Madrid (MAD),Atocha Railway Station
Málaga,Malaga (AGP),Málaga Centro-Alameda railway station
Mallorca,Palma de Mallorca (PMI),
Marbella,Malaga (AGP),Málaga-María Zambrano Railway Station
Mataró,Barcelona (BCN),Barcelona Sants railway station
Móstoles,Madrid (MAD),Atocha Railway Station
Murcia,Murcia (MJV),Alicante railway station
Oviedo,Aviles (OVD),Oviedo railway station
Palma,Palma de Mallorca (PMI),
Palma de Mallorca,Palma de Mallorca (PMI),
Palmas de Gran Canaria,Gran Canaria (LPA),
Pamplona,Pamplona (PNA),Pamplona train station
Parla,Madrid (MAD),Atocha Railway Station
Sabadell,Barcelona (BCN),Barcelona Sants railway station
San Cristóbal de La Laguna,Tenerife (TFN),
San Sebastian,San Sebastian (EAS),Donostia/San Sebastián train station
Santa Coloma de Gramanet,Barcelona (BCN),Barcelona Sants railway station
Santa Cruz de Tenerife,Tenerife (TFN),
Santander,Santander (SDR),Santander railway station
Santiago de Compostela,Santiago (SCQ),Santiago de Compostela railway station
Seville,Sevilla (SVQ),Sevilla-Santa Justa railway station
Tarragona,Reus (REU),Tarragona railway station
Terrassa,Barcelona (BCN),Barcelona Sants railway station
Torrejón de Ardoz,Madrid (MAD),Atocha Railway Station
Valencia,Valencia (VLC),Castelló de la Plana railway station
Valladolid,Valladolid (VLL),Valladolid-Campo Grande railway station
Vigo,Vigo (VGO),Vigo railway station
Vitoria-Gasteiz,Logroño-Agoncillo (RJL),Vitoria-Gasteiz railway station
Zaragoza,Zaragoza (ZAZ),Zaragoza-Portillo train station
Adam's Bridge Marine National Park,Trinciomalee (TRR),
Angammedilla National Park,,
Badulla,Mattala (HRI),Kandy railway station
Battaramulla South,Colombo (CMB),Fort Railway Station
Biyagama,,
Boralesgamuwa South,Colombo (CMB),Fort Railway Station
Bundala National Park,Mattala (HRI),
Colombo,Colombo (CMB),Fort Railway Station
Dehiwala,,
Dehiwala-Mount Lavinia,Colombo (CMB),Fort Railway Station
Delft National Park,Tiruchirappalli (TRZ),
Eppawala,Sigiriya (GIU),
Flood Plains National Park,Mattala (HRI),Kandy railway station
Galway's Land National Park,Sigiriya (GIU),Kandy railway station
Gampaha,Colombo (CMB),Fort Railway Station
Gangodawila North,,
Hekitta,,
Hikkaduwa National Park,Koggala (KCT),
Homagama,Colombo (CMB),Fort Railway Station
Horagolla National Park,Colombo (CMB),Fort Railway Station
Horowpathana National Park,Mattala (HRI),Kandy railway station
Horton Plains National Park,Mattala (HRI),Kandy railway station
Kaduwela,Colombo (CMB),Fort Railway Station
Kandana,Colombo (CMB),Fort Railway Station
Kandy,Sigiriya (GIU),Kandy railway station
Katubedda,Colombo (CMB),Fort Railway Station
Kaudulla National Park,Trinciomalee (TRR),
Kumana National Park,Mattala (HRI),
Lahugala Kitulana National Park,Mattala (HRI),
Madhu Road National Park,Trinciomalee (TRR),
Mattala,,
Minneriya National Park,Sigiriya (GIU),Kandy railway station
Moratuwa,Colombo (CMB),Fort Railway Station
National park,Mattala (HRI),
Negombo,Colombo (CMB),Fort Railway Station
Pigeon Island National Park,Trinciomalee (TRR),
Somawathiya National Park,Mattala (HRI),Kandy railway station
Sri Jayawardanapura Kotte,Colombo (CMB),Fort Railway Station
Sri Jayawardenepura Kotte,Colombo (CMB),Fort Railway Station
Udawalawe National Park,Mattala (HRI),
Ussangoda National Park,Mattala (HRI),
Wasgamuwa National Park,Mattala (HRI),Kandy railway station
Yala National Park,Mattala (HRI),
Ad Dabbah,Khartoum (KRT),
Ad-Damazin,Asosa (ASO),
Al Hasaheisa,,
Al Ḩawātah,,
Al Hilāliyya,,
Al Kiremit al ‘Arakiyyīn,,
Al Manāqil,,
Al Masallamiyya,,
Al Qadarif,Gondar (GDQ),
Ar Rahad,,
Ar Ruseris,,
Argo,,
Aroma,Shire Indasilase (SHC),
Bārah,Khartoum (KRT),
Doka,,
Dongola,Abu Simbel (ABS),
El Daein,Nyala (UYL),
El Fasher,,
El Obeid,Khartoum (KRT),
Juba,Juba (JUB),
Karmah an Nuzul,,
Kassala,Shire Indasilase (SHC),
Khartoum,Khartoum (KRT),
Kuraymah,Khartoum (KRT),
Kurmuk,Asosa (ASO),
Kutum,,
Malakal,Asosa (ASO),
Nyala,Nyala (UYL),
Omdurman,Khartoum (KRT),
Port Sudan,,
Shendi,Khartoum (KRT),
Thabit,,
Umm Durman,Khartoum (KRT),
Umm Kaddadah,,
Umm Ruwaba,Khartoum (KRT),
Wad Medani,Khartoum (KRT),
Wad Rāwah,Khartoum (KRT),
Wagar,,
Wau,Juba (JUB),
Zalingei,Geneina (EGN),
Albina,Zandery (PBM),
Botopasi,Zandery (PBM),
Brokopondo,Zandery (PBM),
Brownsweg,Zandery (PBM),
Friendship,Zandery (PBM),
Groningen,Zandery (PBM),
Lelydorp,Zandery (PBM),
Mariënburg,Zandery (PBM),
Moengo,Zandery (PBM),
Nickerie District,Georgetown (GEO),
Nieuw Amsterdam,Zandery (PBM),
Nieuw Nickerie,Georgetown (GEO),
Onverwacht,Zandery (PBM),
PARAMARIBO,Zandery (PBM),
Totness,Zandery (PBM),
Zandery,,
Longyearbyen,Svalbard (LYR),
Abisko National Park,Narvik (NVK),
Aby,,
AElmhult,,
AElvdalen,,
AElvkarleby,,
AElvsbyn,,
Agnesberg,Gothenborg (GSE),
Agunnaryd,Vaxjo (VXO),
Akarp,Malmoe (MMX),Nørreport railway station
Akers Styckebruk,Vasteras (VST),
Akersberga,Stockholm (BMA),
Alafors,Gothenborg (GSE),
Alandsbro,Sundsvall (SDL),
Aled,,
Alem,Kalkmar (KLR),
Alfta,,
Ängsö National Park,Stockholm (ARN),
Åsnen National Park,Vaxjo (VXO),
Blå Jungfrun National Park,Kalkmar (KLR),
Dalby Söderskog National Park,Malmoe (MMX),Nørreport railway station
Djurö National Park,Karlstad (KSD),
Fulufjället National Park,Sveg (EVG),
Garphyttan National Park,Orebro (ORB),
Göteborg,Gothenborg (GSE),
Gotska Sandön National Park,Visby (VBY),
Haparanda Archipelago National Park,Kemi (KEM),
Helsingborg,Ängelholm (AGH),Firhøj railway station
Jönköping,Joenkoeping (JKG),
Kosterhavet National Park,Sandefjord (TRF),
Linköping,Linkoeping (LPI),
Malmö,Copenhagen (CPH),Nørreport railway station
Norra Kvill National Park,Linkoeping (LPI),
Norrköping,Norrkoeping (NRK),
Orebro,Orebro (ORB),
Padjelanta National Park,Bodo (BOO),
Pieljekaise National Park,Hemavan (HMV),
Sarek National Park,Kiruna (KRN),
Skuleskogen National Park,Kramfors (KRF),
Söderåsen National Park,Ängelholm (AGH),Firhøj railway station
Stenshuvud National Park,Kristianstad (KID),
STOCKHOLM,Stockholm (BMA),
Stockholm Sweden Temple,Stockholm (BMA),
Store Mosse National Park,Joenkoeping (JKG),
Tiveden National Park,Orebro (ORB),
Töfsingdalen National Park,Roros (RRS),
Tresticklan National Park,Rygge (RYG),
Tyresta National Park,Stockholm (BMA),
Umeå,Umea (UME),
Uppsala,Stockholm (ARN),
Västerås,Vasteras (VST),
Aadorf,Zurich (ZRH),Zug railway station
Aarau,Zurich (ZRH),Lucerne railway station
Aarberg,Bern (BRN),Bern railway station
Aarburg,Mulhouse (MLH),Lucerne railway station
Abtwil,Zurich (ZRH),Zug railway station
Adelboden,Bern (BRN),Aigle railway station
Adligenswil,Zurich (ZRH),Lucerne railway station
Adliswil,Zurich (ZRH),Zug railway station
Aesch,Mulhouse (MLH),Bern railway station
Aeschau,,
Aeschlen ob Gunten,Bern (BRN),Bern railway station
Aettenschwil,,
Aeugst am Albis,Zurich (ZRH),Zug railway station
Affoltern am Albis,Zurich (ZRH),Zug railway station
Agno,Lugano (LUG),Lugano railway station
Agra,Lugano (LUG),Lugano railway station
Aigle,Geneva (GVA),Aigle railway station
Airolo,Lugano (LUG),Lucerne railway station
Alberswil,Bern (BRN),Lucerne railway station
Albligen,Bern (BRN),Bern railway station
Baden-Brugg,Zurich (ZRH),Zug railway station
Bâle,Mulhouse (MLH),Bern railway station
Bern,Bern (BRN),Bern railway station
Fribourg,Bern (BRN),Bern railway station
Genève,Geneva (GVA),Annecy railway station
Lausanne,Geneva (GVA),Lausanne railway station
Lugano,Lugano (LUG),Lugano railway station
Luzern,Zurich (ZRH),Lucerne railway station
Olten-Zofingen,Mulhouse (MLH),Lucerne railway station
St. Gallen,Altenrhein (ACH),Bregenz railway station
Winterthur,Zurich (ZRH),Zug railway station
Zug,Zurich (ZRH),Zug railway station
Zürich,Zurich (ZRH),Zug railway station
Ad Darbāsīyah,Mardin (MQM),
Al Ḩasakah,Mardin (MQM),
Al Ladhiqiyah,Hatay (HTY),
Al Mālikīyah,Batman (BAL),
Al Qāmishlī,Mardin (MQM),
Al Qunaytirah,Haifa (HFA),
Al-Malikiyah District,Batman (BAL),
Al-Thawrah District,,
Aleppo,Hatay (HTY),
Amude,,
Ar Raqqah,Sanliurfa (GNY),
Ar-Raqqah District,Sanliurfa (GNY),
As Suwayda',,
Ath Thawrah,Gaziantep (GZT),
Damascus,Beirut (BEY),
Dar'a,Amman (AMM),
Dayr az Zawr,Mardin (MQM),
Dimashq,,
Halab,Hatay (HTY),
Hamah,Hatay (HTY),
Hims,Gaziantep (GZT),
Idlib,Hatay (HTY),
Rif Dimashq,Beirut (BEY),
Tall Abyaḑ,,
Tartus,Beirut (BEY),
Tell Abyad District,Sanliurfa (GNY),
Budai,,
Caogang,,
Chang-hua,Taipei (TPE),Fengyuan railway station
Checheng,Kaohsiung (KHH),
Chiayi,Tainan (TNN),Beimen railway station
Dahu,,
Douliu,Taichung (RMQ),Minxiong railway station
Erlin,Taichung (RMQ),Changhua railway station
Fanlu,,
Fengshan,Kaohsiung (KHH),
Gangshan,Tainan (TNN),Nanjing railway station (Taiwan)
Hemei,Taichung (RMQ),Changhua railway station
Hengchun,Kaohsiung (KHH),
Hsinchu Taiwan Pavilion Expo Park,Taipei (TPE),Fengyuan railway station
Hualien,Hualien (HUN),
"Jincheng, Kinmen",Kinmen (KNH),Xiamen railway station
Kaohsiung,Kaohsiung (KHH),
Keelung,Taipei (TSA),Sankeng railway station
Taichung,Taichung (RMQ),Taiyuan railway station
Taipei,,
Taipei Taiwan Temple,Taipei (TSA),Baifu railway station
Dushanbe,Dushanbe (DYU),Dushanbe railway station
Arusha,Arusha (ARK),
Bukoba,Bukoba (BKZ),
Buseresere,,
Chato,Mwanza (MWZ),
Dar es Salaam,Dar Es Salaam (DAR),
Dodoma,Arusha (ARK),
Geita,Mwanza (MWZ),
Kasamwa,Mwanza (MWZ),
Kibakwe,Dar Es Salaam (DAR),
Kilimanjaro,,
Kingori,,
Kiratu,,
Kisasa,,
Kondoa,Arusha (ARK),
Kongwa,Zanzibar (ZNZ),
Longido,Amboseli National Park (ASV),
Magomeni,Dar Es Salaam (DAR),
Mbeya,Mfuwe (MFU),
Mbuguni,Kilimanjaro (JRO),
Merelani,,
Meru,Arusha (ARK),
Monduli,Arusha (ARK),
Morogoro,Dar Es Salaam (DAR),
Mpwapwa,Zanzibar (ZNZ),
Msanga,Dar Es Salaam (DAR),
Mto wa Mbu,Arusha (ARK),
Mwanza,Mwanza (MWZ),
Namanga,Amboseli National Park (ASV),
Ngorongoro,Arusha (ARK),
Njombe,Lichinga (VXC),
Nkoaranga,Arusha (ARK),
Poli,,
Raha,,
Shinyanga,Mwanza (MWZ),
Tanga,Ukunda (UKA),
Usa River,Arusha (ARK),
Zanzibar,Zanzibar (ZNZ),
Ao Phang Nga National Park,Phuket (HKT),
Ao Siam National Park,Chumphon (CJM),Bang Saphan Yai railway station
Ayutthaya,,
Bangkok,Bangkok (DMK),Hua Lamphong railway station
Budo–Su-ngai Padi National Park,Narathiwat (NAW),Su-ngai Kolok railway station
Buri Ram,Buri Ram (BFV),Buriram railway station
Chachoengsao,Bangkok (BKK),Hua Lamphong railway station
Chai Nat,Bangkok (DMK),Nakhon Sawan railway station
Chaiyaphum,Khon Kaen (KKC),
Chanthaburi,Trat (TDX),
Chiang Mai,Chiang Mai (CNX),Chiang Mai Railway Station
Chiang Rai,Chiang Rai (CEI),
Chon Buri,Bangkok (BKK),Hua Lamphong railway station
Chumphon,Chumphon (CJM),
Doi Inthanon National Park,Chiang Mai (CNX),Chiang Mai Railway Station
Doi Khun Tan National Park,Lampang (LPT),Khun Tan railway station
Doi Suthep–Pui National Park,Chiang Mai (CNX),Chiang Mai Railway Station
Doi Wiang Pha National Park,Chiang Rai (CEI),
Erawan National Park,Dawei (TVY),
Hat Khanom–Mu Ko Thale Tai National Park,Trang (TST),
Hat Noppharat Thara–Mu Ko Phi Phi National Park,Krabi (KBV),
Hat Yai,,
Kaeng Krachan National Park,Myeik (MGZ),Huai Sai Nuea Railway Station
Kaeng Tana National Park,Pakse (PKZ),
Kalasin,Roi Et (ROI),
Kamphaeng Phet,Sukhothai (THS),
Kanchanaburi,Bangkok (DMK),Suphan Buri railway station
Khao Kho National Park,Phitsanulok (PHS),Phichit railway station
Khao Laem Ya–Mu Ko Samet National Park,Pattaya (UTP),
Khao Lak-Lam Ru National Park,Phuket (HKT),
Khao Luang National Park,Nakhon Si Thammarat (NST),
Khao Nan National Park,Bangkok (DMK),Hin Lap railway station
Khao Phra Wihan National Park,Ubon Ratchathani (UBP),Kanthararom railway station
Khao Sam Roi Yot National Park,Pattaya (UTP),Huai Sai Tai Railway Station
Khao Sok National Park,Surat Thani (URT),
Khao Yai National Park,Bangkok (DMK),Hin Lap railway station
Khon Kaen,Khon Kaen (KKC),
Khun Nan National Park,Nan (NNT),
Khun Sathan National Park,Nan (NNT),
Koh Phi Phi,Krabi (KBV),
Koh Samui,Ko Samui (USM),
Krabi,Krabi (KBV),
Lampang,Lampang (LPT),Khun Tan railway station
Lamphun,,
Loei,Loei (LOE),
Lop Buri,Bangkok (DMK),Lop Buri Railway Station
Mae Ngao National Park,Sukhothai (THS),
Mae Sariang National Park,Mae Hong Son (HGN),
Mae Takhrai National Park,Chiang Rai (CEI),
Maha Sarakham,Roi Et (ROI),
Mu Ko Chumphon National Park,Chumphon (CJM),
Mu Ko Phetra National Park,Trang (TST),
Mu Ko Ra–Ko Phra Thong National Park,Ranong (UNN),
Mu Ko Ranong National Park,Ko Samui (USM),
Mu Ko Similan National Park,Trang (TST),
Mu Ko Surin National Park,Ranong (UNN),
Mukdahan,Savannakhet (ZVK),
Na Yung–Nam Som National Park,Vientiane (VTE),Thanaleng railway station
Nakhon Pathom,Bangkok (DMK),Hua Lamphong railway station
Nakhon Ratchasima,Buri Ram (BFV),
Nakhon Sawan,Phitsanulok (PHS),Nakhon Sawan railway station
Nakhon Si Thammarat,Nakhon Si Thammarat (NST),
Namtok Chet Sao Noi National Park,Bangkok (DMK),Hin Lap railway station
Namtok Huai Yang National Park,Chumphon (CJM),Bang Saphan Yai railway station
Namtok Khlong Kaeo National Park,Trat (TDX),
Namtok Sai Khao National Park,Bangkok (DMK),Hin Lap railway station
Narathiwat,Narathiwat (NAW),Su-ngai Kolok railway station
Nong Bua Lam Phu,Udon Thani (UTH),
Nong Khai,Vientiane (VTE),Nong Khai railway station
Nonthaburi,Bangkok (DMK),Hua Lamphong railway station
Op Khan National Park,Chiang Mai (CNX),Chiang Mai Railway Station
Pai,Pai (PYY),
Pathum Thani,Bangkok (DMK),Hua Lamphong railway station
Pattaya,Pattaya (UTP),
Pha Daeng National Park,Pai (PYY),Chiang Mai Railway Station
Pha Taem National Park,Pakse (PKZ),
Phatthalung,Trang (TST),
Phayao,Chiang Rai (CEI),
Phetchabun,Phitsanulok (PHS),
Phetchaburi,Bangkok (BKK),Phetchaburi Railway Station
Phichit,Phitsanulok (PHS),Phichit railway station
Phitsanulok,Phitsanulok (PHS),Phichit railway station
Phra Nakhon Si Ayutthaya,Bangkok (DMK),Ban Pa Wai Railway Station
Phrae,Phrae (PRH),
Phu Chi Fa National Park,Chiang Rai (CEI),
Phu Hin Chom That–Phu Phra Bat National Park,Sakon Nakhon (SNO),
Phu Hin Rong Kla National Park,Phitsanulok (PHS),
Phu Kao–Phu Phan Kham National Park,Sakon Nakhon (SNO),
Phu Kradueng National Park,Loei (LOE),
Phu Laenkha National Park,Khon Kaen (KKC),
Phu Langka National Park,Chiang Rai (CEI),
Phu Pha Lek National Park,Sakon Nakhon (SNO),
Phu Phan National Park,Sakon Nakhon (SNO),
Phu Ruea National Park,Loei (LOE),
Phu Sang National Park,Chiang Rai (CEI),
Phu Soi Dao National Park,Loei (LOE),
Phu Toei National Park,Dawei (TVY),
Phu Wiang National Park,Khon Kaen (KKC),
Phuket,Phuket (HKT),
Prachuap Khiri Khan,,
Ratchaburi,,
Rayong,Pattaya (UTP),
Roi Et,Roi Et (ROI),
Sa Kaeo,Bangkok (BKK),
Sakon Nakhon,Sakon Nakhon (SNO),
Sakon Sakhon,Sakon Nakhon (SNO),
Samut Prakan,Bangkok (BKK),Hua Lamphong railway station
Samut Sakhon,Bangkok (BKK),Hua Lamphong railway station
Saraburi,Bangkok (DMK),Hin Lap railway station
Si Phang-nga National Park,Phuket (HKT),
Si Sa Ket,Ubon Ratchathani (UBP),Si Sa Ket Railway Station
Sirinat National Park,Phuket (HKT),
Songkhla,Hat Yai (HDY),Hat Yai Junction railway station
Sukhothai,,
Suphan Buri,Bangkok (DMK),Suphan Buri railway station
Surat Thani,Surat Thani (URT),
Surin,Buri Ram (BFV),Buriram railway station
Tai Rom Yen National Park,Surat Thani (URT),
Tak,Tak (MAQ),
Taksin Maharat National Park,Tak (MAQ),
Tarutao National Park,Pulau (LGK),Padang Besar (Thai) railway station
Thale Ban National Park,Alor Setar (AOR),Padang Besar (Thai) railway station
Tham Luang–Khun Nam Nang Non National Park,Tachilek (THL),
Tham Pha Thai National Park,Tachilek (THL),
Than Sadet–Ko Pha-Ngan National Park,Ko Samui (USM),
Thap Lan National Park,Bangkok (BKK),
Thong Pha Phum National Park,Dawei (TVY),
Ubon Ratchathani,Ubon Ratchathani (UBP),Kanthararom railway station
Udon Thani,Udon Thani (UTH),Nong Khai railway station
Uttaradit,Sukhothai (THS),
Yasothon,Roi Et (ROI),Si Sa Ket Railway Station
Delta du Saloum National Park,Banjul (BJL),
Kiang West National Park,Banjul (BJL),
Niumi National Park,Banjul (BJL),
River Gambia National Park,Conakry (CKY),
De Alde Feanen National Park,Groningen (GRQ),Zwolle Stadshagen railway station
De Biesbosch National Park,Rotterdam (RTM),Dordrecht Zuid railway station
De Groote Peel National Park,Eindhoven (EIN),Eindhoven Central railway station
De Hoge Veluwe National Park,Weeze (NRN),Ede Centrum railway station
De Loonse en Drunense Duinen National Park,Eindhoven (EIN),Tilburg railway station
De Maasduinen National Park,Weeze (NRN),Nijmegen railway station
De Meinweg National Park,Maastricht (MST),Sittard railway station
Drents-Friese Wold National Park,Groningen (GRQ),Emmen railway station
Drentsche Aa National Park,Groningen (GRQ),Emmen railway station
Duinen van Texel National Park,Amsterdam (AMS),Zaandam railway station
Dwingelderveld National Park,Groningen (GRQ),Emmen railway station
Lauwersmeer National Park,Groningen (GRQ),Emmen railway station
Nieuw Land National Park,Amsterdam (AMS),Lelystad Zuid railway station
Oosterschelde National Park,Rotterdam (RTM),Dordrecht Zuid railway station
Sallandse Heuvelrug National Park,Weeze (NRN),Nijverdal West railway station
Schiermonnikoog National Park,Groningen (GRQ),
Utrechtse Heuvelrug National Park,Amsterdam (AMS),Veenendaal-De Klomp railway station
Van Gogh National Park,Eindhoven (EIN),Tilburg railway station
Veluwezoom National Park,Weeze (NRN),Arnhem Centraal railway station
Weerribben-Wieden National Park,Groningen (GRQ),Zwolle Stadshagen railway station
Zuid-Kennemerland National Park,Amsterdam (AMS),Haarlem railway station
Balbalasang-Balbalan National Park,Tuguegarao (TUG),
Bataan National Park,Angeles City (CRK),
Bulabog Putian National Park,Iloilo (ILO),
Caramoan National Park,Virac (VRC),
Cassamata Hill National Park,Laoag (LAO),
Fuyot Springs National Park,Cauayan (CYZ),
Guadalupe Mabugnao Mainit Hot Spring National Park,Cebu (CEB),
Hundred Islands National Park,Angeles City (CRK),
Kuapnit Balinsasayao National Park,Tacloban (TAC),
Lake Butig National Park,Ladag (CGY),
Libmanan Caves National Park,Naga (WNP),
MacArthur Landing Memorial National Park,Tacloban (TAC),
Mado Hot Spring National Park,Cotabato (CBO),
Mayon Volcano National Park,Legazpi (LGP),
Mount Arayat National Park,Angeles City (CRK),
Mount Data National Park,Cauayan (CYZ),
Mounts Iglit–Baco National Park,Caticlan (MPH),
Northern Luzon Heroes Hill National Park,Laoag (LAO),
Olongapo Naval Base Perimeter National Park,Angeles City (CRK),
Pagsanjan Gorge National Park,Manila (MNL),
Pantuwaraya Lake National Park,Ladag (CGY),
Rungkunan National Park,Ladag (CGY),
Sacred Mountain National Park,Ozamis (OZC),
Acadia National Park,Bar Harbor (BHB),
Arches National Park,Moab (CNY),
Big Bend National Park,Chihuahua (CUU),
Biscayne National Park,Miami (MIA),
Bryce Canyon National Park,Cedar City (CDC),
Canyonlands National Park,Moab (CNY),
Capitol Reef National Park,Moab (CNY),
Carlsbad Caverns National Park,Carlsbad (CNM),
Crater Lake National Park,Medford (MFR),
Cuyahoga Valley National Park,Cleveland (CLE),
Death Valley National Park,Las Vegas (LAS),
Denali National Park and Preserve,Healy (HKB),
Dry Tortugas National Park,Key West (EYW),
Everglades National Park,Miami (MIA),
Gateway Arch National Park,St. Louis (STL),
Glacier Bay National Park and Preserve,Elfin Cove (ELV),
Glacier National Park,Kalispell (FCA),
Grand Canyon National Park,Grand Canyon (GCN),
Grand Teton National Park,Jacksn Hole (JAC),
Great Basin National Park,Cedar City (CDC),
Great Sand Dunes National Park and Preserve,Alamosa (ALS),
Great Smoky Mountains National Park,Knoxville (TYS),
Guadalupe Mountains National Park,Carlsbad (CNM),
Haleakalā National Park,Hana (HNM),
Hawaiʻi Volcanoes National Park,Hilo (ITO),
Hot Springs National Park,Hot Springs (HOT),
Indiana Dunes National Park,Chicago (MDW),
Isle Royale National Park,Thunder Bay (YQT),
Kenai Fjords National Park,Homer (HOM),
Kings Canyon National Park,Visalia (VIS),
Lassen Volcanic National Park,Redding (RDD),
Mackinac National Park,Pellston (PLN),
Mammoth Cave National Park,Owensboro (OWB),
Mesa Verde National Park,Cortez (CEZ),
Mount Rainier National Park,Seattle (SEA),
National Park of American Samoa,Pago Pago (PPG),
New River Gorge National Park and Preserve,Beckley (BKW),
North Cascades National Park,Abbotsford (YXX),
Petrified Forest National Park,Show Low (SOW),
Rocky Mountain National Park,Denver (DEN),
Saguaro National Park,Tucson (TUS),
Sequoia National Park,Visalia (VIS),
Shenandoah National Park,Charlottesville VA (CHO),
The Narrows,Newark (EWR),
Theodore Roosevelt National Park,Dickinson (DIK),
Waterfalls in Yellowstone National Park,Jacksn Hole (JAC),
Wind Cave National Park,Rapid City (RAP),
Wrangell–St. Elias National Park and Preserve,Cordova (CDV),
Yellowstone National Park,Jacksn Hole (JAC),
Yosemite National Park,Mammoth Lakes (MMH),
Zion National Park,Saint George (SGU),
Aileu,Dili (DIL),
Ainaro,,
Baguia Administrative Post,Dili (DIL),
Baucau,Dili (DIL),
Baucau Municipality,Dili (DIL),
Bobonaro,Dili (DIL),
Cova-Lima,,
DILI,Dili (DIL),
Ermera,Dili (DIL),
Hato-Udo Administrative Post,Dili (DIL),
Lautém Municipality,Dili (DIL),
Lequidoe Administrative Post,,
Liquiçá,Dili (DIL),
Manatuto,Dili (DIL),
Manufahi Municipality,Dili (DIL),
Oecusse,Kupang (KOE),
Remexio Administrative Post,,
Aného,Lome (LFW),
Bafilo,Tamale (TML),
Bassar,Tamale (TML),
Centrale,Tamale (TML),
Kandé,Tamale (TML),
Kara,Tamale (TML),
Lomé,Lome (LFW),
Maritime,Lome (LFW),
National parks of Togo,Lome (LFW),
Niamtougou,Tamale (TML),
Pagouda,Tamale (TML),
Plateaux,Lome (LFW),
Préfecture de Bassar,Tamale (TML),
Savanes,Tamale (TML),
Sokodé,Tamale (TML),
Sotouboua,Tamale (TML),
Tabligbo,Lome (LFW),
Tchamba,Tamale (TML),
Tsévié,Lome (LFW),
Vogan,Lome (LFW),
Atafu Village (village),Faleolo (APW),
Fakaofo,Faleolo (APW),
Fale (village),Faleolo (APW),
Nukunonu (village),Faleolo (APW),
‘Ohonua,Tongatapu (TBU),
Administrative divisions of Tonga,,
Hihifo,Faleolo (APW),
Kolonga,Tongatapu (TBU),
National parks of Tonga,Tongatapu (TBU),
Neiafu Tonga Temple,Tongatapu (TBU),
NUKU'ALOFA,Tongatapu (TBU),
Pangai,,
Tongatapu,Tongatapu (TBU),
Arima,Port-of-spain (POS),
Arouca,Port-of-spain (POS),
Barataria,Port-of-spain (POS),
California,Port-of-spain (POS),
Carapichaima,Port-of-spain (POS),
Carenage,Port-of-spain (POS),
Chaguanas,Port-of-spain (POS),
Couva,Port-of-spain (POS),
Diego Martin,Port-of-spain (POS),
Port of Spain,Port-of-spain (POS),
Trinidad and Tobago,,
Al Matlīn,,
Ariana,Tunis (TUN),
Beja,Tunis (TUN),
Ben Arous,Tunis (TUN),
Bizerte,Tunis (TUN),
Bizerte Sud,Tunis (TUN),
Boukornine National Park,Tunis (TUN),
Chambi National Park,Tebessa (TEE),
Douar Tindja,Tunis (TUN),
El Alia,Tunis (TUN),
Enfidha,,
Gafsa,Gafsa (GAF),
Galaat el Andeless,,
Hammam Lif,Tunis (TUN),
Hammamet,Enfidha (NBE),
Ichkeul National Park,Tunis (TUN),
Jebel Chitana-Cap Négro National Park,Annaba (AAE),
Jebel Serj National Park,Enfidha (NBE),
Jebel Zaghouan National Park,Tunis (TUN),
La Sebala du Mornag,,
Le Bardo,Tunis (TUN),
Manouba,Tunis (TUN),
Monastir,Monastir (MIR),
Radès,Tunis (TUN),
Sfax,Sfax (SFA),
Sidi Bouzid,Gafsa (GAF),
Sousse,Enfidha (NBE),
Tunis,Tunis (TUN),
Zembra National Park,Tunis (TUN),
Adana,Adana (ADA),Mersin railway station
Adiyaman,Adiyaman (ADF),
Afyonkarahisar,Kutahya (KZR),Ali Çetinkaya railway station
Aksaray,Nevsehir (NAV),
Aladağlar National Park,Adana (ADA),
Altınbeşik Cave National Park,Antalya (AYT),
Altındere Valley National Park,Trabzon (TZX),
Ancient Troya National Park,Canakkale (CKZ),
Ankara,Ankara (ESB),Kırıkkale railway station
Antalya,Antalya (AYT),
Aydin,Bodrum (BJV),
Balikesir,,
Batman,Batman (BAL),
Beydağları Coastal National Park,Antalya (AYT),
Bodrum,Bodrum (BJV),
Boğazköy-Alacahöyük National Park,Balikesir Korfez (EDO),
Botan Valley National Park,Batman (BAL),
Bursa,Istanbul (SAW),Gebze railway station
Cappadocia,Nevsehir (NAV),
Çorlu,,
Çorum,Merzifon (MZH),
Denizli,Denizli (DNZ),Denizli railway station
Dilek Peninsula-Büyük Menderes Delta National Park,Samos (SMI),
Diyarbakir,Diyabakir (DIY),
Düzce,Zonguldak (ONQ),Adapazarı railway station
Edirne,Alexandroupolis (AXD),Edirne railway station
Elazig,Elazig (EZS),
Ephesus,Izmir (ADB),
Erzurum,Erzurum (ERZ),
Eskisehir,Eskissehir (AOE),Sabuncupınar railway station
Gaziantep,Gaziantep (GZT),
Göreme National Park,Nevsehir (NAV),
Hakkari Cilo-Sat Mountains National Park,Uromiyeh (OMH),
Hatay,Hatay (HTY),
Hatila Valley National Park,Batumi (BUS),
İğneada Floodplain Forests National Park,Çorlu (TEQ),
Inegöl,Eskissehir (AOE),Gebze railway station
Iskenderun,Hatay (HTY),
Isparta,Isparta (ISE),
Istanbul,Istanbul (IST),Çayırova railway station
Izmir,Izmir (ADB),
Kaçkar Mountains National Park,Trabzon (TZX),
Kahramanmaras,Kahramanmaras (KCM),
Karagöl-Sahara National Park,Batumi (BUS),
Karaman,Konya (KYA),Karaman railway station
Karatepe-Aslantaş National Park,Kahramanmaras (KCM),
Kayseri,Kayseri (ASR),
Kazdağı National Park,Balikesir Korfez (EDO),
Kirikkale,Ankara (ESB),Kırıkkale railway station
Kiziltepe,Mardin (MQM),
Kızıldağ National Park,Isparta (ISE),
Kocaeli,Istanbul (SAW),İzmit railway station
Konya,Konya (KYA),
Köprülü Canyon National Park,Antalya (AYT),
Kuşcenneti National Park,Çorlu (TEQ),
Kütahya,Kutahya (KZR),Kütahya railway station
Lake Abant National Park,Eskissehir (AOE),Adapazarı railway station
Lake Beyşehir National Park,Konya (KYA),
Malatya,Malatya (MLX),
Manisa,,
Marmaris National Park,Dalaman (DLM),
Mersin,Adana (ADA),Mersin railway station
Mount Güllük-Termessos National Park,Antalya (AYT),
Mount Ilgaz National Park,Kastamonu (KFS),
Mount Spil National Park,Izmir (ADB),
Ordu,Sivas (VAS),
Osmaniye,Hatay (HTY),
Pamukkale,Denizli (DNZ),Denizli railway station
Sakarya,Eskissehir (AOE),Terminal railway station
Saklıkent National Park,Kastelorizo (KZS),
Samsun,Merzifon (MZH),
Sanliurfa,Sanliurfa (GNY),
Sarıkamış-Allahuekber Mountains National Park,Kars (KSY),
Siirt,Batman (BAL),
Sivas,,
Soğuksu National Park,Ankara (ESB),
Sultan Reedy National Park,Kayseri (ASR),
Tarsus,,
Tekirdag,Çorlu (TEQ),
Tokat,Sivas (VAS),
Trabzon,,
Uludağ National Park,Istanbul (SAW),
Usak,Kutahya (KZR),Uşak railway station
Van,Van (VAN),
Yozgat Pine Grove National Park,Nevsehir (NAV),
Abadan,Ashkhabad (ASB),Ashgabat railway station
Ahal Welayaty (Ashgabat),Ashkhabad (ASB),
Annau,Ashkhabad (ASB),Ashgabat railway station
Arçabil,,
Ashgabat,Ashkhabad (ASB),Ashgabat railway station
ASHKHABAD,Ashkhabad (ASB),Ashgabat railway station
Baharly,Ashkhabad (ASB),
Balkan Welayaty (Balkanabat),Bojnourd (BJB),
Balkanabat,Gorgan (GBT),
Bereket,Bojnourd (BJB),Bereket Railway Station
Dashoguz Welayaty,Nukus (NCU),
Gumdag,Gorgan (GBT),Bereket Railway Station
Kaka,Mashhad (MHD),
Lebap Welayaty (Turkmenabat),Bukhara (BHK),
Magtymguly,,
Mary Welayaty,Bojnourd (BJB),
Serdar,,
Tashauz,Ashkhabad (ASB),
Tejen,Mashhad (MHD),
Türkmenabat,Bukhara (BHK),
Back Salina,,
Blue Hills,,
Blue Mountain,South Caicos (XSC),
Bottle Creek,South Caicos (XSC),
Breezy Brae,,
Chalk Sound,Providenciales (PLS),
Cheshire Hall FC,,
Cockburn Harbour (South Caicos Town),South Caicos (XSC),
Cockburn Town,Cockburn Town (GDT),
Grace Bay,South Caicos (XSC),
History of the Turks and Caicos Islands,,
Kew Town,South Caicos (XSC),
"Organisation of African, Caribbean and Pacific States",,
Turks and Caicos Islands,,
Windward and leeward,South Caicos (XSC),
Funafuti,,
Adjumani,Arua (RUA),
Apac,Pakuba (PAF),
Arua,Arua (RUA),
Bugiri,Kisumu (KIS),
Bundibugyo,Bunia (BUX),
Bushenyi,Kigali (KGL),
Busia,Kisumu (KIS),
Entebbe,,
Gulu,Pakuba (PAF),
Hoima,Pakuba (PAF),
Iganga,Entebbe (EBB),
Jinja,Entebbe (EBB),
Kabale,Kigali (KGL),
Kabarole,Bunia (BUX),
Kaberamaido,Pakuba (PAF),
Kalangala,Entebbe (EBB),
Kampala,Entebbe (EBB),
Kamuli,Entebbe (EBB),
Kamwenge,Bunia (BUX),
Kanungu,Goma (GOM),
Kapchorwa,Kitale (KTL),
Kasese,Bunia (BUX),
Katakwi,,
Belaya Tserkov,Kiev (IEV),Kyiv-Pasazhyrskyi railway station
Cherkassy,Kiev (KBP),
Chernigov,Kiev (KBP),
Chernovtsy,Ivano-Frankivsk (IFO),Chernivtsi railway station
Dneprodzerzhinsk,Dnepropetrovsk (DNK),Dnipro railway station
Dnepropetrovsk,Dnepropetrovsk (DNK),Dnipro railway station
Donetsk,Donetsk (DOK),Donetsk Railway Station
Gorlovka,Donetsk (DOK),Donetsk Railway Station
Hutsulshchyna National Park,Ivano-Frankivsk (IFO),Chernivtsi railway station
Ivano-Frankivsk,,
Ivano-Frankovsk,Ivano-Frankivsk (IFO),Ivano-Frankivsk railway station
Kertch,Anapa (AAQ),Kerch Railway station
Kharkiv,Kharkov (HRK),Kharkiv-Pasazhyrskyi railway station
Kharkov,Kharkov (HRK),Kharkiv-Pasazhyrskyi railway station
Kherson,Odessa (ODS),Kherson railway station
Khmelnitsky,,
Kiev,,
Kirovograd,Dnepropetrovsk (DNK),
Kramatorsk,Donetsk (DOK),Kramatorsk railway station
Krementchug,Dnepropetrovsk (DNK),
Kryvy Rig,Dnepropetrovsk (DNK),
Kyiv,Kiev (IEV),Kyiv-Pasazhyrskyi railway station
Lugansk,Donetsk (DOK),
Lutsk,Lvov (LWO),
Lvov,Lvov (LWO),Lviv railway station
Makeyevka,Donetsk (DOK),Donetsk Railway Station
Mariupol,Donetsk (DOK),Azovstal railway station
Melitopol,Zaporozhye (OZH),
Mykolaiv,Odessa (ODS),Mykolaiv railway station
Odessa,Odessa (ODS),
Poltava,Kharkov (HRK),
Rivne,Lvov (LWO),
Sevastopol,Sevastopol (UKS),Simferopol Passenger train station
Simferopol,Simferopol (SIP),Simferopol Passenger train station
Sumy,Belgorod (EGO),
Ternopil,Ivano-Frankivsk (IFO),
Uzhgorod,,
Vinnutsya,Vinnitsa (VIN),
Zaporozhye,Zaporozhye (OZH),Dnipro railway station
Zhitomir,Vinnitsa (VIN),
Abu Dhabi,Abu Dhabi (AZI),
Abu Dhabi Island and Internal Islands City,Abu Dhabi (AZI),
Abu Dhabi Municipality,Abu Dhabi (AZI),
Ajman,,
Ajman City,Sharjah (SHJ),
Al Ain,Al Ain (AAN),
Al Ain City,Al Ain (AAN),
Al Ain Municipality,Al Ain (AAN),
Al Dhafra,Abu Dhabi (AZI),
Al Fujairah City,Fujeirah (FJR),
Al Fujairah Municipality,Fujeirah (FJR),
Al Khan,Abu Dhabi (AZI),
Al Shamkhah City,,
Ar Ruways,,
As Satwah,,
Bani Yas City,,
Dayrah,Dubai (DXB),
Dibba Al Fujairah Municipality,Fujeirah (FJR),
Dibba Al-Fujairah,Fujeirah (FJR),
Dibba Al-Hisn,Fujeirah (FJR),
Dubai,Dubai (DXB),
Fujairah,Fujeirah (FJR),
Fujeirah,,
Khalifah A City,Dubai (DXB),
MANAMA,,
Masfout,Fujeirah (FJR),
Musaffah,,
Muzayri‘,Abu Dhabi (AZI),
Ras al-Khaimah,Khasab (KHS),
Reef Al Fujairah City,Abu Dhabi (AZI),
Sharjah,Dubai (DXB),
Zayed City,,
Aldershot,London (LHR),Twyford railway station
Bath,Bristol (BRS),Bath Spa railway station
Belfast,Belfast (BHD),Belfast Great Victoria Street railway station
Birkenhead,Liverpool (LPL),Liverpool Lime Street railway station
Blackpool,,
Bournemouth,Bournemouth (BOH),Bournemouth railway station
Brighton/Worthing/Littlehampton,London (LGW),Worthing railway station
Bristol,Bristol (BRS),Bristol Temple Meads railway station
Cambridge,London (STN),
Cardiff,Cardiff (CWL),Cardiff Queen Street railway station
Coventry/Bedworth,Birmingham (BHX),Coventry railway station
Derby,East Midlands (EMA),Derby railway station
Edinburgh,Edinburgh (EDI),Edinburgh Waverley railway station
Fife,Dundee (DND),Edinburgh Waverley railway station
Glasgow,Glasgow (GLA),Rutherglen railway station
Kingston-upon-Hull,Humberside (HUY),New Holland railway station
Leicester,East Midlands (EMA),Leicester railway station
Liverpool,Liverpool (LPL),Liverpool Lime Street railway station
London,London (LCY),Twyford railway station
Manchester,Manchester (MAN),Manchester Oxford Road railway station
North Lanarkshire,Glasgow (GLA),Motherwell railway station
Nottingham,East Midlands (EMA),Derby railway station
Oxford,London (LTN),Oxford railway station
Plymouth,Newquai (NQY),Plymouth railway station
Portsmouth,Southampton (SOU),Portsmouth Harbour railway station
Preston,,
Reading/Wokingham,London (LHR),Twyford railway station
Scottish Highlands,Inverness (INV),
Sheffield,Manchester (MAN),Huddersfield railway station
South Lanarkshire,Edinburgh (EDI),Carstairs railway station
Southampton,Southampton (SOU),Southampton Central railway station
Southend,Southend (SEN),
Swansea,Cardiff (CWL),Swansea railway station
Teesside,Teesside (MME),
The Potteries,,
Tyneside,Teesside (MME),
West Midlands,,
West Yorkshire,Leeds (LBA),Hebden Bridge railway station
Acadia National Park,Bar Harbor (BHB),
Albany,,
Albuquerque,Albuquerque (ABQ),
Alexandria,,
Allentown,,
Amarillo,,
Anaheim,Santa Ana (SNA),
Anchorage,Anchorage (ANC),
Antelope Canyon,Page (PGA),
Arches National Park,,
Atlanta,Atlanta (ATL),
Atlantic City,,
Austin,Austin TX (ATT),
Badlands National Park,Rapid City (RAP),
Baltimore,Baltimore (BWI),
Bangor,,
Baton Rouge,Baton Rouge (BTR),
Bellingham,,
Big Bend National Park,Chihuahua (CUU),
Billings,,
Birmingham,,
Biscayne National Park,,
Black Canyon of the Gunnison National Park,,
Boston,Boston (BOS),
Brooklyn,New York (JFK),
Brownsville,,
Bryce Canyon National Park,Cedar City (CDC),
Buffalo,Buffalo (BUF),Niagara Falls railway station
Burlington,,
Canyonlands National Park,Moab (CNY),
Capitol Reef National Park,Moab (CNY),
Carlsbad Caverns National Park,,
Casper,,
Channel Islands National Park,,
Charleston,Charleston (CHS),
Charlotte,St. Thomas (STT),
Chicago,Chicago (MDW),
Cincinnati,Cincinnati (LUK),
Cleveland,,
Colorado Springs,Colorado Springs (COS),
Columbus,Columbus (CSG),
Congaree National Park,,
Corpus Christi,Corpus Christi (CRP),
Crater Lake National Park,Medford (MFR),
Cuyahoga Valley National Park,,
Dallas,Dallas (DAL),
Dallas-Fort Worth,,
Dayton,,
Daytona Beach,,
Death Valley National Park,,
Denali National Park,Healy (HKB),
Denali National Park,Healy (HKB),
Denver,Denver (DEN),
Des Moines,,
Detroit,Windsor (YQG),
Dry Tortugas National Park,,
Duluth,,
El Paso,El Paso (ELP),
Erie,,
Everglades National Park,Miami (MIA),
Fairbanks,,
Fargo,,
Flint,,
Fort Lauderdale,,
Fort Myers,,
Fort Wayne,Fort Wayne (FWA),
Fort Worth,Dallas-Fort Worth (DFW),
Fresno,Fresno (FAT),
Gates of the Arctic National Park and Preserve,Anaktuvuk Pass (AKP),
Gateway Arch National Park,,
Glacier Bay National Park and Preserve,Elfin Cove (ELV),
Glacier National Park,Kalispell (FCA),
Glasgow,,
Glendale,Phoenix (PHX),
Grand Canyon National Park,Grand Canyon (GCN),
Grand Forks,,
Grand Rapids,,
Grand Teton National Park,Jacksn Hole (JAC),
Great Basin National Park,,
Great Falls,,
Great Sand Dunes National Park and Preserve,Alamosa (ALS),
Great Smoky Mountains National Park,Knoxville (TYS),
Green Bay,,
Greensboro,Greensboro (GSO),
Greenville,,
Guadalupe Mountains National Park,,
Haleakala National Park,Hana (HNM),
Harlingen,,
Harrisburg,,
Hawaiʻi Volcanoes National Park,Hilo (ITO),
Hilo,,
Honolulu,Honolulu (HNL),
Hot Springs National Park,,
Houston,Houston (HOU),
Huntsville,,
Indiana Dunes National Park,,
Indianapolis,Indianapolis (IND),
International Falls,,
Irvine,Santa Ana (SNA),
Isle Royale National Park,,
Jackson,,
Jacksonville,Jacksonville (JAX),
Jersey City,Newark (EWR),
Joshua Tree National Park,Palm Springs (PSP),
Joshua Tree National Park,Palm Springs (PSP),
Juneau,,
Kalispell,,
Kansas City,Kansas City (MCI),
Katmai National Park and Preserve,King Salmon (AKN),
Kenai National Wildlife Refuge,Kenai (ENA),
Ketchikan,,
Key West,,
Kings Canyon National Park,Visalia (VIS),
Kobuk Valley National Park,,
Kona,,
Lake Clark National Park and Preserve,Kenai (ENA),
Lake Tahoe,Reno (RNO),
Laredo,Nuevo Laredo (NLD),
Las Vegas,Las Vegas (LAS),
Lassen Volcanic National Park,,
Lexington-Fayette,Lexington KY (LEX),
Long Beach,Long Beach (LGB),
Los Angeles,Los Angeles (LAX),
Louisville,Louisville (SDF),
Lubbock,Lubbock (LBB),
Mammoth Cave National Park,,
Marquette,,
Massena,,
Maui,Kahului (OGG),
Mcallen,,
Medford,,
Melbourne,,
Memphis,Memphis (MEM),
Mesa,Phoenix (PHX),
Mesa Verde National Park,,
Miami,Miami (MIA),
Midland,,
Milwaukee,Milwaukee (MKE),
Minneapolis,Minneapolis (MSP),
Minot,,
Missoula,,
Moline,,
Monument Valley,Page (PGA),
Mount Rainier National Park,Seattle (SEA),
Mount Rainier National Park,Seattle (SEA),
Myrtle Beach,,
Nashville,Nashville (BNA),
Nashville-Davidson,Nashville (BNA),
National Park of American Samoa,Pago Pago (PPG),
New Orleans,New Orleans (MSY),
New River Gorge National Park and Preserve,Beckley (BKW),
New York,,
New York City,New York (LGA),
Newark,,
Newburgh,,
Newport News,,
Niagara Falls,,
Norfolk,,
North Cascades National Park,,
Oakland,Oakland (OAK),
Ogdensburg,,
Oklahoma City,Oklahoma City (OKC),
Olympic National Park,,
Omaha,Omaha (OMA),
Ontario,,
Orlando,Orlando (MCO),
Palm Springs,,
Petrified Forest National Park,,
Philadelphia,Philadelphia (PHL),
Phoenix,Phoenix (PHX),
Pinnacles National Park,,
Pittsburgh,Pittsburgh (PIT),
Plattsburgh,,
Port Angeles,,
Portland,Portland (PDX),
Portsmouth,,
Queens,New York (LGA),
Raleigh,Raleigh-durham (RDU),
Raleigh-durham,,
Redwood National Park,Arcata CA (ACV),
Reno,Reno (RNO),
Richmond,,
Rochester,,
Rockford,,
Rocky Mountain National Park,Denver (DEN),
Roswell,,
Sacramento,Sacramento (SMF),
Saginaw,,
Saguaro National Park,,
Saint Petersburg,St. Petersburg (PIE),
Salt Lake City,,
San Antonio,San Antonio (SAT),
San Diego,San Diego (SAN),
San Francisco,San Francisco (SFO),
San Jose,San Jose (SJC),
Sanford,,
Santa Ana,Santa Ana (SNA),
Sarasota,,
Sault Ste Marie,,
Savannah,,
Scottsdale,Phoenix (PHX),
Scranton,,
Seattle,Seattle (LKE),
Sequoia National Park,,
Shenandoah National Park,Charlottesville VA (CHO),
Spokane,,
St. Louis,St. Louis (STL),
St. Paul,Minneapolis (MSP),
St. Petersburg,,
Syracuse,,
Tampa,Tampa (TPA),
The Bronx,New York (LGA),
Theodore Roosevelt National Park,,
Tucson,Tucson (TUS),
Tulsa,Tulsa (TUL),
Virgin Islands National Park,,
Virginia Beach,Norfolk (ORF),
Voyageurs National Park,,
Washington,,
"Washington, DC",Washington (DCA),
Watertown,,
West Palm Beach,,
White Sands National Park,,
Wichita,Wichita Falls (SPS),
Williston,,
Wilmington,,
Wind Cave National Park,,
Windsor Locks,,
Wrangell–St. Elias National Park and Preserve,Cordova (CDV),
Yellowstone National Park,Jacksn Hole (JAC),
Yosemite National Park,Mammoth Lakes (MMH),
Yosemite National Park,Mammoth Lakes (MMH),
Yuma,,
Zion National Park,Saint George (SGU),
Washington DC,Kwajalein (KWA),
Charlotte Amalie,St. Thomas (STT),
Aguas Corrientes,Montevideo (MVD),
Artigas,Uruguaiana (URG),
Atlántida,Montevideo (MVD),
Baltasar Brum,,
Barra de Carrasco,Montevideo (MVD),
Barros Blancos,Montevideo (MVD),
Bella Unión,Uruguaiana (URG),
Canelones,Montevideo (MVD),
Colonia del Sacramento,Buenos Aires (AEP),
Durazno,Montevideo (MVD),
Florida,Montevideo (MVD),
La Floresta,Montevideo (MVD),
La Paz,La Paz (LPB),
Las Piedras,Montevideo (MVD),
Maldonado,Punta del Este (PDP),
Mercedes,Buenos Aires (AEP),
Montevideo,Montevideo (MVD),
Punta del Este,Punta del Este (PDP),
Salto,Uruguaiana (URG),
Santa Teresa National Park,Punta del Este (PDP),
Toledo,Montevideo (MVD),
Tomás Gomensoro,,
Union,,
Almalyk,,
Andijon,,
Andijon Tumani,Tashkent (TAS),
Andijon Viloyati,Andizhan (AZN),
Andizhan,Andizhan (AZN),
Angren,Tashkent (TAS),
Asaka,Andizhan (AZN),
Asaka Tumani,Andizhan (AZN),
Baliqchi Tumani,Namangan (NMA),
Banjzak,Samarkand (SKD),
Bo‘z Tumani,Andizhan (AZN),
Bukhara,Bukhara (BHK),
Buloqboshi Tumani,Osh (OSS),
Buxoro Viloyati,Bukhara (BHK),
Chirchik,Navoi (NVI),
Farg'ona Viloyati,Fergana (FEG),
Fergana,Fergana (FEG),
Izboskan Tumani,Osh (OSS),
Jizzax Viloyati,Samarkand (SKD),
Karshi,Khanabad (KSQ),
Kokand,Fergana (FEG),
Margilan,Fergana (FEG),
Namangan,Namangan (NMA),
Namangan Viloyati,Namangan (NMA),
Navoi,Tashkent (TAS),
Navoiy Viloyati,Navoi (NVI),
Nukus,Nukus (NCU),
Qaraqalpog'iston Respublikasi,Nukus (NCU),
Qashqadaryo Viloyati,Khanabad (KSQ),
Samarkand,Samarkand (SKD),
Samarqand Viloyati,Samarkand (SKD),
Sirdaryo Viloyati,Khudzhand (LBD),
Surxondaryo Viloyati,Termez (TMJ),
Tashkent,Tashkent (TAS),
Termez,Termez (TMJ),
Toshkent Shahri,,
Toshkent Viloyati,Tashkent (TAS),
Urgentch,Urgench (UGC),
Xorazm Viloyati,Urgench (UGC),
Air Vanuatu,,
Espiritu Santo,Santo (SON),
Lists of earthquakes,,
"Litslits, Vanuatu",Norsup (NUS),
Luganville,Santo (SON),
Malampa,Craig Cove (CCV),
Penama,Pentecost Island (SSR),
PORT VILA,Port-vila (VLI),
Sanma,Santo (SON),
Santo,,
Shefa,Sangafa (EAE),
Sola,Sola (SLH),
Tafea,Tanna (TAH),
Vatican City,,
Acarigua-Araure,,
Anaco(F),,
Archipiélago Los Roques National Park,Caracas (CCS),
Barcelona,,
Barcelona-Puerto La Cruz,Barcelona (BLA),
Barinas,Barinas (BNS),
Barquisimeto,Barquisimeto (BRM),
Baruta,Caracas (CCS),
Cabimas,Maracaibo (MAR),
CARACAS,Caracas (CCS),
Caura National Park,San Tome (SOM),
Cerro El Copey National Park,Porlamar (PMV),
Chorro El Indio National Park,Santo Domingo (STD),
Ciénagas de Juan Manuel National Park,El Vigía (VIG),
Ciudad Bolívar,Guayana (PZO),
Ciudad Guayana,Guayana (PZO),
Ciudad Ojeda,Maracaibo (MAR),
Coro,Coro (CZE),
Cueva del Guácharo National Park,Maturin (MUN),
Cumaná,Cumana (CUM),
Delta del Orinoco National Park,Port-of-spain (POS),
Duida-Marahuaca National Park,Puerto Inírida (PDA),
El Ávila National Park,Caracas (CCS),
El Tigre,San Tome (SOM),
General Cruz Carrillo en Guaramacal National Park,Valera (VLV),
General Juan Pablo Peñalosa en los Páramos El Batallón y La Negra National Park,La Fria (LFR),
Guacara,Valencia (VLN),
Guanare,Barquisimeto (BRM),
Guaramacal National Park,Valera (VLV),
Guarenas,Caracas (CCS),
Guatire,Caracas (CCS),
Jaua-Sarisariñama National Park,Canaima (CAJ),
Juan Crisóstomo Falcón en la Sierra de San Luis National Park,Coro (CZE),
Juan Crisóstomo Falcón National Park,Coro (CZE),
Laguna de La Restinga National Park,Porlamar (PMV),
Los Guayos,Valencia (VLN),
Los Teques,Caracas (CCS),
Macarao National Park,Caracas (CCS),
Maracaibo,Maracaibo (MAR),
Maracay,Valencia (VLN),
Maturín,Maturin (MUN),
Médanos de Coro National Park,Coro (CZE),
Morrocoy National Park,Puerto Cabello (PBL),
Naguanagua,Valencia (VLN),
Porlamar,,
Pozuelos (F),Barcelona (BLA),
Puerto Cabello,Puerto Cabello (PBL),
Punto Fijo,Paraguana (LSP),
Río Viejo San Camilo National Park,Santo Domingo (STD),
San Esteban National Park,Puerto Cabello (PBL),
Serranía de la Neblina National Park,Sao Gabriel da Cachoeira (SJL),
Sierra La Culata National Park,Merida (MRD),
Sierra Nevada National Park,Merida (MRD),
Tirgua General Manuel Manrique National Park,Barquisimeto (BRM),
Tocuyito,Valencia (VLN),
Valencia,,
"Valencia, Venezuela",,
An Dinh,Haiphong (HPH),
An Giang,Rach Gia (VKG),
An Nhon,Phucat (UIH),
An Tam,Thanh Hoa (THD),
An Thanh,Thanh Hoa (THD),
Ap Sai Gon,,
Ap Trung,,
Ba Bể National Park,Hanoi (HAN),
Ba Vì National Park,Hanoi (HAN),Hanoi railway station
Bac Giang,Hanoi (HAN),Đông Anh railway station
Bac Kan,Hanoi (HAN),
Bac Ninh,Hanoi (HAN),Đông Anh railway station
Bach Ma,Hue (HUI),Da Nang Railway Station
Bái Tử Long National Park,Haiphong (HPH),
Bang,Baise (AEB),
Ben Nghe,,
Ben Than,Ho Chi Minh City (SGN),Saigon railway station
Bien Hoa,Ho Chi Minh City (SGN),Biên Hòa railway station
Binh Phuoc,Ho Chi Minh City (SGN),
Binh Thanh,,
Binh Thoai,,
Buon Ma Thuot,Buonmethuot (BMV),
Ca Mau,Ca Mau (CAH),
Cam Pha,Haiphong (HPH),
Can Tho,Can Tho (VCA),
Cát Bà National Park,Haiphong (HPH),
Cho Ha,,
Chuong Duong,Hanoi (HAN),Hanoi railway station
Co Giang,,
Côn Đảo National Park,Conson (VCS),
Cúc Phương National Park,Thanh Hoa (THD),
Da Lat,Dalat (DLI),Da Lat Railway Station
Da Nang,Danang (DAD),Da Nang Railway Station
Danang,,
Ha Long Bay,Haiphong (HPH),
Haiphong,,
Hanoi,Hanoi (HAN),Hanoi railway station
Ho Chi Minh City,Ho Chi Minh City (SGN),Saigon railway station
Hoàng Liên National Park,Dienbienphu (DIN),
Hoi An,Danang (DAD),Da Nang Railway Station
Hue,Hue (HUI),Hue Railway Station
Mekong Delta,Can Tho (VCA),
Mũi Cà Mau National Park,Ca Mau (CAH),
Nha Trang,Nha Trang (CXR),Nha Trang Railway Station
Núi Chúa National Park,Nha Trang (CXR),Nha Trang Railway Station
Phong Nha-Ke Bang National Park,Dong Hoi (VDH),
Phu Quoc,Phu Quoc (PQC),
Phú Quốc National Park,Phu Quoc (PQC),
Sapa,Wenshan (WNH),
Tràm Chim National Park,Can Tho (VCA),
Xuân Thủy National Park,Haiphong (HPH),
Yok Đôn National Park,Buonmethuot (BMV),
2013 Pacific Mini Games,Futuna Island (FUT),
Ahoa,Wallis (WLS),
Futuna (Wallis and Futuna),Futuna Island (FUT),
Ha'afuasia,Wallis (WLS),
Mala'efo'ou,Wallis (WLS),
Mata-Utu,Wallis (WLS),
Te'esi,Wallis (WLS),
Tepa,Wallis (WLS),
Tufu'one,Wallis (WLS),
Vaimalau,Wallis (WLS),
Wallis and Futuna,Futuna Island (FUT),
El Aaiún,El Aaiún (EUN),
'Amran,Sanaa (SAH),
Abyan,,
Ad Dali',Taiz (TAI),
Adan,,
Aden,Aden (ADE),
Al Bayda',Aden (ADE),
Al Buraiqeh,Aden (ADE),
Al Ghaidah Intl,,
Al Jawf,Nejran (EAM),
Al Mahrah,Al Ghaidah Intl (AAY),
Al Mahwit,Sanaa (SAH),
Al-Hudaydah,Hodeidah (HOD),
Al-Mukalla,Mukalla (RIY),
Dhamar,Taiz (TAI),
Hadramawt,Sayun Intl (GXF),
Hajjah,Sanaa (SAH),
Hodeidah,,
Ibb,Taiz (TAI),
Lahij,Aden (ADE),
Ma'rib,Sanaa (SAH),
Sa'dah,Nejran (EAM),
San'a',Sanaa (SAH),
SANA'A,Sanaa (SAH),
Sanaa,Sanaa (SAH),
Sayun Intl,,
Shabwah,Ataq (AXK),
Socotra,,
Ta'izz,Taiz (TAI),
Taiz,,
Chambishi,Ndola (NLA),
Chibombo,Lusaka (LUN),
Chibombo District,Lusaka (LUN),
Chililabombwe,Lubumashi (FBM),
Chingola,Ndola (NLA),
Chingola District,Lubumashi (FBM),
Chipata,Chipata (CIP),
Kabwe,Lusaka (LUN),
Kalomo,Livingstone (LVI),
Kalulushi,Ndola (NLA),
Kapiri Mposhi,Ndola (NLA),
Kasama,Mfuwe (MFU),
Kataba,Ndola (NLA),
Kitwe,Ndola (NLA),
Livingstone,Livingstone (LVI),
Lower Zambezi National Park,Lusaka (LUN),
Luanshya,Ndola (NLA),
Lusaka,Lusaka (LUN),
Lusaka National Park,Lusaka (LUN),
Macha,Livingstone (LVI),
Mkushi,Ndola (NLA),
Mosi-oa-Tunya National Park,Livingstone (LVI),
Mpongwe,Ndola (NLA),
Mufulira,Ndola (NLA),
Mumbwa,Lusaka (LUN),
Ndola,Ndola (NLA),
Nsumbu National Park,Kalemie (FMI),
"Nyika National Park, Zambia",Lichinga (VXC),
Serenje,Ndola (NLA),
Siavonga,Lusaka (LUN),
Solwezi,Solwesi (SLI),
West Lunga National Park,Solwesi (SLI),
Buhera District,Harare (HRE),
Bulawayo,Bulawayo (BUQ),
Chimanimani,Chimoio (VPY),
Chimanimani District,Chimoio (VPY),
Chinhoyi,Harare (HRE),
Chipinge,,
Chipinge District,Chimoio (VPY),
Chitungwiza,Harare (HRE),
Dorowa Mining Lease,,
Epworth,Harare (HRE),
Greendale,Harare (HRE),
Gwanda,Bulawayo (BUQ),
Gweru,Bulawayo (BUQ),
HARARE,Harare (HRE),
Harare Zimbabwe Temple,Harare (HRE),
Headlands,Harare (HRE),
Kwekwe,Harare (HRE),
Makoni District,Chimoio (VPY),
Mufakose,Harare (HRE),
Mutare,Chimoio (VPY),
Mutare District,Chimoio (VPY),
Mutasa District,Chimoio (VPY),
Victoria Falls,Livingstone (LVI),
