Destination English Name,Country,State/Provence,Nearest City,Destination Official Name,Attractions Updated
Herat,Afghanistan,,Herat,Herat,2026-03-22
Molah,Afghanistan,,Molah,Molah,2026-03-22
Kabul,Afghanistan,,Kabul,Rana,2026-03-22
Maidan Shar,Afghanistan,,Maidan Shar,Shar,2026-03-22
Mazar-i-Sharif,Afghanistan,,Mazar-i-Sharif,Sharif,2026-03-22
"Wazir Akbar Khan, Kabul",Afghanistan,,"Wazir Akbar Khan, Kabul",Wazir Akbar Khan,2026-03-22
"Ishkashim, Afghanistan",Afghanistan,,"Ishkashim, Afghanistan",Ashkāsham,2026-03-22
Faizabad,Afghanistan,,Faizabad,Fayzabad,2026-03-22
Kandahar,Afghanistan,,Kandahar,Jurm,2026-03-22
Khandud,Afghanistan,,Khandud,Khandūd,2026-03-22
Rāghistān,Afghanistan,,Rāghistān,Rāghistān,2026-03-22
Wākhān,Afghanistan,,Wākhān,Wākhān,2026-03-22
Qala e Naw,Afghanistan,,Qala e Naw,Qala i Naw,2026-03-22
Baghlan,Afghanistan,,Baghlan,Baghlān,2026-03-22
Ḩukūmatī Dahanah-ye Ghōrī,Afghanistan,,Ḩukūmatī Dahanah-ye Ghōrī,Ḩukūmatī Dahanah-ye Ghōrī,2026-03-22
Nahrīn,Afghanistan,,Nahrīn,Nahrīn,2026-03-22
Pul-e Khumrī,Afghanistan,,Pul-e Khumrī,Pul-e Khumrī,2026-03-22
Balkh,Afghanistan,,Balkh,Balkh,2026-03-22
Dowlatābād,Afghanistan,,Dowlatābād,Dowlatābād,2026-03-22
"Kholm, Afghanistan",Afghanistan,,"Kholm, Afghanistan",Khulm,2026-03-22
Mariehamn,Åland Islands,,Mariehamn,Mariehamn,2026-03-22
TIRANA,Albania,,TIRANA,TIRANA,2026-03-22
Port of Durrës,Albania,,Port of Durrës,Durrës,2026-03-22
Elbasan,Albania,,Elbasan,Elbasan,2026-03-22
Municipalities of Albania,Albania,,Municipalities of Albania,Petran,2026-03-22
Pogradec,Albania,,Pogradec,Pogradec,2026-03-22
Shkodër,Albania,,Shkodër,Shkoder,2026-03-22
Ura Vajgurore,Albania,,Ura Vajgurore,Ura Vajgurore,2026-03-22
Villages of Fier County,Albania,,Villages of Fier County,Banaj,2026-03-22
Bashkia Berat,Albania,,Bashkia Berat,Bashkia Berat,2026-03-22
Bashkia Kuçovë,Albania,,Bashkia Kuçovë,Bashkia Kuçovë,2026-03-22
Bashkia Poliçan,Albania,,Bashkia Poliçan,Bashkia Poliçan,2026-03-22
Bashkia Skrapar,Albania,,Bashkia Skrapar,Bashkia Skrapar,2026-03-22
Berat,Albania,,Berat,Berat,2026-03-22
Çorovodë,Albania,,Çorovodë,Çorovodë,2026-03-22
Kuçovë District,Albania,,Kuçovë District,Kuçovë,2026-03-22
Poliçan,Albania,,Poliçan,Poliçan,2026-03-22
Rrethi i Beratit,Albania,,Rrethi i Beratit,Rrethi i Beratit,2026-03-22
Rrethi i Kuçovës,Albania,,Rrethi i Kuçovës,Rrethi i Kuçovës,2026-03-22
ALGIERS,Algeria,EL DJAZAIR,ALGIERS,ALGIERS,2026-03-22
Oran,Algeria,Oran,Oran,Wahran,2026-03-22
"Constantine, Algeria",Algeria,Constantine,"Constantine, Algeria",Qacentina,2026-03-22
Annaba,Algeria,,Annaba,Annaba,2026-03-22
Batna (city),Algeria,,Batna (city),Batna,2026-03-22
Blida,Algeria,Blida,Blida,El Boulaïda,2026-03-22
STIF,Algeria,Sétif,STIF,Stif,2026-03-22
Sidi Bel Abbès Province,Algeria,,Sidi Bel Abbès Province,Sidi-bel-Abbès,2026-03-22
Biskra,Algeria,,Biskra,Beskra,2026-03-22
Chlef,Algeria,El Asnam,Chlef,Ech Cheliff,2026-03-22
Djelfa,Algeria,,Djelfa,El Djelfa,2026-03-22
Tlemcen,Algeria,Tlemcen,Tlemcen,Tilimsen,2026-03-22
Tébessa,Algeria,,Tébessa,Tbessa,2026-03-22
Skikda,Algeria,,Skikda,Skikda,2026-03-22
Tiaret,Algeria,,Tiaret,Tihert,2026-03-22
Béjaïa,Algeria,,Béjaïa,Bejaïa,2026-03-22
Ouargla,Algeria,,Ouargla,Wargla,2026-03-22
Béchar,Algeria,,Béchar,Béchar,2026-03-22
Bordj Bou Arréridj,Algeria,,Bordj Bou Arréridj,Bordj Bou Arreridj,2026-03-22
Médéa,Algeria,Medea,Médéa,Lemdiyya,2026-03-22
Ghardaïa,Algeria,,Ghardaïa,Ghardaïa,2026-03-22
Mostaganem,Algeria,Mostaganem,Mostaganem,Mestghanem,2026-03-22
Souk Ahras,Algeria,,Souk Ahras,Souq Ahras,2026-03-22
Touggourt,Algeria,,Touggourt,Touggourt,2026-03-22
"Saïda, Algeria",Algeria,,"Saïda, Algeria",Saïda,2026-03-22
Guelma,Algeria,,Guelma,Guelma,2026-03-22
Jijel,Algeria,,Jijel,Jijel,2026-03-22
El Wad,Algeria,,El Wad,El Wad,2026-03-22
El Eulma,Algeria,,El Eulma,El Eulma,2026-03-22
Ghilizane,Algeria,,Ghilizane,Ghilizane,2026-03-22
Bordj el Kiffan,Algeria,,Bordj el Kiffan,Bordj el Kiffan,2026-03-22
M'Sila,Algeria,,M'Sila,M'Sila,2026-03-22
Azazga,Algeria,,Azazga,Azazga,2026-03-22
Bordj,Algeria,,Bordj,Bordj,2026-03-22
Bougara,Algeria,,Bougara,Bougara,2026-03-22
Cheraga,Algeria,,Cheraga,Cheraga,2026-03-22
Constantine,Algeria,,Constantine,Constantine,2026-03-22
Pago Pago,American Samoa,,Pago Pago,Pago Pago,2026-03-22
Canillo,Andorra,,Canillo,Canillo,2026-03-22
Encamp,Andorra,,Encamp,Encamp,2026-03-22
Engordany,Andorra,,Engordany,Engordany,2026-03-22
Escaldes-Engordany,Andorra,,Escaldes-Engordany,Escaldes-Engordany,2026-03-22
La Massana,Andorra,,La Massana,La Massana,2026-03-22
Llorts,Andorra,,Llorts,Llorts,2026-03-22
Ordino,Andorra,,Ordino,Ordino,2026-03-22
Santa Coloma,Andorra,,Santa Coloma,Santa Coloma,2026-03-22
Sispony,Andorra,,Sispony,Sispony,2026-03-22
Soldeu,Andorra,,Soldeu,Soldeu,2026-03-22
El Tarter,Andorra,,El Tarter,El Tarter,2026-03-22
Pas de la Casa,Andorra,,Pas de la Casa,Pas de la Casa,2026-03-22
les Escaldes,Andorra,,les Escaldes,les Escaldes,2026-03-22
Arinsal,Andorra,,Arinsal,Arinsal,2026-03-22
Sant Julià de Lòria,Andorra,,Sant Julià de Lòria,Sant Julià de Lòria,2026-03-22
Ambriz,Angola,,Ambriz,Ambriz,2026-03-22
Benguela,Angola,,Benguela,Benguela,2026-03-22
Cabinda,Angola,,Cabinda,Cabinda,2026-03-22
Cacole,Angola,,Cacole,Cacole,2026-03-22
Camabatela,Angola,,Camabatela,Camabatela,2026-03-22
Cazeta,Angola,,Cazeta,Cazeta,2026-03-22
Huambo,Angola,,Huambo,Huambo,2026-03-22
Kuito,Angola,,Kuito,Kuito,2026-03-22
Lobito,Angola,,Lobito,Lobito,2026-03-22
Lubango,Angola,,Lubango,Lubango,2026-03-22
Lucapa,Angola,,Lucapa,Lucapa,2026-03-22
Lumeje,Angola,,Lumeje,Lumeje,2026-03-22
Malanje,Angola,,Malanje,Malanje,2026-03-22
Menongue,Angola,,Menongue,Menongue,2026-03-22
Muxaluando,Angola,,Muxaluando,Muxaluando,2026-03-22
Namibe,Angola,,Namibe,Namibe,2026-03-22
Ondjiva,Angola,,Ondjiva,Ondjiva,2026-03-22
Piri,Angola,,Piri,Piri,2026-03-22
Saurimo,Angola,,Saurimo,Saurimo,2026-03-22
Talatona,Angola,,Talatona,Talatona,2026-03-22
Caxito,Angola,,Caxito,Caxito,2026-03-22
Catumbela,Angola,,Catumbela,Catumbela,2026-03-22
Camacupa,Angola,,Camacupa,Camacupa,2026-03-22
Catabola,Angola,,Catabola,Catabola,2026-03-22
Chissamba,Angola,,Chissamba,Chissamba,2026-03-22
Cuito,Angola,,Cuito,Cuito,2026-03-22
N’dalatando,Angola,,N’dalatando,N’dalatando,2026-03-22
Quibala,Angola,,Quibala,Quibala,2026-03-22
Sumbe,Angola,,Sumbe,Sumbe,2026-03-22
Uacu Cungo,Angola,,Uacu Cungo,Uacu Cungo,2026-03-22
THE VALLEY,Anguilla,,THE VALLEY,THE VALLEY,2026-03-22
"Sandy Ground, Anguilla",Anguilla,,"Sandy Ground, Anguilla",Sandy Ground Village,2026-03-22
"The Valley, Anguilla",Anguilla,,"The Valley, Anguilla",Sandy Hill,2026-03-22
Anguilla,Anguilla,,Anguilla,Stoney Ground,2026-03-22
The Quarter at Tropicana,Anguilla,,The Quarter at Tropicana,The Quarter,2026-03-22
Antarctica,Antarctica,,Antarctica,Antarctica,2026-03-22
Saint John's,Antigua and Barbuda,,Saint John's,ST. JOHN,2026-03-22
All Saints,Antigua and Barbuda,,All Saints,All Saints,2026-03-22
Cassada Gardens,Antigua and Barbuda,,Cassada Gardens,Cassada Gardens,2026-03-22
Codrington,Antigua and Barbuda,,Codrington,Codrington,2026-03-22
Old Road,Antigua and Barbuda,,Old Road,Old Road,2026-03-22
Parham,Antigua and Barbuda,,Parham,Parham,2026-03-22
"St. John's, Antigua and Barbuda",Antigua and Barbuda,,"St. John's, Antigua and Barbuda",Woods,2026-03-22
Bolans,Antigua and Barbuda,,Bolans,Bolands,2026-03-22
"Liberta, Antigua and Barbuda",Antigua and Barbuda,,"Liberta, Antigua and Barbuda",Liberta,2026-03-22
Buenos Aires Argentina Temple,Argentina,,Buenos Aires Argentina Temple,BUENOS AIRES,2026-03-22
Córdoba,Argentina,,Córdoba,Córdoba,2026-03-22
Rosario,Argentina,,Rosario,Rosario,2026-03-22
La Matanza,Argentina,,La Matanza,La Matanza,2026-03-22
Mendoza,Argentina,,Mendoza,Mendoza,2026-03-22
Tucumán-Tafí Viejo,Argentina,,Tucumán-Tafí Viejo,Tucumán-Tafí Viejo,2026-03-22
La Plata,Argentina,,La Plata,La Plata,2026-03-22
Morón,Argentina,,Morón,Morón,2026-03-22
Mar del Plata-Batán,Argentina,,Mar del Plata-Batán,Mar del Plata-Batán,2026-03-22
Lomas de Zamora,Argentina,,Lomas de Zamora,Lomas de Zamora,2026-03-22
Salta,Argentina,,Salta,Salta,2026-03-22
Santa Fé,Argentina,,Santa Fé,Santa Fé,2026-03-22
Quilmes,Argentina,,Quilmes,Quilmes,2026-03-22
San Juan,Argentina,,San Juan,San Juan,2026-03-22
San Miguel de Tucumán,Argentina,,San Miguel de Tucumán,San Miguel de Tucumán,2026-03-22
Lanus,Argentina,,Lanus,Lanus,2026-03-22
General San Martín,Argentina,,General San Martín,General San Martín,2026-03-22
Resistencia,Argentina,,Resistencia,Resistencia,2026-03-22
Santiago del Estero-La Banda,Argentina,,Santiago del Estero-La Banda,Santiago del Estero-La Banda,2026-03-22
Corrientes,Argentina,,Corrientes,Corrientes,2026-03-22
Avellaneda,Argentina,,Avellaneda,Avellaneda,2026-03-22
San Salvador de Jujuy-Palpalá,Argentina,,San Salvador de Jujuy-Palpalá,San Salvador de Jujuy-Palpalá,2026-03-22
Bahía Blanca-Cerri,Argentina,,Bahía Blanca-Cerri,Bahía Blanca-Cerri,2026-03-22
Posadas,Argentina,,Posadas,Posadas,2026-03-22
San Isidro,Argentina,,San Isidro,San Isidro,2026-03-22
Vicente López,Argentina,,Vicente López,Vicente López,2026-03-22
Paraná,Argentina,,Paraná,Paraná,2026-03-22
Neuquén-Plottier,Argentina,,Neuquén-Plottier,Neuquén-Plottier,2026-03-22
Formosa,Argentina,,Formosa,Formosa,2026-03-22
San Luis - El Chorrillo,Argentina,,San Luis - El Chorrillo,San Luis - El Chorrillo,2026-03-22
Catamarca,Argentina,,Catamarca,Catamarca,2026-03-22
La Rioja,Argentina,,La Rioja,La Rioja,2026-03-22
San Nicolás-Villa Constitución,Argentina,,San Nicolás-Villa Constitución,San Nicolás-Villa Constitución,2026-03-22
Río Cuarto,Argentina,,Río Cuarto,Río Cuarto,2026-03-22
Concordia,Argentina,,Concordia,Concordia,2026-03-22
Comodoro Rivadavia-Rada Tilly,Argentina,,Comodoro Rivadavia-Rada Tilly,Comodoro Rivadavia-Rada Tilly,2026-03-22
San Fernando,Argentina,,San Fernando,San Fernando,2026-03-22
Rawson-Trelew-Playa Unión,Argentina,,Rawson-Trelew-Playa Unión,Rawson-Trelew-Playa Unión,2026-03-22
Ushuaia-Río Grande,Argentina,,Ushuaia-Río Grande,Ushuaia-Río Grande,2026-03-22
Santa Rosa-Toay,Argentina,,Santa Rosa-Toay,Santa Rosa-Toay,2026-03-22
28 de Noviembre,Argentina,,28 de Noviembre,28 de Noviembre,2026-03-22
Abasto,Argentina,,Abasto,Abasto,2026-03-22
Acassuso,Argentina,,Acassuso,Acassuso,2026-03-22
Acebal,Argentina,,Acebal,Acebal,2026-03-22
Acevedo,Argentina,,Acevedo,Acevedo,2026-03-22
Adelia Maria,Argentina,,Adelia Maria,Adelia Maria,2026-03-22
Agua de Oro,Argentina,,Agua de Oro,Agua de Oro,2026-03-22
Albardon,Argentina,,Albardon,Albardon,2026-03-22
Albarellos,Argentina,,Albarellos,Albarellos,2026-03-22
Alberdi,Argentina,,Alberdi,Alberdi,2026-03-22
Alberti,Argentina,,Alberti,Alberti,2026-03-22
Aldo Bonzi,Argentina,,Aldo Bonzi,Aldo Bonzi,2026-03-22
Alejandro Korn,Argentina,,Alejandro Korn,Alejandro Korn,2026-03-22
Alicia,Argentina,,Alicia,Alicia,2026-03-22
Allen,Argentina,,Allen,Allen,2026-03-22
Almafuerte,Argentina,,Almafuerte,Almafuerte,2026-03-22
Almagro,Argentina,,Almagro,Almagro,2026-03-22
Almirante Brown,Argentina,,Almirante Brown,Almirante Brown,2026-03-22
YEREVAN,Armenia,,YEREVAN,YEREVAN,2026-03-22
Gyumri,Armenia,Leninakan,Gyumri,Gyumri,2026-03-22
Vanadzoz,Armenia,Kirovakan,Vanadzoz,Vanadzoz,2026-03-22
Abovyan,Armenia,,Abovyan,Abovyan,2026-03-22
Agarak,Armenia,,Agarak,Agarak,2026-03-22
Apaga,Armenia,,Apaga,Apaga,2026-03-22
Aparan,Armenia,,Aparan,Aparan,2026-03-22
Arabkir,Armenia,,Arabkir,Arabkir,2026-03-22
Ashtarak,Armenia,,Ashtarak,Ashtarak,2026-03-22
Erebuni Fortress,Armenia,,Erebuni Fortress,Erebuni Fortress,2026-03-22
Hrazdan,Armenia,,Hrazdan,Hrazdan,2026-03-22
Aragatsotn Province,Armenia,,Aragatsotn Province,Agarakavan,2026-03-22
Mount Aragats,Armenia,,Mount Aragats,Aragats,2026-03-22
Archaeological heritage of Armenia,Armenia,,Archaeological heritage of Armenia,Arteni,2026-03-22
ORANJESTAD,Aruba,,ORANJESTAD,ORANJESTAD,2026-03-22
Noord,Aruba,,Noord,Noord,2026-03-22
Palm Beach,Aruba,,Palm Beach,Palm Beach,2026-03-22
Paradera,Aruba,,Paradera,Paradera,2026-03-22
Ponton,Aruba,,Ponton,Ponton,2026-03-22
Sabaneta,Aruba,,Sabaneta,Sabaneta,2026-03-22
San Barbola,Aruba,,San Barbola,San Barbola,2026-03-22
Santa Cruz,Aruba,,Santa Cruz,Santa Cruz,2026-03-22
Sero Blanco,Aruba,,Sero Blanco,Sero Blanco,2026-03-22
Saint Nicholas,Aruba,,Saint Nicholas,Sint Nicolaas,2026-03-22
Tanki Lender,Aruba,,Tanki Lender,Tanki Lender,2026-03-22
Sydney,Australia,New South Wales,Sydney,Sydney,2026-03-22
Melbourne,Australia,Victoria,Melbourne,Melbourne,2026-03-22
Great Barrier Reef,Australia,Queensland,Cairns,Great Barrier Reef,2026-03-22
Uluru,Australia,Northern Territory,Yulara,Uluru,2026-03-22
Brisbane,Australia,Queensland,Brisbane,Brisbane,2026-03-22
Perth,Australia,Western Australia,Perth,Perth,2026-03-22
Tasmania,Australia,Tasmania,Hobart,Tasmania,2026-03-22
Gold Coast,Australia,Queensland,Gold Coast,Gold Coast,2026-03-22
Greater Sydney,Australia,,Greater Sydney,Greater Sydney,2026-03-22
Greater Melbourne,Australia,,Greater Melbourne,Greater Melbourne,2026-03-22
Greater Brisbane,Australia,,Greater Brisbane,Greater Brisbane,2026-03-22
Greater Perth,Australia,,Greater Perth,Greater Perth,2026-03-22
Greater Adelaide,Australia,,Greater Adelaide,Greater Adelaide,2026-03-22
Adelaide,Australia,,Adelaide,Adelaide,2026-03-22
Gold Coast-Tweed Heads,Australia,,Gold Coast-Tweed Heads,Gold Coast-Tweed Heads,2026-03-22
Newcastle-Maitland,Australia,,Newcastle-Maitland,Newcastle-Maitland,2026-03-22
Canberra-Queanbeyan,Australia,,Canberra-Queanbeyan,Canberra-Queanbeyan,2026-03-22
Newcastle,Australia,,Newcastle,Newcastle,2026-03-22
Central Coast,Australia,,Central Coast,Central Coast,2026-03-22
Sunshine Coast,Australia,,Sunshine Coast,Sunshine Coast,2026-03-22
Wollongong,Australia,,Wollongong,Wollongong,2026-03-22
Greater Wollongong,Australia,,Greater Wollongong,Greater Wollongong,2026-03-22
Greater Hobart,Australia,,Greater Hobart,Greater Hobart,2026-03-22
Hobart,Australia,,Hobart,Hobart,2026-03-22
Geelong,Australia,,Geelong,Geelong,2026-03-22
Townsville,Australia,,Townsville,Townsville,2026-03-22
Cairns,Australia,,Cairns,Cairns,2026-03-22
Greater Darwin,Australia,,Greater Darwin,Greater Darwin,2026-03-22
Darwin,Australia,,Darwin,Darwin,2026-03-22
Toowoomba,Australia,,Toowoomba,Toowoomba,2026-03-22
Launceston,Australia,,Launceston,Launceston,2026-03-22
Albury-Wodonga,Australia,,Albury-Wodonga,Albury-Wodonga,2026-03-22
Abbotsford,Australia,,Abbotsford,Abbotsford,2026-03-22
Abbotsham,Australia,,Abbotsham,Abbotsham,2026-03-22
Aberdeen,Australia,,Aberdeen,Aberdeen,2026-03-22
Aberfoyle,Australia,,Aberfoyle,Aberfoyle,2026-03-22
Aberglasslyn,Australia,,Aberglasslyn,Aberglasslyn,2026-03-22
Abermain,Australia,,Abermain,Abermain,2026-03-22
Acacia Ridge,Australia,,Acacia Ridge,Acacia Ridge,2026-03-22
Adamstown,Australia,,Adamstown,Adamstown,2026-03-22
Adelong,Australia,,Adelong,Adelong,2026-03-22
Advancetown,Australia,,Advancetown,Advancetown,2026-03-22
Agnes Banks,Australia,,Agnes Banks,Agnes Banks,2026-03-22
Agnes Water,Australia,,Agnes Water,Agnes Water,2026-03-22
Airlie Beach,Australia,,Airlie Beach,Airlie Beach,2026-03-22
Aitkenvale,Australia,,Aitkenvale,Aitkenvale,2026-03-22
Albany,Australia,,Albany,Albany,2026-03-22
Albany Creek,Australia,,Albany Creek,Albany Creek,2026-03-22
Albert Park,Australia,,Albert Park,Albert Park,2026-03-22
Alberton,Australia,,Alberton,Alberton,2026-03-22
Albion,Australia,,Albion,Albion,2026-03-22
Albion Park,Australia,,Albion Park,Albion Park,2026-03-22
Albury,Australia,,Albury,Albury,2026-03-22
Aldgate,Australia,,Aldgate,Aldgate,2026-03-22
Aldinga,Australia,,Aldinga,Aldinga,2026-03-22
Aldinga Beach,Australia,,Aldinga Beach,Aldinga Beach,2026-03-22
Alexandra,Australia,,Alexandra,Alexandra,2026-03-22
Alexandria,Australia,,Alexandria,Alexandria,2026-03-22
Alfredton,Australia,,Alfredton,Alfredton,2026-03-22
Kakadu National Park,Australia,Northern Territory,Jabiru,Kakadu National Park,2026-03-22
Daintree Rainforest,Australia,Queensland,Cairns,Daintree Rainforest,2026-03-22
Blue Mountains National Park,Australia,New South Wales,Katoomba,Blue Mountains National Park,2026-03-22
Grampians National Park,Australia,Victoria,Halls Gap,Grampians National Park,2026-03-22
Freycinet National Park,Australia,Tasmania,Coles Bay,Freycinet National Park,2026-03-22
Kosciuszko National Park,Australia,New South Wales,Jindabyne,Kosciuszko National Park,2026-03-22
Ningaloo Reef,Australia,Western Australia,Exmouth,Ningaloo Reef,2026-03-22
Vienna,Austria,,Vienna,WIEN,2026-03-22
Graz,Austria,,Graz,Graz,2026-03-22
Linz,Austria,,Linz,Linz,2026-03-22
Salzburg,Austria,,Salzburg,Salzburg,2026-03-22
Innsbruck,Austria,,Innsbruck,Innsbruck,2026-03-22
Klagenfurt,Austria,,Klagenfurt,Klagenfurt,2026-03-22
Sankt Pölten,Austria,,Sankt Pölten,Sankt Pölten,2026-03-22
Bregenz,Austria,,Bregenz,Bregenz,2026-03-22
Eisenstadt,Austria,,Eisenstadt,Eisenstadt,2026-03-22
Absam,Austria,,Absam,Absam,2026-03-22
Absdorf,Austria,,Absdorf,Absdorf,2026-03-22
Abtenau,Austria,,Abtenau,Abtenau,2026-03-22
Abtsdorf,Austria,,Abtsdorf,Abtsdorf,2026-03-22
Ach,Austria,,Ach,Ach,2026-03-22
Achenkirch,Austria,,Achenkirch,Achenkirch,2026-03-22
Achensee,Austria,,Achensee,Achensee,2026-03-22
Admont,Austria,,Admont,Admont,2026-03-22
Adnet,Austria,,Adnet,Adnet,2026-03-22
Afritz,Austria,,Afritz,Afritz,2026-03-22
Aggsbach,Austria,,Aggsbach,Aggsbach,2026-03-22
Aichbach,Austria,,Aichbach,Aichbach,2026-03-22
Aichdorf,Austria,,Aichdorf,Aichdorf,2026-03-22
Aifersdorf,Austria,,Aifersdorf,Aifersdorf,2026-03-22
Aigen,Austria,,Aigen,Aigen,2026-03-22
Aigen im Muehlkreis,Austria,,Aigen im Muehlkreis,Aigen im Muehlkreis,2026-03-22
Ainet,Austria,,Ainet,Ainet,2026-03-22
Aistersheim,Austria,,Aistersheim,Aistersheim,2026-03-22
Alberndorf in der Riedmark,Austria,,Alberndorf in der Riedmark,Alberndorf in der Riedmark,2026-03-22
Alberschwende,Austria,,Alberschwende,Alberschwende,2026-03-22
Aldrans,Austria,,Aldrans,Aldrans,2026-03-22
Alkoven,Austria,,Alkoven,Alkoven,2026-03-22
Alland,Austria,,Alland,Alland,2026-03-22
Allhartsberg,Austria,,Allhartsberg,Allhartsberg,2026-03-22
Alpbach,Austria,,Alpbach,Alpbach,2026-03-22
Altach,Austria,,Altach,Altach,2026-03-22
Altenberg,Austria,,Altenberg,Altenberg,2026-03-22
Altenberg bei Linz,Austria,,Altenberg bei Linz,Altenberg bei Linz,2026-03-22
Altenburg,Austria,,Altenburg,Altenburg,2026-03-22
BAKU,Azerbaijan,,BAKU,BAKU,2026-03-22
Ganja,Azerbaijan,,Ganja,Ganja,2026-03-22
Sumgayit,Azerbaijan,,Sumgayit,Sumgayit,2026-03-22
Nakhchivan,Azerbaijan,,Nakhchivan,Nakhchivan,2026-03-22
Quba,Azerbaijan,,Quba,Quba,2026-03-22
Qusar,Azerbaijan,,Qusar,Qusar,2026-03-22
Sulutapa,Azerbaijan,,Sulutapa,Sulutapa,2026-03-22
Sumqayit,Azerbaijan,,Sumqayit,Sumqayit,2026-03-22
Xirdalan,Azerbaijan,,Xirdalan,Xirdalan,2026-03-22
Zurges,Azerbaijan,,Zurges,Zurges,2026-03-22
Ceyranbatan,Azerbaijan,,Ceyranbatan,Ceyranbatan,2026-03-22
Digah,Azerbaijan,,Digah,Digah,2026-03-22
Gyuzdek,Azerbaijan,,Gyuzdek,Gyuzdek,2026-03-22
Khirdalan,Azerbaijan,,Khirdalan,Khirdalan,2026-03-22
Qobu,Azerbaijan,,Qobu,Qobu,2026-03-22
Saray,Azerbaijan,,Saray,Saray,2026-03-22
Ağdam,Azerbaijan,,Ağdam,Ağdam,2026-03-22
Aqdash,Azerbaijan,,Aqdash,Ağdaş,2026-03-22
Aghjabadi,Azerbaijan,,Aghjabadi,Agdzhabedy,2026-03-22
Ottoman–Persian War (1505–1517),Azerbaijan,,Ottoman–Persian War (1505–1517),Avşar,2026-03-22
Nassau Bahamas Open,Bahamas,,Nassau Bahamas Open,NASSAU,2026-03-22
Andros Town,Bahamas,,Andros Town,Andros Town,2026-03-22
Dunmore Town,Bahamas,,Dunmore Town,Dunmore Town,2026-03-22
Freeport,Bahamas,,Freeport,Freeport,2026-03-22
Marsh Harbour,Bahamas,,Marsh Harbour,Marsh Harbour,2026-03-22
Palmetto Point,Bahamas,,Palmetto Point,Palmetto Point,2026-03-22
Spanish Wells,Bahamas,,Spanish Wells,Spanish Wells,2026-03-22
Alice Town,Bahamas,,Alice Town,Alice Town,2026-03-22
Arthur’s Town,Bahamas,,Arthur’s Town,Arthur’s Town,2026-03-22
Colonel Hill,Bahamas,,Colonel Hill,Colonel Hill,2026-03-22
High Rock,Bahamas,,High Rock,High Rock,2026-03-22
George Town,Bahamas,,George Town,George Town,2026-03-22
Lucaya,Bahamas,,Lucaya,Lucaya,2026-03-22
Matthew Town,Bahamas,,Matthew Town,Matthew Town,2026-03-22
Clarence,Bahamas,,Clarence,Clarence Town,2026-03-22
Local government in the Bahamas,Bahamas,,Local government in the Bahamas,Port Nelson,2026-03-22
MANAMA,Bahrain,,MANAMA,MANAMA,2026-03-22
Al Budayyi`,Bahrain,,Al Budayyi`,Al Budayyi`,2026-03-22
Al Hadd,Bahrain,,Al Hadd,Al Hadd,2026-03-22
Al Hamalah,Bahrain,,Al Hamalah,Al Hamalah,2026-03-22
Al Janabiyah,Bahrain,,Al Janabiyah,Al Janabiyah,2026-03-22
Al Markh,Bahrain,,Al Markh,Al Markh,2026-03-22
Al Muharraq,Bahrain,,Al Muharraq,Al Muharraq,2026-03-22
Bani Jamrah,Bahrain,,Bani Jamrah,Bani Jamrah,2026-03-22
Barbar,Bahrain,,Barbar,Barbar,2026-03-22
Jurdab,Bahrain,,Jurdab,Jurdab,2026-03-22
Madinat `Isa,Bahrain,,Madinat `Isa,Madinat `Isa,2026-03-22
Madinat Hamad,Bahrain,,Madinat Hamad,Madinat Hamad,2026-03-22
Oil City,Bahrain,,Oil City,Oil City,2026-03-22
Bahrain Tamarod,Bahrain,,Bahrain Tamarod,Sanad,2026-03-22
Sitra,Bahrain,,Sitra,Sitrah,2026-03-22
Jidhafs,Bahrain,,Jidhafs,Jidd Ḩafş,2026-03-22
Hamad Town,Bahrain,,Hamad Town,Madīnat Ḩamad,2026-03-22
Al Hidd,Bahrain,,Al Hidd,Al Ḩadd,2026-03-22
Dhaka-4,Bangladesh,,Dhaka-4,DHAKA,2026-03-22
Chittagong,Bangladesh,,Chittagong,Chittagong,2026-03-22
Khulna,Bangladesh,,Khulna,Khulna,2026-03-22
Rajshahi,Bangladesh,,Rajshahi,Rajshahi,2026-03-22
Tongi,Bangladesh,,Tongi,Tongi,2026-03-22
Narayanganj,Bangladesh,,Narayanganj,Narayanganj,2026-03-22
Rangpur,Bangladesh,,Rangpur,Rangpur,2026-03-22
Mymensingh,Bangladesh,,Mymensingh,Mymensingh,2026-03-22
Barisal,Bangladesh,,Barisal,Barisal,2026-03-22
Jessore,Bangladesh,,Jessore,Jessore,2026-03-22
Comilla,Bangladesh,,Comilla,Comilla,2026-03-22
Dinajpur,Bangladesh,,Dinajpur,Dinajpur,2026-03-22
Bogra,Bangladesh,,Bogra,Bogra,2026-03-22
Nawabganj,Bangladesh,,Nawabganj,Nawabganj,2026-03-22
Brahmanbaria,Bangladesh,,Brahmanbaria,Brahmanbaria,2026-03-22
Tangail,Bangladesh,,Tangail,Tangail,2026-03-22
Kadamrasul,Bangladesh,,Kadamrasul,Kadamrasul,2026-03-22
Sirajganj,Bangladesh,,Sirajganj,Sirajganj,2026-03-22
Narsingdi,Bangladesh,,Narsingdi,Narsingdi,2026-03-22
Naogaon,Bangladesh,,Naogaon,Naogaon,2026-03-22
Gazipur,Bangladesh,,Gazipur,Gazipur,2026-03-22
Jamalpur,Bangladesh,,Jamalpur,Jamalpur,2026-03-22
Pabna,Bangladesh,,Pabna,Pabna,2026-03-22
Saidpur,Bangladesh,,Saidpur,Saidpur,2026-03-22
Bagerhat,Bangladesh,,Bagerhat,Bagerhat,2026-03-22
Bandarban,Bangladesh,,Bandarban,Bandarban,2026-03-22
Barguna,Bangladesh,,Barguna,Barguna,2026-03-22
Barishal,Bangladesh,,Barishal,Barishal,2026-03-22
Bhola,Bangladesh,,Bhola,Bhola,2026-03-22
Atlantic Shores,Barbados,,Atlantic Shores,Atlantic Shores,2026-03-22
Bagatelle,Barbados,,Bagatelle,Bagatelle,2026-03-22
Bloomsbury,Barbados,,Bloomsbury,Bloomsbury,2026-03-22
Bruce Vale,Barbados,,Bruce Vale,Bruce Vale,2026-03-22
Cave Hill,Barbados,,Cave Hill,Cave Hill,2026-03-22
Clapham,Barbados,,Clapham,Clapham,2026-03-22
Hastings,Barbados,,Hastings,Hastings,2026-03-22
Holetown,Barbados,,Holetown,Holetown,2026-03-22
Husband,Barbados,,Husband,Husbands,2026-03-22
Bridgetown,Barbados,,Bridgetown,Oistins,2026-03-22
Succession season 4,Barbados,,Succession season 4,Porters,2026-03-22
"Christ Church, Barbados",Barbados,,"Christ Church, Barbados",Rendezvous,2026-03-22
"Blue Waters, Barbados",Barbados,,"Blue Waters, Barbados",Rockley,2026-03-22
"Wanstead, Barbados",Barbados,,"Wanstead, Barbados",Wanstead,2026-03-22
Warner Bros.,Barbados,,Warner Bros.,Warners,2026-03-22
"Warrens, Barbados",Barbados,,"Warrens, Barbados",Warrens,2026-03-22
Gomel,Belarus,,Gomel,Gomel,2026-03-22
Mogilev,Belarus,,Mogilev,Mogilev,2026-03-22
Vitebsk,Belarus,,Vitebsk,Vitebsk,2026-03-22
Grodno,Belarus,,Grodno,Grodno,2026-03-22
Brest,Belarus,,Brest,Brest,2026-03-22
Bobruisk,Belarus,,Bobruisk,Bobruisk,2026-03-22
Baranovichi,Belarus,,Baranovichi,Baranovichi,2026-03-22
Borisov,Belarus,,Borisov,Borisov,2026-03-22
Pinsk,Belarus,,Pinsk,Pinsk,2026-03-22
Orsha,Belarus,,Orsha,Orsha,2026-03-22
Mozir,Belarus,,Mozir,Mozir,2026-03-22
Soligorsk,Belarus,,Soligorsk,Soligorsk,2026-03-22
Novopolotsk,Belarus,,Novopolotsk,Novopolotsk,2026-03-22
Lida,Belarus,,Lida,Lida,2026-03-22
Dzyarzhynsk,Belarus,,Dzyarzhynsk,Dzyarzhynsk,2026-03-22
Horki,Belarus,,Horki,Horki,2026-03-22
Hrodna,Belarus,,Hrodna,Hrodna,2026-03-22
Lahoysk,Belarus,,Lahoysk,Lahoysk,2026-03-22
Lyakhovichi,Belarus,,Lyakhovichi,Lyakhovichi,2026-03-22
Lyaskavichy,Belarus,,Lyaskavichy,Lyaskavichy,2026-03-22
Mazyr,Belarus,,Mazyr,Mazyr,2026-03-22
Navapolatsk,Belarus,,Navapolatsk,Navapolatsk,2026-03-22
Polatsk,Belarus,,Polatsk,Polatsk,2026-03-22
Radoshkovichi,Belarus,,Radoshkovichi,Radoshkovichi,2026-03-22
Shklow,Belarus,,Shklow,Shklow,2026-03-22
Zaslawye,Belarus,,Zaslawye,Zaslawye,2026-03-22
Antwerpen,Belgium,Anvers,Antwerpen,Antwerpen,2026-03-22
Gent,Belgium,Gand,Gent,Gent,2026-03-22
Charleroi,Belgium,,Charleroi,Charleroi,2026-03-22
Liège,Belgium,Luik,Liège,Liège,2026-03-22
BRUXELLES,Belgium,BRUSSEL,BRUXELLES,BRUXELLES,2026-03-22
Schaerbeek,Belgium,,Schaerbeek,Schaerbeek,2026-03-22
Brugge,Belgium,,Brugge,Brugge,2026-03-22
Anderlecht,Belgium,,Anderlecht,Anderlecht,2026-03-22
Namur,Belgium,,Namur,Namur,2026-03-22
Aalbeke,Belgium,,Aalbeke,Aalbeke,2026-03-22
Aalst,Belgium,,Aalst,Aalst,2026-03-22
Aalter,Belgium,,Aalter,Aalter,2026-03-22
Aarschot,Belgium,,Aarschot,Aarschot,2026-03-22
Aarsele,Belgium,,Aarsele,Aarsele,2026-03-22
Aartrijke,Belgium,,Aartrijke,Aartrijke,2026-03-22
Aartselaar,Belgium,,Aartselaar,Aartselaar,2026-03-22
Achel,Belgium,,Achel,Achel,2026-03-22
Adegem,Belgium,,Adegem,Adegem,2026-03-22
Adinkerke,Belgium,,Adinkerke,Adinkerke,2026-03-22
Afsnee,Belgium,,Afsnee,Afsnee,2026-03-22
Belize City,Belize,,Belize City,Belize City,2026-03-22
Belmopan,Belize,,Belmopan,Belmopan,2026-03-22
Benque Viejo del Carmen,Belize,,Benque Viejo del Carmen,Benque Viejo del Carmen,2026-03-22
Freetown Sibun,Belize,,Freetown Sibun,Freetown Sibun,2026-03-22
Ladyville,Belize,,Ladyville,Ladyville,2026-03-22
San Ignacio,Belize,,San Ignacio,San Ignacio,2026-03-22
San Pedro Town,Belize,,San Pedro Town,San Pedro Town,2026-03-22
San Pedro,Belize,,San Pedro,San Pedro,2026-03-22
Benque Viejo el Carmen,Belize,,Benque Viejo el Carmen,Benque Viejo el Carmen,2026-03-22
Valley of Peace,Belize,,Valley of Peace,Valley of Peace,2026-03-22
Corozal Town,Belize,,Corozal Town,Corozal,2026-03-22
Hurricane Karl,Belize,,Hurricane Karl,Hopelchén,2026-03-22
Orange Walk Town,Belize,,Orange Walk Town,Orange Walk,2026-03-22
Orange Walk District,Belize,,Orange Walk District,Shipyard,2026-03-22
"Punta Gorda, Belize",Belize,,"Punta Gorda, Belize",Punta Gorda,2026-03-22
Alibori,Benin,,Alibori,Alibori,2026-03-22
Atakora,Benin,,Atakora,Atakora,2026-03-22
Atlantique,Benin,,Atlantique,Atlantique,2026-03-22
Borgou,Benin,,Borgou,Borgou,2026-03-22
Collines,Benin,,Collines,Collines,2026-03-22
Donga,Benin,,Donga,Donga,2026-03-22
Kouffo,Benin,,Kouffo,Kouffo,2026-03-22
Littoral,Benin,,Littoral,Littoral,2026-03-22
Mono,Benin,,Mono,Mono,2026-03-22
Oueme,Benin,,Oueme,Oueme,2026-03-22
Plateau,Benin,,Plateau,Plateau,2026-03-22
Zou,Benin,,Zou,Zou,2026-03-22
Banikoara,Benin,,Banikoara,Banikoara,2026-03-22
Kandi,Benin,,Kandi,Kandi,2026-03-22
Malanville,Benin,,Malanville,Malanville,2026-03-22
Guilmaro,Benin,,Guilmaro,Guilmaro,2026-03-22
Tanguiéta,Benin,,Tanguiéta,Tanguieta,2026-03-22
HAMILTON,Bermuda,,HAMILTON,HAMILTON,2026-03-22
Town of St. George,Bermuda,,Town of St. George,Town of St. George,2026-03-22
Devonshire,Bermuda,,Devonshire,Devonshire,2026-03-22
"Hamilton Harbour, Bermuda",Bermuda,,"Hamilton Harbour, Bermuda",Paget,2026-03-22
"Hamilton, Bermuda",Bermuda,,"Hamilton, Bermuda",Pembroke,2026-03-22
"St. George's, Bermuda",Bermuda,,"St. George's, Bermuda",Saint George,2026-03-22
Administrative divisions of Bermuda,Bermuda,,Administrative divisions of Bermuda,Sandys,2026-03-22
Bermuda,Bermuda,,Bermuda,Smith's,2026-03-22
THIMPHU,Bhutan,,THIMPHU,THIMPHU,2026-03-22
Bumthang,Bhutan,,Bumthang,Bumthang,2026-03-22
Chukha,Bhutan,,Chukha,Chukha,2026-03-22
Dagana,Bhutan,,Dagana,Dagana,2026-03-22
Gasa,Bhutan,,Gasa,Gasa,2026-03-22
Haa,Bhutan,,Haa,Haa,2026-03-22
Lhuntse,Bhutan,,Lhuntse,Lhuntse,2026-03-22
Valleys of Bhutan,Bhutan,,Valleys of Bhutan,Mongar,2026-03-22
"Paro, Bhutan",Bhutan,,"Paro, Bhutan",Paro,2026-03-22
Pemagatsel,Bhutan,,Pemagatsel,Pemagatshel,2026-03-22
Punakha Dzong,Bhutan,,Punakha Dzong,Punakha,2026-03-22
Education in Bhutan,Bhutan,,Education in Bhutan,Samdrup Jongkhar,2026-03-22
Bhutan Premier League,Bhutan,,Bhutan Premier League,Samtse,2026-03-22
Bhutan Women's National League,Bhutan,,Bhutan Women's National League,Sarpang,2026-03-22
Trashiyangtse District,Bhutan,,Trashiyangtse District,Trashiyangste,2026-03-22
Trongsa Dzong,Bhutan,,Trongsa Dzong,Trongsa,2026-03-22
Tsirang District,Bhutan,,Tsirang District,Tsirang,2026-03-22
Outline of Bhutan,Bhutan,,Outline of Bhutan,Wangdue Phodrang,2026-03-22
"Buli, Bhutan",Bhutan,,"Buli, Bhutan",Zhemgang,2026-03-22
Santa Cruz,Bolivia,,Santa Cruz,Santa Cruz,2026-03-22
Sucre,Bolivia,,Sucre,LA PAZ,2026-03-22
El Alto,Bolivia,,El Alto,El Alto,2026-03-22
Cochabamba,Bolivia,,Cochabamba,Cochabamba,2026-03-22
Oruro,Bolivia,,Oruro,Oruro,2026-03-22
Tarija,Bolivia,,Tarija,Tarija,2026-03-22
Potosí,Bolivia,,Potosí,Potosí,2026-03-22
Anillo,Bolivia,,Anillo,Anillo,2026-03-22
Aroma,Bolivia,,Aroma,Aroma,2026-03-22
Bermejo,Bolivia,,Bermejo,Bermejo,2026-03-22
Caracasa,Bolivia,,Caracasa,Caracasa,2026-03-22
Cobija,Bolivia,,Cobija,Cobija,2026-03-22
Cotoca,Bolivia,,Cotoca,Cotoca,2026-03-22
Cruz,Bolivia,,Cruz,Cruz,2026-03-22
Guayaramerin,Bolivia,,Guayaramerin,Guayaramerin,2026-03-22
Riberalta,Bolivia,,Riberalta,Riberalta,2026-03-22
Trinidad,Bolivia,,Trinidad,Trinidad,2026-03-22
Guayaramerín,Bolivia,,Guayaramerín,Guayaramerín,2026-03-22
Provincia Cercado,Bolivia,,Provincia Cercado,Provincia Cercado,2026-03-22
Provincia General José Ballivián,Bolivia,,Provincia General José Ballivián,Provincia General José Ballivián,2026-03-22
Provincia Iténez,Bolivia,,Provincia Iténez,Provincia Iténez,2026-03-22
Provincia Mamoré,Bolivia,,Provincia Mamoré,Provincia Mamoré,2026-03-22
Provincia Marbán,Bolivia,,Provincia Marbán,Provincia Marbán,2026-03-22
Provincia Moxos,Bolivia,,Provincia Moxos,Provincia Moxos,2026-03-22
Provincia Vaca Diez,Bolivia,,Provincia Vaca Diez,Provincia Vaca Diez,2026-03-22
Provincia Yacuma,Bolivia,,Provincia Yacuma,Provincia Yacuma,2026-03-22
SARAJEVO,Bosnia and Herzegovina,,SARAJEVO,SARAJEVO,2026-03-22
Banja Luka,Bosnia and Herzegovina,,Banja Luka,Banja Luka,2026-03-22
Zenica,Bosnia and Herzegovina,,Zenica,Zenica,2026-03-22
Tuzla,Bosnia and Herzegovina,,Tuzla,Tuzla,2026-03-22
Prijedor,Bosnia and Herzegovina,,Prijedor,Prijedor,2026-03-22
Doboj,Bosnia and Herzegovina,,Doboj,Doboj,2026-03-22
Banja,Bosnia and Herzegovina,,Banja,Banja,2026-03-22
Bijeljina,Bosnia and Herzegovina,,Bijeljina,Bijeljina,2026-03-22
Bosanska Dubica,Bosnia and Herzegovina,,Bosanska Dubica,Bosanska Dubica,2026-03-22
Bosanska Krupa,Bosnia and Herzegovina,,Bosanska Krupa,Bosanska Krupa,2026-03-22
Brčko,Bosnia and Herzegovina,,Brčko,Brcko,2026-03-22
"Breza, Bosnia and Herzegovina",Bosnia and Herzegovina,,"Breza, Bosnia and Herzegovina",Breza,2026-03-22
Central Bosnia Canton,Bosnia and Herzegovina,,Central Bosnia Canton,Bugojno,2026-03-22
Croatian Republic of Herzeg-Bosnia,Bosnia and Herzegovina,,Croatian Republic of Herzeg-Bosnia,Core,2026-03-22
Mostar,Bosnia and Herzegovina,,Mostar,Donja Mahala,2026-03-22
"Gračanica, Bosnia and Herzegovina",Bosnia and Herzegovina,,"Gračanica, Bosnia and Herzegovina",Gracanica,2026-03-22
Ilidža,Bosnia and Herzegovina,,Ilidža,Ilidza,2026-03-22
GABORONE,Botswana,,GABORONE,GABORONE,2026-03-22
Francistown,Botswana,,Francistown,Francistown,2026-03-22
Orapa,Botswana,,Orapa,Orapa,2026-03-22
Serowe,Botswana,,Serowe,Serowe,2026-03-22
Village,Botswana,,Village,Village,2026-03-22
Gobojango,Botswana,,Gobojango,Gobojango,2026-03-22
Gweta,Botswana,,Gweta,Gweta,2026-03-22
Kalamare,Botswana,,Kalamare,Kalamare,2026-03-22
Letlhakane,Botswana,,Letlhakane,Letlhakane,2026-03-22
Letsheng,Botswana,,Letsheng,Letsheng,2026-03-22
Maapi,Botswana,,Maapi,Maapi,2026-03-22
Machaneng,Botswana,,Machaneng,Machaneng,2026-03-22
Mahalapye,Botswana,,Mahalapye,Mahalapye,2026-03-22
Makobeng,Botswana,,Makobeng,Makobeng,2026-03-22
Makwata,Botswana,,Makwata,Makwata,2026-03-22
Mathakola,Botswana,,Mathakola,Mathakola,2026-03-22
Mathambgwane,Botswana,,Mathambgwane,Mathambgwane,2026-03-22
Mathathane,Botswana,,Mathathane,Mathathane,2026-03-22
Maunatlala,Botswana,,Maunatlala,Maunatlala,2026-03-22
Mogapi,Botswana,,Mogapi,Mogapi,2026-03-22
Moijabana,Botswana,,Moijabana,Moijabana,2026-03-22
Mookane,Botswana,,Mookane,Mookane,2026-03-22
Mopipi,Botswana,,Mopipi,Mopipi,2026-03-22
Mosetse,Botswana,,Mosetse,Mosetse,2026-03-22
Nata,Botswana,,Nata,Nata,2026-03-22
Palapye,Botswana,,Palapye,Palapye,2026-03-22
Bouvet Island,Bouvet Island,,Bouvet Island,Bouvet Island,2026-03-22
Rio de Janeiro,Brazil,Rio de Janeiro,Rio de Janeiro,Rio de Janeiro,2026-03-22
Sao Paulo,Brazil,Sao Paulo,Sao Paulo,Sao Paulo,2026-03-22
Iguazu Falls,Brazil,Parana,Foz do Iguacu,Iguazu Falls,2026-03-22
Salvador,Brazil,Bahia,Salvador,Salvador,2026-03-22
Amazon Rainforest,Brazil,Amazonas,Manaus,Amazon Rainforest,2026-03-22
Florianopolis,Brazil,Santa Catarina,Florianopolis,Florianopolis,2026-03-22
Brasilia,Brazil,Federal District,Brasilia,Brasilia,2026-03-22
Manaus,Brazil,,Manaus,Manaus,2026-03-22
Curitiba,Brazil,,Curitiba,Curitiba,2026-03-22
Recife,Brazil,,Recife,Recife,2026-03-22
Belo Horizonte,Brazil,,Belo Horizonte,Belo Horizonte,2026-03-22
Porto Alegre,Brazil,,Porto Alegre,Porto Alegre,2026-03-22
Goiânia,Brazil,,Goiânia,Goiânia,2026-03-22
Sao Luís,Brazil,,Sao Luís,Sao Luís,2026-03-22
Campinas,Brazil,,Campinas,Campinas,2026-03-22
Maceió,Brazil,,Maceió,Maceió,2026-03-22
Fortaleza,Brazil,,Fortaleza,Fortaleza,2026-03-22
Natal,Brazil,,Natal,Natal,2026-03-22
Nova Iguaçu,Brazil,,Nova Iguaçu,Nova Iguaçu,2026-03-22
Guarulhos,Brazil,,Guarulhos,Guarulhos,2026-03-22
Campo Grande,Brazil,,Campo Grande,Campo Grande,2026-03-22
Teresina,Brazil,,Teresina,Teresina,2026-03-22
Sao Bernardo do Campo,Brazil,,Sao Bernardo do Campo,Sao Bernardo do Campo,2026-03-22
Joao Pessoa,Brazil,,Joao Pessoa,Joao Pessoa,2026-03-22
Osasco,Brazil,,Osasco,Osasco,2026-03-22
Ribeirao Prêto,Brazil,,Ribeirao Prêto,Ribeirao Prêto,2026-03-22
Uberlândia,Brazil,,Uberlândia,Uberlândia,2026-03-22
Sorocaba,Brazil,,Sorocaba,Sorocaba,2026-03-22
Aracaju,Brazil,,Aracaju,Aracaju,2026-03-22
Santo André,Brazil,,Santo André,Santo André,2026-03-22
Sao José dos Campos,Brazil,,Sao José dos Campos,Sao José dos Campos,2026-03-22
Feira de Santana,Brazil,,Feira de Santana,Feira de Santana,2026-03-22
Juiz de Fora,Brazil,,Juiz de Fora,Juiz de Fora,2026-03-22
Niterói,Brazil,,Niterói,Niterói,2026-03-22
Joinville,Brazil,,Joinville,Joinville,2026-03-22
Londrina,Brazil,,Londrina,Londrina,2026-03-22
Ananindeua,Brazil,,Ananindeua,Ananindeua,2026-03-22
Belford Roxo,Brazil,,Belford Roxo,Belford Roxo,2026-03-22
Santos,Brazil,,Santos,Santos,2026-03-22
Mauá,Brazil,,Mauá,Mauá,2026-03-22
Caxias do Sul,Brazil,,Caxias do Sul,Caxias do Sul,2026-03-22
Diadema,Brazil,,Diadema,Diadema,2026-03-22
Contagem,Brazil,,Contagem,Contagem,2026-03-22
Betim,Brazil,,Betim,Betim,2026-03-22
Sao José do Rio Prêto,Brazil,,Sao José do Rio Prêto,Sao José do Rio Prêto,2026-03-22
Olinda,Brazil,,Olinda,Olinda,2026-03-22
Macapá,Brazil,,Macapá,Macapá,2026-03-22
Porto Velho,Brazil,,Porto Velho,Porto Velho,2026-03-22
Campos dos Goytacazes,Brazil,,Campos dos Goytacazes,Campos dos Goytacazes,2026-03-22
Campina Grande,Brazil,,Campina Grande,Campina Grande,2026-03-22
Jundiaí,Brazil,,Jundiaí,Jundiaí,2026-03-22
Maringá,Brazil,,Maringá,Maringá,2026-03-22
Duque de Caxias,Brazil,,Duque de Caxias,Duque de Caxias,2026-03-22
Montes Claros,Brazil,,Montes Claros,Montes Claros,2026-03-22
Sao Gonçalo,Brazil,,Sao Gonçalo,Sao Gonçalo,2026-03-22
Bauru,Brazil,,Bauru,Bauru,2026-03-22
Jaboatao dos Guarapes,Brazil,,Jaboatao dos Guarapes,Jaboatao dos Guarapes,2026-03-22
Sao Vicente,Brazil,,Sao Vicente,Sao Vicente,2026-03-22
Anápolis,Brazil,,Anápolis,Anápolis,2026-03-22
Canoas,Brazil,,Canoas,Canoas,2026-03-22
Itaquaquecetuba,Brazil,,Itaquaquecetuba,Itaquaquecetuba,2026-03-22
Franca,Brazil,,Franca,Franca,2026-03-22
Rio Branco,Brazil,,Rio Branco,Rio Branco,2026-03-22
Pelotas,Brazil,,Pelotas,Pelotas,2026-03-22
Ponta Grossa,Brazil,,Ponta Grossa,Ponta Grossa,2026-03-22
Paulista,Brazil,,Paulista,Paulista,2026-03-22
Piracicaba,Brazil,,Piracicaba,Piracicaba,2026-03-22
Uberaba,Brazil,,Uberaba,Uberaba,2026-03-22
Caruaru,Brazil,,Caruaru,Caruaru,2026-03-22
Boa Vista,Brazil,,Boa Vista,Boa Vista,2026-03-22
Limeira,Brazil,,Limeira,Limeira,2026-03-22
Cascavel,Brazil,,Cascavel,Cascavel,2026-03-22
Vitória da Conquista,Brazil,,Vitória da Conquista,Vitória da Conquista,2026-03-22
Volta Redonda,Brazil,,Volta Redonda,Volta Redonda,2026-03-22
Foz do Iguaçu,Brazil,,Foz do Iguaçu,Foz do Iguaçu,2026-03-22
Florianópolis,Brazil,,Florianópolis,Florianópolis,2026-03-22
Blumenou,Brazil,,Blumenou,Blumenou,2026-03-22
Santa Maria,Brazil,,Santa Maria,Santa Maria,2026-03-22
Governador Valadares,Brazil,,Governador Valadares,Governador Valadares,2026-03-22
Taboao da Serra,Brazil,,Taboao da Serra,Taboao da Serra,2026-03-22
Embu,Brazil,,Embu,Embu,2026-03-22
Juàzeiro do Norte,Brazil,,Juàzeiro do Norte,Juàzeiro do Norte,2026-03-22
Mossoró,Brazil,,Mossoró,Mossoró,2026-03-22
Nôvo Hamburgo,Brazil,,Nôvo Hamburgo,Nôvo Hamburgo,2026-03-22
Imperatriz,Brazil,,Imperatriz,Imperatriz,2026-03-22
Sao Joao de Meriti,Brazil,,Sao Joao de Meriti,Sao Joao de Meriti,2026-03-22
Taubaté,Brazil,,Taubaté,Taubaté,2026-03-22
Carapicuíba,Brazil,,Carapicuíba,Carapicuíba,2026-03-22
Gravatai,Brazil,,Gravatai,Gravatai,2026-03-22
Cuiabá,Brazil,,Cuiabá,Cuiabá,2026-03-22
Petrolina,Brazil,,Petrolina,Petrolina,2026-03-22
Palmas,Brazil,,Palmas,Palmas,2026-03-22
Sao Leopoldo,Brazil,,Sao Leopoldo,Sao Leopoldo,2026-03-22
Vitória,Brazil,,Vitória,Vitória,2026-03-22
Americana,Brazil,,Americana,Americana,2026-03-22
Sete Lagoas,Brazil,,Sete Lagoas,Sete Lagoas,2026-03-22
Santarém,Brazil,,Santarém,Santarém,2026-03-22
Colombo,Brazil,,Colombo,Colombo,2026-03-22
Parnamirim,Brazil,,Parnamirim,Parnamirim,2026-03-22
Divinópolis,Brazil,,Divinópolis,Divinópolis,2026-03-22
Praia Grande,Brazil,,Praia Grande,Praia Grande,2026-03-22
Itapevi,Brazil,,Itapevi,Itapevi,2026-03-22
Sao José dos Pinhais,Brazil,,Sao José dos Pinhais,Sao José dos Pinhais,2026-03-22
Presidente Prudente,Brazil,,Presidente Prudente,Presidente Prudente,2026-03-22
Itabuna,Brazil,,Itabuna,Itabuna,2026-03-22
Indaiatuba,Brazil,,Indaiatuba,Indaiatuba,2026-03-22
Marília,Brazil,,Marília,Marília,2026-03-22
Macae,Brazil,,Macae,Macae,2026-03-22
Hortolandia,Brazil,,Hortolandia,Hortolandia,2026-03-22
Jacareí,Brazil,,Jacareí,Jacareí,2026-03-22
Maraba,Brazil,,Maraba,Maraba,2026-03-22
Petrópolis,Brazil,,Petrópolis,Petrópolis,2026-03-22
Varzea Grande,Brazil,,Varzea Grande,Varzea Grande,2026-03-22
Arapiraca,Brazil,,Arapiraca,Arapiraca,2026-03-22
Passo Fundo,Brazil,,Passo Fundo,Passo Fundo,2026-03-22
Rio Claro,Brazil,,Rio Claro,Rio Claro,2026-03-22
Santa Bárbara D'Oeste,Brazil,,Santa Bárbara D'Oeste,Santa Bárbara D'Oeste,2026-03-22
Pantanal,Brazil,Mato Grosso do Sul,Corumba,Pantanal,2026-03-22
Lençóis Maranhenses National Park,Brazil,Maranhao,Barreirinhas,Lençóis Maranhenses National Park,2026-03-22
Chapada Diamantina National Park,Brazil,Bahia,Lencois,Chapada Diamantina National Park,2026-03-22
Fernando de Noronha,Brazil,Pernambuco,Fernando de Noronha,Fernando de Noronha,2026-03-22
Chapada dos Veadeiros National Park,Brazil,Goias,Alto Paraiso de Goias,Chapada dos Veadeiros National Park,2026-03-22
Ibitipoca State Park,Brazil,Minas Gerais,Lima Duarte,Ibitipoca State Park,2026-03-22
Jericoacoara National Park,Brazil,Ceara,Jijoca de Jericoacoara,Jericoacoara National Park,2026-03-22
Carcasse,British Indian Ocean Territory,,Carcasse,Carcasse,2026-03-22
British Columbia,British Indian Ocean Territory,,British Columbia,Downtown,2026-03-22
Diego Garcia,British Indian Ocean Territory,,Diego Garcia,Minni Minni,2026-03-22
Road Town,British Virgin Islands,,Road Town,Road Town,2026-03-22
Bangar,Brunei,,Bangar,Bangar,2026-03-22
Kampong Jerudong,Brunei,,Kampong Jerudong,Kampong Jerudong,2026-03-22
Kuala Belait,Brunei,,Kuala Belait,Kuala Belait,2026-03-22
Panaga,Brunei,,Panaga,Panaga,2026-03-22
Seria,Brunei,,Seria,Seria,2026-03-22
Tutong,Brunei,,Tutong,Tutong,2026-03-22
Berakas A,Brunei,,Berakas A,Berakas A,2026-03-22
Kapok,Brunei,,Kapok,Kapok,2026-03-22
Mentiri,Brunei,,Mentiri,Mentiri,2026-03-22
Serasa,Brunei,,Serasa,Serasa,2026-03-22
Stratospheric Observatory for Infrared Astronomy,Bulgaria,,Stratospheric Observatory for Infrared Astronomy,SOFIA,2026-03-22
Plovdiv,Bulgaria,,Plovdiv,Plovdiv,2026-03-22
Varna,Bulgaria,,Varna,Varna,2026-03-22
Burgas,Bulgaria,,Burgas,Burgas,2026-03-22
Ruse,Bulgaria,,Ruse,Ruse,2026-03-22
Stara Zagora,Bulgaria,,Stara Zagora,Stara Zagora,2026-03-22
Pleven,Bulgaria,,Pleven,Pleven,2026-03-22
Akhtopol,Bulgaria,,Akhtopol,Akhtopol,2026-03-22
Aksakovo,Bulgaria,,Aksakovo,Aksakovo,2026-03-22
Aleksandriya,Bulgaria,,Aleksandriya,Aleksandriya,2026-03-22
Alfatar,Bulgaria,,Alfatar,Alfatar,2026-03-22
Anton,Bulgaria,,Anton,Anton,2026-03-22
Antonovo,Bulgaria,,Antonovo,Antonovo,2026-03-22
Ardino,Bulgaria,,Ardino,Ardino,2026-03-22
Asenovgrad,Bulgaria,,Asenovgrad,Asenovgrad,2026-03-22
Aytos,Bulgaria,,Aytos,Aytos,2026-03-22
Babovo,Bulgaria,,Babovo,Babovo,2026-03-22
Baltchik,Bulgaria,,Baltchik,Baltchik,2026-03-22
Banite,Bulgaria,,Banite,Banite,2026-03-22
Bankya,Bulgaria,,Bankya,Bankya,2026-03-22
Bansko,Bulgaria,,Bansko,Bansko,2026-03-22
Barutin,Bulgaria,,Barutin,Barutin,2026-03-22
Batak,Bulgaria,,Batak,Batak,2026-03-22
Belene,Bulgaria,,Belene,Belene,2026-03-22
Belogradchik,Bulgaria,,Belogradchik,Belogradchik,2026-03-22
Beloslav,Bulgaria,,Beloslav,Beloslav,2026-03-22
OUAGADOUGOU,Burkina Faso,,OUAGADOUGOU,OUAGADOUGOU,2026-03-22
Bobo Dioulasso,Burkina Faso,,Bobo Dioulasso,Bobo Dioulasso,2026-03-22
Koudougou,Burkina Faso,,Koudougou,Koudougou,2026-03-22
Banfora,Burkina Faso,,Banfora,Banfora,2026-03-22
Ouahigouya,Burkina Faso,,Ouahigouya,Ouahigouya,2026-03-22
Pouytenga,Burkina Faso,,Pouytenga,Pouytenga,2026-03-22
Kaya,Burkina Faso,,Kaya,Kaya,2026-03-22
Tenkodogo,Burkina Faso,,Tenkodogo,Tenkodogo,2026-03-22
Fada N'gourma,Burkina Faso,,Fada N'gourma,Fada N'gourma,2026-03-22
Dédougou,Burkina Faso,,Dédougou,Dédougou,2026-03-22
Dori,Burkina Faso,,Dori,Dori,2026-03-22
Solenzo,Burkina Faso,,Solenzo,Solenzo,2026-03-22
Gorom-Gorom,Burkina Faso,,Gorom-Gorom,Gorom-Gorom,2026-03-22
Bale,Burkina Faso,,Bale,Bale,2026-03-22
Bam,Burkina Faso,,Bam,Bam,2026-03-22
Banwa,Burkina Faso,,Banwa,Banwa,2026-03-22
Bazega,Burkina Faso,,Bazega,Bazega,2026-03-22
Bougouriba,Burkina Faso,,Bougouriba,Bougouriba,2026-03-22
Boulgou Province,Burkina Faso,,Boulgou Province,Boulgou,2026-03-22
Boulkiemdé Province,Burkina Faso,,Boulkiemdé Province,Boulkiemde,2026-03-22
BUJUMBURA,Burundi,,BUJUMBURA,BUJUMBURA,2026-03-22
Bubanza,Burundi,,Bubanza,Bubanza,2026-03-22
Bujumbura Mairie,Burundi,,Bujumbura Mairie,Bujumbura Mairie,2026-03-22
Bujumbura Rural,Burundi,,Bujumbura Rural,Bujumbura Rural,2026-03-22
Bururi,Burundi,,Bururi,Bururi,2026-03-22
Cankuzo,Burundi,,Cankuzo,Cankuzo,2026-03-22
Cibitoke,Burundi,,Cibitoke,Cibitoke,2026-03-22
Gitega,Burundi,,Gitega,Gitega,2026-03-22
Karuzi,Burundi,,Karuzi,Karuzi,2026-03-22
Kayanza,Burundi,,Kayanza,Kayanza,2026-03-22
Kirundo,Burundi,,Kirundo,Kirundo,2026-03-22
Makamba,Burundi,,Makamba,Makamba,2026-03-22
Rutana Hospital,Burundi,,Rutana Hospital,Rutana,2026-03-22
Moung Roessei,Cambodia,,Moung Roessei,Moung Roessei,2026-03-22
Phumi Chhuk,Cambodia,,Phumi Chhuk,Phumi Chhuk,2026-03-22
Phumi Preah Haoh,Cambodia,,Phumi Preah Haoh,Phumi Preah Haoh,2026-03-22
Phumi Prei,Cambodia,,Phumi Prei,Phumi Prei,2026-03-22
Phumi Prek Mrinh,Cambodia,,Phumi Prek Mrinh,Phumi Prek Mrinh,2026-03-22
Phumi Siem Reab,Cambodia,,Phumi Siem Reab,Phumi Siem Reab,2026-03-22
Phumi Thmei,Cambodia,,Phumi Thmei,Phumi Thmei,2026-03-22
Phumi Thnal,Cambodia,,Phumi Thnal,Phumi Thnal,2026-03-22
Phumi Vott Phnum,Cambodia,,Phumi Vott Phnum,Phumi Vott Phnum,2026-03-22
Sihanoukville,Cambodia,,Sihanoukville,Sihanoukville,2026-03-22
Tuol Kok,Cambodia,,Tuol Kok,Tuol Kok,2026-03-22
Vott Kampong Svay,Cambodia,,Vott Kampong Svay,Vott Kampong Svay,2026-03-22
Mongkol Borei,Cambodia,,Mongkol Borei,Mongkol Borei,2026-03-22
Paoy Paet,Cambodia,,Paoy Paet,Paoy Paet,2026-03-22
Sisophon,Cambodia,,Sisophon,Sisophon,2026-03-22
Srŏk Malai,Cambodia,,Srŏk Malai,Srŏk Malai,2026-03-22
Srŏk Svay Chék,Cambodia,,Srŏk Svay Chék,Srŏk Svay Chék,2026-03-22
Battambang,Cambodia,,Battambang,Battambang,2026-03-22
Srŏk Âk Phnŭm,Cambodia,,Srŏk Âk Phnŭm,Srŏk Âk Phnŭm,2026-03-22
Srŏk Banăn,Cambodia,,Srŏk Banăn,Srŏk Banăn,2026-03-22
Srŏk Bâvĭl,Cambodia,,Srŏk Bâvĭl,Srŏk Bâvĭl,2026-03-22
Douala,Cameroon,,Douala,Douala,2026-03-22
Yaoundé,Cameroon,,Yaoundé,YAOUNDE,2026-03-22
Bamenda,Cameroon,,Bamenda,Bamenda,2026-03-22
Bafoussam,Cameroon,,Bafoussam,Bafoussam,2026-03-22
Garoua,Cameroon,,Garoua,Garoua,2026-03-22
Maroua,Cameroon,,Maroua,Maroua,2026-03-22
Ngaoundéré,Cameroon,,Ngaoundéré,Ngaoundéré,2026-03-22
Kumba,Cameroon,,Kumba,Kumba,2026-03-22
Nkongsamba,Cameroon,,Nkongsamba,Nkongsamba,2026-03-22
Kousséri,Cameroon,,Kousséri,Kousséri,2026-03-22
Bertoua,Cameroon,,Bertoua,Bertoua,2026-03-22
Edéa,Cameroon,,Edéa,Edéa,2026-03-22
Bafia,Cameroon,,Bafia,Bafia,2026-03-22
Buea,Cameroon,,Buea,Buea,2026-03-22
Kribi,Cameroon,,Kribi,Kribi,2026-03-22
Ringo,Cameroon,,Ringo,Ringo,2026-03-22
Tibati,Cameroon,,Tibati,Tibati,2026-03-22
Bankim,Cameroon,,Bankim,Bankim,2026-03-22
Banyo,Cameroon,,Banyo,Banyo,2026-03-22
Bélel,Cameroon,,Bélel,Bélel,2026-03-22
Djohong,Cameroon,,Djohong,Djohong,2026-03-22
Kontcha,Cameroon,,Kontcha,Kontcha,2026-03-22
Mayo-Banyo,Cameroon,,Mayo-Banyo,Mayo-Banyo,2026-03-22
Meïganga,Cameroon,,Meïganga,Meïganga,2026-03-22
Somié,Cameroon,,Somié,Somié,2026-03-22
Tignère,Cameroon,,Tignère,Tignère,2026-03-22
Vina,Cameroon,,Vina,Vina,2026-03-22
Toronto,Canada,Ontario,Toronto,Toronto,2026-03-22
Vancouver,Canada,British Columbia,Vancouver,Vancouver,2026-03-22
Montreal,Canada,Quebec,Montreal,Montreal,2026-03-22
Banff National Park,Canada,Alberta,Banff,Banff National Park,2026-03-22
Quebec City,Canada,Quebec,Quebec City,Quebec City,2026-03-22
Niagara Falls,Canada,Ontario,Niagara Falls,Niagara Falls,2026-03-22
Whistler,Canada,British Columbia,Whistler,Whistler,2026-03-22
Montréal,Canada,,Montréal,Montréal,2026-03-22
Ottawa - Gatineau,Canada,,Ottawa - Gatineau,Ottawa - Gatineau,2026-03-22
Calgary,Canada,,Calgary,Calgary,2026-03-22
Edmonton,Canada,,Edmonton,Edmonton,2026-03-22
Mississauga,Canada,,Mississauga,Mississauga,2026-03-22
Winnipeg,Canada,,Winnipeg,Winnipeg,2026-03-22
Brampton,Canada,,Brampton,Brampton,2026-03-22
Hamilton,Canada,,Hamilton,Hamilton,2026-03-22
Québec,Canada,,Québec,Québec,2026-03-22
Surrey,Canada,,Surrey,Surrey,2026-03-22
St Catharines-Niagara,Canada,,St Catharines-Niagara,St Catharines-Niagara,2026-03-22
Laval,Canada,,Laval,Laval,2026-03-22
Halifax,Canada,,Halifax,Halifax,2026-03-22
London,Canada,,London,London,2026-03-22
Oshawa,Canada,,Oshawa,Oshawa,2026-03-22
Victoria,Canada,,Victoria,Victoria,2026-03-22
Markham,Canada,,Markham,Markham,2026-03-22
Vaughan,Canada,,Vaughan,Vaughan,2026-03-22
Gatineau,Canada,,Gatineau,Gatineau,2026-03-22
Longueuil,Canada,,Longueuil,Longueuil,2026-03-22
Burnaby,Canada,,Burnaby,Burnaby,2026-03-22
Saskatoon,Canada,,Saskatoon,Saskatoon,2026-03-22
Kitchener-Cambridge-Waterloo,Canada,,Kitchener-Cambridge-Waterloo,Kitchener-Cambridge-Waterloo,2026-03-22
Windsor,Canada,,Windsor,Windsor,2026-03-22
Regina,Canada,,Regina,Regina,2026-03-22
St. John's,Canada,,St. John's,St. John's,2026-03-22
Barrie,Canada,,Barrie,Barrie,2026-03-22
Richmond,Canada,,Richmond,Richmond,2026-03-22
Richmond Hill,Canada,,Richmond Hill,Richmond Hill,2026-03-22
Oakville,Canada,,Oakville,Oakville,2026-03-22
Kelowna,Canada,,Kelowna,Kelowna,2026-03-22
Burlington,Canada,,Burlington,Burlington,2026-03-22
Abbotsford-Mission,Canada,,Abbotsford-Mission,Abbotsford-Mission,2026-03-22
Kingston,Canada,,Kingston,Kingston,2026-03-22
Greater Sudbury / Grand Sudbury,Canada,,Greater Sudbury / Grand Sudbury,Greater Sudbury / Grand Sudbury,2026-03-22
Sherbrooke,Canada,,Sherbrooke,Sherbrooke,2026-03-22
Saguenay,Canada,,Saguenay,Saguenay,2026-03-22
Trois-Rivières,Canada,,Trois-Rivières,Trois-Rivières,2026-03-22
Brantford,Canada,,Brantford,Brantford,2026-03-22
Guelph,Canada,,Guelph,Guelph,2026-03-22
Moncton,Canada,,Moncton,Moncton,2026-03-22
Lévis V,Canada,,Lévis V,Lévis V,2026-03-22
Saint John,Canada,,Saint John,Saint John,2026-03-22
Thunder Bay,Canada,,Thunder Bay,Thunder Bay,2026-03-22
Peterborough,Canada,,Peterborough,Peterborough,2026-03-22
Cambridge,Canada,,Cambridge,Cambridge,2026-03-22
Coquitlam,Canada,,Coquitlam,Coquitlam,2026-03-22
Whitby,Canada,,Whitby,Whitby,2026-03-22
Saanich,Canada,,Saanich,Saanich,2026-03-22
Chatham-Kent,Canada,,Chatham-Kent,Chatham-Kent,2026-03-22
Cape Breton,Canada,,Cape Breton,Cape Breton,2026-03-22
100 Mile House,Canada,,100 Mile House,100 Mile House,2026-03-22
Abbey,Canada,,Abbey,Abbey,2026-03-22
Abbotsford,Canada,,Abbotsford,Abbotsford,2026-03-22
Acadia Valley,Canada,,Acadia Valley,Acadia Valley,2026-03-22
Acme,Canada,,Acme,Acme,2026-03-22
Acton,Canada,,Acton,Acton,2026-03-22
Acton Vale,Canada,,Acton Vale,Acton Vale,2026-03-22
Agassiz,Canada,,Agassiz,Agassiz,2026-03-22
Agincourt,Canada,,Agincourt,Agincourt,2026-03-22
Ailsa Craig,Canada,,Ailsa Craig,Ailsa Craig,2026-03-22
Airdrie,Canada,,Airdrie,Airdrie,2026-03-22
Ajax,Canada,,Ajax,Ajax,2026-03-22
Aklavik,Canada,,Aklavik,Aklavik,2026-03-22
Alameda,Canada,,Alameda,Alameda,2026-03-22
Albanel,Canada,,Albanel,Albanel,2026-03-22
Alberton,Canada,,Alberton,Alberton,2026-03-22
Aldergrove,Canada,,Aldergrove,Aldergrove,2026-03-22
Alert Bay,Canada,,Alert Bay,Alert Bay,2026-03-22
Alexander,Canada,,Alexander,Alexander,2026-03-22
Alexandria,Canada,,Alexandria,Alexandria,2026-03-22
Alfred,Canada,,Alfred,Alfred,2026-03-22
Allan,Canada,,Allan,Allan,2026-03-22
Allardville,Canada,,Allardville,Allardville,2026-03-22
Allenford,Canada,,Allenford,Allenford,2026-03-22
Alliston,Canada,,Alliston,Alliston,2026-03-22
Alma,Canada,,Alma,Alma,2026-03-22
Almonte,Canada,,Almonte,Almonte,2026-03-22
Alton,Canada,,Alton,Alton,2026-03-22
Altona,Canada,,Altona,Altona,2026-03-22
Alvinston,Canada,,Alvinston,Alvinston,2026-03-22
Amherst,Canada,,Amherst,Amherst,2026-03-22
Amherstburg,Canada,,Amherstburg,Amherstburg,2026-03-22
Amos,Canada,,Amos,Amos,2026-03-22
Amqui,Canada,,Amqui,Amqui,2026-03-22
Ancaster,Canada,,Ancaster,Ancaster,2026-03-22
Andrew,Canada,,Andrew,Andrew,2026-03-22
Ange-Gardien,Canada,,Ange-Gardien,Ange-Gardien,2026-03-22
Angliers,Canada,,Angliers,Angliers,2026-03-22
Angus,Canada,,Angus,Angus,2026-03-22
Annapolis Royal,Canada,,Annapolis Royal,Annapolis Royal,2026-03-22
Antigonish,Canada,,Antigonish,Antigonish,2026-03-22
Apohaqui,Canada,,Apohaqui,Apohaqui,2026-03-22
Apple Hill,Canada,,Apple Hill,Apple Hill,2026-03-22
Apsley,Canada,,Apsley,Apsley,2026-03-22
Jasper National Park,Canada,Alberta,Jasper,Jasper National Park,2026-03-22
Yoho National Park,Canada,British Columbia,Field,Yoho National Park,2026-03-22
Pacific Rim National Park Reserve,Canada,British Columbia,Tofino,Pacific Rim National Park Reserve,2026-03-22
Gros Morne National Park,Canada,Newfoundland and Labrador,Rocky Harbour,Gros Morne National Park,2026-03-22
Fundy National Park,Canada,New Brunswick,Alma,Fundy National Park,2026-03-22
Cape Breton Highlands National Park,Canada,Nova Scotia,Cheticamp,Cape Breton Highlands National Park,2026-03-22
Waterton Lakes National Park,Canada,Alberta,Waterton Park,Waterton Lakes National Park,2026-03-22
Praia,Cape Verde,,Praia,Praia,2026-03-22
Mindelo,Cape Verde,,Mindelo,Mindelo,2026-03-22
Cidade Velha,Cape Verde,,Cidade Velha,Cidade Velha,2026-03-22
Espargos,Cape Verde,,Espargos,Espargos,2026-03-22
Assomada,Cape Verde,,Assomada,Assomada,2026-03-22
Santa Maria,Cape Verde,,Santa Maria,Santa Maria,2026-03-22
"São Filipe, Cape Verde",Cape Verde,,"São Filipe, Cape Verde",São Filipe,2026-03-22
Porto Inglês,Cape Verde,,Porto Inglês,Vila do Maio,2026-03-22
Chã de Igreja,Cape Verde,,Chã de Igreja,Igreja,2026-03-22
"Pombas, Cape Verde",Cape Verde,,"Pombas, Cape Verde",Pombas,2026-03-22
"Porto Novo, Cape Verde",Cape Verde,,"Porto Novo, Cape Verde",Porto Novo,2026-03-22
"Ribeira Brava, Cape Verde (municipality)",Cape Verde,,"Ribeira Brava, Cape Verde (municipality)",Ribeira Brava,2026-03-22
"Ponta do Sol, Madeira",Cape Verde,,"Ponta do Sol, Madeira",Ponta do Sol,2026-03-22
"Ribeira Grande, Cape Verde",Cape Verde,,"Ribeira Grande, Cape Verde",Ribeira Grande,2026-03-22
"Santa Cruz, Cape Verde",Cape Verde,,"Santa Cruz, Cape Verde",Santa Cruz,2026-03-22
"São Domingos, Cape Verde",Cape Verde,,"São Domingos, Cape Verde",São Domingos,2026-03-22
Kralendijk,Caribbean Netherlands,,Kralendijk,Kralendijk,2026-03-22
GEORGE TOWN,Cayman Islands,,GEORGE TOWN,GEORGE TOWN,2026-03-22
Bodden Town,Cayman Islands,,Bodden Town,Bodden Town,2026-03-22
Coral Gables,Cayman Islands,,Coral Gables,Coral Gables,2026-03-22
Newlands,Cayman Islands,,Newlands,Newlands,2026-03-22
Savannah,Cayman Islands,,Savannah,Savannah,2026-03-22
Spot Bay,Cayman Islands,,Spot Bay,Spot Bay,2026-03-22
West Bay,Cayman Islands,,West Bay,West Bay,2026-03-22
Bamingui-Bangoran,Central African Republic,,Bamingui-Bangoran,Bamingui-Bangoran,2026-03-22
Basse-Kotto,Central African Republic,,Basse-Kotto,Basse-Kotto,2026-03-22
Haute-Kotto,Central African Republic,,Haute-Kotto,Haute-Kotto,2026-03-22
Haut-Mbomou,Central African Republic,,Haut-Mbomou,Haut-Mbomou,2026-03-22
Kemo,Central African Republic,,Kemo,Kemo,2026-03-22
Lobaye,Central African Republic,,Lobaye,Lobaye,2026-03-22
Mambere-Kadei,Central African Republic,,Mambere-Kadei,Mambere-Kadei,2026-03-22
Mbomou,Central African Republic,,Mbomou,Mbomou,2026-03-22
Nana-Grebizi,Central African Republic,,Nana-Grebizi,Nana-Grebizi,2026-03-22
Nana-Mambere,Central African Republic,,Nana-Mambere,Nana-Mambere,2026-03-22
Ombella-Mpoko,Central African Republic,,Ombella-Mpoko,Ombella-Mpoko,2026-03-22
Ouaka,Central African Republic,,Ouaka,Ouaka,2026-03-22
Ouham,Central African Republic,,Ouham,Ouham,2026-03-22
Ouham-Pende,Central African Republic,,Ouham-Pende,Ouham-Pende,2026-03-22
Sangha-Mbaere,Central African Republic,,Sangha-Mbaere,Sangha-Mbaere,2026-03-22
Vakaga,Central African Republic,,Vakaga,Vakaga,2026-03-22
Bamingui,Central African Republic,,Bamingui,Bamingui,2026-03-22
Ndélé,Central African Republic,,Ndélé,Ndélé,2026-03-22
Alindao,Central African Republic,,Alindao,Alindao,2026-03-22
Batha,Chad,,Batha,Batha,2026-03-22
Biltine,Chad,,Biltine,Biltine,2026-03-22
Borkou-Ennedi-Tibesti,Chad,,Borkou-Ennedi-Tibesti,Borkou-Ennedi-Tibesti,2026-03-22
Chari-Baguirmi,Chad,,Chari-Baguirmi,Chari-Baguirmi,2026-03-22
Guéra,Chad,,Guéra,Guéra,2026-03-22
Kanem,Chad,,Kanem,Kanem,2026-03-22
Lac,Chad,,Lac,Lac,2026-03-22
Logone Occidental,Chad,,Logone Occidental,Logone Occidental,2026-03-22
Logone Oriental,Chad,,Logone Oriental,Logone Oriental,2026-03-22
Mayo-Kebbi,Chad,,Mayo-Kebbi,Mayo-Kebbi,2026-03-22
Moyen-Chari,Chad,,Moyen-Chari,Moyen-Chari,2026-03-22
Ouaddaï,Chad,,Ouaddaï,Ouaddaï,2026-03-22
Salamat,Chad,,Salamat,Salamat,2026-03-22
Tandjile,Chad,,Tandjile,Tandjile,2026-03-22
Moussoro,Chad,,Moussoro,Moussoro,2026-03-22
Ati,Chad,,Ati,Ati,2026-03-22
Oum Hadjer,Chad,,Oum Hadjer,Oum Hadjer,2026-03-22
Faya-Largeau,Chad,,Faya-Largeau,Faya-Largeau,2026-03-22
Fada,Chad,,Fada,Fada,2026-03-22
Bitkine,Chad,,Bitkine,Bitkine,2026-03-22
Melfi,Chad,,Melfi,Melfi,2026-03-22
Mongo,Chad,,Mongo,Mongo,2026-03-22
Bokoro,Chad,,Bokoro,Bokoro,2026-03-22
Massaguet,Chad,,Massaguet,Massaguet,2026-03-22
Massakory,Chad,,Massakory,Massakory,2026-03-22
Mao,Chad,,Mao,Mao,2026-03-22
Santiago Chile Temple,Chile,,Santiago Chile Temple,SANTIAGO,2026-03-22
Puente Alto,Chile,,Puente Alto,Puente Alto,2026-03-22
Antofagasta,Chile,,Antofagasta,Antofagasta,2026-03-22
San Bernardo,Chile,,San Bernardo,San Bernardo,2026-03-22
Viña del Mar,Chile,,Viña del Mar,Viña del Mar,2026-03-22
Temuco,Chile,,Temuco,Temuco,2026-03-22
Valparaíso,Chile,,Valparaíso,Valparaíso,2026-03-22
Rancagua,Chile,,Rancagua,Rancagua,2026-03-22
Concepción,Chile,,Concepción,Concepción,2026-03-22
Talca,Chile,,Talca,Talca,2026-03-22
Puerto Montt,Chile,,Puerto Montt,Puerto Montt,2026-03-22
La Serena,Chile,,La Serena,La Serena,2026-03-22
Copiapó,Chile,,Copiapó,Copiapó,2026-03-22
Iquique,Chile,,Iquique,Iquique,2026-03-22
Quilpué,Chile,,Quilpué,Quilpué,2026-03-22
Coronel,Chile,,Coronel,Coronel,2026-03-22
Chillán,Chile,,Chillán,Chillán,2026-03-22
Arica,Chile,,Arica,Arica,2026-03-22
Osorno,Chile,,Osorno,Osorno,2026-03-22
Calama,Chile,,Calama,Calama,2026-03-22
Los Angeles,Chile,,Los Angeles,Los Angeles,2026-03-22
Villa Alemana,Chile,,Villa Alemana,Villa Alemana,2026-03-22
Valdivia,Chile,,Valdivia,Valdivia,2026-03-22
Chiguallante,Chile,,Chiguallante,Chiguallante,2026-03-22
Punta Arenas,Chile,,Punta Arenas,Punta Arenas,2026-03-22
Talcahuano,Chile,,Talcahuano,Talcahuano,2026-03-22
Alto Hospicio,Chile,,Alto Hospicio,Alto Hospicio,2026-03-22
Coquimbo,Chile,,Coquimbo,Coquimbo,2026-03-22
Curicó,Chile,,Curicó,Curicó,2026-03-22
San Pedro de la Paz,Chile,,San Pedro de la Paz,San Pedro de la Paz,2026-03-22
Algarrobo,Chile,,Algarrobo,Algarrobo,2026-03-22
Angol,Chile,,Angol,Angol,2026-03-22
Apoquindo,Chile,,Apoquindo,Apoquindo,2026-03-22
Arauco,Chile,,Arauco,Arauco,2026-03-22
Buin,Chile,,Buin,Buin,2026-03-22
Bulnes,Chile,,Bulnes,Bulnes,2026-03-22
Caldera,Chile,,Caldera,Caldera,2026-03-22
Castro,Chile,,Castro,Castro,2026-03-22
Catemu,Chile,,Catemu,Catemu,2026-03-22
Shanghai,China,Shanghai Municipality,Shanghai,Shanghai,2026-03-22
Great Wall of China,China,Beijing Municipality,Beijing,Great Wall of China,2026-03-22
Xi an,China,Shaanxi,Xi an,Xi'an,2026-03-22
Terracotta Army,China,Shaanxi,Xi an,Terracotta Army,2026-03-22
Guangzhou,China,Guangdong,Guangzhou,Guangzhou,2026-03-22
Shenzhen,China,Guangdong,Shenzhen,Shenzhen,2026-03-22
Chengdu,China,Sichuan,Chengdu,Chengdu,2026-03-22
Guilin,China,Guangxi,Guilin,Guilin,2026-03-22
Li River,China,Guangxi,Guilin,Li River,2026-03-22
Hangzhou,China,Zhejiang,Hangzhou,Hangzhou,2026-03-22
West Lake,China,Zhejiang,Hangzhou,West Lake,2026-03-22
Suzhou,China,Jiangsu,Suzhou,Suzhou,2026-03-22
Zhangjiajie National Forest Park,China,Hunan,Zhangjiajie,Zhangjiajie National Forest Park,2026-03-22
Jiuzhaigou National Park,China,Sichuan,Jiuzhaigou,Jiuzhaigou National Park,2026-03-22
Harbin,China,Heilongjiang,Harbin,Harbin,2026-03-22
Lhasa,China,Tibet Autonomous Region,Lhasa,Lhasa,2026-03-22
Chongqing,China,Chongqing Municipality,Chongqing,Chongqing,2026-03-22
Nanjing,China,Jiangsu,Nanjing,Nanjing,2026-03-22
Xiamen,China,Fujian,Xiamen,Xiamen,2026-03-22
Qingdao,China,Shandong,Qingdao,Qingdao,2026-03-22
Dali,China,Yunnan,Dali,Dali,2026-03-22
Lijiang,China,Yunnan,Lijiang,Lijiang,2026-03-22
Huangshan,China,Anhui,Huangshan,Huangshan,2026-03-22
Yangshuo,China,Guangxi,Yangshuo,Yangshuo,2026-03-22
Wuhan,China,,Wuhan,Wuhan,2026-03-22
Tianjin,China,,Tianjin,Tianjin,2026-03-22
Beijing,China,,Beijing,HONG KONG SAR,2026-03-22
Dongguan,China,,Dongguan,Dongguan,2026-03-22
Shenyang,China,,Shenyang,Shenyang,2026-03-22
Haerbin,China,,Haerbin,Haerbin,2026-03-22
Dalian,China,,Dalian,Dalian,2026-03-22
Changchun,China,,Changchun,Changchun,2026-03-22
Kunming,China,,Kunming,Kunming,2026-03-22
Jinan,China,,Jinan,Jinan,2026-03-22
Guiyang,China,,Guiyang,Guiyang,2026-03-22
Zibo,China,,Zibo,Zibo,2026-03-22
Zhengzhou,China,,Zhengzhou,Zhengzhou,2026-03-22
Taiyuan,China,,Taiyuan,Taiyuan,2026-03-22
Chaoyang,China,Guangdong,Chaoyang,Chaoyang,2026-03-22
Zhongshan,China,,Zhongshan,Zhongshan,2026-03-22
Nanhai,China,,Nanhai,Nanhai,2026-03-22
Fuzhou,China,Fujian,Fuzhou,Fuzhou,2026-03-22
Changsha,China,,Changsha,Changsha,2026-03-22
Lanzhou,China,,Lanzhou,Lanzhou,2026-03-22
Zaozhuang,China,,Zaozhuang,Zaozhuang,2026-03-22
Shijiazhuang,China,,Shijiazhuang,Shijiazhuang,2026-03-22
Jilin,China,,Jilin,Jilin,2026-03-22
Linyi,China,,Linyi,Linyi,2026-03-22
Wenzhou,China,,Wenzhou,Wenzhou,2026-03-22
Puning,China,,Puning,Puning,2026-03-22
Nanchang,China,,Nanchang,Nanchang,2026-03-22
Nanchong,China,,Nanchong,Nanchong,2026-03-22
Nanning,China,,Nanning,Nanning,2026-03-22
Urumqi,China,,Urumqi,Urumqi,2026-03-22
Yantai,China,,Yantai,Yantai,2026-03-22
Fuyang,China,Zhejiang,Fuyang,Fuyang,2026-03-22
Tangshan,China,,Tangshan,Tangshan,2026-03-22
Shunde,China,,Shunde,Shunde,2026-03-22
Xuzhou,China,,Xuzhou,Xuzhou,2026-03-22
Baotou,China,,Baotou,Baotou,2026-03-22
Hefei,China,,Hefei,Hefei,2026-03-22
Tianmen,China,,Tianmen,Tianmen,2026-03-22
Suizhou,China,,Suizhou,Suizhou,2026-03-22
Nanyang,China,,Nanyang,Nanyang,2026-03-22
Ningbo,China,,Ningbo,Ningbo,2026-03-22
Lu'an,China,,Lu'an,Lu'an,2026-03-22
Anshan,China,,Anshan,Anshan,2026-03-22
Tengzhou,China,,Tengzhou,Tengzhou,2026-03-22
Qiqihaer,China,,Qiqihaer,Qiqihaer,2026-03-22
Pizhou,China,,Pizhou,Pizhou,2026-03-22
Tai'an,China,,Tai'an,Tai'an,2026-03-22
Datong,China,,Datong,Datong,2026-03-22
Taizhou,China,Zhejiang,Taizhou,Taizhou,2026-03-22
Luoyang,China,,Luoyang,Luoyang,2026-03-22
Jinjiang,China,,Jinjiang,Jinjiang,2026-03-22
Xiantao,China,,Xiantao,Xiantao,2026-03-22
Xinghua,China,,Xinghua,Xinghua,2026-03-22
Fushun,China,,Fushun,Fushun,2026-03-22
Shangqiu,China,,Shangqiu,Shangqiu,2026-03-22
Wuxi,China,,Wuxi,Wuxi,2026-03-22
Hechuan,China,,Hechuan,Hechuan,2026-03-22
Wujin,China,,Wujin,Wujin,2026-03-22
Guigang,China,,Guigang,Guigang,2026-03-22
Jianyang,China,Sichuan,Jianyang,Jianyang,2026-03-22
Huhehaote,China,,Huhehaote,Huhehaote,2026-03-22
Neijiang,China,,Neijiang,Neijiang,2026-03-22
Nanan,China,,Nanan,Nanan,2026-03-22
Weifang,China,,Weifang,Weifang,2026-03-22
Daqing,China,,Daqing,Daqing,2026-03-22
Tongzhou,China,,Tongzhou,Tongzhou,2026-03-22
Rugao,China,,Rugao,Rugao,2026-03-22
Guiping,China,,Guiping,Guiping,2026-03-22
Huainan,China,,Huainan,Huainan,2026-03-22
Suining,China,,Suining,Suining,2026-03-22
Bozhou,China,,Bozhou,Bozhou,2026-03-22
Zhanjiang,China,,Zhanjiang,Zhanjiang,2026-03-22
Changde,China,,Changde,Changde,2026-03-22
Xintai,China,,Xintai,Xintai,2026-03-22
Handan,China,,Handan,Handan,2026-03-22
Jiangjin,China,,Jiangjin,Jiangjin,2026-03-22
Pingdu,China,,Pingdu,Pingdu,2026-03-22
Jiangyin,China,,Jiangyin,Jiangyin,2026-03-22
Liuyang,China,,Liuyang,Liuyang,2026-03-22
Xuanwei,China,,Xuanwei,Xuanwei,2026-03-22
Dengzhou,China,,Dengzhou,Dengzhou,2026-03-22
Heze,China,,Heze,Heze,2026-03-22
Shantou,China,,Shantou,Shantou,2026-03-22
Leizhou,China,,Leizhou,Leizhou,2026-03-22
Yongcheng,China,,Yongcheng,Yongcheng,2026-03-22
Xinyang,China,,Xinyang,Xinyang,2026-03-22
Luzhou,China,,Luzhou,Luzhou,2026-03-22
Changshu,China,,Changshu,Changshu,2026-03-22
Taixing,China,,Taixing,Taixing,2026-03-22
Laiwu,China,,Laiwu,Laiwu,2026-03-22
Xiaoshan,China,,Xiaoshan,Xiaoshan,2026-03-22
Yiyang,China,,Yiyang,Yiyang,2026-03-22
Liuzhou,China,,Liuzhou,Liuzhou,2026-03-22
Gaozhou,China,,Gaozhou,Gaozhou,2026-03-22
Fengcheng,China,Jiangxi,Fengcheng,Fengcheng,2026-03-22
Cixi,China,,Cixi,Cixi,2026-03-22
Ruian,China,,Ruian,Ruian,2026-03-22
Lianjiang,China,,Lianjiang,Lianjiang,2026-03-22
Huaian,China,,Huaian,Huaian,2026-03-22
Quanzhou,China,,Quanzhou,Quanzhou,2026-03-22
Bazhong,China,,Bazhong,Bazhong,2026-03-22
Haicheng,China,,Haicheng,Haicheng,2026-03-22
Xishan,China,,Xishan,Xishan,2026-03-22
Leiyang,China,,Leiyang,Leiyang,2026-03-22
Jingzhou,China,,Jingzhou,Jingzhou,2026-03-22
Fuqing,China,,Fuqing,Fuqing,2026-03-22
Lufeng,China,,Lufeng,Lufeng,2026-03-22
Dongtai,China,,Dongtai,Dongtai,2026-03-22
Yixing,China,,Yixing,Yixing,2026-03-22
Mianyang,China,,Mianyang,Mianyang,2026-03-22
Wenling,China,,Wenling,Wenling,2026-03-22
Leqing,China,,Leqing,Leqing,2026-03-22
Yushu,China,,Yushu,Yushu,2026-03-22
Chifeng,China,,Chifeng,Chifeng,2026-03-22
Huanglong Scenic and Historic Interest Area,China,Sichuan,Songpan,Huanglong Scenic and Historic Interest Area,2026-03-22
Wulingyuan Scenic Area,China,Hunan,Zhangjiajie,Wulingyuan Scenic Area,2026-03-22
Mount Huangshan,China,Anhui,Huangshan,Mount Huangshan,2026-03-22
Mount Emei,China,Sichuan,Emeishan,Mount Emei,2026-03-22
Three Gorges,China,Chongqing,Yichang,Three Gorges,2026-03-22
Yarlung Tsangpo Grand Canyon,China,Tibet Autonomous Region,Nyingchi,Yarlung Tsangpo Grand Canyon,2026-03-22
Kanas Lake,China,Xinjiang,Altay,Kanas Lake,2026-03-22
Tiger Leaping Gorge,China,Yunnan,Lijiang,Tiger Leaping Gorge,2026-03-22
Mount Tai,China,Shandong,Tai an,Mount Tai,2026-03-22
Shilin Stone Forest,China,Yunnan,Kunming,Shilin Stone Forest,2026-03-22
Changbai Mountain,China,Jilin,Baishan,Changbai Mountain,2026-03-22
Mount Wuyi,China,Fujian,Nanping,Mount Wuyi,2026-03-22
Potatso National Park,China,Yunnan,Shangri-La,Potatso National Park,2026-03-22
Kekexili Nature Reserve,China,Qinghai,Golmud,Kekexili Nature Reserve,2026-03-22
Moon Hill,China,Guangxi,Yangshuo,Moon Hill,2026-03-22
Drumsite (settlement),Christmas Island,,Drumsite (settlement),Drumsite (settlement),2026-03-22
Bantam (settlement),Cocos (Keeling) Islands,,Bantam (settlement),Bantam (settlement),2026-03-22
Bogotá,Colombia,,Bogotá,"BOGOTA, D.C.",2026-03-22
Medellín,Colombia,,Medellín,Medellín,2026-03-22
Cali,Colombia,,Cali,Cali,2026-03-22
Barranquilla,Colombia,,Barranquilla,Barranquilla,2026-03-22
Cartagena,Colombia,,Cartagena,Cartagena,2026-03-22
Cúcuta,Colombia,,Cúcuta,Cúcuta,2026-03-22
Bucaramanga,Colombia,,Bucaramanga,Bucaramanga,2026-03-22
Ibagué,Colombia,,Ibagué,Ibagué,2026-03-22
Soledad,Colombia,,Soledad,Soledad,2026-03-22
Soacha,Colombia,,Soacha,Soacha,2026-03-22
Santa Marta,Colombia,,Santa Marta,Santa Marta,2026-03-22
Villavicencio,Colombia,,Villavicencio,Villavicencio,2026-03-22
Bello,Colombia,,Bello,Bello,2026-03-22
Pereira,Colombia,,Pereira,Pereira,2026-03-22
Manizales,Colombia,,Manizales,Manizales,2026-03-22
Pasto,Colombia,,Pasto,Pasto,2026-03-22
Neiva,Colombia,,Neiva,Neiva,2026-03-22
Valledupar,Colombia,,Valledupar,Valledupar,2026-03-22
Buenaventura,Colombia,,Buenaventura,Buenaventura,2026-03-22
Montería,Colombia,,Montería,Montería,2026-03-22
Armenia,Colombia,,Armenia,Armenia,2026-03-22
Floridablanca,Colombia,,Floridablanca,Floridablanca,2026-03-22
Popayán,Colombia,,Popayán,Popayán,2026-03-22
Palmira,Colombia,,Palmira,Palmira,2026-03-22
Sincelejo,Colombia,,Sincelejo,Sincelejo,2026-03-22
Itagüi,Colombia,,Itagüi,Itagüi,2026-03-22
Barrancabermeja,Colombia,,Barrancabermeja,Barrancabermeja,2026-03-22
Envigado,Colombia,,Envigado,Envigado,2026-03-22
Dosquebradas,Colombia,,Dosquebradas,Dosquebradas,2026-03-22
San Andres de Tumaco,Colombia,,San Andres de Tumaco,San Andres de Tumaco,2026-03-22
Tuluá,Colombia,,Tuluá,Tuluá,2026-03-22
Tunja,Colombia,,Tunja,Tunja,2026-03-22
Riohacha,Colombia,,Riohacha,Riohacha,2026-03-22
Turbo,Colombia,,Turbo,Turbo,2026-03-22
Magangué,Colombia,,Magangué,Magangué,2026-03-22
Florencia,Colombia,,Florencia,Florencia,2026-03-22
Cartago,Colombia,,Cartago,Cartago,2026-03-22
MORONI,Comoros,,MORONI,MORONI,2026-03-22
Grande Comore (Njazidja),Comoros,,Grande Comore (Njazidja),Grande Comore (Njazidja),2026-03-22
Anjouan (Nzwani),Comoros,,Anjouan (Nzwani),Anjouan (Nzwani),2026-03-22
Moheli (Mwali),Comoros,,Moheli (Mwali),Moheli (Mwali),2026-03-22
"Moroni, Comoros",Comoros,,"Moroni, Comoros",Bambao,2026-03-22
"Barakani, Anjouan",Comoros,,"Barakani, Anjouan",Barakani,2026-03-22
"Chandra, Comoros",Comoros,,"Chandra, Comoros",Chandra,2026-03-22
"Daji, Comoros",Comoros,,"Daji, Comoros",Daji,2026-03-22
Comoros,Comoros,,Comoros,Domoni,2026-03-22
Naval Base Samoa,Cook Islands,,Naval Base Samoa,Amuri,2026-03-22
Cook Islands,Cook Islands,,Cook Islands,Arutanga,2026-03-22
Avarua,Cook Islands,,Avarua,Avatiu,2026-03-22
Fiordland,Cook Islands,,Fiordland,Oneroa,2026-03-22
San José,Costa Rica,,San José,SAN JOSE,2026-03-22
Alajuela,Costa Rica,,Alajuela,Alajuela,2026-03-22
Desamparados,Costa Rica,,Desamparados,Desamparados,2026-03-22
San Carlos,Costa Rica,,San Carlos,San Carlos,2026-03-22
Perez Zeledon,Costa Rica,,Perez Zeledon,Perez Zeledon,2026-03-22
Pococi,Costa Rica,,Pococi,Pococi,2026-03-22
Heredia,Costa Rica,,Heredia,Heredia,2026-03-22
Goicoechea,Costa Rica,,Goicoechea,Goicoechea,2026-03-22
Puntarenas,Costa Rica,,Puntarenas,Puntarenas,2026-03-22
La Unión,Costa Rica,,La Unión,La Unión,2026-03-22
Limón,Costa Rica,,Limón,Limón,2026-03-22
Alajuelita,Costa Rica,,Alajuelita,Alajuelita,2026-03-22
Pavas,Costa Rica,,Pavas,Pavas,2026-03-22
Alfaro,Costa Rica,,Alfaro,Alfaro,2026-03-22
Aserri,Costa Rica,,Aserri,Aserri,2026-03-22
Atenas,Costa Rica,,Atenas,Atenas,2026-03-22
"Cartago, Costa Rica",Costa Rica,,"Cartago, Costa Rica",Cartago,2026-03-22
Costa Rican colón,Costa Rica,,Costa Rican colón,Colon,2026-03-22
Huseng Batute,Costa Rica,,Huseng Batute,Corazon de Jesus,2026-03-22
Croatian Railway Museum,Croatia,,Croatian Railway Museum,ZAGREB,2026-03-22
Split,Croatia,,Split,Split,2026-03-22
Rijeka,Croatia,,Rijeka,Rijeka,2026-03-22
Osijek,Croatia,,Osijek,Osijek,2026-03-22
Antunovac,Croatia,,Antunovac,Antunovac,2026-03-22
Baska,Croatia,,Baska,Baska,2026-03-22
Baska Voda,Croatia,,Baska Voda,Baska Voda,2026-03-22
Bedekovcina,Croatia,,Bedekovcina,Bedekovcina,2026-03-22
Bestovje,Croatia,,Bestovje,Bestovje,2026-03-22
Betina,Croatia,,Betina,Betina,2026-03-22
Bibinje,Croatia,,Bibinje,Bibinje,2026-03-22
Bizovac,Croatia,,Bizovac,Bizovac,2026-03-22
Bjelovar,Croatia,,Bjelovar,Bjelovar,2026-03-22
Bracevci,Croatia,,Bracevci,Bracevci,2026-03-22
Brdovec,Croatia,,Brdovec,Brdovec,2026-03-22
Bregana,Croatia,,Bregana,Bregana,2026-03-22
Brela,Croatia,,Brela,Brela,2026-03-22
Brsadin,Croatia,,Brsadin,Brsadin,2026-03-22
Buje,Croatia,,Buje,Buje,2026-03-22
Cabuna,Croatia,,Cabuna,Cabuna,2026-03-22
Cavtat,Croatia,,Cavtat,Cavtat,2026-03-22
Cepin,Croatia,,Cepin,Cepin,2026-03-22
Cestica,Croatia,,Cestica,Cestica,2026-03-22
Core,Croatia,,Core,Core,2026-03-22
Crikvenica,Croatia,,Crikvenica,Crikvenica,2026-03-22
Dalj,Croatia,,Dalj,Dalj,2026-03-22
Darda,Croatia,,Darda,Darda,2026-03-22
Delnice,Croatia,,Delnice,Delnice,2026-03-22
Desinic,Croatia,,Desinic,Desinic,2026-03-22
Donja Pusca,Croatia,,Donja Pusca,Donja Pusca,2026-03-22
Donja Zelina,Croatia,,Donja Zelina,Donja Zelina,2026-03-22
Donji Kraljevec,Croatia,,Donji Kraljevec,Donji Kraljevec,2026-03-22
Dubrovnik,Croatia,,Dubrovnik,Dubrovnik,2026-03-22
Dugo Selo,Croatia,,Dugo Selo,Dugo Selo,2026-03-22
Fazana,Croatia,,Fazana,Fazana,2026-03-22
Fuzine,Croatia,,Fuzine,Fuzine,2026-03-22
Galgovo,Croatia,,Galgovo,Galgovo,2026-03-22
Glina,Croatia,,Glina,Glina,2026-03-22
Gornja Lomnica,Croatia,,Gornja Lomnica,Gornja Lomnica,2026-03-22
Gornji Kriz,Croatia,,Gornji Kriz,Gornji Kriz,2026-03-22
Gornji Stupnik,Croatia,,Gornji Stupnik,Gornji Stupnik,2026-03-22
Hreljin,Croatia,,Hreljin,Hreljin,2026-03-22
LA HABANA,Cuba,,LA HABANA,LA HABANA,2026-03-22
Santiago de Cuba,Cuba,,Santiago de Cuba,Santiago de Cuba,2026-03-22
Camagüey,Cuba,,Camagüey,Camagüey,2026-03-22
Holguín,Cuba,,Holguín,Holguín,2026-03-22
Guantánamo,Cuba,,Guantánamo,Guantánamo,2026-03-22
Santa Clara,Cuba,,Santa Clara,Santa Clara,2026-03-22
Las Tunas,Cuba,,Las Tunas,Las Tunas,2026-03-22
Bayamo,Cuba,,Bayamo,Bayamo,2026-03-22
Cienfuegos,Cuba,,Cienfuegos,Cienfuegos,2026-03-22
Pinar del Río,Cuba,,Pinar del Río,Pinar del Río,2026-03-22
Matanzas,Cuba,,Matanzas,Matanzas,2026-03-22
Ciego de Avila,Cuba,,Ciego de Avila,Ciego de Avila,2026-03-22
Sancti Spíritus,Cuba,,Sancti Spíritus,Sancti Spíritus,2026-03-22
Habana,Cuba,,Habana,Habana,2026-03-22
Havana,Cuba,,Havana,Havana,2026-03-22
Varadero,Cuba,,Varadero,Varadero,2026-03-22
Villa,Cuba,,Villa,Villa,2026-03-22
Alquízar,Cuba,,Alquízar,Alquízar,2026-03-22
Willemstad,Curaçao,,Willemstad,Willemstad,2026-03-22
Agia Anna,Cyprus,,Agia Anna,Agia Anna,2026-03-22
Aradippou,Cyprus,,Aradippou,Aradippou,2026-03-22
Ayia Marina,Cyprus,,Ayia Marina,Ayia Marina,2026-03-22
Chlorakas,Cyprus,,Chlorakas,Chlorakas,2026-03-22
Deryneia,Cyprus,,Deryneia,Deryneia,2026-03-22
Famagusta,Cyprus,,Famagusta,Famagusta,2026-03-22
Geroskipou,Cyprus,,Geroskipou,Geroskipou,2026-03-22
Kato Lakatamia,Cyprus,,Kato Lakatamia,Kato Lakatamia,2026-03-22
Kato Polemidia,Cyprus,,Kato Polemidia,Kato Polemidia,2026-03-22
Kiti,Cyprus,,Kiti,Kiti,2026-03-22
Kyrenia,Cyprus,,Kyrenia,Kyrenia,2026-03-22
Larnaca,Cyprus,,Larnaca,Larnaca,2026-03-22
Laxia,Cyprus,,Laxia,Laxia,2026-03-22
Limassol,Cyprus,,Limassol,Limassol,2026-03-22
Livadia,Cyprus,,Livadia,Livadia,2026-03-22
Morfou,Cyprus,,Morfou,Morfou,2026-03-22
Mouttagiaka,Cyprus,,Mouttagiaka,Mouttagiaka,2026-03-22
Nicosia,Cyprus,,Nicosia,Nicosia,2026-03-22
Paphos,Cyprus,,Paphos,Paphos,2026-03-22
Prague,Czechia,,Prague,PRAHA,2026-03-22
Brno,Czechia,,Brno,Brno,2026-03-22
Ostrava,Czechia,,Ostrava,Ostrava,2026-03-22
Plzen,Czechia,,Plzen,Plzen,2026-03-22
Liberec,Czechia,,Liberec,Liberec,2026-03-22
Olomouc,Czechia,,Olomouc,Olomouc,2026-03-22
Ústí nad Labem,Czechia,,Ústí nad Labem,Ústí nad Labem,2026-03-22
Hradec Králové,Czechia,,Hradec Králové,Hradec Králové,2026-03-22
Adamov,Czechia,,Adamov,Adamov,2026-03-22
Albrechtice,Czechia,,Albrechtice,Albrechtice,2026-03-22
Arnoltice,Czechia,,Arnoltice,Arnoltice,2026-03-22
As,Czechia,,As,As,2026-03-22
Babice,Czechia,,Babice,Babice,2026-03-22
Banov,Czechia,,Banov,Banov,2026-03-22
Baska,Czechia,,Baska,Baska,2026-03-22
Batelov,Czechia,,Batelov,Batelov,2026-03-22
Bavory,Czechia,,Bavory,Bavory,2026-03-22
Bechyne,Czechia,,Bechyne,Bechyne,2026-03-22
Bela pod Bezdezem,Czechia,,Bela pod Bezdezem,Bela pod Bezdezem,2026-03-22
Belotin,Czechia,,Belotin,Belotin,2026-03-22
Benatky nad Jizerou,Czechia,,Benatky nad Jizerou,Benatky nad Jizerou,2026-03-22
Benesov,Czechia,,Benesov,Benesov,2026-03-22
Benesovice,Czechia,,Benesovice,Benesovice,2026-03-22
Bernartice,Czechia,,Bernartice,Bernartice,2026-03-22
Bernartice nad Odrou,Czechia,,Bernartice nad Odrou,Bernartice nad Odrou,2026-03-22
Beroun,Czechia,,Beroun,Beroun,2026-03-22
Bezdekov,Czechia,,Bezdekov,Bezdekov,2026-03-22
Bilina,Czechia,,Bilina,Bilina,2026-03-22
Bilovice,Czechia,,Bilovice,Bilovice,2026-03-22
Bilovice nad Svitavou,Czechia,,Bilovice nad Svitavou,Bilovice nad Svitavou,2026-03-22
Bitovany,Czechia,,Bitovany,Bitovany,2026-03-22
Blansko,Czechia,,Blansko,Blansko,2026-03-22
Blatna,Czechia,,Blatna,Blatna,2026-03-22
Blizevedly,Czechia,,Blizevedly,Blizevedly,2026-03-22
Blovice,Czechia,,Blovice,Blovice,2026-03-22
Blucina,Czechia,,Blucina,Blucina,2026-03-22
Bludov,Czechia,,Bludov,Bludov,2026-03-22
Bludovice,Czechia,,Bludovice,Bludovice,2026-03-22
Bochov,Czechia,,Bochov,Bochov,2026-03-22
Bohumin,Czechia,,Bohumin,Bohumin,2026-03-22
Bohunovice,Czechia,,Bohunovice,Bohunovice,2026-03-22
Bojanov,Czechia,,Bojanov,Bojanov,2026-03-22
Bojkovice,Czechia,,Bojkovice,Bojkovice,2026-03-22
Bolatice,Czechia,,Bolatice,Bolatice,2026-03-22
Bolebor,Czechia,,Bolebor,Bolebor,2026-03-22
Bor,Czechia,,Bor,Bor,2026-03-22
Boretice,Czechia,,Boretice,Boretice,2026-03-22
Borohradek,Czechia,,Borohradek,Borohradek,2026-03-22
Borotin,Czechia,,Borotin,Borotin,2026-03-22
Borovany,Czechia,,Borovany,Borovany,2026-03-22
Borsice,Czechia,,Borsice,Borsice,2026-03-22
Bosin,Czechia,,Bosin,Bosin,2026-03-22
Boskovice,Czechia,,Boskovice,Boskovice,2026-03-22
Bradlec,Czechia,,Bradlec,Bradlec,2026-03-22
Brandys nad Labem-Stara Boleslav,Czechia,,Brandys nad Labem-Stara Boleslav,Brandys nad Labem-Stara Boleslav,2026-03-22
Copenhagen,Denmark,,Copenhagen,KOBENHAVN,2026-03-22
Århus,Denmark,,Århus,Århus,2026-03-22
Ålborg,Denmark,,Ålborg,Ålborg,2026-03-22
Odense,Denmark,,Odense,Odense,2026-03-22
Esbjerg,Denmark,,Esbjerg,Esbjerg,2026-03-22
Vejle,Denmark,,Vejle,Vejle,2026-03-22
Frederiksberg,Denmark,,Frederiksberg,Frederiksberg,2026-03-22
Aabenraa,Denmark,,Aabenraa,Aabenraa,2026-03-22
Aabybro,Denmark,,Aabybro,Aabybro,2026-03-22
Aalborg,Denmark,,Aalborg,Aalborg,2026-03-22
Aarhus,Denmark,,Aarhus,Aarhus,2026-03-22
Aars,Denmark,,Aars,Aars,2026-03-22
Abyhoj,Denmark,,Abyhoj,Abyhoj,2026-03-22
Agedrup,Denmark,,Agedrup,Agedrup,2026-03-22
Agerbaek,Denmark,,Agerbaek,Agerbaek,2026-03-22
Agerskov,Denmark,,Agerskov,Agerskov,2026-03-22
Akirkeby,Denmark,,Akirkeby,Akirkeby,2026-03-22
Albaek,Denmark,,Albaek,Albaek,2026-03-22
Albertslund,Denmark,,Albertslund,Albertslund,2026-03-22
Ale,Denmark,,Ale,Ale,2026-03-22
Alestrup,Denmark,,Alestrup,Alestrup,2026-03-22
Aller,Denmark,,Aller,Aller,2026-03-22
Allerod,Denmark,,Allerod,Allerod,2026-03-22
Allingabro,Denmark,,Allingabro,Allingabro,2026-03-22
Allinge,Denmark,,Allinge,Allinge,2026-03-22
Almind,Denmark,,Almind,Almind,2026-03-22
Alsgarde,Denmark,,Alsgarde,Alsgarde,2026-03-22
Alslev,Denmark,,Alslev,Alslev,2026-03-22
Anholt,Denmark,,Anholt,Anholt,2026-03-22
Ans,Denmark,,Ans,Ans,2026-03-22
Ansager,Denmark,,Ansager,Ansager,2026-03-22
Arden,Denmark,,Arden,Arden,2026-03-22
Arre,Denmark,,Arre,Arre,2026-03-22
Arslev,Denmark,,Arslev,Arslev,2026-03-22
Arup,Denmark,,Arup,Arup,2026-03-22
Asa,Denmark,,Asa,Asa,2026-03-22
Askeby,Denmark,,Askeby,Askeby,2026-03-22
Ali Sabih,Djibouti,,Ali Sabih,Ali Sabih,2026-03-22
Dikhil,Djibouti,,Dikhil,Dikhil,2026-03-22
Djibouti,Djibouti,,Djibouti,Djibouti,2026-03-22
Obock,Djibouti,,Obock,Obock,2026-03-22
Tadjoura,Djibouti,,Tadjoura,Tadjoura,2026-03-22
'Ali Sabieh,Djibouti,,'Ali Sabieh,'Ali Sabieh,2026-03-22
Goubétto,Djibouti,,Goubétto,Goubétto,2026-03-22
Santo Domingo Dominican Republic Temple,Dominica,,Santo Domingo Dominican Republic Temple,SANTO DOMINGO,2026-03-22
Santo Domingo East,Dominica,,Santo Domingo East,Santo Domingo East,2026-03-22
Santiago de los Caballeros,Dominica,,Santiago de los Caballeros,Santiago de los Caballeros,2026-03-22
Santo Domingo North,Dominica,,Santo Domingo North,Santo Domingo North,2026-03-22
Santo Domingo West,Dominica,,Santo Domingo West,Santo Domingo West,2026-03-22
Hurricane Maria,Dominica,,Hurricane Maria,Puerto Plata,2026-03-22
Iglesia del Monasterio del Carmen Bajo de San Rafael,Dominica,,Iglesia del Monasterio del Carmen Bajo de San Rafael,La Vega,2026-03-22
2026 Central American and Caribbean Games,Dominica,,2026 Central American and Caribbean Games,Boca Chica,2026-03-22
Hurricane David,Dominica,,Hurricane David,Baní,2026-03-22
History of the Dominican Republic,Dominica,,History of the Dominican Republic,San Juan de la Maguana,2026-03-22
The Church of Jesus Christ of Latter-day Saints in the Dominican Republic,Dominica,,The Church of Jesus Christ of Latter-day Saints in the Dominican Republic,Bonao,2026-03-22
2026 CONCACAF W Championship qualification,Dominica,,2026 CONCACAF W Championship qualification,Moca,2026-03-22
Azua Dominican Field,Dominica,,Azua Dominican Field,Azua,2026-03-22
Santo Domingo Dominican Republic Temple,Dominican Republic,,Santo Domingo Dominican Republic Temple,SANTO DOMINGO,2026-03-22
Santo Domingo East,Dominican Republic,,Santo Domingo East,Santo Domingo East,2026-03-22
Santiago de los Caballeros,Dominican Republic,,Santiago de los Caballeros,Santiago de los Caballeros,2026-03-22
Santo Domingo North,Dominican Republic,,Santo Domingo North,Santo Domingo North,2026-03-22
Santo Domingo West,Dominican Republic,,Santo Domingo West,Santo Domingo West,2026-03-22
Los Alcarrizos,Dominican Republic,,Los Alcarrizos,Los Alcarrizos,2026-03-22
San Pedro de Macoris,Dominican Republic,,San Pedro de Macoris,San Pedro de Macoris,2026-03-22
Higüey,Dominican Republic,,Higüey,Higüey,2026-03-22
San Cristóbal,Dominican Republic,,San Cristóbal,San Cristóbal,2026-03-22
San Francisco de Macoris,Dominican Republic,,San Francisco de Macoris,San Francisco de Macoris,2026-03-22
La Romana,Dominican Republic,,La Romana,La Romana,2026-03-22
Puerto Plata,Dominican Republic,,Puerto Plata,Puerto Plata,2026-03-22
La Vega,Dominican Republic,,La Vega,La Vega,2026-03-22
Boca Chica,Dominican Republic,,Boca Chica,Boca Chica,2026-03-22
Baní,Dominican Republic,,Baní,Baní,2026-03-22
San Juan de la Maguana,Dominican Republic,,San Juan de la Maguana,San Juan de la Maguana,2026-03-22
Bonao,Dominican Republic,,Bonao,Bonao,2026-03-22
Bajos de Haina,Dominican Republic,,Bajos de Haina,Bajos de Haina,2026-03-22
Moca,Dominican Republic,,Moca,Moca,2026-03-22
Azua,Dominican Republic,,Azua,Azua,2026-03-22
Arenazo,Dominican Republic,,Arenazo,Arenazo,2026-03-22
Kinshasa,DR Congo,,Kinshasa,Kinshasa,2026-03-22
Guayaquil,Ecuador,,Guayaquil,Guayaquil,2026-03-22
Quito Ecuador Temple,Ecuador,,Quito Ecuador Temple,QUITO,2026-03-22
Cuenca,Ecuador,,Cuenca,Cuenca,2026-03-22
Santa Elena,Ecuador,,Santa Elena,Santa Elena,2026-03-22
Machala,Ecuador,,Machala,Machala,2026-03-22
Durán,Ecuador,,Durán,Durán,2026-03-22
Santo Domingo de los Colorados,Ecuador,,Santo Domingo de los Colorados,Santo Domingo de los Colorados,2026-03-22
Portoviejo,Ecuador,,Portoviejo,Portoviejo,2026-03-22
Manta,Ecuador,,Manta,Manta,2026-03-22
Loja,Ecuador,,Loja,Loja,2026-03-22
Ambato,Ecuador,,Ambato,Ambato,2026-03-22
Esmeraldas,Ecuador,,Esmeraldas,Esmeraldas,2026-03-22
Quevedo,Ecuador,,Quevedo,Quevedo,2026-03-22
Riobamba,Ecuador,,Riobamba,Riobamba,2026-03-22
Calderon,Ecuador,Carapungo,Calderon,Calderon,2026-03-22
Milagro,Ecuador,,Milagro,Milagro,2026-03-22
Ibarra,Ecuador,,Ibarra,Ibarra,2026-03-22
Babahoyo,Ecuador,,Babahoyo,Babahoyo,2026-03-22
Atacames,Ecuador,,Atacames,Atacames,2026-03-22
Atuntaqui,Ecuador,,Atuntaqui,Atuntaqui,2026-03-22
Bahia de Caraquez,Ecuador,,Bahia de Caraquez,Bahia de Caraquez,2026-03-22
Banos,Ecuador,,Banos,Banos,2026-03-22
Cayambe,Ecuador,,Cayambe,Cayambe,2026-03-22
Daule,Ecuador,,Daule,Daule,2026-03-22
El Carmen,Ecuador,,El Carmen,El Carmen,2026-03-22
Cairo Egyptians,Egypt,,Cairo Egyptians,CAIRO,2026-03-22
Alexandria,Egypt,,Alexandria,Alexandria,2026-03-22
Giza,Egypt,,Giza,Giza,2026-03-22
Shubra-El-Khema,Egypt,,Shubra-El-Khema,Shubra-El-Khema,2026-03-22
Port Said,Egypt,,Port Said,Port Said,2026-03-22
Imbaba,Egypt,,Imbaba,Imbaba,2026-03-22
Suez,Egypt,,Suez,Suez,2026-03-22
El-Mahalla El-Kubra,Egypt,,El-Mahalla El-Kubra,El-Mahalla El-Kubra,2026-03-22
Mansûra,Egypt,,Mansûra,Mansûra,2026-03-22
Tanta,Egypt,,Tanta,Tanta,2026-03-22
Assyût,Egypt,,Assyût,Assyût,2026-03-22
Faiyûm,Egypt,,Faiyûm,Faiyûm,2026-03-22
Zagazig,Egypt,,Zagazig,Zagazig,2026-03-22
Ismailia,Egypt,,Ismailia,Ismailia,2026-03-22
El-Khosos,Egypt,,El-Khosos,El-Khosos,2026-03-22
Aswan,Egypt,,Aswan,Aswan,2026-03-22
Damanhûr,Egypt,,Damanhûr,Damanhûr,2026-03-22
Menia,Egypt,,Menia,Menia,2026-03-22
Damietta,Egypt,,Damietta,Damietta,2026-03-22
Luxer,Egypt,,Luxer,Luxer,2026-03-22
Kena,Egypt,,Kena,Kena,2026-03-22
Beni-Suef,Egypt,,Beni-Suef,Beni-Suef,2026-03-22
Sohag,Egypt,,Sohag,Sohag,2026-03-22
Shebin-El-Kom,Egypt,,Shebin-El-Kom,Shebin-El-Kom,2026-03-22
Banha,Egypt,,Banha,Banha,2026-03-22
6th of October City,Egypt,,6th of October City,6th of October City,2026-03-22
Malawe,Egypt,,Malawe,Malawe,2026-03-22
El-Aresh,Egypt,,El-Aresh,El-Aresh,2026-03-22
Bilbes,Egypt,,Bilbes,Bilbes,2026-03-22
Ramadan,Egypt,,Ramadan,Ramadan,2026-03-22
Met Ghamr,Egypt,,Met Ghamr,Met Ghamr,2026-03-22
Kafr-El-Dwar,Egypt,,Kafr-El-Dwar,Kafr-El-Dwar,2026-03-22
Matrouh,Egypt,,Matrouh,Matrouh,2026-03-22
El-Hwamdia,Egypt,,El-Hwamdia,El-Hwamdia,2026-03-22
Kaluop,Egypt,,Kaluop,Kaluop,2026-03-22
Desok,Egypt,,Desok,Desok,2026-03-22
Abo Keber,Egypt,,Abo Keber,Abo Keber,2026-03-22
Gerga,Egypt,,Gerga,Gerga,2026-03-22
Akhmim,Egypt,,Akhmim,Akhmim,2026-03-22
El-Mataria,Egypt,,El-Mataria,El-Mataria,2026-03-22
Al Orizah,Egypt,,Al Orizah,Al Orizah,2026-03-22
Abu Hammad,Egypt,,Abu Hammad,Abu Hammad,2026-03-22
Al Mahallah al Kubra,Egypt,,Al Mahallah al Kubra,Al Mahallah al Kubra,2026-03-22
Al Mansurah,Egypt,,Al Mansurah,Al Mansurah,2026-03-22
Al Marj,Egypt,,Al Marj,Al Marj,2026-03-22
Almazah,Egypt,,Almazah,Almazah,2026-03-22
Ar Rawdah,Egypt,,Ar Rawdah,Ar Rawdah,2026-03-22
Assiut,Egypt,,Assiut,Assiut,2026-03-22
Az Zamalik,Egypt,,Az Zamalik,Az Zamalik,2026-03-22
Badr,Egypt,,Badr,Badr,2026-03-22
Bani Suwayf,Egypt,,Bani Suwayf,Bani Suwayf,2026-03-22
Faraskur,Egypt,,Faraskur,Faraskur,2026-03-22
Flaminj,Egypt,,Flaminj,Flaminj,2026-03-22
Heliopolis,Egypt,,Heliopolis,Heliopolis,2026-03-22
Helwan,Egypt,,Helwan,Helwan,2026-03-22
Hurghada,Egypt,,Hurghada,Hurghada,2026-03-22
Kafr ash Shaykh,Egypt,,Kafr ash Shaykh,Kafr ash Shaykh,2026-03-22
Luxor,Egypt,,Luxor,Luxor,2026-03-22
San Salvador El Salvador Temple,El Salvador,,San Salvador El Salvador Temple,SAN SALVADOR,2026-03-22
Soyapango,El Salvador,,Soyapango,Soyapango,2026-03-22
Santa Ana,El Salvador,,Santa Ana,Santa Ana,2026-03-22
San Miguel,El Salvador,,San Miguel,San Miguel,2026-03-22
Apopa,El Salvador,,Apopa,Apopa,2026-03-22
Mejicanos,El Salvador,,Mejicanos,Mejicanos,2026-03-22
Santa Tecla,El Salvador,,Santa Tecla,Santa Tecla,2026-03-22
Ciudad Delgado,El Salvador,,Ciudad Delgado,Ciudad Delgado,2026-03-22
Ilopango,El Salvador,,Ilopango,Ilopango,2026-03-22
Ahuachapan,El Salvador,,Ahuachapan,Ahuachapan,2026-03-22
Cuscatancingo,El Salvador,,Cuscatancingo,Cuscatancingo,2026-03-22
San Martin,El Salvador,,San Martin,San Martin,2026-03-22
Sonsonate,El Salvador,,Sonsonate,Sonsonate,2026-03-22
Antiguo Cuscatlán,El Salvador,,Antiguo Cuscatlán,Antiguo Cuscatlan,2026-03-22
"Santa Ana, El Salvador",El Salvador,,"Santa Ana, El Salvador",Apaneca,2026-03-22
"Coatepeque, El Salvador",El Salvador,,"Coatepeque, El Salvador",Coatepeque,2026-03-22
Ciudad de la Paz,Equatorial Guinea,,Ciudad de la Paz,MALABO,2026-03-22
Annobon,Equatorial Guinea,,Annobon,Annobon,2026-03-22
Bioko Norte,Equatorial Guinea,,Bioko Norte,Bioko Norte,2026-03-22
Bioko Sur,Equatorial Guinea,,Bioko Sur,Bioko Sur,2026-03-22
Centro Sur,Equatorial Guinea,,Centro Sur,Centro Sur,2026-03-22
Kie-Ntem,Equatorial Guinea,,Kie-Ntem,Kie-Ntem,2026-03-22
Littoral zone,Equatorial Guinea,,Littoral zone,Litoral,2026-03-22
Subdivisions of Equatorial Guinea,Equatorial Guinea,,Subdivisions of Equatorial Guinea,San Antonio de Palé,2026-03-22
"Rebola, Equatorial Guinea",Equatorial Guinea,,"Rebola, Equatorial Guinea",Rebola,2026-03-22
Baney,Equatorial Guinea,,Baney,Santiago de Baney,2026-03-22
"Luba, Equatorial Guinea",Equatorial Guinea,,"Luba, Equatorial Guinea",Luba,2026-03-22
Río Muni,Equatorial Guinea,,Río Muni,Acurenam,2026-03-22
Municipalities of Equatorial Guinea,Equatorial Guinea,,Municipalities of Equatorial Guinea,Bicurga,2026-03-22
Ebibeyin,Equatorial Guinea,,Ebibeyin,Ebebiyin,2026-03-22
"Bata, Equatorial Guinea",Equatorial Guinea,,"Bata, Equatorial Guinea",Bata,2026-03-22
ASMARA,Eritrea,,ASMARA,ASMARA,2026-03-22
Anseba,Eritrea,,Anseba,Anseba,2026-03-22
Debub,Eritrea,,Debub,Debub,2026-03-22
Debubawi K'eyih Bahri,Eritrea,,Debubawi K'eyih Bahri,Debubawi K'eyih Bahri,2026-03-22
Gash Barka,Eritrea,,Gash Barka,Gash Barka,2026-03-22
Ma'akel,Eritrea,,Ma'akel,Ma'akel,2026-03-22
Semenawi Keyih Bahri,Eritrea,,Semenawi Keyih Bahri,Semenawi Keyih Bahri,2026-03-22
Keren,Eritrea,,Keren,Keren,2026-03-22
Adi Keyh,Eritrea,,Adi Keyh,Adi Keyh,2026-03-22
Dek’emhāre,Eritrea,,Dek’emhāre,Dek’emhāre,2026-03-22
Mendefera,Eritrea,,Mendefera,Mendefera,2026-03-22
Ak’ordat,Eritrea,,Ak’ordat,Ak’ordat,2026-03-22
"Barentu, Eritrea",Eritrea,,"Barentu, Eritrea",Barentu,2026-03-22
Eritrea,Eritrea,,Eritrea,Assab,2026-03-22
Tartu,Estonia,,Tartu,Tartu,2026-03-22
Aasmae,Estonia,,Aasmae,Aasmae,2026-03-22
Aaviku,Estonia,,Aaviku,Aaviku,2026-03-22
Aespa,Estonia,,Aespa,Aespa,2026-03-22
Ahtma,Estonia,,Ahtma,Ahtma,2026-03-22
Alliku,Estonia,,Alliku,Alliku,2026-03-22
Ambla,Estonia,,Ambla,Ambla,2026-03-22
Antsla,Estonia,,Antsla,Antsla,2026-03-22
Ardu,Estonia,,Ardu,Ardu,2026-03-22
Avinurme,Estonia,,Avinurme,Avinurme,2026-03-22
Elva,Estonia,,Elva,Elva,2026-03-22
Emmaste,Estonia,,Emmaste,Emmaste,2026-03-22
Haabneeme,Estonia,,Haabneeme,Haabneeme,2026-03-22
Haage,Estonia,,Haage,Haage,2026-03-22
Haapsalu,Estonia,,Haapsalu,Haapsalu,2026-03-22
Enge,Estonia,,Enge,Halinga,2026-03-22
Estonian Islamic Centre,Estonia,,Estonian Islamic Centre,Harju,2026-03-22
Tallinn,Estonia,,Tallinn,Harku,2026-03-22
Väike-Maarja Parish,Estonia,,Väike-Maarja Parish,Kaarma,2026-03-22
Mbabane,Eswatini,,Mbabane,Mbabane,2026-03-22
Addis Ababa,Ethiopia,,Addis Ababa,Addis Ababa,2026-03-22
Afar,Ethiopia,,Afar,Afar,2026-03-22
Amhara,Ethiopia,,Amhara,Amhara,2026-03-22
Binshangul Gumuz,Ethiopia,,Binshangul Gumuz,Binshangul Gumuz,2026-03-22
Dire Dawa,Ethiopia,,Dire Dawa,Dire Dawa,2026-03-22
Gambela Hizboch,Ethiopia,,Gambela Hizboch,Gambela Hizboch,2026-03-22
Harari,Ethiopia,,Harari,Harari,2026-03-22
Oromia,Ethiopia,,Oromia,Oromia,2026-03-22
Somali,Ethiopia,,Somali,Somali,2026-03-22
Tigray,Ethiopia,,Tigray,Tigray,2026-03-22
"Southern Nations, Nationalities, and Peoples Region",Ethiopia,,"Southern Nations, Nationalities, and Peoples Region","Southern Nations, Nationalities, and Peoples Region",2026-03-22
Asaita,Ethiopia,,Asaita,Asaita,2026-03-22
Āwash,Ethiopia,,Āwash,Āwash,2026-03-22
Dubti,Ethiopia,,Dubti,Dubti,2026-03-22
Gewane,Ethiopia,,Gewane,Gewanē,2026-03-22
Semera,Ethiopia,,Semera,Semera,2026-03-22
Abomsa,Ethiopia,,Abomsa,Abomsa,2026-03-22
Addiet Canna,Ethiopia,,Addiet Canna,Addiet Canna,2026-03-22
Ādīs Zemen,Ethiopia,,Ādīs Zemen,Ādīs Zemen,2026-03-22
Bahir Dar,Ethiopia,,Bahir Dar,Bahir Dar,2026-03-22
Batī,Ethiopia,,Batī,Batī,2026-03-22
Bichena,Ethiopia,,Bichena,Bichena,2026-03-22
Burē,Ethiopia,,Burē,Burē,2026-03-22
Dabat,Ethiopia,,Dabat,Dabat,2026-03-22
Debark’,Ethiopia,,Debark’,Debark’,2026-03-22
Debre Birhan,Ethiopia,,Debre Birhan,Debre Birhan,2026-03-22
Debre Mark’os,Ethiopia,,Debre Mark’os,Debre Mark’os,2026-03-22
Debre Sīna,Ethiopia,,Debre Sīna,Debre Sīna,2026-03-22
Debre Tabor,Ethiopia,,Debre Tabor,Debre Tabor,2026-03-22
Debre Werk’,Ethiopia,,Debre Werk’,Debre Werk’,2026-03-22
Dejen,Ethiopia,,Dejen,Dejen,2026-03-22
Desē,Ethiopia,,Desē,Desē,2026-03-22
Finote Selam,Ethiopia,,Finote Selam,Finote Selam,2026-03-22
Gondar,Ethiopia,,Gondar,Gondar,2026-03-22
Kemisē,Ethiopia,,Kemisē,Kemisē,2026-03-22
Kombolcha,Ethiopia,,Kombolcha,Kombolcha,2026-03-22
Lalibela,Ethiopia,,Lalibela,Lalībela,2026-03-22
North Shewa Zone (Amhara),Ethiopia,,North Shewa Zone (Amhara),North Shewa Zone,2026-03-22
STANLEY,Falkland Islands,,STANLEY,STANLEY,2026-03-22
Ajax Bay,Falkland Islands,,Ajax Bay,Ajax Bay,2026-03-22
Beaver Settlement,Falkland Islands,,Beaver Settlement,Beaver Settlement,2026-03-22
Bluff Cove,Falkland Islands,,Bluff Cove,Bluff Cove Settlement,2026-03-22
"Chartres, Falkland Islands",Falkland Islands,,"Chartres, Falkland Islands",Chartres Settlement,2026-03-22
Peter Symonds College,Falkland Islands,,Peter Symonds College,Cranmer,2026-03-22
"Douglas, Falkland Islands",Falkland Islands,,"Douglas, Falkland Islands",Douglas Settlement,2026-03-22
"Dunnose Head, West Falkland",Falkland Islands,,"Dunnose Head, West Falkland",Dunnose Head Settlement,2026-03-22
History of the Falkland Islands,Falkland Islands,,History of the Falkland Islands,Fitzroy North,2026-03-22
Fox Bay,Falkland Islands,,Fox Bay,Fox Bay East Settlement,2026-03-22
Argir,Faroe Islands,,Argir,Argir,2026-03-22
Glyvrar,Faroe Islands,,Glyvrar,Glyvrar,2026-03-22
Municipalities of the Faroe Islands,Faroe Islands,,Municipalities of the Faroe Islands,Leirvik,2026-03-22
Saltangará,Faroe Islands,,Saltangará,Saltangara,2026-03-22
Signabøur,Faroe Islands,,Signabøur,Signabour,2026-03-22
Towns of the Faroe Islands,Faroe Islands,,Towns of the Faroe Islands,Strendur,2026-03-22
Suva (insurer),Fiji,,Suva (insurer),SUVA,2026-03-22
Central (Suva),Fiji,,Central (Suva),Central (Suva),2026-03-22
Eastern (Levuka),Fiji,,Eastern (Levuka),Eastern (Levuka),2026-03-22
Northern (Labasa),Fiji,,Northern (Labasa),Northern (Labasa),2026-03-22
Rotuma,Fiji,,Rotuma,Rotuma,2026-03-22
Western (Lautoka),Fiji,,Western (Lautoka),Western (Lautoka),2026-03-22
Helsinki Finland Temple,Finland,,Helsinki Finland Temple,HELSINKI,2026-03-22
Espoo,Finland,,Espoo,Espoo,2026-03-22
Tampere,Finland,,Tampere,Tampere,2026-03-22
Vantaa,Finland,,Vantaa,Vantaa,2026-03-22
Oulu,Finland,,Oulu,Oulu,2026-03-22
Turku,Finland,,Turku,Turku,2026-03-22
Jyvaskyla,Finland,,Jyvaskyla,Jyvaskyla,2026-03-22
Kuopio,Finland,,Kuopio,Kuopio,2026-03-22
Lahti,Finland,,Lahti,Lahti,2026-03-22
Aapajoki,Finland,,Aapajoki,Aapajoki,2026-03-22
Aavasaksa,Finland,,Aavasaksa,Aavasaksa,2026-03-22
Aitoo,Finland,,Aitoo,Aitoo,2026-03-22
Akaa,Finland,,Akaa,Akaa,2026-03-22
Alastaro,Finland,,Alastaro,Alastaro,2026-03-22
Alaveteli,Finland,,Alaveteli,Alaveteli,2026-03-22
Alavieska,Finland,,Alavieska,Alavieska,2026-03-22
Alavus,Finland,,Alavus,Alavus,2026-03-22
Alvettula,Finland,,Alvettula,Alvettula,2026-03-22
Angelniemi,Finland,,Angelniemi,Angelniemi,2026-03-22
Anjala,Finland,,Anjala,Anjala,2026-03-22
Anttila,Finland,,Anttila,Anttila,2026-03-22
Versailles,France,Ile-de-France,Versailles,Chateau de Versailles,2026-03-22
Lyon,France,Auvergne-Rhone-Alpes,Lyon,Lyon,2026-03-22
Marseille,France,Provence-Alpes-Cote dAzur,Marseille,Marseille,2026-03-22
Nice,France,Provence-Alpes-Cote dAzur,Nice,Nice,2026-03-22
French Riviera,France,Provence-Alpes-Cote dAzur,Nice,Cote dAzur,2026-03-22
Bordeaux,France,Nouvelle-Aquitaine,Bordeaux,Bordeaux,2026-03-22
Mont Saint-Michel,France,Normandy,Pontorson,Mont-Saint-Michel,2026-03-22
Loire Valley,France,Centre-Val de Loire,Tours,Vallee de la Loire,2026-03-22
Strasbourg,France,Grand Est,Strasbourg,Strasbourg,2026-03-22
Chamonix,France,Auvergne-Rhone-Alpes,Chamonix-Mont-Blanc,Chamonix,2026-03-22
Avignon,France,Provence-Alpes-Cote dAzur,Avignon,Avignon,2026-03-22
Annecy,France,Auvergne-Rhone-Alpes,Annecy,Annecy,2026-03-22
Carcassonne,France,Occitanie,Carcassonne,Carcassonne,2026-03-22
Saint-Malo,France,Brittany,Saint-Malo,Saint-Malo,2026-03-22
Reims,France,Grand Est,Reims,Reims,2026-03-22
Dune of Pilat,France,Nouvelle-Aquitaine,Arcachon,Grande Dune du Pilat,2026-03-22
Calanques National Park,France,Provence-Alpes-Cote dAzur,Marseille,Calanques National Park,2026-03-22
Corsica,France,Corsica,Ajaccio,Corsica,2026-03-22
Nimes,France,Occitanie,Nimes,Nimes,2026-03-22
Lille,France,Hauts-de-France,Lille,Lille,2026-03-22
Toulouse,France,Occitanie,Toulouse,Toulouse,2026-03-22
Colmar,France,Grand Est,Colmar,Colmar,2026-03-22
Biarritz,France,Nouvelle-Aquitaine,Biarritz,Biarritz,2026-03-22
Aix-en-Provence,France,Provence-Alpes-Cote dAzur,Aix-en-Provence,Aix-en-Provence,2026-03-22
Nantes,France,,Nantes,Nantes,2026-03-22
Montpellier,France,,Montpellier,Montpellier,2026-03-22
Rennes,France,,Rennes,Rennes,2026-03-22
Le Havre,France,,Le Havre,Le Havre,2026-03-22
Saint-Étienne,France,,Saint-Étienne,Saint-Étienne,2026-03-22
Toulon,France,,Toulon,Toulon,2026-03-22
Grenoble,France,,Grenoble,Grenoble,2026-03-22
Dijon,France,,Dijon,Dijon,2026-03-22
Angers,France,,Angers,Angers,2026-03-22
Saint-Denis,France,La Réunion,Saint-Denis,Saint-Denis,2026-03-22
Villeurbanne,France,,Villeurbanne,Villeurbanne,2026-03-22
Le Mans,France,,Le Mans,Le Mans,2026-03-22
Nîmes,France,,Nîmes,Nîmes,2026-03-22
Clermont-Ferrand,France,,Clermont-Ferrand,Clermont-Ferrand,2026-03-22
Limoges,France,,Limoges,Limoges,2026-03-22
Tours,France,,Tours,Tours,2026-03-22
Amiens,France,,Amiens,Amiens,2026-03-22
Metz,France,,Metz,Metz,2026-03-22
Perpignan,France,,Perpignan,Perpignan,2026-03-22
Besançon,France,,Besançon,Besançon,2026-03-22
Boulogne-Billancourt,France,,Boulogne-Billancourt,Boulogne-Billancourt,2026-03-22
Orléans,France,,Orléans,Orléans,2026-03-22
Rouen,France,,Rouen,Rouen,2026-03-22
Mulhouse,France,,Mulhouse,Mulhouse,2026-03-22
Caen,France,,Caen,Caen,2026-03-22
Nancy,France,,Nancy,Nancy,2026-03-22
Saint-Paul,France,La Réunion,Saint-Paul,Saint-Paul,2026-03-22
Argenteuil,France,,Argenteuil,Argenteuil,2026-03-22
Montreuil,France,,Montreuil,Montreuil,2026-03-22
Aast,France,,Aast,Aast,2026-03-22
Abancourt,France,,Abancourt,Abancourt,2026-03-22
Abbans-Dessus,France,,Abbans-Dessus,Abbans-Dessus,2026-03-22
Abbaretz,France,,Abbaretz,Abbaretz,2026-03-22
Abbecourt,France,,Abbecourt,Abbecourt,2026-03-22
Abbeville,France,,Abbeville,Abbeville,2026-03-22
Abbeville-les-Conflans,France,,Abbeville-les-Conflans,Abbeville-les-Conflans,2026-03-22
Abeilhan,France,,Abeilhan,Abeilhan,2026-03-22
Abere,France,,Abere,Abere,2026-03-22
Abergement-Saint-Jean,France,,Abergement-Saint-Jean,Abergement-Saint-Jean,2026-03-22
Abilly,France,,Abilly,Abilly,2026-03-22
Ablain-Saint-Nazaire,France,,Ablain-Saint-Nazaire,Ablain-Saint-Nazaire,2026-03-22
Ablaincourt-Pressoir,France,,Ablaincourt-Pressoir,Ablaincourt-Pressoir,2026-03-22
Ablainzevelle,France,,Ablainzevelle,Ablainzevelle,2026-03-22
Ablis,France,,Ablis,Ablis,2026-03-22
Ablon-sur-Seine,France,,Ablon-sur-Seine,Ablon-sur-Seine,2026-03-22
Abondance,France,,Abondance,Abondance,2026-03-22
Abondant,France,,Abondant,Abondant,2026-03-22
Abreschviller,France,,Abreschviller,Abreschviller,2026-03-22
Abrest,France,,Abrest,Abrest,2026-03-22
Abscon,France,,Abscon,Abscon,2026-03-22
Abzac,France,,Abzac,Abzac,2026-03-22
Achatel,France,,Achatel,Achatel,2026-03-22
Achenheim,France,,Achenheim,Achenheim,2026-03-22
Acheres,France,,Acheres,Acheres,2026-03-22
Acheville,France,,Acheville,Acheville,2026-03-22
Achicourt,France,,Achicourt,Achicourt,2026-03-22
Achiet-le-Grand,France,,Achiet-le-Grand,Achiet-le-Grand,2026-03-22
Achiet-le-Petit,France,,Achiet-le-Petit,Achiet-le-Petit,2026-03-22
Acigne,France,,Acigne,Acigne,2026-03-22
Acq,France,,Acq,Acq,2026-03-22
Acquigny,France,,Acquigny,Acquigny,2026-03-22
Acy-en-Multien,France,,Acy-en-Multien,Acy-en-Multien,2026-03-22
Adam-les-Vercel,France,,Adam-les-Vercel,Adam-les-Vercel,2026-03-22
Adamswiller,France,,Adamswiller,Adamswiller,2026-03-22
Adelans-et-le-Val-de-Bithaine,France,,Adelans-et-le-Val-de-Bithaine,Adelans-et-le-Val-de-Bithaine,2026-03-22
Adissan,France,,Adissan,Adissan,2026-03-22
Adriers,France,,Adriers,Adriers,2026-03-22
Afa,France,,Afa,Afa,2026-03-22
Agay,France,,Agay,Agay,2026-03-22
Agde,France,,Agde,Agde,2026-03-22
Agen,France,,Agen,Agen,2026-03-22
Agneaux,France,,Agneaux,Agneaux,2026-03-22
Agnetz,France,,Agnetz,Agnetz,2026-03-22
Agnin,France,,Agnin,Agnin,2026-03-22
Agnos,France,,Agnos,Agnos,2026-03-22
Agny,France,,Agny,Agny,2026-03-22
Aguilcourt,France,,Aguilcourt,Aguilcourt,2026-03-22
Ahaxe-Alciette-Bascassan,France,,Ahaxe-Alciette-Bascassan,Ahaxe-Alciette-Bascassan,2026-03-22
Vanoise National Park,France,Auvergne-Rhone-Alpes,Pralognan-la-Vanoise,Vanoise National Park,2026-03-22
Ecrins National Park,France,Provence-Alpes-Cote dAzur,Briancon,Ecrins National Park,2026-03-22
Mercantour National Park,France,Provence-Alpes-Cote dAzur,Saint-Martin-Vesubie,Mercantour National Park,2026-03-22
Pyrenees National Park,France,Occitanie,Cauterets,Pyrenees National Park,2026-03-22
Cevennes National Park,France,Occitanie,Florac,Cevennes National Park,2026-03-22
Camargue Regional Nature Park,France,Provence-Alpes-Cote dAzur,Arles,Camargue Regional Nature Park,2026-03-22
Verdon Gorge,France,Provence-Alpes-Cote dAzur,Moustiers-Sainte-Marie,Verdon Gorge,2026-03-22
Cayenne,French Guiana,,Cayenne,Cayenne,2026-03-22
Papeetē,French Polynesia,,Papeetē,PAPEETE,2026-03-22
Arue,French Polynesia,,Arue,Arue,2026-03-22
Faaa,French Polynesia,,Faaa,Faaa,2026-03-22
Mahina,French Polynesia,,Mahina,Mahina,2026-03-22
Paeau,French Polynesia,,Paeau,Paeau,2026-03-22
Pīraʻe,French Polynesia,,Pīraʻe,Pirae,2026-03-22
Punaʻauia,French Polynesia,,Punaʻauia,Punaauia,2026-03-22
Port-aux-Français,French Southern and Antarctic Lands,,Port-aux-Français,Port-aux-Français,2026-03-22
LIBREVILLE,Gabon,,LIBREVILLE,LIBREVILLE,2026-03-22
Gamba,Gabon,,Gamba,Gamba,2026-03-22
Mamagnia,Gabon,,Mamagnia,Mamagnia,2026-03-22
Moanda,Gabon,,Moanda,Moanda,2026-03-22
Port-Gentil,Gabon,,Port-Gentil,Port-Gentil,2026-03-22
Cocobeach,Gabon,,Cocobeach,Cocobeach,2026-03-22
Ntoum,Gabon,,Ntoum,Ntoum,2026-03-22
Franceville,Gabon,,Franceville,Franceville,2026-03-22
Lékoni,Gabon,,Lékoni,Lékoni,2026-03-22
Mounana,Gabon,,Mounana,Mounana,2026-03-22
Okondja,Gabon,,Okondja,Okondja,2026-03-22
Lambaréné,Gabon,,Lambaréné,Lambaréné,2026-03-22
Ndjolé,Gabon,,Ndjolé,Ndjolé,2026-03-22
Fougamou,Gabon,,Fougamou,Fougamou,2026-03-22
Mbigou,Gabon,,Mbigou,Mbigou,2026-03-22
Mimongo,Gabon,,Mimongo,Mimongo,2026-03-22
Mouila,Gabon,,Mouila,Mouila,2026-03-22
Lastourville Airport,Gabon,,Lastourville Airport,Ndendé,2026-03-22
Mayumba National Park,Gabon,,Mayumba National Park,Mayumba,2026-03-22
Banjul,Gambia,,Banjul,BANJU,2026-03-22
Central River,Gambia,,Central River,Central River,2026-03-22
Lower River,Gambia,,Lower River,Lower River,2026-03-22
North Bank,Gambia,,North Bank,North Bank,2026-03-22
Upper River,Gambia,,Upper River,Upper River,2026-03-22
Western,Gambia,,Western,Western,2026-03-22
TBILISI,Georgia,,TBILISI,TBILISI,2026-03-22
Kutaisi,Georgia,,Kutaisi,Kutaisi,2026-03-22
Batumi,Georgia,,Batumi,Batumi,2026-03-22
Rustavi,Georgia,,Rustavi,Rustavi,2026-03-22
Gogolesubani,Georgia,,Gogolesubani,Gogolesubani,2026-03-22
Lentekhi,Georgia,,Lentekhi,Lentekhi,2026-03-22
Qazbegi,Georgia,,Qazbegi,Qazbegi,2026-03-22
Samtredia,Georgia,,Samtredia,Samtredia,2026-03-22
Sukhumi,Georgia,,Sukhumi,Sukhumi,2026-03-22
Zemo-Avchala,Georgia,,Zemo-Avchala,Zemo-Avchala,2026-03-22
Zugdidi,Georgia,,Zugdidi,Zugdidi,2026-03-22
Akhaldaba,Georgia,,Akhaldaba,Akhaldaba,2026-03-22
Chakvi,Georgia,,Chakvi,Chakvi,2026-03-22
Dioknisi,Georgia,,Dioknisi,Dioknisi,2026-03-22
Khelvachauri,Georgia,,Khelvachauri,Khelvachauri,2026-03-22
Khulo,Georgia,,Khulo,Khulo,2026-03-22
Kobuleti,Georgia,,Kobuleti,Kobuleti,2026-03-22
Munich,Germany,Bavaria,Munich,Munich,2026-03-22
Hamburg,Germany,Hamburg,Hamburg,Hamburg,2026-03-22
Cologne,Germany,North Rhine-Westphalia,Cologne,Cologne,2026-03-22
Frankfurt,Germany,Hesse,Frankfurt,Frankfurt,2026-03-22
Black Forest,Germany,Baden-Wurttemberg,Freiburg,Black Forest,2026-03-22
Neuschwanstein Castle,Germany,Bavaria,Fussen,Neuschwanstein Castle,2026-03-22
Dresden,Germany,Saxony,Dresden,Dresden,2026-03-22
Heidelberg,Germany,Baden-Wurttemberg,Heidelberg,Heidelberg,2026-03-22
Nuremberg,Germany,Bavaria,Nuremberg,Nuremberg,2026-03-22
München,Germany,,München,München,2026-03-22
Köln,Germany,,Köln,Köln,2026-03-22
Frankfurt am Main,Germany,,Frankfurt am Main,Frankfurt am Main,2026-03-22
Stuttgart,Germany,,Stuttgart,Stuttgart,2026-03-22
Düsseldorf,Germany,,Düsseldorf,Düsseldorf,2026-03-22
Dortmund,Germany,,Dortmund,Dortmund,2026-03-22
Essen,Germany,,Essen,Essen,2026-03-22
Bremen,Germany,,Bremen,Bremen,2026-03-22
Leipzig,Germany,,Leipzig,Leipzig,2026-03-22
Hannover,Germany,,Hannover,Hannover,2026-03-22
Nürnberg,Germany,,Nürnberg,Nürnberg,2026-03-22
Duisburg,Germany,,Duisburg,Duisburg,2026-03-22
Bochum,Germany,,Bochum,Bochum,2026-03-22
Wuppertal,Germany,,Wuppertal,Wuppertal,2026-03-22
Bielefeld,Germany,,Bielefeld,Bielefeld,2026-03-22
Bonn,Germany,,Bonn,Bonn,2026-03-22
Münster,Germany,Westf.,Münster,Münster,2026-03-22
Karlsruhe,Germany,,Karlsruhe,Karlsruhe,2026-03-22
Mannheim,Germany,,Mannheim,Mannheim,2026-03-22
Augsburg,Germany,,Augsburg,Augsburg,2026-03-22
Wiesbaden,Germany,,Wiesbaden,Wiesbaden,2026-03-22
Gelsenkirchen,Germany,,Gelsenkirchen,Gelsenkirchen,2026-03-22
Mönchengladbach,Germany,,Mönchengladbach,Mönchengladbach,2026-03-22
Braunschweig,Germany,,Braunschweig,Braunschweig,2026-03-22
Chemnitz,Germany,,Chemnitz,Chemnitz,2026-03-22
Aachen,Germany,,Aachen,Aachen,2026-03-22
Kiel,Germany,,Kiel,Kiel,2026-03-22
Halle,Germany,,Halle,Halle,2026-03-22
Magdeburg,Germany,,Magdeburg,Magdeburg,2026-03-22
Krefeld,Germany,,Krefeld,Krefeld,2026-03-22
Freiburg im Breisgau,Germany,,Freiburg im Breisgau,Freiburg im Breisgau,2026-03-22
Lübeck,Germany,,Lübeck,Lübeck,2026-03-22
Oberhausen,Germany,,Oberhausen,Oberhausen,2026-03-22
Erfurt,Germany,,Erfurt,Erfurt,2026-03-22
Rostock,Germany,,Rostock,Rostock,2026-03-22
Mainz,Germany,,Mainz,Mainz,2026-03-22
Edgardo Angara,Ghana,,Edgardo Angara,ACCRA,2026-03-22
Kumasi,Ghana,,Kumasi,Kumasi,2026-03-22
Tamale,Ghana,,Tamale,Tamale,2026-03-22
Takoradi,Ghana,,Takoradi,Takoradi,2026-03-22
Tema,Ghana,,Tema,Tema,2026-03-22
Sekondi,Ghana,,Sekondi,Sekondi,2026-03-22
Bawku,Ghana,,Bawku,Bawku,2026-03-22
Berekum,Ghana,,Berekum,Berekum,2026-03-22
Bolgatanga,Ghana,,Bolgatanga,Bolgatanga,2026-03-22
Cape Coast,Ghana,,Cape Coast,Cape Coast,2026-03-22
Home,Ghana,,Home,Home,2026-03-22
Koforidua,Ghana,,Koforidua,Koforidua,2026-03-22
Legon,Ghana,,Legon,Legon,2026-03-22
Mampong,Ghana,,Mampong,Mampong,2026-03-22
Navrongo,Ghana,,Navrongo,Navrongo,2026-03-22
Sunyani,Ghana,,Sunyani,Sunyani,2026-03-22
Wa,Ghana,,Wa,Wa,2026-03-22
Winneba,Ghana,,Winneba,Winneba,2026-03-22
Agogo,Ghana,,Agogo,Agogo,2026-03-22
Bekwai,Ghana,,Bekwai,Bekwai,2026-03-22
Ejura,Ghana,,Ejura,Ejura,2026-03-22
Konongo,Ghana,,Konongo,Konongo,2026-03-22
Obuase,Ghana,,Obuase,Obuase,2026-03-22
Tafo,Ghana,,Tafo,Tafo,2026-03-22
Devil's Bowling Green Battery,Gibraltar,,Devil's Bowling Green Battery,Buena Vista,2026-03-22
Rock of Gibraltar,Gibraltar,,Rock of Gibraltar,Catalan,2026-03-22
Gibraltar,Gibraltar,,Gibraltar,Cebelitarık,2026-03-22
Rosia Bay,Gibraltar,,Rosia Bay,Rosia,2026-03-22
Holy Land,Gibraltar,,Holy Land,The Holy Land,2026-03-22
Santorini,Greece,South Aegean,Fira,Santorini,2026-03-22
Mykonos,Greece,South Aegean,Mykonos Town,Mykonos,2026-03-22
Crete,Greece,Crete,Heraklion,Crete,2026-03-22
Rhodes,Greece,South Aegean,Rhodes,Rhodes,2026-03-22
Meteora,Greece,Thessaly,Kalabaka,Meteora,2026-03-22
Corfu,Greece,Ionian Islands,Corfu Town,Corfu,2026-03-22
Thessaloniki,Greece,Central Macedonia,Thessaloniki,Thessaloniki,2026-03-22
Athens,Greece,,Athens,ATHINAI,2026-03-22
Patrai,Greece,,Patrai,Patrai,2026-03-22
Pireas,Greece,,Pireas,Pireas,2026-03-22
Larissa,Greece,,Larissa,Larissa,2026-03-22
Iraclion,Greece,,Iraclion,Iraclion,2026-03-22
Pésterion,Greece,,Pésterion,Pésterion,2026-03-22
Calithèa,Greece,,Calithèa,Calithèa,2026-03-22
Aegina,Greece,,Aegina,Aegina,2026-03-22
Agioi Anargyroi,Greece,,Agioi Anargyroi,Agioi Anargyroi,2026-03-22
Agios Nikolaos,Greece,,Agios Nikolaos,Agios Nikolaos,2026-03-22
Agrinio,Greece,,Agrinio,Agrinio,2026-03-22
Aigaleo,Greece,,Aigaleo,Aigaleo,2026-03-22
Aigio,Greece,,Aigio,Aigio,2026-03-22
Alexandreia,Greece,,Alexandreia,Alexandreia,2026-03-22
Alexandroupoli,Greece,,Alexandroupoli,Alexandroupoli,2026-03-22
Aliartos,Greece,,Aliartos,Aliartos,2026-03-22
Alimos,Greece,,Alimos,Alimos,2026-03-22
Amaliada,Greece,,Amaliada,Amaliada,2026-03-22
Anavyssos,Greece,,Anavyssos,Anavyssos,2026-03-22
Andravida,Greece,,Andravida,Andravida,2026-03-22
Ano Liosia,Greece,,Ano Liosia,Ano Liosia,2026-03-22
Archaia Nemea,Greece,,Archaia Nemea,Archaia Nemea,2026-03-22
Aasiaat,Greenland,,Aasiaat,Aasiaat,2026-03-22
Ilulissat,Greenland,,Ilulissat,Ilulissat,2026-03-22
Kapisillit,Greenland,,Kapisillit,Kapisillit,2026-03-22
Maniitsoq,Greenland,,Maniitsoq,Maniitsoq,2026-03-22
Narsaq,Greenland,,Narsaq,Narsaq,2026-03-22
Narsarsuaq,Greenland,,Narsarsuaq,Narsarsuaq,2026-03-22
Nuussuaq,Greenland,,Nuussuaq,Nuussuaq,2026-03-22
Paamiut,Greenland,,Paamiut,Paamiut,2026-03-22
Qaqortoq,Greenland,,Qaqortoq,Qaqortoq,2026-03-22
Qasigiannguit,Greenland,,Qasigiannguit,Qasigiannguit,2026-03-22
Qeqertarsuaq,Greenland,,Qeqertarsuaq,Qeqertarsuaq,2026-03-22
Qeqertat,Greenland,,Qeqertat,Qeqertat,2026-03-22
Sisimiut,Greenland,,Sisimiut,Sisimiut,2026-03-22
Tasiilaq,Greenland,,Tasiilaq,Tasiilaq,2026-03-22
Upernavik,Greenland,,Upernavik,Upernavik,2026-03-22
Uummannaq Kommune,Greenland,,Uummannaq Kommune,Uummannaq Kommune,2026-03-22
ST. GEORGE'S,Grenada,,ST. GEORGE'S,ST. GEORGE'S,2026-03-22
Carriacou and Petit Martinique,Grenada,,Carriacou and Petit Martinique,Carriacou and Petit Martinique,2026-03-22
Saint Andrew,Grenada,,Saint Andrew,Saint Andrew,2026-03-22
Saint David,Grenada,,Saint David,Saint David,2026-03-22
Saint George,Grenada,,Saint George,Saint George,2026-03-22
"Saint John Parish, Grenada",Grenada,,"Saint John Parish, Grenada",Saint John,2026-03-22
Mark the Evangelist,Grenada,,Mark the Evangelist,Saint Mark,2026-03-22
"Saint Patrick Parish, Grenada",Grenada,,"Saint Patrick Parish, Grenada",Saint Patrick,2026-03-22
"Hillsborough, Carriacou",Grenada,,"Hillsborough, Carriacou",Hillsborough,2026-03-22
"Grenville, Grenada",Grenada,,"Grenville, Grenada",Grenville,2026-03-22
St Davids,Grenada,,St Davids,Saint David’s,2026-03-22
"St. George's, Grenada",Grenada,,"St. George's, Grenada",Saint George's,2026-03-22
"Saint Mark Parish, Grenada",Grenada,,"Saint Mark Parish, Grenada",Victoria,2026-03-22
BASSE-TERRE,Guadeloupe,,BASSE-TERRE,BASSE-TERRE,2026-03-22
Baillif Airport,Guadeloupe,,Baillif Airport,Baillif,2026-03-22
Capesterre-Belle-Eau,Guadeloupe,,Capesterre-Belle-Eau,Capesterre-de-Marie-Galante,2026-03-22
Pointe-à-Pitre,Guadeloupe,,Pointe-à-Pitre,Deshaies,2026-03-22
Guadeloupe,Guadeloupe,,Guadeloupe,Goyave,2026-03-22
"Hôtel de Ville, Le Gosier",Guadeloupe,,"Hôtel de Ville, Le Gosier",Le Gosier,2026-03-22
"Port-Louis, Guadeloupe",Guadeloupe,,"Port-Louis, Guadeloupe",Petit-Canal,2026-03-22
Saint Martin national football team,Guadeloupe,,Saint Martin national football team,Saint-Claude,2026-03-22
Hagåtña,Guam,,Hagåtña,AGANA,2026-03-22
Barrigada Village,Guam,,Barrigada Village,Barrigada Village,2026-03-22
Dededo Village,Guam,,Dededo Village,Dededo Village,2026-03-22
Inarajan Village,Guam,,Inarajan Village,Inarajan Village,2026-03-22
Santa Rita,Guam,,Santa Rita,Santa Rita,2026-03-22
Tamuning-Tumon-Harmon Village,Guam,,Tamuning-Tumon-Harmon Village,Tamuning-Tumon-Harmon Village,2026-03-22
Guatemala City,Guatemala,,Guatemala City,CUIDAD DE GUATEMALA,2026-03-22
Mixco,Guatemala,,Mixco,Mixco,2026-03-22
Villa Nueva,Guatemala,,Villa Nueva,Villa Nueva,2026-03-22
Quetzaltenango,Guatemala,,Quetzaltenango,Quetzaltenango,2026-03-22
Escuintla,Guatemala,,Escuintla,Escuintla,2026-03-22
Antigua Guatemala,Guatemala,,Antigua Guatemala,Antigua Guatemala,2026-03-22
Cambote,Guatemala,,Cambote,Cambote,2026-03-22
Catarina,Guatemala,,Catarina,Catarina,2026-03-22
Central,Guatemala,,Central,Central,2026-03-22
Chimaltenango,Guatemala,,Chimaltenango,Chimaltenango,2026-03-22
Chiquimula,Guatemala,,Chiquimula,Chiquimula,2026-03-22
Ciudad Vieja,Guatemala,,Ciudad Vieja,Ciudad Vieja,2026-03-22
Coban,Guatemala,,Coban,Coban,2026-03-22
El Limon,Guatemala,,El Limon,El Limon,2026-03-22
El Naranjo,Guatemala,,El Naranjo,El Naranjo,2026-03-22
El Salvador,Guatemala,,El Salvador,El Salvador,2026-03-22
Esquipulas,Guatemala,,Esquipulas,Esquipulas,2026-03-22
Flores,Guatemala,,Flores,Flores,2026-03-22
ST. PETER PORT,Guernsey,,ST. PETER PORT,ST. PETER PORT,2026-03-22
Saint Peter Port,Guernsey,,Saint Peter Port,St Martin,2026-03-22
Guernsey,Guernsey,,Guernsey,Castel,2026-03-22
Saint Anne,Guernsey,,Saint Anne,St Anne,2026-03-22
CONAKRY,Guinea,,CONAKRY,CONAKRY,2026-03-22
Minister of Foreign Affairs (Guinea-Bissau),Guinea,,Minister of Foreign Affairs (Guinea-Bissau),BISSAU,2026-03-22
Kindia,Guinea,,Kindia,Kindia,2026-03-22
Nzérékoré,Guinea,,Nzérékoré,Nzérékoré,2026-03-22
Kankan,Guinea,,Kankan,Kankan,2026-03-22
PORT MORESBY,Guinea,,PORT MORESBY,PORT MORESBY,2026-03-22
Labé,Guinea,,Labé,Labé,2026-03-22
MALABO,Guinea,,MALABO,MALABO,2026-03-22
Dabola,Guinea,,Dabola,Dabola,2026-03-22
Kalia,Guinea,,Kalia,Kalia,2026-03-22
Lola,Guinea,,Lola,Lola,2026-03-22
Mamou,Guinea,,Mamou,Mamou,2026-03-22
Port Kamsar,Guinea,,Port Kamsar,Port Kamsar,2026-03-22
Sangaredi,Guinea,,Sangaredi,Sangaredi,2026-03-22
Boffa,Guinea,,Boffa,Boffa,2026-03-22
Boké,Guinea,,Boké,Boké,2026-03-22
Boke Prefecture,Guinea,,Boke Prefecture,Boke Prefecture,2026-03-22
Boké Region,Guinea,,Boké Region,Gaoual,2026-03-22
"Touba, Boké",Guinea,,"Touba, Boké",Gaoual Prefecture,2026-03-22
BISSAU,Guinea-Bissau,,BISSAU,BISSAU,2026-03-22
Bafata,Guinea-Bissau,,Bafata,Bafata,2026-03-22
Biombo,Guinea-Bissau,,Biombo,Biombo,2026-03-22
Bolama,Guinea-Bissau,,Bolama,Bolama,2026-03-22
Gabu,Guinea-Bissau,,Gabu,Gabu,2026-03-22
Oio,Guinea-Bissau,,Oio,Oio,2026-03-22
Quinara,Guinea-Bissau,,Quinara,Quinara,2026-03-22
Titina Silá,Guinea-Bissau,,Titina Silá,Tombali,2026-03-22
Quinhamel,Guinea-Bissau,,Quinhamel,Quinhámel,2026-03-22
Bijagós Islands,Guinea-Bissau,,Bijagós Islands,Bubaque,2026-03-22
Cacheu,Guinea-Bissau,,Cacheu,Canchungo,2026-03-22
Gabú (town),Guinea-Bissau,,Gabú (town),Gabú,2026-03-22
Farim (disambiguation),Guinea-Bissau,,Farim (disambiguation),Farim,2026-03-22
Oio region,Guinea-Bissau,,Oio region,Mansôa,2026-03-22
GEORGETOWN,Guyana,,GEORGETOWN,GEORGETOWN,2026-03-22
Barima-Waini,Guyana,,Barima-Waini,Barima-Waini,2026-03-22
Cuyuni-Mazaruni,Guyana,,Cuyuni-Mazaruni,Cuyuni-Mazaruni,2026-03-22
Demerara-Mahaica,Guyana,,Demerara-Mahaica,Demerara-Mahaica,2026-03-22
East Berbice-Corentyne,Guyana,,East Berbice-Corentyne,East Berbice-Corentyne,2026-03-22
Essequibo Islands-West Demerara,Guyana,,Essequibo Islands-West Demerara,Essequibo Islands-West Demerara,2026-03-22
Mahaica-Berbice,Guyana,,Mahaica-Berbice,Mahaica-Berbice,2026-03-22
Pomeroon-Supenaam,Guyana,,Pomeroon-Supenaam,Pomeroon-Supenaam,2026-03-22
Potaro-Siparuni,Guyana,,Potaro-Siparuni,Potaro-Siparuni,2026-03-22
Upper Demerara-Berbice,Guyana,,Upper Demerara-Berbice,Upper Demerara-Berbice,2026-03-22
Upper Takutu-Upper Essequibo,Guyana,,Upper Takutu-Upper Essequibo,Upper Takutu-Upper Essequibo,2026-03-22
Mabaruma,Guyana,,Mabaruma,Mabaruma,2026-03-22
Rondell Rawlins,Guyana,,Rondell Rawlins,Bartica,2026-03-22
Mahaica,Guyana,,Mahaica,Mahaica Village,2026-03-22
"New Amsterdam, Guyana",Guyana,,"New Amsterdam, Guyana",New Amsterdam,2026-03-22
Electricity sector in Guyana,Guyana,,Electricity sector in Guyana,Skeldon,2026-03-22
Guyana,Guyana,,Guyana,Parika,2026-03-22
"Lethem, Guyana",Guyana,,"Lethem, Guyana",Rosignol,2026-03-22
Carrefour,Haiti,,Carrefour,Carrefour,2026-03-22
Delmar,Haiti,,Delmar,Delmar,2026-03-22
Duverger,Haiti,,Duverger,Duverger,2026-03-22
Jacmel,Haiti,,Jacmel,Jacmel,2026-03-22
Masseau,Haiti,,Masseau,Masseau,2026-03-22
Moise,Haiti,,Moise,Moise,2026-03-22
Petionville,Haiti,,Petionville,Petionville,2026-03-22
Port-au-Prince,Haiti,,Port-au-Prince,Port-au-Prince,2026-03-22
Prince,Haiti,,Prince,Prince,2026-03-22
Turgeau,Haiti,,Turgeau,Turgeau,2026-03-22
Anse Rouge,Haiti,,Anse Rouge,Anse Rouge,2026-03-22
Arrondissement de Saint-Marc,Haiti,,Arrondissement de Saint-Marc,Arrondissement de Saint-Marc,2026-03-22
Désarmes,Haiti,,Désarmes,Désarmes,2026-03-22
Dessalines,Haiti,,Dessalines,Dessalines,2026-03-22
Ennery,Haiti,,Ennery,Ennery,2026-03-22
Jérémie,Haiti,,Jérémie,Grande Saline,2026-03-22
Cap-Haïtien,Haiti,,Cap-Haïtien,Gros Morne,2026-03-22
Haiti,Haiti,,Haiti,Marmelade,2026-03-22
Jean-Jacques Dessalines,Haiti,,Jean-Jacques Dessalines,Saint-Marc,2026-03-22
Heard Island and McDonald Islands,Heard Island and McDonald Islands,,Heard Island and McDonald Islands,Heard Island and McDonald Islands,2026-03-22
Tegucigalpa Honduras Temple,Honduras,,Tegucigalpa Honduras Temple,TEGUCIGALPA,2026-03-22
San Pedro Sula,Honduras,,San Pedro Sula,San Pedro Sula,2026-03-22
La Ceiba,Honduras,,La Ceiba,La Ceiba,2026-03-22
Choloma,Honduras,,Choloma,Choloma,2026-03-22
Comayagua,Honduras,,Comayagua,Comayagua,2026-03-22
Comayaguela,Honduras,,Comayaguela,Comayaguela,2026-03-22
Coxen Hole,Honduras,,Coxen Hole,Coxen Hole,2026-03-22
El Barro,Honduras,,El Barro,El Barro,2026-03-22
El Paraiso,Honduras,,El Paraiso,El Paraiso,2026-03-22
El Progreso,Honduras,,El Progreso,El Progreso,2026-03-22
La Hacienda,Honduras,,La Hacienda,La Hacienda,2026-03-22
Morazan,Honduras,,Morazan,Morazan,2026-03-22
Nacaome,Honduras,,Nacaome,Nacaome,2026-03-22
Pinalejo,Honduras,,Pinalejo,Pinalejo,2026-03-22
Piraera,Honduras,,Piraera,Piraera,2026-03-22
Puerto Lempira,Honduras,,Puerto Lempira,Puerto Lempira,2026-03-22
Honduras,Honduras,,Honduras,San Antonio de Flores,2026-03-22
City of Victoria,Hong Kong,,City of Victoria,HONG KONG SAR,2026-03-22
Aberdeen,Hong Kong,,Aberdeen,Aberdeen,2026-03-22
Causeway Bay,Hong Kong,,Causeway Bay,Causeway Bay,2026-03-22
Central District,Hong Kong,,Central District,Central District,2026-03-22
Cha Kwo Ling,Hong Kong,,Cha Kwo Ling,Cha Kwo Ling,2026-03-22
Chai Wan Kok,Hong Kong,,Chai Wan Kok,Chai Wan Kok,2026-03-22
Chek Chue,Hong Kong,,Chek Chue,Chek Chue,2026-03-22
Cheung Kong,Hong Kong,,Cheung Kong,Cheung Kong,2026-03-22
Cheung Sha Wan,Hong Kong,,Cheung Sha Wan,Cheung Sha Wan,2026-03-22
Chuen Lung,Hong Kong,,Chuen Lung,Chuen Lung,2026-03-22
Chung Hau,Hong Kong,,Chung Hau,Chung Hau,2026-03-22
Fa Yuen,Hong Kong,,Fa Yuen,Fa Yuen,2026-03-22
Fanling,Hong Kong,,Fanling,Fanling,2026-03-22
Fo Tan,Hong Kong,,Fo Tan,Fo Tan,2026-03-22
Happy Valley,Hong Kong,,Happy Valley,Happy Valley,2026-03-22
Ho Man Tin,Hong Kong,,Ho Man Tin,Ho Man Tin,2026-03-22
Hong Kong,Hong Kong,,Hong Kong,Hong Kong,2026-03-22
Hung Hom,Hong Kong,,Hung Hom,Hung Hom,2026-03-22
Kat O Sheung Wai,Hong Kong,,Kat O Sheung Wai,Kat O Sheung Wai,2026-03-22
Debrecen,Hungary,,Debrecen,Debrecen,2026-03-22
Miskolc,Hungary,,Miskolc,Miskolc,2026-03-22
Szeged,Hungary,,Szeged,Szeged,2026-03-22
Pécs,Hungary,,Pécs,Pécs,2026-03-22
Györ,Hungary,,Györ,Györ,2026-03-22
Nyiregyhaza,Hungary,,Nyiregyhaza,Nyiregyhaza,2026-03-22
Kecskemét,Hungary,,Kecskemét,Kecskemét,2026-03-22
Székesfehérvar,Hungary,,Székesfehérvar,Székesfehérvar,2026-03-22
Abaujszanto,Hungary,,Abaujszanto,Abaujszanto,2026-03-22
Abda,Hungary,,Abda,Abda,2026-03-22
Abony,Hungary,,Abony,Abony,2026-03-22
Acs,Hungary,,Acs,Acs,2026-03-22
Acsa,Hungary,,Acsa,Acsa,2026-03-22
Adacs,Hungary,,Adacs,Adacs,2026-03-22
Adony,Hungary,,Adony,Adony,2026-03-22
Agard,Hungary,,Agard,Agard,2026-03-22
Ajak,Hungary,,Ajak,Ajak,2026-03-22
Ajka,Hungary,,Ajka,Ajka,2026-03-22
Alap,Hungary,,Alap,Alap,2026-03-22
Albertirsa,Hungary,,Albertirsa,Albertirsa,2026-03-22
Almasfuzito,Hungary,,Almasfuzito,Almasfuzito,2026-03-22
Almaskamaras,Hungary,,Almaskamaras,Almaskamaras,2026-03-22
Almosd,Hungary,,Almosd,Almosd,2026-03-22
Alsogalla,Hungary,,Alsogalla,Alsogalla,2026-03-22
Alsonemedi,Hungary,,Alsonemedi,Alsonemedi,2026-03-22
Alsopahok,Hungary,,Alsopahok,Alsopahok,2026-03-22
Alsoszentivan,Hungary,,Alsoszentivan,Alsoszentivan,2026-03-22
Alsotold,Hungary,,Alsotold,Alsotold,2026-03-22
Alsozsolca,Hungary,,Alsozsolca,Alsozsolca,2026-03-22
Aparhant,Hungary,,Aparhant,Aparhant,2026-03-22
Apatfalva,Hungary,,Apatfalva,Apatfalva,2026-03-22
Apc,Hungary,,Apc,Apc,2026-03-22
Apostag,Hungary,,Apostag,Apostag,2026-03-22
Arnot,Hungary,,Arnot,Arnot,2026-03-22
Asotthalom,Hungary,,Asotthalom,Asotthalom,2026-03-22
Aszalo,Hungary,,Aszalo,Aszalo,2026-03-22
Aszar,Hungary,,Aszar,Aszar,2026-03-22
Aszod,Hungary,,Aszod,Aszod,2026-03-22
Atkar,Hungary,,Atkar,Atkar,2026-03-22
Attala,Hungary,,Attala,Attala,2026-03-22
Babolna,Hungary,,Babolna,Babolna,2026-03-22
Bacsalmas,Hungary,,Bacsalmas,Bacsalmas,2026-03-22
Badacsonytomaj,Hungary,,Badacsonytomaj,Badacsonytomaj,2026-03-22
Badacsonytordemic,Hungary,,Badacsonytordemic,Badacsonytordemic,2026-03-22
Bag,Hungary,,Bag,Bag,2026-03-22
Bagyogszovat,Hungary,,Bagyogszovat,Bagyogszovat,2026-03-22
Baja,Hungary,,Baja,Baja,2026-03-22
Bajna,Hungary,,Bajna,Bajna,2026-03-22
Bakonybel,Hungary,,Bakonybel,Bakonybel,2026-03-22
Bakonycsernye,Hungary,,Bakonycsernye,Bakonycsernye,2026-03-22
Bakonyszentlaszlo,Hungary,,Bakonyszentlaszlo,Bakonyszentlaszlo,2026-03-22
REYKJAVIK,Iceland,,REYKJAVIK,REYKJAVIK,2026-03-22
Akranes,Iceland,,Akranes,Akranes,2026-03-22
Akureyri,Iceland,,Akureyri,Akureyri,2026-03-22
Borgarnes,Iceland,,Borgarnes,Borgarnes,2026-03-22
Dalvik,Iceland,,Dalvik,Dalvik,2026-03-22
Grindavik,Iceland,,Grindavik,Grindavik,2026-03-22
Hella,Iceland,,Hella,Hella,2026-03-22
Holmavik,Iceland,,Holmavik,Holmavik,2026-03-22
Husavik,Iceland,,Husavik,Husavik,2026-03-22
Hvammstangi,Iceland,,Hvammstangi,Hvammstangi,2026-03-22
Hveragerdi,Iceland,,Hveragerdi,Hveragerdi,2026-03-22
Hvolsvollur,Iceland,,Hvolsvollur,Hvolsvollur,2026-03-22
Kópavogur,Iceland,,Kópavogur,Kopavogur,2026-03-22
Selfoss (town),Iceland,,Selfoss (town),Selfoss,2026-03-22
Skagaströnd,Iceland,,Skagaströnd,Skagastrond,2026-03-22
"Icelandic heritage in Spanish Fork, Utah",Iceland,,"Icelandic heritage in Spanish Fork, Utah",Vestmannaeyjar,2026-03-22
Icelandic Police,Iceland,,Icelandic Police,Vogar,2026-03-22
Reykjavík,Iceland,,Reykjavík,Álftanes,2026-03-22
Delhi,India,Delhi,New Delhi,Delhi,2026-03-22
Agra,India,Uttar Pradesh,Agra,Agra,2026-03-22
Jaipur,India,Rajasthan,Jaipur,Jaipur,2026-03-22
Mumbai,India,Maharashtra,Mumbai,Mumbai,2026-03-22
Goa,India,Goa,Panaji,Goa,2026-03-22
Varanasi,India,Uttar Pradesh,Varanasi,Varanasi,2026-03-22
Kerala Backwaters,India,Kerala,Alappuzha,Kerala Backwaters,2026-03-22
Udaipur,India,Rajasthan,Udaipur,Udaipur,2026-03-22
Rishikesh,India,Uttarakhand,Rishikesh,Rishikesh,2026-03-22
Delhi,India,,Delhi,Delhi,2026-03-22
Kolkata,India,Calcutta,Kolkata,Kolkata,2026-03-22
Chennai,India,Madras,Chennai,Chennai,2026-03-22
Bangalore,India,,Bangalore,Bangalore,2026-03-22
Hyderabad,India,,Hyderabad,Hyderabad,2026-03-22
Ahmedabad,India,,Ahmedabad,Ahmedabad,2026-03-22
Kanpur,India,,Kanpur,Kanpur,2026-03-22
Pune,India,,Pune,Pune,2026-03-22
Surat,India,,Surat,Surat,2026-03-22
Lucknow,India,,Lucknow,Lucknow,2026-03-22
Nagpur,India,,Nagpur,Nagpur,2026-03-22
Indore,India,,Indore,Indore,2026-03-22
Bhopal,India,,Bhopal,Bhopal,2026-03-22
Ludhiana,India,,Ludhiana,Ludhiana,2026-03-22
Patna,India,,Patna,Patna,2026-03-22
Vadodara,India,,Vadodara,Vadodara,2026-03-22
Thane,India,,Thane,Thane,2026-03-22
Kalyan,India,,Kalyan,Kalyan,2026-03-22
Nashik,India,,Nashik,Nashik,2026-03-22
Meerut,India,,Meerut,Meerut,2026-03-22
Faridabad,India,,Faridabad,Faridabad,2026-03-22
Pimpri Chinchwad,India,,Pimpri Chinchwad,Pimpri Chinchwad,2026-03-22
Haora,India,Howrah,Haora,Haora,2026-03-22
Visakhapatnam,India,,Visakhapatnam,Visakhapatnam,2026-03-22
Allahabad,India,,Allahabad,Allahabad,2026-03-22
Ghaziabad,India,,Ghaziabad,Ghaziabad,2026-03-22
Rajkot,India,,Rajkot,Rajkot,2026-03-22
Amritsar,India,,Amritsar,Amritsar,2026-03-22
Jabalpur,India,,Jabalpur,Jabalpur,2026-03-22
Coimbatore,India,,Coimbatore,Coimbatore,2026-03-22
Madurai,India,,Madurai,Madurai,2026-03-22
Durg-Bhilai Nagar,India,,Durg-Bhilai Nagar,Durg-Bhilai Nagar,2026-03-22
Srinagar,India,,Srinagar,Srinagar,2026-03-22
Aurangabad,India,,Aurangabad,Aurangabad,2026-03-22
Solapur,India,,Solapur,Solapur,2026-03-22
Vijayawada,India,,Vijayawada,Vijayawada,2026-03-22
Jodhpur,India,,Jodhpur,Jodhpur,2026-03-22
Ranchi,India,,Ranchi,Ranchi,2026-03-22
Gwalior,India,,Gwalior,Gwalior,2026-03-22
Guwahati,India,,Guwahati,Guwahati,2026-03-22
Chandigarh,India,,Chandigarh,Chandigarh,2026-03-22
Hubli-Dharwad,India,,Hubli-Dharwad,Hubli-Dharwad,2026-03-22
Mysore,India,,Mysore,Mysore,2026-03-22
Tiruchchirappalli,India,,Tiruchchirappalli,Tiruchchirappalli,2026-03-22
Thiruvananthapuram,India,,Thiruvananthapuram,Thiruvananthapuram,2026-03-22
Bareilly,India,,Bareilly,Bareilly,2026-03-22
Jalandhar,India,,Jalandhar,Jalandhar,2026-03-22
Navi Mumbai,India,New Bombay,Navi Mumbai,Navi Mumbai,2026-03-22
Salem,India,,Salem,Salem,2026-03-22
Kota,India,,Kota,Kota,2026-03-22
Aligarh,India,,Aligarh,Aligarh,2026-03-22
Bhubaneswar,India,,Bhubaneswar,Bhubaneswar,2026-03-22
Moradabad,India,,Moradabad,Moradabad,2026-03-22
Gorakhpur,India,,Gorakhpur,Gorakhpur,2026-03-22
Raipur,India,,Raipur,Raipur,2026-03-22
Bhiwandi,India,,Bhiwandi,Bhiwandi,2026-03-22
Kochi,India,,Kochi,Kochi,2026-03-22
Jamshedpur,India,,Jamshedpur,Jamshedpur,2026-03-22
Bhilai Nagar,India,,Bhilai Nagar,Bhilai Nagar,2026-03-22
Amravati,India,,Amravati,Amravati,2026-03-22
Cuttack,India,,Cuttack,Cuttack,2026-03-22
Warangal,India,,Warangal,Warangal,2026-03-22
Bikaner,India,,Bikaner,Bikaner,2026-03-22
Mira-Bhayandar,India,,Mira-Bhayandar,Mira-Bhayandar,2026-03-22
Guntur,India,,Guntur,Guntur,2026-03-22
Bhavnagar,India,,Bhavnagar,Bhavnagar,2026-03-22
Kannur,India,,Kannur,Kannur,2026-03-22
Durgapur,India,,Durgapur,Durgapur,2026-03-22
Kolhapur,India,,Kolhapur,Kolhapur,2026-03-22
Ajmer,India,,Ajmer,Ajmer,2026-03-22
Asansol,India,,Asansol,Asansol,2026-03-22
Ulhasnagar,India,,Ulhasnagar,Ulhasnagar,2026-03-22
Siliguri,India,,Siliguri,Siliguri,2026-03-22
Saharanpur,India,,Saharanpur,Saharanpur,2026-03-22
Jamnagar,India,,Jamnagar,Jamnagar,2026-03-22
Bhatpara,India,,Bhatpara,Bhatpara,2026-03-22
Sangli-Miraj-Kupwad,India,,Sangli-Miraj-Kupwad,Sangli-Miraj-Kupwad,2026-03-22
Kozhikode,India,,Kozhikode,Kozhikode,2026-03-22
Nanded,India,,Nanded,Nanded,2026-03-22
Ujjain,India,,Ujjain,Ujjain,2026-03-22
Dehradun,India,,Dehradun,Dehradun,2026-03-22
Gulbarga,India,,Gulbarga,Gulbarga,2026-03-22
Tirunelveli,India,,Tirunelveli,Tirunelveli,2026-03-22
Malegaon,India,,Malegaon,Malegaon,2026-03-22
Akola,India,,Akola,Akola,2026-03-22
Belgaum,India,,Belgaum,Belgaum,2026-03-22
Mangalore,India,,Mangalore,Mangalore,2026-03-22
Bokaro Steel City,India,,Bokaro Steel City,Bokaro Steel City,2026-03-22
South Dum Dum,India,,South Dum Dum,South Dum Dum,2026-03-22
Gaya,India,,Gaya,Gaya,2026-03-22
Maheshtala,India,,Maheshtala,Maheshtala,2026-03-22
Jhansi,India,,Jhansi,Jhansi,2026-03-22
Nellore,India,,Nellore,Nellore,2026-03-22
Jammu,India,,Jammu,Jammu,2026-03-22
Jalgaon,India,,Jalgaon,Jalgaon,2026-03-22
Davangere,India,,Davangere,Davangere,2026-03-22
Kollam,India,,Kollam,Kollam,2026-03-22
Panihati,India,,Panihati,Panihati,2026-03-22
Ranthambore National Park,India,Rajasthan,Sawai Madhopur,Ranthambore National Park,2026-03-22
Jim Corbett National Park,India,Uttarakhand,Ramnagar,Jim Corbett National Park,2026-03-22
Kaziranga National Park,India,Assam,Bokakhat,Kaziranga National Park,2026-03-22
Sundarbans National Park,India,West Bengal,Canning,Sundarbans National Park,2026-03-22
Valley of Flowers National Park,India,Uttarakhand,Joshimath,Valley of Flowers National Park,2026-03-22
Periyar National Park,India,Kerala,Thekkady,Periyar National Park,2026-03-22
Bandhavgarh National Park,India,Madhya Pradesh,Umaria,Bandhavgarh National Park,2026-03-22
Great Rann of Kutch,India,Gujarat,Bhuj,Great Rann of Kutch,2026-03-22
Surabaya,Indonesia,,Surabaya,Surabaya,2026-03-22
Bandung,Indonesia,,Bandung,Bandung,2026-03-22
Medan,Indonesia,,Medan,Medan,2026-03-22
Tangerang,Indonesia,,Tangerang,Tangerang,2026-03-22
Semarang,Indonesia,,Semarang,Semarang,2026-03-22
Palembang,Indonesia,,Palembang,Palembang,2026-03-22
Makasar,Indonesia,Ujung Pandang,Makasar,Makasar,2026-03-22
Bogor,Indonesia,,Bogor,Bogor,2026-03-22
Batam,Indonesia,,Batam,Batam,2026-03-22
Pakanbaru,Indonesia,,Pakanbaru,Pakanbaru,2026-03-22
Bandar Lampung,Indonesia,,Bandar Lampung,Bandar Lampung,2026-03-22
Padang,Indonesia,,Padang,Padang,2026-03-22
Malang,Indonesia,,Malang,Malang,2026-03-22
Denpasar,Indonesia,,Denpasar,Denpasar,2026-03-22
Samarinda,Indonesia,,Samarinda,Samarinda,2026-03-22
Bandjarmasin,Indonesia,,Bandjarmasin,Bandjarmasin,2026-03-22
Balikpapan,Indonesia,,Balikpapan,Balikpapan,2026-03-22
Jambi,Indonesia,,Jambi,Jambi,2026-03-22
Surakarta,Indonesia,,Surakarta,Surakarta,2026-03-22
Manado,Indonesia,,Manado,Manado,2026-03-22
Mataram,Indonesia,,Mataram,Mataram,2026-03-22
Yogyakarta,Indonesia,,Yogyakarta,Yogyakarta,2026-03-22
Ambon,Indonesia,,Ambon,Ambon,2026-03-22
Bengkulu,Indonesia,,Bengkulu,Bengkulu,2026-03-22
Sukabumi,Indonesia,,Sukabumi,Sukabumi,2026-03-22
Cirebon,Indonesia,Tjirebon,Cirebon,Cirebon,2026-03-22
Pakalongan,Indonesia,,Pakalongan,Pakalongan,2026-03-22
Kediri,Indonesia,,Kediri,Kediri,2026-03-22
Jayapura,Indonesia,,Jayapura,Jayapura,2026-03-22
Binjai,Indonesia,,Binjai,Binjai,2026-03-22
Tegal,Indonesia,,Tegal,Tegal,2026-03-22
Pematang Siantar,Indonesia,,Pematang Siantar,Pematang Siantar,2026-03-22
Pontianak,Indonesia,,Pontianak,Pontianak,2026-03-22
Banda Aceh,Indonesia,,Banda Aceh,Banda Aceh,2026-03-22
Palangkaraya,Indonesia,,Palangkaraya,Palangkaraya,2026-03-22
Probolinggo,Indonesia,,Probolinggo,Probolinggo,2026-03-22
Bitung,Indonesia,,Bitung,Bitung,2026-03-22
Pasuruan,Indonesia,,Pasuruan,Pasuruan,2026-03-22
Gorontalo,Indonesia,,Gorontalo,Gorontalo,2026-03-22
Pangkal Pinang,Indonesia,,Pangkal Pinang,Pangkal Pinang,2026-03-22
Madiun,Indonesia,,Madiun,Madiun,2026-03-22
Salatiga,Indonesia,,Salatiga,Salatiga,2026-03-22
Tanjung Balai,Indonesia,,Tanjung Balai,Tanjung Balai,2026-03-22
Tebing Tinggi,Indonesia,,Tebing Tinggi,Tebing Tinggi,2026-03-22
Blitar,Indonesia,,Blitar,Blitar,2026-03-22
Pare Pare,Indonesia,,Pare Pare,Pare Pare,2026-03-22
Mojokerto,Indonesia,,Mojokerto,Mojokerto,2026-03-22
Magelang,Indonesia,,Magelang,Magelang,2026-03-22
Abadi,Indonesia,,Abadi,Abadi,2026-03-22
Adiantorop,Indonesia,,Adiantorop,Adiantorop,2026-03-22
Airmadidi,Indonesia,,Airmadidi,Airmadidi,2026-03-22
Ambarawa,Indonesia,,Ambarawa,Ambarawa,2026-03-22
Ambon City,Indonesia,,Ambon City,Ambon City,2026-03-22
Amlapura,Indonesia,,Amlapura,Amlapura,2026-03-22
Anggrek,Indonesia,,Anggrek,Anggrek,2026-03-22
Angkasa,Indonesia,,Angkasa,Angkasa,2026-03-22
Area,Indonesia,,Area,Area,2026-03-22
Badung,Indonesia,,Badung,Badung,2026-03-22
Bali,Indonesia,,Bali,Bali,2026-03-22
Balige,Indonesia,,Balige,Balige,2026-03-22
Mashhad,Iran,,Mashhad,Mashhad,2026-03-22
Esfahan,Iran,,Esfahan,Esfahan,2026-03-22
Karaj,Iran,,Karaj,Karaj,2026-03-22
Tabriz,Iran,,Tabriz,Tabriz,2026-03-22
Shiraz,Iran,,Shiraz,Shiraz,2026-03-22
Ahwaz,Iran,,Ahwaz,Ahwaz,2026-03-22
Qom,Iran,,Qom,Qom,2026-03-22
Kermanshah,Iran,,Kermanshah,Kermanshah,2026-03-22
Orumiyeh,Iran,,Orumiyeh,Orumiyeh,2026-03-22
Rasht,Iran,,Rasht,Rasht,2026-03-22
Zahedan,Iran,,Zahedan,Zahedan,2026-03-22
Kerman,Iran,,Kerman,Kerman,2026-03-22
Hamadan,Iran,,Hamadan,Hamadan,2026-03-22
Yazd,Iran,,Yazd,Yazd,2026-03-22
Arak,Iran,,Arak,Arak,2026-03-22
Ardabil,Iran,,Ardabil,Ardabil,2026-03-22
Bandar-e-Abbas,Iran,,Bandar-e-Abbas,Bandar-e-Abbas,2026-03-22
Islam Shahr,Iran,Qasemabad,Islam Shahr,Islam Shahr,2026-03-22
Zanjan,Iran,,Zanjan,Zanjan,2026-03-22
Qazvin,Iran,,Qazvin,Qazvin,2026-03-22
Sanandaj,Iran,,Sanandaj,Sanandaj,2026-03-22
Khoramabad,Iran,,Khoramabad,Khoramabad,2026-03-22
Gorgan,Iran,,Gorgan,Gorgan,2026-03-22
Sari,Iran,,Sari,Sari,2026-03-22
Malard,Iran,,Malard,Malard,2026-03-22
Qods,Iran,,Qods,Qods,2026-03-22
Kashan,Iran,,Kashan,Kashan,2026-03-22
Golestan,Iran,Soltanabad,Golestan,Golestan,2026-03-22
Shahriar,Iran,,Shahriar,Shahriar,2026-03-22
Dezful,Iran,,Dezful,Dezful,2026-03-22
Khomeini shahr,Iran,,Khomeini shahr,Khomeini shahr,2026-03-22
Borujerd,Iran,,Borujerd,Borujerd,2026-03-22
Neyshabur,Iran,,Neyshabur,Neyshabur,2026-03-22
Sabzewar,Iran,,Sabzewar,Sabzewar,2026-03-22
Najafabad,Iran,,Najafabad,Najafabad,2026-03-22
Amol,Iran,,Amol,Amol,2026-03-22
Babol,Iran,,Babol,Babol,2026-03-22
Varamin,Iran,,Varamin,Varamin,2026-03-22
Abadan,Iran,,Abadan,Abadan,2026-03-22
Pakdasht,Iran,,Pakdasht,Pakdasht,2026-03-22
Khoy,Iran,,Khoy,Khoy,2026-03-22
Saveh,Iran,,Saveh,Saveh,2026-03-22
Bojnurd,Iran,,Bojnurd,Bojnurd,2026-03-22
Mosul,Iraq,,Mosul,Mosul,2026-03-22
Kadhimain,Iraq,,Kadhimain,Kadhimain,2026-03-22
Erbil,Iraq,,Erbil,Erbil,2026-03-22
Adhamiyah,Iraq,,Adhamiyah,Adhamiyah,2026-03-22
Kirkuk,Iraq,,Kirkuk,Kirkuk,2026-03-22
Basra,Iraq,,Basra,Basra,2026-03-22
Sulamaniya,Iraq,,Sulamaniya,Sulamaniya,2026-03-22
Najaf,Iraq,,Najaf,Najaf,2026-03-22
Kerbala,Iraq,,Kerbala,Kerbala,2026-03-22
Hilla,Iraq,,Hilla,Hilla,2026-03-22
Nasariya,Iraq,,Nasariya,Nasariya,2026-03-22
Majnoon,Iraq,,Majnoon,Majnoon,2026-03-22
Karradah Sharqiyah,Iraq,,Karradah Sharqiyah,Karradah Sharqiyah,2026-03-22
Amara,Iraq,,Amara,Amara,2026-03-22
Diwaniya,Iraq,,Diwaniya,Diwaniya,2026-03-22
Ramadi,Iraq,,Ramadi,Ramadi,2026-03-22
Kut,Iraq,,Kut,Kut,2026-03-22
Al `Amarah,Iraq,,Al `Amarah,Al `Amarah,2026-03-22
Al Hillah,Iraq,,Al Hillah,Al Hillah,2026-03-22
Bahr,Iraq,,Bahr,Bahr,2026-03-22
Basere,Iraq,,Basere,Basere,2026-03-22
Haji Hasan,Iraq,,Haji Hasan,Haji Hasan,2026-03-22
Hayat,Iraq,,Hayat,Hayat,2026-03-22
Karkh,Iraq,,Karkh,Karkh,2026-03-22
Manawi,Iraq,,Manawi,Manawi,2026-03-22
Sulaymaniyah,Iraq,,Sulaymaniyah,Sulaymaniyah,2026-03-22
Tikrit,Iraq,,Tikrit,Tikrit,2026-03-22
City status in Ireland,Ireland,,City status in Ireland,LONDON,2026-03-22
West Midlands,Ireland,,West Midlands,West Midlands,2026-03-22
Manchester,Ireland,,Manchester,Manchester,2026-03-22
West Yorkshire,Ireland,,West Yorkshire,West Yorkshire,2026-03-22
Tyneside,Ireland,,Tyneside,Tyneside,2026-03-22
Liverpool,Ireland,,Liverpool,Liverpool,2026-03-22
Nottingham,Ireland,,Nottingham,Nottingham,2026-03-22
Sheffield,Ireland,,Sheffield,Sheffield,2026-03-22
Glasgow,Ireland,,Glasgow,Glasgow,2026-03-22
Bristol,Ireland,,Bristol,Bristol,2026-03-22
DUBLIN,Ireland,,DUBLIN,DUBLIN,2026-03-22
Brighton/Worthing/Littlehampton,Ireland,,Brighton/Worthing/Littlehampton,Brighton/Worthing/Littlehampton,2026-03-22
Edinburgh,Ireland,,Edinburgh,Edinburgh,2026-03-22
Portsmouth,Ireland,,Portsmouth,Portsmouth,2026-03-22
Leicester,Ireland,,Leicester,Leicester,2026-03-22
Bournemouth,Ireland,,Bournemouth,Bournemouth,2026-03-22
Reading/Wokingham,Ireland,,Reading/Wokingham,Reading/Wokingham,2026-03-22
Teesside,Ireland,,Teesside,Teesside,2026-03-22
The Potteries,Ireland,,The Potteries,The Potteries,2026-03-22
Fife,Ireland,,Fife,Fife,2026-03-22
Coventry/Bedworth,Ireland,,Coventry/Bedworth,Coventry/Bedworth,2026-03-22
Cardiff,Ireland,,Cardiff,Cardiff,2026-03-22
North Lanarkshire,Ireland,,North Lanarkshire,North Lanarkshire,2026-03-22
Birkenhead,Ireland,,Birkenhead,Birkenhead,2026-03-22
Southampton,Ireland,,Southampton,Southampton,2026-03-22
South Lanarkshire,Ireland,,South Lanarkshire,South Lanarkshire,2026-03-22
Kingston-upon-Hull,Ireland,,Kingston-upon-Hull,Kingston-upon-Hull,2026-03-22
Belfast,Ireland,,Belfast,Belfast,2026-03-22
Swansea,Ireland,,Swansea,Swansea,2026-03-22
Southend,Ireland,,Southend,Southend,2026-03-22
Preston,Ireland,,Preston,Preston,2026-03-22
Blackpool,Ireland,,Blackpool,Blackpool,2026-03-22
Plymouth,Ireland,,Plymouth,Plymouth,2026-03-22
DOUGLAS,Isle of Man,,DOUGLAS,DOUGLAS,2026-03-22
Ballasalla,Isle of Man,,Ballasalla,Ballasalla,2026-03-22
"Castletown, Isle of Man",Isle of Man,,"Castletown, Isle of Man",Castletown,2026-03-22
Isle of Man TT Mountain Course,Isle of Man,,Isle of Man TT Mountain Course,Crosby,2026-03-22
"Dalby, Queensland",Isle of Man,,"Dalby, Queensland",Dalby,2026-03-22
Tel Aviv-Yafo,Israel,,Tel Aviv-Yafo,Tel Aviv-Yafo,2026-03-22
Haifa,Israel,,Haifa,Haifa,2026-03-22
Rishon Leziyyon,Israel,,Rishon Leziyyon,Rishon Leziyyon,2026-03-22
Ashdod,Israel,,Ashdod,Ashdod,2026-03-22
Petah Tiqwa,Israel,,Petah Tiqwa,Petah Tiqwa,2026-03-22
Be'er Sheva,Israel,,Be'er Sheva,Be'er Sheva,2026-03-22
Netanya,Israel,,Netanya,Netanya,2026-03-22
Holon,Israel,,Holon,Holon,2026-03-22
Bene Beraq,Israel,,Bene Beraq,Bene Beraq,2026-03-22
Ramat Gan,Israel,,Ramat Gan,Ramat Gan,2026-03-22
Bat Yam,Israel,,Bat Yam,Bat Yam,2026-03-22
Rehovot,Israel,,Rehovot,Rehovot,2026-03-22
Ashqelon,Israel,,Ashqelon,Ashqelon,2026-03-22
`Alma,Israel,,`Alma,`Alma,2026-03-22
`Amir,Israel,,`Amir,`Amir,2026-03-22
`Arugot,Israel,,`Arugot,`Arugot,2026-03-22
`Aseret,Israel,,`Aseret,`Aseret,2026-03-22
`En Ayyala,Israel,,`En Ayyala,`En Ayyala,2026-03-22
`En HaShelosha,Israel,,`En HaShelosha,`En HaShelosha,2026-03-22
`Evron,Israel,,`Evron,`Evron,2026-03-22
Acre,Israel,,Acre,Acre,2026-03-22
Afiqim,Israel,,Afiqim,Afiqim,2026-03-22
Ahituv,Israel,,Ahituv,Ahituv,2026-03-22
Florence,Italy,Tuscany,Florence,Firenze,2026-03-22
Venice,Italy,Veneto,Venice,Venezia,2026-03-22
Milan,Italy,Lombardy,Milan,Milano,2026-03-22
Naples,Italy,Campania,Naples,Napoli,2026-03-22
Cinque Terre,Italy,Liguria,La Spezia,Cinque Terre,2026-03-22
Amalfi Coast,Italy,Campania,Sorrento,Costiera Amalfitana,2026-03-22
Lake Como,Italy,Lombardy,Como,Lago di Como,2026-03-22
Sicily,Italy,Sicily,Palermo,Sicilia,2026-03-22
Sardinia,Italy,Sardinia,Cagliari,Sardegna,2026-03-22
Bologna,Italy,Emilia-Romagna,Bologna,Bologna,2026-03-22
Turin,Italy,Piedmont,Turin,Torino,2026-03-22
Verona,Italy,Veneto,Verona,Verona,2026-03-22
Pisa,Italy,Tuscany,Pisa,Pisa,2026-03-22
Siena,Italy,Tuscany,Siena,Siena,2026-03-22
Pompeii,Italy,Campania,Pompei,Pompei Archaeological Park,2026-03-22
Dolomites,Italy,Trentino-Alto Adige,Bolzano,Dolomites,2026-03-22
Vatican City,Italy,Lazio,Rome,Citta del Vaticano,2026-03-22
Capri,Italy,Campania,Capri,Capri,2026-03-22
Puglia,Italy,Apulia,Bari,Puglia,2026-03-22
Matera,Italy,Basilicata,Matera,Matera,2026-03-22
Taormina,Italy,Sicily,Taormina,Taormina,2026-03-22
Assisi,Italy,Umbria,Assisi,Assisi,2026-03-22
Genoa,Italy,Liguria,Genoa,Genova,2026-03-22
Ravenna,Italy,Emilia-Romagna,Ravenna,Ravenna,2026-03-22
Representational oligonucleotide microarray analysis,Italy,,Representational oligonucleotide microarray analysis,ROMA,2026-03-22
Milano,Italy,,Milano,Milano,2026-03-22
Napoli,Italy,,Napoli,Napoli,2026-03-22
Torino,Italy,,Torino,Torino,2026-03-22
Palermo,Italy,,Palermo,Palermo,2026-03-22
Genova,Italy,,Genova,Genova,2026-03-22
Firenze,Italy,,Firenze,Firenze,2026-03-22
Bari,Italy,,Bari,Bari,2026-03-22
Catania,Italy,,Catania,Catania,2026-03-22
Venezia,Italy,,Venezia,Venezia,2026-03-22
Messina,Italy,,Messina,Messina,2026-03-22
Padova,Italy,,Padova,Padova,2026-03-22
Trieste,Italy,,Trieste,Trieste,2026-03-22
Taranto,Italy,,Taranto,Taranto,2026-03-22
Brescia,Italy,,Brescia,Brescia,2026-03-22
Prato,Italy,,Prato,Prato,2026-03-22
Reggio di Calabria,Italy,,Reggio di Calabria,Reggio di Calabria,2026-03-22
Modena,Italy,,Modena,Modena,2026-03-22
Parma,Italy,,Parma,Parma,2026-03-22
Reggio nell'Emilia,Italy,,Reggio nell'Emilia,Reggio nell'Emilia,2026-03-22
Perugia,Italy,,Perugia,Perugia,2026-03-22
Livorno,Italy,,Livorno,Livorno,2026-03-22
Cagliari,Italy,,Cagliari,Cagliari,2026-03-22
Foggia,Italy,,Foggia,Foggia,2026-03-22
Rimini,Italy,,Rimini,Rimini,2026-03-22
Salerno,Italy,,Salerno,Salerno,2026-03-22
Ferrara,Italy,,Ferrara,Ferrara,2026-03-22
Sassari,Italy,,Sassari,Sassari,2026-03-22
Monza,Italy,,Monza,Monza,2026-03-22
Latina,Italy,,Latina,Latina,2026-03-22
Siracusa,Italy,,Siracusa,Siracusa,2026-03-22
Pescara,Italy,,Pescara,Pescara,2026-03-22
Forli,Italy,,Forli,Forli,2026-03-22
Bergamo,Italy,,Bergamo,Bergamo,2026-03-22
Trento,Italy,,Trento,Trento,2026-03-22
Vicenza,Italy,,Vicenza,Vicenza,2026-03-22
Giugliano in Campania,Italy,,Giugliano in Campania,Giugliano in Campania,2026-03-22
Terni,Italy,,Terni,Terni,2026-03-22
Gran Paradiso National Park,Italy,Aosta Valley,Cogne,Gran Paradiso National Park,2026-03-22
Abruzzo National Park,Italy,Abruzzo,Pescasseroli,Abruzzo National Park,2026-03-22
Cinque Terre National Park,Italy,Liguria,Monterosso al Mare,Cinque Terre National Park,2026-03-22
Parco Nazionale del Vesuvio,Italy,Campania,Ercolano,Parco Nazionale del Vesuvio,2026-03-22
Stelvio National Park,Italy,Lombardy,Bormio,Stelvio National Park,2026-03-22
Maddalena Archipelago National Park,Italy,Sardinia,La Maddalena,Maddalena Archipelago National Park,2026-03-22
Abidjan,Ivory Coast,,Abidjan,Abidjan,2026-03-22
Abobo,Ivory Coast,,Abobo,Abobo,2026-03-22
Anyama,Ivory Coast,,Anyama,Anyama,2026-03-22
Bingerville,Ivory Coast,,Bingerville,Bingerville,2026-03-22
Gbôklé,Ivory Coast,,Gbôklé,Gbôklé,2026-03-22
Nawa,Ivory Coast,,Nawa,Nawa,2026-03-22
San-Pédro,Ivory Coast,,San-Pédro,San-Pédro,2026-03-22
Sassandra,Ivory Coast,,Sassandra,Sassandra,2026-03-22
Tabou,Ivory Coast,,Tabou,Tabou,2026-03-22
Abengourou,Ivory Coast,,Abengourou,Abengourou,2026-03-22
Aboisso,Ivory Coast,,Aboisso,Aboisso,2026-03-22
Adiaké,Ivory Coast,,Adiaké,Adiaké,2026-03-22
Agnibilékrou,Ivory Coast,,Agnibilékrou,Agnibilékrou,2026-03-22
Ayamé,Ivory Coast,,Ayamé,Ayamé,2026-03-22
Bonoua,Ivory Coast,,Bonoua,Bonoua,2026-03-22
Grand-Bassam,Ivory Coast,,Grand-Bassam,Grand-Bassam,2026-03-22
Indénié-Djuablin,Ivory Coast,,Indénié-Djuablin,Indénié-Djuablin,2026-03-22
Sud-Comoé,Ivory Coast,,Sud-Comoé,Sud-Comoé,2026-03-22
Folon,Ivory Coast,,Folon,Folon,2026-03-22
Kabadougou,Ivory Coast,,Kabadougou,Kabadougou,2026-03-22
Odienné,Ivory Coast,,Odienné,Odienné,2026-03-22
Bangolo,Ivory Coast,,Bangolo,Bangolo,2026-03-22
Biankouma,Ivory Coast,,Biankouma,Biankouma,2026-03-22
Cavally,Ivory Coast,,Cavally,Cavally,2026-03-22
"Kingston, Jamaica",Jamaica,,"Kingston, Jamaica",KINGSTON,2026-03-22
Portmore,Jamaica,,Portmore,Portmore,2026-03-22
Spanish Town,Jamaica,,Spanish Town,Spanish Town,2026-03-22
Montego Bay,Jamaica,,Montego Bay,Montego Bay,2026-03-22
Black River,Jamaica,,Black River,Black River,2026-03-22
Browns Town,Jamaica,,Browns Town,Browns Town,2026-03-22
Gordon Town,Jamaica,,Gordon Town,Gordon Town,2026-03-22
Gregory Park,Jamaica,,Gregory Park,Gregory Park,2026-03-22
Mandeville,Jamaica,,Mandeville,Mandeville,2026-03-22
May Pen,Jamaica,,May Pen,May Pen,2026-03-22
Moneague,Jamaica,,Moneague,Moneague,2026-03-22
Negril,Jamaica,,Negril,Negril,2026-03-22
Ocho Rios,Jamaica,,Ocho Rios,Ocho Rios,2026-03-22
Kyoto,Japan,Kyoto Prefecture,Kyoto,Kyoto,2026-03-22
Osaka,Japan,Osaka Prefecture,Osaka,Osaka,2026-03-22
Mount Fuji,Japan,Yamanashi,Fujiyoshida,Mount Fuji,2026-03-22
Nara,Japan,Nara Prefecture,Nara,Nara,2026-03-22
Hiroshima,Japan,Hiroshima Prefecture,Hiroshima,Hiroshima,2026-03-22
Sapporo,Japan,Hokkaido,Sapporo,Sapporo,2026-03-22
Hakone,Japan,Kanagawa,Hakone,Hakone,2026-03-22
Okinawa,Japan,Okinawa Prefecture,Naha,Okinawa,2026-03-22
Kanazawa,Japan,Ishikawa Prefecture,Kanazawa,Kanazawa,2026-03-22
Kamakura,Japan,Kanagawa,Kamakura,Kamakura,2026-03-22
Takayama,Japan,Gifu Prefecture,Takayama,Takayama,2026-03-22
Yokohama,Japan,,Yokohama,Yokohama,2026-03-22
Nagoya,Japan,,Nagoya,Nagoya,2026-03-22
Kobe,Japan,,Kobe,Kobe,2026-03-22
Fukuoka,Japan,,Fukuoka,Fukuoka,2026-03-22
Kawasaki,Japan,,Kawasaki,Kawasaki,2026-03-22
Saitama,Japan,,Saitama,Saitama,2026-03-22
Sendai,Japan,,Sendai,Sendai,2026-03-22
Kitakyushu,Japan,,Kitakyushu,Kitakyushu,2026-03-22
Chiba,Japan,,Chiba,Chiba,2026-03-22
Sakai,Japan,,Sakai,Sakai,2026-03-22
Niigata,Japan,,Niigata,Niigata,2026-03-22
Hamamatsu,Japan,,Hamamatsu,Hamamatsu,2026-03-22
Kumamoto,Japan,,Kumamoto,Kumamoto,2026-03-22
Sagamihara,Japan,,Sagamihara,Sagamihara,2026-03-22
Shizuoka,Japan,,Shizuoka,Shizuoka,2026-03-22
Okayama,Japan,,Okayama,Okayama,2026-03-22
Funabashi,Japan,,Funabashi,Funabashi,2026-03-22
Kagoshima,Japan,,Kagoshima,Kagoshima,2026-03-22
Hachioji,Japan,,Hachioji,Hachioji,2026-03-22
Himeji,Japan,,Himeji,Himeji,2026-03-22
Matsuyama,Japan,,Matsuyama,Matsuyama,2026-03-22
Utsunomiya,Japan,,Utsunomiya,Utsunomiya,2026-03-22
Higashiosaka,Japan,,Higashiosaka,Higashiosaka,2026-03-22
Kawaguchi,Japan,,Kawaguchi,Kawaguchi,2026-03-22
Saint Helier,Jersey,,Saint Helier,ST. HELIER,2026-03-22
St. Helier (settlement),Jersey,,St. Helier (settlement),St. Helier (settlement),2026-03-22
AMMAN,Jordan,,AMMAN,AMMAN,2026-03-22
Zarqa,Jordan,,Zarqa,Zarqa,2026-03-22
Irbid,Jordan,,Irbid,Irbid,2026-03-22
Russiefa,Jordan,,Russiefa,Russiefa,2026-03-22
Ar Ramtha,Jordan,,Ar Ramtha,Ar Ramtha,2026-03-22
Al 'Aqabah,Jordan,,Al 'Aqabah,Al 'Aqabah,2026-03-22
Ajlun,Jordan,,Ajlun,Ajlun,2026-03-22
Al Balqa',Jordan,,Al Balqa',Al Balqa',2026-03-22
Al Karak,Jordan,,Al Karak,Al Karak,2026-03-22
Al Mafraq,Jordan,,Al Mafraq,Al Mafraq,2026-03-22
At Tafilah,Jordan,,At Tafilah,At Tafilah,2026-03-22
Az Zarqa',Jordan,,Az Zarqa',Az Zarqa',2026-03-22
Farah,Jordan,,Farah,Farah,2026-03-22
Madaba,Jordan,,Madaba,Madaba,2026-03-22
Sahab,Jordan,,Sahab,Sahab,2026-03-22
Salt,Jordan,,Salt,Salt,2026-03-22
Jarash,Jordan,,Jarash,Jarash,2026-03-22
Ma'an,Jordan,,Ma'an,Ma'an,2026-03-22
‘Ajlūn,Jordan,,‘Ajlūn,‘Ajlūn,2026-03-22
Almaty,Kazakhstan,,Almaty,Almaty,2026-03-22
ASTANA,Kazakhstan,,ASTANA,ASTANA,2026-03-22
Shimkent,Kazakhstan,,Shimkent,Shimkent,2026-03-22
Taraz,Kazakhstan,,Taraz,Taraz,2026-03-22
Pavlodar,Kazakhstan,,Pavlodar,Pavlodar,2026-03-22
Ust-Kamenogorsk,Kazakhstan,,Ust-Kamenogorsk,Ust-Kamenogorsk,2026-03-22
Semipalatinsk,Kazakhstan,,Semipalatinsk,Semipalatinsk,2026-03-22
Aktobe,Kazakhstan,,Aktobe,Aktobe,2026-03-22
Kustanai,Kazakhstan,,Kustanai,Kustanai,2026-03-22
Uralsk,Kazakhstan,,Uralsk,Uralsk,2026-03-22
Petropavlovsk,Kazakhstan,Severo- Kazakhstanskaya oblast,Petropavlovsk,Petropavlovsk,2026-03-22
Kyzylorda,Kazakhstan,,Kyzylorda,Kyzylorda,2026-03-22
Atirau,Kazakhstan,,Atirau,Atirau,2026-03-22
Temirtau,Kazakhstan,,Temirtau,Temirtau,2026-03-22
Aktau,Kazakhstan,,Aktau,Aktau,2026-03-22
Koktshetau,Kazakhstan,,Koktshetau,Koktshetau,2026-03-22
Ekibastuz,Kazakhstan,,Ekibastuz,Ekibastuz,2026-03-22
Taldykorgan,Kazakhstan,,Taldykorgan,Taldykorgan,2026-03-22
Rudni,Kazakhstan,,Rudni,Rudni,2026-03-22
Aksay,Kazakhstan,,Aksay,Aksay,2026-03-22
Aksoran,Kazakhstan,,Aksoran,Aksoran,2026-03-22
Aqtas,Kazakhstan,,Aqtas,Aqtas,2026-03-22
Aqtau,Kazakhstan,,Aqtau,Aqtau,2026-03-22
Atyrau,Kazakhstan,,Atyrau,Atyrau,2026-03-22
Baikonur,Kazakhstan,,Baikonur,Baikonur,2026-03-22
Dostyk,Kazakhstan,,Dostyk,Dostyk,2026-03-22
Dzhezkazgan,Kazakhstan,,Dzhezkazgan,Dzhezkazgan,2026-03-22
Esil,Kazakhstan,,Esil,Esil,2026-03-22
Karagandy,Kazakhstan,,Karagandy,Karagandy,2026-03-22
Kazakh,Kazakhstan,,Kazakh,Kazakh,2026-03-22
Kentau,Kazakhstan,,Kentau,Kentau,2026-03-22
Koktem,Kazakhstan,,Koktem,Koktem,2026-03-22
Kostanay,Kazakhstan,,Kostanay,Kostanay,2026-03-22
Kyzyl,Kazakhstan,,Kyzyl,Kyzyl,2026-03-22
Lomonosovka,Kazakhstan,,Lomonosovka,Lomonosovka,2026-03-22
Oral,Kazakhstan,,Oral,Oral,2026-03-22
Petropavl,Kazakhstan,,Petropavl,Petropavl,2026-03-22
Karaganda,Kazakhstan,,Karaganda,Qaraghandy,2026-03-22
Qaskeleng,Kazakhstan,,Qaskeleng,Qaskeleng,2026-03-22
Ridder,Kazakhstan,,Ridder,Ridder,2026-03-22
Rudnyy,Kazakhstan,,Rudnyy,Rudnyy,2026-03-22
Semey,Kazakhstan,,Semey,Semey,2026-03-22
Serebryansk,Kazakhstan,,Serebryansk,Serebryansk,2026-03-22
Shymkent,Kazakhstan,,Shymkent,Shymkent,2026-03-22
Mombasa,Kenya,,Mombasa,Mombasa,2026-03-22
Nakuru,Kenya,,Nakuru,Nakuru,2026-03-22
Kisumu,Kenya,,Kisumu,Kisumu,2026-03-22
Eldoret,Kenya,,Eldoret,Eldoret,2026-03-22
Ruiru,Kenya,,Ruiru,Ruiru,2026-03-22
Kikuyu,Kenya,,Kikuyu,Kikuyu,2026-03-22
Thika,Kenya,,Thika,Thika,2026-03-22
Mavoko/AthiRiver,Kenya,,Mavoko/AthiRiver,Mavoko/AthiRiver,2026-03-22
Garissa,Kenya,,Garissa,Garissa,2026-03-22
Ngong,Kenya,,Ngong,Ngong,2026-03-22
Bondo,Kenya,,Bondo,Bondo,2026-03-22
Chuka,Kenya,,Chuka,Chuka,2026-03-22
Kabete,Kenya,,Kabete,Kabete,2026-03-22
Kaiboi,Kenya,,Kaiboi,Kaiboi,2026-03-22
Karatina,Kenya,,Karatina,Karatina,2026-03-22
Kiambu,Kenya,,Kiambu,Kiambu,2026-03-22
Kisii,Kenya,,Kisii,Kisii,2026-03-22
Kitale,Kenya,,Kitale,Kitale,2026-03-22
Kitui,Kenya,,Kitui,Kitui,2026-03-22
Machakos,Kenya,,Machakos,Machakos,2026-03-22
Maseno,Kenya,,Maseno,Maseno,2026-03-22
Mbita,Kenya,,Mbita,Mbita,2026-03-22
Sawa Sawa,Kenya,,Sawa Sawa,Sawa Sawa,2026-03-22
Siaya,Kenya,,Siaya,Siaya,2026-03-22
Turbo,Kenya,,Turbo,Turbo,2026-03-22
Wote,Kenya,,Wote,Wote,2026-03-22
Baringo,Kenya,,Baringo,Baringo,2026-03-22
Eldama Ravine,Kenya,,Eldama Ravine,Eldama Ravine,2026-03-22
Kabarnet,Kenya,,Kabarnet,Kabarnet,2026-03-22
Sotik,Kenya,,Sotik,Sotik,2026-03-22
Sotik Post,Kenya,,Sotik Post,Sotik Post,2026-03-22
Bungoma,Kenya,,Bungoma,Bungoma,2026-03-22
Malikisi,Kenya,,Malikisi,Malikisi,2026-03-22
South Tarawa,Kiribati,,South Tarawa,TARAWA,2026-03-22
Abaiang,Kiribati,,Abaiang,Abaiang,2026-03-22
Abemama,Kiribati,,Abemama,Abemama,2026-03-22
Kiribati,Kiribati,,Kiribati,Beru,2026-03-22
Coral reefs of Kiribati,Kiribati,,Coral reefs of Kiribati,Butaritari,2026-03-22
Outline of Kiribati,Kiribati,,Outline of Kiribati,Maiana,2026-03-22
Dunavo,Kosovo,,Dunavo,Dunavo,2026-03-22
Ferizaj,Kosovo,,Ferizaj,Ferizaj,2026-03-22
Mitrovica,Kosovo,,Mitrovica,Mitrovica,2026-03-22
Pristina,Kosovo,,Pristina,Pristina,2026-03-22
Salmiya,Kuwait,,Salmiya,Salmiya,2026-03-22
Jaleeb Al-Shuykh,Kuwait,,Jaleeb Al-Shuykh,Jaleeb Al-Shuykh,2026-03-22
Abraq Khaytan,Kuwait,,Abraq Khaytan,Abraq Khaytan,2026-03-22
Ad Dasmah,Kuwait,,Ad Dasmah,Ad Dasmah,2026-03-22
Ad Dawhah,Kuwait,,Ad Dawhah,Ad Dawhah,2026-03-22
Al Ahmadi,Kuwait,,Al Ahmadi,Al Ahmadi,2026-03-22
Al Farwaniyah,Kuwait,,Al Farwaniyah,Al Farwaniyah,2026-03-22
Al Shamiya,Kuwait,,Al Shamiya,Al Shamiya,2026-03-22
Ar Rawdah,Kuwait,,Ar Rawdah,Ar Rawdah,2026-03-22
As Salimiyah,Kuwait,,As Salimiyah,As Salimiyah,2026-03-22
Ash Shu`aybah,Kuwait,,Ash Shu`aybah,Ash Shu`aybah,2026-03-22
Ash Shuwaykh,Kuwait,,Ash Shuwaykh,Ash Shuwaykh,2026-03-22
Bayan,Kuwait,,Bayan,Bayan,2026-03-22
Hawalli,Kuwait,,Hawalli,Hawalli,2026-03-22
Janub as Surrah,Kuwait,,Janub as Surrah,Janub as Surrah,2026-03-22
Kayfan,Kuwait,,Kayfan,Kayfan,2026-03-22
"Salwa, Kuwait",Kuwait,,"Salwa, Kuwait",Salwa,2026-03-22
Kuwait City,Kuwait,,Kuwait City,Al Aḩmadī,2026-03-22
Osh,Kyrgyzstan,,Osh,Osh,2026-03-22
Batken Oblasty,Kyrgyzstan,,Batken Oblasty,Batken Oblasty,2026-03-22
Bishkek Shaary,Kyrgyzstan,,Bishkek Shaary,Bishkek Shaary,2026-03-22
Chuy Oblasty,Kyrgyzstan,,Chuy Oblasty,Chuy Oblasty,2026-03-22
Jalal-Abad Oblasty,Kyrgyzstan,,Jalal-Abad Oblasty,Jalal-Abad Oblasty,2026-03-22
Naryn Oblasty,Kyrgyzstan,,Naryn Oblasty,Naryn Oblasty,2026-03-22
Osh Oblasty,Kyrgyzstan,,Osh Oblasty,Osh Oblasty,2026-03-22
Talas Oblasty,Kyrgyzstan,,Talas Oblasty,Talas Oblasty,2026-03-22
Ysyk-Kol Oblasty,Kyrgyzstan,,Ysyk-Kol Oblasty,Ysyk-Kol Oblasty,2026-03-22
Aydarken,Kyrgyzstan,,Aydarken,Aydarken,2026-03-22
Batken,Kyrgyzstan,,Batken,Batken,2026-03-22
Iradan,Kyrgyzstan,,Iradan,Iradan,2026-03-22
Isfana,Kyrgyzstan,,Isfana,Isfana,2026-03-22
Karavan,Kyrgyzstan,,Karavan,Karavan,2026-03-22
Kyzyl-Kyya,Kyrgyzstan,,Kyzyl-Kyya,Kyzyl-Kyya,2026-03-22
Suluktu,Kyrgyzstan,,Suluktu,Suluktu,2026-03-22
Alamudunskiy Rayon,Kyrgyzstan,,Alamudunskiy Rayon,Alamudunskiy Rayon,2026-03-22
Belovodskoye,Kyrgyzstan,,Belovodskoye,Belovodskoye,2026-03-22
Chuyskiy Rayon,Kyrgyzstan,,Chuyskiy Rayon,Chuyskiy Rayon,2026-03-22
Ivanovka,Kyrgyzstan,,Ivanovka,Ivanovka,2026-03-22
Kaindy,Kyrgyzstan,,Kaindy,Kaindy,2026-03-22
Kant,Kyrgyzstan,,Kant,Kant,2026-03-22
Kara-Balta,Kyrgyzstan,,Kara-Balta,Kara-Balta,2026-03-22
Kemin,Kyrgyzstan,,Kemin,Kemin,2026-03-22
Lebedinovka,Kyrgyzstan,,Lebedinovka,Lebedinovka,2026-03-22
Sokulukskiy Rayon,Kyrgyzstan,,Sokulukskiy Rayon,Sokulukskiy Rayon,2026-03-22
Sosnovka,Kyrgyzstan,,Sosnovka,Sosnovka,2026-03-22
Tokmok,Kyrgyzstan,,Tokmok,Tokmok,2026-03-22
Ysyk-Ata,Kyrgyzstan,,Ysyk-Ata,Ysyk-Ata,2026-03-22
Ak-Suu,Kyrgyzstan,,Ak-Suu,Ak-Suu,2026-03-22
Balykchy,Kyrgyzstan,,Balykchy,Balykchy,2026-03-22
Cholpon-Ata,Kyrgyzstan,,Cholpon-Ata,Cholpon-Ata,2026-03-22
Kadzhi-Say,Kyrgyzstan,,Kadzhi-Say,Kadzhi-Say,2026-03-22
Attapu,Laos,,Attapu,Attapu,2026-03-22
Bokeo,Laos,,Bokeo,Bokeo,2026-03-22
Bolikhamxai,Laos,,Bolikhamxai,Bolikhamxai,2026-03-22
Champasak,Laos,,Champasak,Champasak,2026-03-22
Houaphan,Laos,,Houaphan,Houaphan,2026-03-22
Khammouan,Laos,,Khammouan,Khammouan,2026-03-22
Louangnamtha,Laos,,Louangnamtha,Louangnamtha,2026-03-22
Louangphrabang,Laos,,Louangphrabang,Louangphrabang,2026-03-22
Oudomxai,Laos,,Oudomxai,Oudomxai,2026-03-22
Phongsali,Laos,,Phongsali,Phongsali,2026-03-22
Salavan,Laos,,Salavan,Salavan,2026-03-22
Savannakhet,Laos,,Savannakhet,Savannakhet,2026-03-22
Viangchan,Laos,,Viangchan,Viangchan,2026-03-22
Xaignabouli,Laos,,Xaignabouli,Xaignabouli,2026-03-22
Xaisomboun,Laos,,Xaisomboun,Xaisomboun,2026-03-22
Xekong,Laos,,Xekong,Xekong,2026-03-22
Xiangkhoang,Laos,,Xiangkhoang,Xiangkhoang,2026-03-22
Attapeu,Laos,,Attapeu,Attapeu,2026-03-22
Muang Phouvong,Laos,,Muang Phouvong,Muang Phouvong,2026-03-22
Muang Samakhixai,Laos,,Muang Samakhixai,Muang Samakhixai,2026-03-22
Daugavpils,Latvia,,Daugavpils,Daugavpils,2026-03-22
Adazi,Latvia,,Adazi,Adazi,2026-03-22
Agenskalns,Latvia,,Agenskalns,Agenskalns,2026-03-22
Aizkraukle,Latvia,,Aizkraukle,Aizkraukle,2026-03-22
Aizpute,Latvia,,Aizpute,Aizpute,2026-03-22
Baldone,Latvia,,Baldone,Baldone,2026-03-22
Balvi,Latvia,,Balvi,Balvi,2026-03-22
Bauska,Latvia,,Bauska,Bauska,2026-03-22
Brankas,Latvia,,Brankas,Brankas,2026-03-22
Carnikava,Latvia,,Carnikava,Carnikava,2026-03-22
Centrs,Latvia,,Centrs,Centrs,2026-03-22
Dobele,Latvia,,Dobele,Dobele,2026-03-22
Durbe,Latvia,,Durbe,Durbe,2026-03-22
Gulbene,Latvia,,Gulbene,Gulbene,2026-03-22
Ilguciems,Latvia,,Ilguciems,Ilguciems,2026-03-22
Izvalta,Latvia,,Izvalta,Izvalta,2026-03-22
Jaunolaine,Latvia,,Jaunolaine,Jaunolaine,2026-03-22
Jelgava,Latvia,,Jelgava,Jelgava,2026-03-22
Kandava,Latvia,,Kandava,Kandava,2026-03-22
Beirut,Lebanon,,Beirut,BEIRUT,2026-03-22
Tripoli,Lebanon,,Tripoli,Tripoli,2026-03-22
Aaley,Lebanon,,Aaley,Aaley,2026-03-22
Adma,Lebanon,,Adma,Adma,2026-03-22
Ashrafiye,Lebanon,,Ashrafiye,Ashrafiye,2026-03-22
Baabda,Lebanon,,Baabda,Baabda,2026-03-22
Baalbek,Lebanon,,Baalbek,Baalbek,2026-03-22
Broummana,Lebanon,,Broummana,Broummana,2026-03-22
Bsalim,Lebanon,,Bsalim,Bsalim,2026-03-22
Chekka,Lebanon,,Chekka,Chekka,2026-03-22
Dbaiye,Lebanon,,Dbaiye,Dbaiye,2026-03-22
Dik el Mehdi,Lebanon,,Dik el Mehdi,Dik el Mehdi,2026-03-22
Halba,Lebanon,,Halba,Halba,2026-03-22
Hboub,Lebanon,,Hboub,Hboub,2026-03-22
Sarba,Lebanon,,Sarba,Sarba,2026-03-22
Sidon,Lebanon,,Sidon,Sidon,2026-03-22
100 Women (BBC),Lebanon,,100 Women (BBC),Yanar,2026-03-22
Berea,Lesotho,,Berea,Berea,2026-03-22
Butha-Buthe,Lesotho,,Butha-Buthe,Butha-Buthe,2026-03-22
Leribe,Lesotho,,Leribe,Leribe,2026-03-22
Mafeteng,Lesotho,,Mafeteng,Mafeteng,2026-03-22
Mohale's Hoek,Lesotho,,Mohale's Hoek,Mohale's Hoek,2026-03-22
Mokhotlong,Lesotho,,Mokhotlong,Mokhotlong,2026-03-22
Qacha's Nek,Lesotho,,Qacha's Nek,Qacha's Nek,2026-03-22
Quthing,Lesotho,,Quthing,Quthing,2026-03-22
Thaba-Tseka,Lesotho,,Thaba-Tseka,Thaba-Tseka,2026-03-22
Teyateyaneng,Lesotho,,Teyateyaneng,Teyateyaneng,2026-03-22
Maputsoe,Lesotho,,Maputsoe,Maputsoe,2026-03-22
Nako,Lesotho,,Nako,Nako,2026-03-22
MONROVIA,Liberia,,MONROVIA,MONROVIA,2026-03-22
Bomi,Liberia,,Bomi,Bomi,2026-03-22
Bong,Liberia,,Bong,Bong,2026-03-22
Gbarpolu,Liberia,,Gbarpolu,Gbarpolu,2026-03-22
Grand Bassa County,Liberia,,Grand Bassa County,Grand Bassa,2026-03-22
Grand Cape Mount,Liberia,,Grand Cape Mount,Grand Cape Mount,2026-03-22
Grand Gedeh,Liberia,,Grand Gedeh,Grand Gedeh,2026-03-22
Grand Kru,Liberia,,Grand Kru,Grand Kru,2026-03-22
Lofa,Liberia,,Lofa,Lofa,2026-03-22
Margibi,Liberia,,Margibi,Margibi,2026-03-22
Republic of Maryland,Liberia,,Republic of Maryland,Maryland,2026-03-22
Montserrado County,Liberia,,Montserrado County,Montserrado,2026-03-22
Liberia,Liberia,,Liberia,Nimba,2026-03-22
River Gee County,Liberia,,River Gee County,River Gee,2026-03-22
Benghazi,Libya,,Benghazi,Benghazi,2026-03-22
Misratah,Libya,,Misratah,Misratah,2026-03-22
Sabha,Libya,,Sabha,Sabha,2026-03-22
Zliten,Libya,,Zliten,Zliten,2026-03-22
Ajdabiya,Libya,,Ajdabiya,Ajdabiya,2026-03-22
Al Burayqah,Libya,,Al Burayqah,Al Burayqah,2026-03-22
Awjilah,Libya,,Awjilah,Awjilah,2026-03-22
Az Zuwaytīnah,Libya,,Az Zuwaytīnah,Az Zuwaytīnah,2026-03-22
Gialo,Libya,,Gialo,Gialo,2026-03-22
Marādah,Libya,,Marādah,Marādah,2026-03-22
Qaryat Sulūq,Libya,,Qaryat Sulūq,Qaryat Sulūq,2026-03-22
Al Qubbah,Libya,,Al Qubbah,Al Qubbah,2026-03-22
Darnah,Libya,,Darnah,Darnah,2026-03-22
Ghat,Libya,,Ghat,Ghat,2026-03-22
Al Bayḑā’,Libya,,Al Bayḑā’,Al Bayḑā’,2026-03-22
Gharyan,Libya,,Gharyan,Gharyan,2026-03-22
Giado,Libya,,Giado,Giado,2026-03-22
Mizdah,Libya,,Mizdah,Mizdah,2026-03-22
Yafran,Libya,,Yafran,Yafran,2026-03-22
Zintan,Libya,,Zintan,Zintan,2026-03-22
Al ‘Azīzīyah,Libya,,Al ‘Azīzīyah,Al ‘Azīzīyah,2026-03-22
Hūn,Libya,,Hūn,Hūn,2026-03-22
Waddān,Libya,,Waddān,Waddān,2026-03-22
Al Jawf,Libya,,Al Jawf,Al Jawf,2026-03-22
At Tāj,Libya,,At Tāj,At Tāj,2026-03-22
Al Abyār,Libya,,Al Abyār,Al Abyār,2026-03-22
Al Marj,Libya,,Al Marj,Al Marj,2026-03-22
Tūkrah,Libya,,Tūkrah,Tūkrah,2026-03-22
Bani Walid,Libya,,Bani Walid,Bani Walid,2026-03-22
Mişrātah,Libya,,Mişrātah,Mişrātah,2026-03-22
Al Khums,Libya,,Al Khums,Al Khums,2026-03-22
Masallātah,Libya,,Masallātah,Masallātah,2026-03-22
VADUZ,Liechtenstein,,VADUZ,VADUZ,2026-03-22
Balzers,Liechtenstein,,Balzers,Balzers,2026-03-22
Bendern,Liechtenstein,,Bendern,Bendern,2026-03-22
Demographics of Liechtenstein,Liechtenstein,,Demographics of Liechtenstein,Gamprin,2026-03-22
Municipalities of Liechtenstein,Liechtenstein,,Municipalities of Liechtenstein,Mauren,2026-03-22
Eschen,Liechtenstein,,Eschen,Nendeln,2026-03-22
Oberland (electoral district),Liechtenstein,,Oberland (electoral district),Schaan,2026-03-22
Liechtenstein,Liechtenstein,,Liechtenstein,Triesen,2026-03-22
VILNIUS,Lithuania,,VILNIUS,VILNIUS,2026-03-22
Kaunas,Lithuania,,Kaunas,Kaunas,2026-03-22
Klaipeda,Lithuania,,Klaipeda,Klaipeda,2026-03-22
Shauliai,Lithuania,,Shauliai,Shauliai,2026-03-22
Panevezhis,Lithuania,,Panevezhis,Panevezhis,2026-03-22
Alytus,Lithuania,,Alytus,Alytus,2026-03-22
Anciskiai,Lithuania,,Anciskiai,Anciskiai,2026-03-22
Antakalnis,Lithuania,,Antakalnis,Antakalnis,2026-03-22
Garliava,Lithuania,,Garliava,Garliava,2026-03-22
Ignalina,Lithuania,,Ignalina,Ignalina,2026-03-22
Jonava,Lithuania,,Jonava,Jonava,2026-03-22
Jurbarkas,Lithuania,,Jurbarkas,Jurbarkas,2026-03-22
Juskonys,Lithuania,,Juskonys,Juskonys,2026-03-22
Kretinga,Lithuania,,Kretinga,Kretinga,2026-03-22
Mastaiciai,Lithuania,,Mastaiciai,Mastaiciai,2026-03-22
Palanga,Lithuania,,Palanga,Palanga,2026-03-22
Panevezys,Lithuania,,Panevezys,Panevezys,2026-03-22
Sakiai,Lithuania,,Sakiai,Sakiai,2026-03-22
Salcininkai,Lithuania,,Salcininkai,Salcininkai,2026-03-22
Ahn,Luxembourg,,Ahn,Ahn,2026-03-22
Alzingen,Luxembourg,,Alzingen,Alzingen,2026-03-22
Bascharage,Luxembourg,,Bascharage,Bascharage,2026-03-22
Beaufort,Luxembourg,,Beaufort,Beaufort,2026-03-22
Beckerich,Luxembourg,,Beckerich,Beckerich,2026-03-22
Beggen,Luxembourg,,Beggen,Beggen,2026-03-22
Beidweiler,Luxembourg,,Beidweiler,Beidweiler,2026-03-22
Belvaux-Soleuvre railway station,Luxembourg,,Belvaux-Soleuvre railway station,Belvaux,2026-03-22
Berchem service station,Luxembourg,,Berchem service station,Berchem,2026-03-22
Walferdange,Luxembourg,,Walferdange,Bereldange,2026-03-22
Alzette,Luxembourg,,Alzette,Bergem,2026-03-22
Roodt-sur-Syre,Luxembourg,,Roodt-sur-Syre,Betzdorf,2026-03-22
Communes of Luxembourg,Luxembourg,,Communes of Luxembourg,Bigonville,2026-03-22
Luxembourg,Luxembourg,,Luxembourg,Bissen,2026-03-22
Théodore Eberhard,Luxembourg,,Théodore Eberhard,Bivange,2026-03-22
Émile Reuter,Luxembourg,,Émile Reuter,Bofferdange,2026-03-22
Aomen,Macau,,Aomen,Aomen,2026-03-22
Aumwnz,Macau,,Aumwnz,Aumwnz,2026-03-22
Bán đảo Ma Cao,Macau,,Bán đảo Ma Cao,Bán đảo Ma Cao,2026-03-22
Cheoc Ca Chün,Macau,,Cheoc Ca Chün,Cheoc Ca Chün,2026-03-22
Cidade de Macau,Macau,,Cidade de Macau,Cidade de Macau,2026-03-22
Cidade do Santo Nome de Deus de Macau,Macau,,Cidade do Santo Nome de Deus de Macau,Cidade do Santo Nome de Deus de Macau,2026-03-22
Coloane,Macau,,Coloane,Coloane,2026-03-22
Dangzai,Macau,,Dangzai,Dangzai,2026-03-22
Hac Sa,Macau,,Hac Sa,Hac Sa,2026-03-22
Hac-Tsa,Macau,,Hac-Tsa,Hac-Tsa,2026-03-22
Heisha,Macau,,Heisha,Heisha,2026-03-22
Ilha da Taipa,Macau,,Ilha da Taipa,Ilha da Taipa,2026-03-22
Jiu’ao,Macau,,Jiu’ao,Jiu’ao,2026-03-22
Ká Hó,Macau,,Ká Hó,Ká Hó,2026-03-22
Lai Chi Van,Macau,,Lai Chi Van,Lai Chi Van,2026-03-22
Lin-chia-ts'un,Macau,,Lin-chia-ts'un,Lin-chia-ts'un,2026-03-22
Lizhiwan,Macau,,Lizhiwan,Lizhiwan,2026-03-22
Luhuan,Macau,,Luhuan,Luhuan,2026-03-22
Lui-Tchi-Van,Macau,,Lui-Tchi-Van,Lui-Tchi-Van,2026-03-22
Macao Peninsula,Macau,,Macao Peninsula,Macao Peninsula,2026-03-22
Toamasina,Madagascar,,Toamasina,Toamasina,2026-03-22
Antsirabe,Madagascar,,Antsirabe,Antsirabe,2026-03-22
Fianarantsoa,Madagascar,,Fianarantsoa,Fianarantsoa,2026-03-22
Mahajanga,Madagascar,,Mahajanga,Mahajanga,2026-03-22
Ambanja,Madagascar,,Ambanja,Ambanja,2026-03-22
Antsiranana,Madagascar,,Antsiranana,Antsiranana,2026-03-22
Toliara,Madagascar,,Toliara,Toliara,2026-03-22
Ampasimanolotra,Madagascar,,Ampasimanolotra,Ampasimanolotra,2026-03-22
Andovoranto,Madagascar,,Andovoranto,Andovoranto,2026-03-22
Mahanoro,Madagascar,,Mahanoro,Mahanoro,2026-03-22
Mahavelona,Madagascar,,Mahavelona,Mahavelona,2026-03-22
Marolambo,Madagascar,,Marolambo,Marolambo,2026-03-22
Toamasina I,Madagascar,,Toamasina I,Toamasina I,2026-03-22
Toamasina II,Madagascar,,Toamasina II,Toamasina II,2026-03-22
Vohibinany,Madagascar,,Vohibinany,Vohibinany,2026-03-22
Blantyre City,Malawi,,Blantyre City,Blantyre City,2026-03-22
Balaka,Malawi,,Balaka,Balaka,2026-03-22
Blantyre,Malawi,,Blantyre,Blantyre,2026-03-22
Chikwawa,Malawi,,Chikwawa,Chikwawa,2026-03-22
Chiradzulu,Malawi,,Chiradzulu,Chiradzulu,2026-03-22
Chitipa,Malawi,,Chitipa,Chitipa,2026-03-22
Dedza,Malawi,,Dedza,Dedza,2026-03-22
Dowa,Malawi,,Dowa,Dowa,2026-03-22
Karonga,Malawi,,Karonga,Karonga,2026-03-22
Kasungu,Malawi,,Kasungu,Kasungu,2026-03-22
Likoma,Malawi,,Likoma,Likoma,2026-03-22
Machinga,Malawi,,Machinga,Machinga,2026-03-22
Mangochi,Malawi,,Mangochi,Mangochi,2026-03-22
Mchinji,Malawi,,Mchinji,Mchinji,2026-03-22
Mulanje,Malawi,,Mulanje,Mulanje,2026-03-22
Mwanza,Malawi,,Mwanza,Mwanza,2026-03-22
Mzimba,Malawi,,Mzimba,Mzimba,2026-03-22
Ntcheu,Malawi,,Ntcheu,Ntcheu,2026-03-22
Nkhata Bay,Malawi,,Nkhata Bay,Nkhata Bay,2026-03-22
MB Ipoh,Malaysia,,MB Ipoh,MB Ipoh,2026-03-22
MB Johor Bahru,Malaysia,,MB Johor Bahru,MB Johor Bahru,2026-03-22
Kuantan,Malaysia,,Kuantan,Kuantan,2026-03-22
Subang Jaya,Malaysia,,Subang Jaya,Subang Jaya,2026-03-22
Seremban,Malaysia,,Seremban,Seremban,2026-03-22
Kuala Terengganu,Malaysia,,Kuala Terengganu,Kuala Terengganu,2026-03-22
Klang,Malaysia,,Klang,Klang,2026-03-22
MP Kota Bharu,Malaysia,,MP Kota Bharu,MP Kota Bharu,2026-03-22
Taiping,Malaysia,,Taiping,Taiping,2026-03-22
Kota Kinabalu,Malaysia,,Kota Kinabalu,Kota Kinabalu,2026-03-22
Georgetown,Malaysia,,Georgetown,Georgetown,2026-03-22
Petaling Jaya,Malaysia,,Petaling Jaya,Petaling Jaya,2026-03-22
Shah Alam,Malaysia,,Shah Alam,Shah Alam,2026-03-22
Sungai Petani,Malaysia,,Sungai Petani,Sungai Petani,2026-03-22
Sibu,Malaysia,,Sibu,Sibu,2026-03-22
Sandakan,Malaysia,,Sandakan,Sandakan,2026-03-22
Seleyang Baru,Malaysia,,Seleyang Baru,Seleyang Baru,2026-03-22
Kuching,Malaysia,,Kuching,Kuching,2026-03-22
Miri,Malaysia,,Miri,Miri,2026-03-22
Alor Setar,Malaysia,,Alor Setar,Alor Setar,2026-03-22
Bintulu,Malaysia,,Bintulu,Bintulu,2026-03-22
Tawau,Malaysia,,Tawau,Tawau,2026-03-22
Kajang dan Sungai Chua,Malaysia,,Kajang dan Sungai Chua,Kajang dan Sungai Chua,2026-03-22
Ampang/Ulu Kelang,Malaysia,,Ampang/Ulu Kelang,Ampang/Ulu Kelang,2026-03-22
Bandar Penggaram,Malaysia,,Bandar Penggaram,Bandar Penggaram,2026-03-22
Butterworth,Malaysia,,Butterworth,Butterworth,2026-03-22
Ampang,Malaysia,,Ampang,Ampang,2026-03-22
Melaka,Malaysia,,Melaka,Melaka,2026-03-22
Bandar Maharani,Malaysia,,Bandar Maharani,Bandar Maharani,2026-03-22
Kluang,Malaysia,,Kluang,Kluang,2026-03-22
Pasir Gudang,Malaysia,,Pasir Gudang,Pasir Gudang,2026-03-22
Kulim,Malaysia,,Kulim,Kulim,2026-03-22
Lahad Datu,Malaysia,,Lahad Datu,Lahad Datu,2026-03-22
Alifu,Maldives,,Alifu,Alifu,2026-03-22
Baa,Maldives,,Baa,Baa,2026-03-22
Dhaalu,Maldives,,Dhaalu,Dhaalu,2026-03-22
Faafu,Maldives,,Faafu,Faafu,2026-03-22
Gaafu Alifu,Maldives,,Gaafu Alifu,Gaafu Alifu,2026-03-22
Gaafu Dhaalu,Maldives,,Gaafu Dhaalu,Gaafu Dhaalu,2026-03-22
Gnaviyani,Maldives,,Gnaviyani,Gnaviyani,2026-03-22
Haa Alif Atoll,Maldives,,Haa Alif Atoll,Haa Alifu,2026-03-22
Haa Dhaalu Atoll,Maldives,,Haa Dhaalu Atoll,Haa Dhaalu,2026-03-22
Maafushi (Kaafu Atoll),Maldives,,Maafushi (Kaafu Atoll),Kaafu,2026-03-22
Malé,Maldives,,Malé,Laamu,2026-03-22
Maldives,Maldives,,Maldives,Meemu,2026-03-22
Fuvahmulah,Maldives,,Fuvahmulah,Seenu,2026-03-22
Bamako (Capital),Mali,,Bamako (Capital),Bamako (Capital),2026-03-22
Gao,Mali,,Gao,Gao,2026-03-22
Kayes,Mali,,Kayes,Kayes,2026-03-22
Kidal,Mali,,Kidal,Kidal,2026-03-22
Koulikoro,Mali,,Koulikoro,Koulikoro,2026-03-22
Mopti,Mali,,Mopti,Mopti,2026-03-22
Segou,Mali,,Segou,Segou,2026-03-22
Sikasso,Mali,,Sikasso,Sikasso,2026-03-22
Tombouctou,Mali,,Tombouctou,Tombouctou,2026-03-22
Ansongo,Mali,,Ansongo,Ansongo,2026-03-22
Cercle de Bourem,Mali,,Cercle de Bourem,Cercle de Bourem,2026-03-22
Gao Cercle,Mali,,Gao Cercle,Gao Cercle,2026-03-22
Inékar,Mali,,Inékar,Inékar,2026-03-22
Bafoulabé,Mali,,Bafoulabé,Bafoulabé,2026-03-22
Kita,Mali,,Kita,Kita,2026-03-22
Kokofata,Mali,,Kokofata,Kokofata,2026-03-22
Sagalo,Mali,,Sagalo,Sagalo,2026-03-22
Abeïbara,Mali,,Abeïbara,Abeïbara,2026-03-22
Cercle d’Abeïbara,Mali,,Cercle d’Abeïbara,Cercle d’Abeïbara,2026-03-22
Banamba,Mali,,Banamba,Banamba,2026-03-22
Kangaba,Mali,,Kangaba,Kangaba,2026-03-22
Kati,Mali,,Kati,Kati,2026-03-22
Kolokani,Mali,,Kolokani,Kolokani,2026-03-22
Bandiagara,Mali,,Bandiagara,Bandiagara,2026-03-22
Djénné,Mali,,Djénné,Djénné,2026-03-22
Douentza,Mali,,Douentza,Douentza,2026-03-22
Douentza Cercle,Mali,,Douentza Cercle,Douentza Cercle,2026-03-22
Ténenkou,Mali,,Ténenkou,Ténenkou,2026-03-22
VALLETTA,Malta,,VALLETTA,VALLETTA,2026-03-22
Attard,Malta,,Attard,Attard,2026-03-22
Balzan,Malta,,Balzan,Balzan,2026-03-22
Bingemma,Malta,,Bingemma,Bingemma,2026-03-22
Birgu,Malta,,Birgu,Birgu,2026-03-22
Birkirkara,Malta,,Birkirkara,Birkirkara,2026-03-22
Bugibba,Malta,,Bugibba,Bugibba,2026-03-22
Cospicua,Malta,,Cospicua,Cospicua,2026-03-22
Dingli,Malta,,Dingli,Dingli,2026-03-22
Għajnsielem,Malta,,Għajnsielem,Ghajnsielem,2026-03-22
Għarb,Malta,,Għarb,Gharb,2026-03-22
Għasri,Malta,,Għasri,Ghasri,2026-03-22
Għaxaq,Malta,,Għaxaq,Ghaxaq,2026-03-22
Malta International Airport,Malta,,Malta International Airport,Gudja,2026-03-22
Gżira,Malta,,Gżira,Gzira,2026-03-22
Ebaye,Marshall Islands,,Ebaye,Ebaye,2026-03-22
Marshall Islands,Marshall Islands,,Marshall Islands,Arno,2026-03-22
COVID-19 pandemic in the Marshall Islands,Marshall Islands,,COVID-19 pandemic in the Marshall Islands,Jabor,2026-03-22
Wotje Atoll,Marshall Islands,,Wotje Atoll,Wotje,2026-03-22
Gilbert and Marshall Islands campaign,Marshall Islands,,Gilbert and Marshall Islands campaign,Mili,2026-03-22
Namdrik Atoll,Marshall Islands,,Namdrik Atoll,Namdrik,2026-03-22
Likiep Atoll,Marshall Islands,,Likiep Atoll,Likiep,2026-03-22
Ailuk Atoll,Marshall Islands,,Ailuk Atoll,Ailuk,2026-03-22
Ujae Atoll,Marshall Islands,,Ujae Atoll,Ujae,2026-03-22
Majuro,Marshall Islands,,Majuro,Rairok,2026-03-22
Case-Pilote,Martinique,,Case-Pilote,Case-Pilote,2026-03-22
Fort-de-France,Martinique,,Fort-de-France,Ducos,2026-03-22
Le Lamentin,Martinique,,Le Lamentin,Le Diamant,2026-03-22
Le François,Martinique,,Le François,Le Francois,2026-03-22
Les Trois-Îlets,Martinique,,Les Trois-Îlets,Les Trois-Ilets,2026-03-22
Rivière-Salée,Martinique,,Rivière-Salée,Riviere-Salee,2026-03-22
"Saint-Pierre, Martinique",Martinique,,"Saint-Pierre, Martinique",Sainte-Anne,2026-03-22
Martinique,Martinique,,Martinique,Sainte-Marie,2026-03-22
Schœlcher,Martinique,,Schœlcher,Schoelcher,2026-03-22
Adrar,Mauritania,,Adrar,Adrar,2026-03-22
Assaba,Mauritania,,Assaba,Assaba,2026-03-22
Brakna,Mauritania,,Brakna,Brakna,2026-03-22
Dakhlet Nouadhibou,Mauritania,,Dakhlet Nouadhibou,Dakhlet Nouadhibou,2026-03-22
Gorgol,Mauritania,,Gorgol,Gorgol,2026-03-22
Guidimaka,Mauritania,,Guidimaka,Guidimaka,2026-03-22
Hodh Ech Chargui,Mauritania,,Hodh Ech Chargui,Hodh Ech Chargui,2026-03-22
Hodh El Gharbi,Mauritania,,Hodh El Gharbi,Hodh El Gharbi,2026-03-22
Inchiri,Mauritania,,Inchiri,Inchiri,2026-03-22
Tagant,Mauritania,,Tagant,Tagant,2026-03-22
Tiris Zemmour,Mauritania,,Tiris Zemmour,Tiris Zemmour,2026-03-22
Trarza,Mauritania,,Trarza,Trarza,2026-03-22
Atar,Mauritania,,Atar,Atar,2026-03-22
Chingueṭṭi,Mauritania,,Chingueṭṭi,Chingueṭṭi,2026-03-22
Barkéwol,Mauritania,,Barkéwol,Barkéwol,2026-03-22
Kiffa,Mauritania,,Kiffa,Kiffa,2026-03-22
’Elb el Jmel,Mauritania,,’Elb el Jmel,’Elb el Jmel,2026-03-22
Aleg,Mauritania,,Aleg,Aleg,2026-03-22
Nouadhibou,Mauritania,,Nouadhibou,Nouadhibou,2026-03-22
Kaédi,Mauritania,,Kaédi,Kaédi,2026-03-22
Sélibaby,Mauritania,,Sélibaby,Sélibaby,2026-03-22
PORT LOUIS,Mauritius,,PORT LOUIS,PORT LOUIS,2026-03-22
Beau Bassin,Mauritius,,Beau Bassin,Beau Bassin,2026-03-22
Chemin Grenier,Mauritius,,Chemin Grenier,Chemin Grenier,2026-03-22
Ebene CyberCity,Mauritius,,Ebene CyberCity,Ebene CyberCity,2026-03-22
Floreal,Mauritius,,Floreal,Floreal,2026-03-22
Mauritius,Mauritius,,Mauritius,Goodlands,2026-03-22
Beau Bassin-Rose Hill,Mauritius,,Beau Bassin-Rose Hill,Rose Hill,2026-03-22
"Tamarin, Mauritius",Mauritius,,"Tamarin, Mauritius",Tamarin,2026-03-22
Vacoas-Phoenix,Mauritius,,Vacoas-Phoenix,Vacoas,2026-03-22
Geography of Mauritius,Mauritius,,Geography of Mauritius,Vingt Cinq,2026-03-22
St. Brandon,Mauritius,,St. Brandon,Cargados Carajos,2026-03-22
Index of Mauritius-related articles,Mauritius,,Index of Mauritius-related articles,Bel Air Rivière Sèche,2026-03-22
Bandaboa,Mayotte,,Bandaboa,Bandaboa,2026-03-22
Chiconi,Mayotte,,Chiconi,Chiconi,2026-03-22
Dzaoudzi–Pamandzi International Airport,Mayotte,,Dzaoudzi–Pamandzi International Airport,Dzaoudzi,2026-03-22
Communes of Mayotte,Mayotte,,Communes of Mayotte,Koungou,2026-03-22
COVID-19 pandemic in Mayotte,Mayotte,,COVID-19 pandemic in Mayotte,Sada,2026-03-22
Cancun,Mexico,Quintana Roo,Cancun,Cancun,2026-03-22
Playa del Carmen,Mexico,Quintana Roo,Playa del Carmen,Playa del Carmen,2026-03-22
Tulum,Mexico,Quintana Roo,Tulum,Tulum,2026-03-22
Chichen Itza,Mexico,Yucatan,Valladolid,Chichen Itza,2026-03-22
Oaxaca,Mexico,Oaxaca,Oaxaca,Oaxaca,2026-03-22
Puerto Vallarta,Mexico,Jalisco,Puerto Vallarta,Puerto Vallarta,2026-03-22
Guadalajara,Mexico,Jalisco,Guadalajara,Guadalajara,2026-03-22
Los Cabos,Mexico,Baja California Sur,Cabo San Lucas,Los Cabos,2026-03-22
San Miguel de Allende,Mexico,Guanajuato,San Miguel de Allende,San Miguel de Allende,2026-03-22
Mexico City,Mexico,,Mexico City,"MEXICO, CIUDAD DE",2026-03-22
Ecatepec,Mexico,de Morelos,Ecatepec,Ecatepec,2026-03-22
Puebla de Zaragoza,Mexico,,Puebla de Zaragoza,Puebla de Zaragoza,2026-03-22
Juárez,Mexico,,Juárez,Juárez,2026-03-22
Tijuana,Mexico,,Tijuana,Tijuana,2026-03-22
León,Mexico,de los Aldama,León,León,2026-03-22
Zapopan,Mexico,,Zapopan,Zapopan,2026-03-22
Monterrey,Mexico,,Monterrey,Monterrey,2026-03-22
Netzahualcóyotl,Mexico,,Netzahualcóyotl,Netzahualcóyotl,2026-03-22
Chihuahua,Mexico,,Chihuahua,Chihuahua,2026-03-22
Naucalpan de Juárez,Mexico,,Naucalpan de Juárez,Naucalpan de Juárez,2026-03-22
Hermosillo,Mexico,,Hermosillo,Hermosillo,2026-03-22
Mérida,Mexico,,Mérida,Mérida,2026-03-22
San Luis Potosí,Mexico,,San Luis Potosí,San Luis Potosí,2026-03-22
Aguascalientes,Mexico,,Aguascalientes,Aguascalientes,2026-03-22
Saltillo,Mexico,,Saltillo,Saltillo,2026-03-22
Mexicali,Mexico,,Mexicali,Mexicali,2026-03-22
Culiacán Rosales,Mexico,,Culiacán Rosales,Culiacán Rosales,2026-03-22
"Guadalupe, Nuevo León",Mexico,,"Guadalupe, Nuevo León","Guadalupe, Nuevo León",2026-03-22
Acapulco,Mexico,de Juárez,Acapulco,Acapulco,2026-03-22
Tlalnepantla,Mexico,,Tlalnepantla,Tlalnepantla,2026-03-22
Querétaro,Mexico,,Querétaro,Querétaro,2026-03-22
Chimalhuacan,Mexico,,Chimalhuacan,Chimalhuacan,2026-03-22
Torreón,Mexico,,Torreón,Torreón,2026-03-22
Morelia,Mexico,,Morelia,Morelia,2026-03-22
Reynosa,Mexico,,Reynosa,Reynosa,2026-03-22
Tlaquepaque,Mexico,,Tlaquepaque,Tlaquepaque,2026-03-22
Tuxtla Gutiérrez,Mexico,,Tuxtla Gutiérrez,Tuxtla Gutiérrez,2026-03-22
Irapuato,Mexico,,Irapuato,Irapuato,2026-03-22
Durango,Mexico,Victoria de Durango,Durango,Durango,2026-03-22
Toluca,Mexico,de Lerdo,Toluca,Toluca,2026-03-22
Ciudad López Mateos,Mexico,,Ciudad López Mateos,Ciudad López Mateos,2026-03-22
Cuautitlan Izcalli,Mexico,,Cuautitlan Izcalli,Cuautitlan Izcalli,2026-03-22
Celaya,Mexico,,Celaya,Celaya,2026-03-22
Ciudad Apodaca,Mexico,,Ciudad Apodaca,Ciudad Apodaca,2026-03-22
Ensenada,Mexico,,Ensenada,Ensenada,2026-03-22
Matamoros,Mexico,,Matamoros,Matamoros,2026-03-22
San Nicolas de los Garza,Mexico,,San Nicolas de los Garza,San Nicolas de los Garza,2026-03-22
Mazatlán,Mexico,,Mazatlán,Mazatlán,2026-03-22
Veracruz,Mexico,,Veracruz,Veracruz,2026-03-22
Xalapa-Enriquez,Mexico,,Xalapa-Enriquez,Xalapa-Enriquez,2026-03-22
Tonala,Mexico,,Tonala,Tonala,2026-03-22
Nuevo Laredo,Mexico,,Nuevo Laredo,Nuevo Laredo,2026-03-22
Xico,Mexico,,Xico,Xico,2026-03-22
Villahermosa,Mexico,,Villahermosa,Villahermosa,2026-03-22
Ciudad General Escobedo,Mexico,,Ciudad General Escobedo,Ciudad General Escobedo,2026-03-22
Cuernavaca,Mexico,,Cuernavaca,Cuernavaca,2026-03-22
Tepic,Mexico,,Tepic,Tepic,2026-03-22
Ixtapaluca,Mexico,,Ixtapaluca,Ixtapaluca,2026-03-22
Ciudad Victoria,Mexico,,Ciudad Victoria,Ciudad Victoria,2026-03-22
Uruapan,Mexico,,Uruapan,Uruapan,2026-03-22
Ciudad Obregón,Mexico,,Ciudad Obregón,Ciudad Obregón,2026-03-22
Tampico,Mexico,,Tampico,Tampico,2026-03-22
Villa Nicolas Romero,Mexico,,Villa Nicolas Romero,Villa Nicolas Romero,2026-03-22
San Francisco Coacalco,Mexico,,San Francisco Coacalco,San Francisco Coacalco,2026-03-22
Ciudad Santa Catarina,Mexico,,Ciudad Santa Catarina,Ciudad Santa Catarina,2026-03-22
Salamanca,Mexico,,Salamanca,Salamanca,2026-03-22
Campeche,Mexico,,Campeche,Campeche,2026-03-22
Gómez Palacio,Mexico,,Gómez Palacio,Gómez Palacio,2026-03-22
Los Mochis,Mexico,,Los Mochis,Los Mochis,2026-03-22
Pachuca,Mexico,de Soto,Pachuca,Pachuca,2026-03-22
Oaxaca de Juárez,Mexico,,Oaxaca de Juárez,Oaxaca de Juárez,2026-03-22
Soledad de Graciano Sanchez,Mexico,,Soledad de Graciano Sanchez,Soledad de Graciano Sanchez,2026-03-22
"La Paz, Distrito Federal",Mexico,,"La Paz, Distrito Federal","La Paz, Distrito Federal",2026-03-22
"La Paz, Baja California Sur",Mexico,,"La Paz, Baja California Sur","La Paz, Baja California Sur",2026-03-22
Tehuacán,Mexico,,Tehuacán,Tehuacán,2026-03-22
Chilpacingo,Mexico,de los Bravo,Chilpacingo,Chilpacingo,2026-03-22
San Juan del Río,Mexico,,San Juan del Río,San Juan del Río,2026-03-22
Coatzacoalcos,Mexico,,Coatzacoalcos,Coatzacoalcos,2026-03-22
Monclova,Mexico,,Monclova,Monclova,2026-03-22
Fresnillo,Mexico,,Fresnillo,Fresnillo,2026-03-22
Heroica Nogales,Mexico,,Heroica Nogales,Heroica Nogales,2026-03-22
Tapachula,Mexico,de Cordova y Ordoñez,Tapachula,Tapachula,2026-03-22
Ciudad Madero,Mexico,,Ciudad Madero,Ciudad Madero,2026-03-22
San Cristobal de las Casas,Mexico,,San Cristobal de las Casas,San Cristobal de las Casas,2026-03-22
Poza Rica de Hidalgo,Mexico,,Poza Rica de Hidalgo,Poza Rica de Hidalgo,2026-03-22
Lázaro Cárdenas,Mexico,,Lázaro Cárdenas,Lázaro Cárdenas,2026-03-22
San Luis Rio Colorado,Mexico,,San Luis Rio Colorado,San Luis Rio Colorado,2026-03-22
Chicoloapán de Juárez,Mexico,,Chicoloapán de Juárez,Chicoloapán de Juárez,2026-03-22
Palikir,Micronesia,,Palikir,Palikir,2026-03-22
CHISINAU,Moldova,KISHINEV,CHISINAU,CHISINAU,2026-03-22
Balti,Moldova,Beltsy,Balti,Balti,2026-03-22
Anenii Noi,Moldova,,Anenii Noi,Anenii Noi,2026-03-22
Briceni,Moldova,,Briceni,Briceni,2026-03-22
Cahul,Moldova,,Cahul,Cahul,2026-03-22
Calarasi,Moldova,,Calarasi,Calarasi,2026-03-22
Ciorescu,Moldova,,Ciorescu,Ciorescu,2026-03-22
Cojusna,Moldova,,Cojusna,Cojusna,2026-03-22
Durlești,Moldova,,Durlești,Durlesti,2026-03-22
Măgdăcești,Moldova,,Măgdăcești,Magdacesti,2026-03-22
Strășeni,Moldova,,Strășeni,Straseni,2026-03-22
"Bender, Moldova",Moldova,,"Bender, Moldova",Tighina,2026-03-22
MONACO,Monaco,,MONACO,MONACO,2026-03-22
Ulan Bator,Mongolia,,Ulan Bator,ULAANBAATAR,2026-03-22
Hovsgol,Mongolia,,Hovsgol,Hovsgol,2026-03-22
Ovorhangay,Mongolia,,Ovorhangay,Ovorhangay,2026-03-22
Altai,Mongolia,,Altai,Altai,2026-03-22
Arvayheer,Mongolia,,Arvayheer,Arvayheer,2026-03-22
Baruun-Urt,Mongolia,,Baruun-Urt,Baruun-Urt,2026-03-22
Bayangol,Mongolia,,Bayangol,Bayangol,2026-03-22
Bayanhongor,Mongolia,,Bayanhongor,Bayanhongor,2026-03-22
Cecerleg,Mongolia,,Cecerleg,Cecerleg,2026-03-22
Chihertey,Mongolia,,Chihertey,Chihertey,2026-03-22
Choyr,Mongolia,,Choyr,Choyr,2026-03-22
Dalandzadgad,Mongolia,,Dalandzadgad,Dalandzadgad,2026-03-22
Darhan,Mongolia,,Darhan,Darhan,2026-03-22
Han-Uul,Mongolia,,Han-Uul,Han-Uul,2026-03-22
Javhlant,Mongolia,,Javhlant,Javhlant,2026-03-22
Khovd,Mongolia,,Khovd,Khovd,2026-03-22
Mandalgovi,Mongolia,,Mandalgovi,Mandalgovi,2026-03-22
Ovoot,Mongolia,,Ovoot,Ovoot,2026-03-22
Saynshand,Mongolia,,Saynshand,Saynshand,2026-03-22
Toyrim,Mongolia,,Toyrim,Toyrim,2026-03-22
Ulaan-Uul,Mongolia,,Ulaan-Uul,Ulaan-Uul,2026-03-22
Uliastay,Mongolia,,Uliastay,Uliastay,2026-03-22
Undurkhaan,Mongolia,,Undurkhaan,Undurkhaan,2026-03-22
Tsetserleg,Mongolia,,Tsetserleg,Tsetserleg,2026-03-22
Altay,Mongolia,,Altay,Altay,2026-03-22
PODGORICA,Montenegro,,PODGORICA,PODGORICA,2026-03-22
Budva,Montenegro,,Budva,Budva,2026-03-22
Crna Gora,Montenegro,,Crna Gora,Crna Gora,2026-03-22
Herceg Novi,Montenegro,,Herceg Novi,Herceg Novi,2026-03-22
Igalo,Montenegro,,Igalo,Igalo,2026-03-22
Kotor,Montenegro,,Kotor,Kotor,2026-03-22
Niksic,Montenegro,,Niksic,Niksic,2026-03-22
Pljevlja,Montenegro,,Pljevlja,Pljevlja,2026-03-22
A-1 motorway (Montenegro),Montenegro,,A-1 motorway (Montenegro),Andrijevica,2026-03-22
Diocese of Kotor,Montenegro,,Diocese of Kotor,Šušanj,2026-03-22
"Petrovac, Budva",Montenegro,,"Petrovac, Budva",Petrovac na Moru,2026-03-22
PLYMOUTH,Montserrat,,PLYMOUTH,PLYMOUTH,2026-03-22
Montserrat,Montserrat,,Montserrat,Amersham,2026-03-22
Bank,Montserrat,,Bank,Banks,2026-03-22
Rubus,Montserrat,,Rubus,Bramble,2026-03-22
Afourer,Morocco,,Afourer,Afourer,2026-03-22
Agadir,Morocco,,Agadir,Agadir,2026-03-22
Ait Melloul,Morocco,,Ait Melloul,Ait Melloul,2026-03-22
Al Hoceima,Morocco,,Al Hoceima,Al Hoceima,2026-03-22
Assa,Morocco,,Assa,Assa,2026-03-22
Benguerir,Morocco,,Benguerir,Benguerir,2026-03-22
Beni Mellal,Morocco,,Beni Mellal,Beni Mellal,2026-03-22
Berrechid,Morocco,,Berrechid,Berrechid,2026-03-22
Casablanca,Morocco,,Casablanca,Casablanca,2026-03-22
Deroua,Morocco,,Deroua,Deroua,2026-03-22
El Gara,Morocco,,El Gara,El Gara,2026-03-22
El Hajeb,Morocco,,El Hajeb,El Hajeb,2026-03-22
El Jadida,Morocco,,El Jadida,El Jadida,2026-03-22
Erfoud,Morocco,,Erfoud,Erfoud,2026-03-22
Fes,Morocco,,Fes,Fes,2026-03-22
Fkih Ben Salah,Morocco,,Fkih Ben Salah,Fkih Ben Salah,2026-03-22
Kenitra,Morocco,,Kenitra,Kenitra,2026-03-22
Khemisset,Morocco,,Khemisset,Khemisset,2026-03-22
Khouribga,Morocco,,Khouribga,Khouribga,2026-03-22
Ksar el Kebir,Morocco,,Ksar el Kebir,Ksar el Kebir,2026-03-22
Larache,Morocco,,Larache,Larache,2026-03-22
Mansour,Morocco,,Mansour,Mansour,2026-03-22
Marrakesh,Morocco,,Marrakesh,Marrakesh,2026-03-22
Mehediyah,Morocco,,Mehediyah,Mehediyah,2026-03-22
Meknes,Morocco,,Meknes,Meknes,2026-03-22
Mohammedia,Morocco,,Mohammedia,Mohammedia,2026-03-22
Nador,Morocco,,Nador,Nador,2026-03-22
Ouazzane,Morocco,,Ouazzane,Ouazzane,2026-03-22
Oued Zem,Morocco,,Oued Zem,Oued Zem,2026-03-22
Oujda,Morocco,,Oujda,Oujda,2026-03-22
Oulad Teima,Morocco,,Oulad Teima,Oulad Teima,2026-03-22
Safi,Morocco,,Safi,Safi,2026-03-22
Matola,Mozambique,,Matola,Matola,2026-03-22
Beira,Mozambique,,Beira,Beira,2026-03-22
Nampula,Mozambique,,Nampula,Nampula,2026-03-22
Chimoio,Mozambique,,Chimoio,Chimoio,2026-03-22
Nacala,Mozambique,,Nacala,Nacala,2026-03-22
Quelimane,Mozambique,,Quelimane,Quelimane,2026-03-22
Mocuba,Mozambique,,Mocuba,Mocuba,2026-03-22
Tete,Mozambique,,Tete,Tete,2026-03-22
Mozambique,Mozambique,,Mozambique,Mozambique,2026-03-22
Pemba,Mozambique,,Pemba,Pemba,2026-03-22
Chiure,Mozambique,,Chiure,Chiure,2026-03-22
Mocímboa,Mozambique,,Mocímboa,Mocímboa,2026-03-22
Montepuez,Mozambique,,Montepuez,Montepuez,2026-03-22
Chibuto,Mozambique,,Chibuto,Chibuto,2026-03-22
Chokwé,Mozambique,,Chokwé,Chokwé,2026-03-22
Macia,Mozambique,,Macia,Macia,2026-03-22
Xai-Xai,Mozambique,,Xai-Xai,Xai-Xai,2026-03-22
Inhambane,Mozambique,,Inhambane,Inhambane,2026-03-22
Maxixe,Mozambique,,Maxixe,Maxixe,2026-03-22
KaTembe,Mozambique,,KaTembe,KaTembe,2026-03-22
Boane District,Mozambique,,Boane District,Boane District,2026-03-22
Concelho de Matola,Mozambique,,Concelho de Matola,Concelho de Matola,2026-03-22
Magude District,Mozambique,,Magude District,Magude District,2026-03-22
Manhica,Mozambique,,Manhica,Manhica,2026-03-22
Marracuene District,Mozambique,,Marracuene District,Marracuene District,2026-03-22
Matutiune District,Mozambique,,Matutiune District,Matutiune District,2026-03-22
Moamba District,Mozambique,,Moamba District,Moamba District,2026-03-22
Namaacha District,Mozambique,,Namaacha District,Namaacha District,2026-03-22
Ressano Garcia,Mozambique,,Ressano Garcia,Ressano Garcia,2026-03-22
António Enes,Mozambique,,António Enes,António Enes,2026-03-22
Ilha de Moçambique,Mozambique,,Ilha de Moçambique,Ilha de Moçambique,2026-03-22
Mutuáli,Mozambique,,Mutuáli,Mutuáli,2026-03-22
Cuamba,Mozambique,,Cuamba,Cuamba,2026-03-22
Yangon,Myanmar,,Yangon,Yangon,2026-03-22
Mandalay,Myanmar,,Mandalay,Mandalay,2026-03-22
Naypyidaw,Myanmar,,Naypyidaw,NAY PYI TAW,2026-03-22
Bago,Myanmar,,Bago,Bago,2026-03-22
Hpa-an,Myanmar,,Hpa-an,Hpa-an,2026-03-22
Taunggyi,Myanmar,,Taunggyi,Taunggyi,2026-03-22
Monywa,Myanmar,,Monywa,Monywa,2026-03-22
Myitkyina,Myanmar,,Myitkyina,Myitkyina,2026-03-22
Magway,Myanmar,,Magway,Magway,2026-03-22
Mawlamyine,Myanmar,,Mawlamyine,Mawlamyine,2026-03-22
Pathein,Myanmar,,Pathein,Pathein,2026-03-22
Sittway,Myanmar,,Sittway,Sittway,2026-03-22
Loikaw,Myanmar,,Loikaw,Loikaw,2026-03-22
Dawei,Myanmar,,Dawei,Dawei,2026-03-22
Ha Ka,Myanmar,,Ha Ka,Ha Ka,2026-03-22
Ayeyarwady,Myanmar,,Ayeyarwady,Ayeyarwady,2026-03-22
Sagaing,Myanmar,,Sagaing,Sagaing,2026-03-22
Tanintharyi,Myanmar,,Tanintharyi,Tanintharyi,2026-03-22
Chin State,Myanmar,,Chin State,Chin State,2026-03-22
Kachin State,Myanmar,,Kachin State,Kachin State,2026-03-22
Kayin State,Myanmar,,Kayin State,Kayin State,2026-03-22
Kayah State,Myanmar,,Kayah State,Kayah State,2026-03-22
Mon State,Myanmar,,Mon State,Mon State,2026-03-22
Rakhine State,Myanmar,,Rakhine State,Rakhine State,2026-03-22
Shan State,Myanmar,,Shan State,Shan State,2026-03-22
Hlaing,Myanmar,,Hlaing,Hlaing,2026-03-22
Inya,Myanmar,,Inya,Inya,2026-03-22
Kyauktada,Myanmar,,Kyauktada,Kyauktada,2026-03-22
Wagan,Myanmar,,Wagan,Wagan,2026-03-22
Bogale,Myanmar,,Bogale,Bogale,2026-03-22
Hinthada,Myanmar,,Hinthada,Hinthada,2026-03-22
Etunda,Namibia,,Etunda,Etunda,2026-03-22
Grootfontein,Namibia,,Grootfontein,Grootfontein,2026-03-22
Katima Mulilo,Namibia,,Katima Mulilo,Katima Mulilo,2026-03-22
Keetmanshoop,Namibia,,Keetmanshoop,Keetmanshoop,2026-03-22
Mpapuka,Namibia,,Mpapuka,Mpapuka,2026-03-22
Olympia,Namibia,,Olympia,Olympia,2026-03-22
Ondangwa,Namibia,,Ondangwa,Ondangwa,2026-03-22
Ongwediva,Namibia,,Ongwediva,Ongwediva,2026-03-22
Oranjemund,Namibia,,Oranjemund,Oranjemund,2026-03-22
Oshakati,Namibia,,Oshakati,Oshakati,2026-03-22
Otjiwarongo,Namibia,,Otjiwarongo,Otjiwarongo,2026-03-22
Outapi,Namibia,,Outapi,Outapi,2026-03-22
Swakopmund,Namibia,,Swakopmund,Swakopmund,2026-03-22
Tsumeb,Namibia,,Tsumeb,Tsumeb,2026-03-22
Walvis Bay,Namibia,,Walvis Bay,Walvis Bay,2026-03-22
Arandis,Namibia,,Arandis,Arandis,2026-03-22
Hentiesbaai,Namibia,,Hentiesbaai,Hentiesbaai,2026-03-22
Karibib,Namibia,,Karibib,Karibib,2026-03-22
Omaruru,Namibia,,Omaruru,Omaruru,2026-03-22
Otjimbingwe,Namibia,,Otjimbingwe,Otjimbingwe,2026-03-22
Swakopmund Constituency,Namibia,,Swakopmund Constituency,Swakopmund Constituency,2026-03-22
YAREN,Nauru,,YAREN,YAREN,2026-03-22
KATHMANDU,Nepal,,KATHMANDU,KATHMANDU,2026-03-22
Pokhara,Nepal,,Pokhara,Pokhara,2026-03-22
Biratnagar,Nepal,,Biratnagar,Biratnagar,2026-03-22
Birgunj,Nepal,,Birgunj,Birgunj,2026-03-22
Butwal,Nepal,,Butwal,Butwal,2026-03-22
Dharan,Nepal,,Dharan,Dharan,2026-03-22
Bhimdutta,Nepal,,Bhimdutta,Bhimdutta,2026-03-22
Dhangadhi,Nepal,,Dhangadhi,Dhangadhi,2026-03-22
Bharatpur,Nepal,,Bharatpur,Bharatpur,2026-03-22
Jawlakhel,Nepal,,Jawlakhel,Jawlakhel,2026-03-22
Lumbini,Nepal,,Lumbini,Lumbini,2026-03-22
Palpa,Nepal,,Palpa,Palpa,2026-03-22
Patan,Nepal,,Patan,Patan,2026-03-22
Banepā,Nepal,,Banepā,Banepā,2026-03-22
Birgañj,Nepal,,Birgañj,Birgañj,2026-03-22
Dhulikhel,Nepal,,Dhulikhel,Dhulikhel,2026-03-22
Gaur,Nepal,,Gaur,Gaur,2026-03-22
Hari Bdr Tamang House,Nepal,,Hari Bdr Tamang House,Hari Bdr Tamang House,2026-03-22
s-Gravenhage,Netherlands,,s-Gravenhage,s-Gravenhage,2026-03-22
Rotterdam,Netherlands,,Rotterdam,Rotterdam,2026-03-22
The Hague,Netherlands,,The Hague,The Hague,2026-03-22
Utrecht,Netherlands,,Utrecht,Utrecht,2026-03-22
Eindhoven,Netherlands,,Eindhoven,Eindhoven,2026-03-22
Tilburg,Netherlands,,Tilburg,Tilburg,2026-03-22
Heerlen-Kerkrade,Netherlands,,Heerlen-Kerkrade,Heerlen-Kerkrade,2026-03-22
Almere,Netherlands,,Almere,Almere,2026-03-22
Zaanstad,Netherlands,,Zaanstad,Zaanstad,2026-03-22
Groningen,Netherlands,,Groningen,Groningen,2026-03-22
Breda,Netherlands,,Breda,Breda,2026-03-22
Nijmegen,Netherlands,,Nijmegen,Nijmegen,2026-03-22
Enschede,Netherlands,,Enschede,Enschede,2026-03-22
Apeldoorn,Netherlands,,Apeldoorn,Apeldoorn,2026-03-22
Haarlem,Netherlands,,Haarlem,Haarlem,2026-03-22
Arnhem,Netherlands,,Arnhem,Arnhem,2026-03-22
Amersfoort,Netherlands,,Amersfoort,Amersfoort,2026-03-22
Zoetermeer,Netherlands,,Zoetermeer,Zoetermeer,2026-03-22
Haarlemmermeer,Netherlands,,Haarlemmermeer,Haarlemmermeer,2026-03-22
s-Hertogenbosch,Netherlands,,s-Hertogenbosch,s-Hertogenbosch,2026-03-22
Geleen-Sittard,Netherlands,,Geleen-Sittard,Geleen-Sittard,2026-03-22
Zwolle,Netherlands,,Zwolle,Zwolle,2026-03-22
Maastricht,Netherlands,,Maastricht,Maastricht,2026-03-22
Dordrecht,Netherlands,,Dordrecht,Dordrecht,2026-03-22
Leiden,Netherlands,,Leiden,Leiden,2026-03-22
Emmen,Netherlands,,Emmen,Emmen,2026-03-22
Ede,Netherlands,,Ede,Ede,2026-03-22
Aagtekerke,Netherlands,,Aagtekerke,Aagtekerke,2026-03-22
Aalburg,Netherlands,,Aalburg,Aalburg,2026-03-22
Nouméa,New Caledonia,,Nouméa,NOUMEA,2026-03-22
Dumbea,New Caledonia,,Dumbea,Dumbea,2026-03-22
Mont-Dore,New Caledonia,,Mont-Dore,Mont-Dore,2026-03-22
Nouville,New Caledonia,,Nouville,Nouville,2026-03-22
Paita,New Caledonia,,Paita,Paita,2026-03-22
Auckland,New Zealand,,Auckland,Auckland,2026-03-22
Manukau,New Zealand,,Manukau,Manukau,2026-03-22
Christchurch,New Zealand,,Christchurch,Christchurch,2026-03-22
North Shore,New Zealand,,North Shore,North Shore,2026-03-22
Waitakere,New Zealand,,Waitakere,Waitakere,2026-03-22
Dunedin,New Zealand,,Dunedin,Dunedin,2026-03-22
Napier-Hastings,New Zealand,,Napier-Hastings,Napier-Hastings,2026-03-22
Tauranga,New Zealand,,Tauranga,Tauranga,2026-03-22
Lower Hutt,New Zealand,,Lower Hutt,Lower Hutt,2026-03-22
Ahaura,New Zealand,,Ahaura,Ahaura,2026-03-22
Albany,New Zealand,,Albany,Albany,2026-03-22
Amberley,New Zealand,,Amberley,Amberley,2026-03-22
Ashhurst,New Zealand,,Ashhurst,Ashhurst,2026-03-22
Avondale,New Zealand,,Avondale,Avondale,2026-03-22
Awanui,New Zealand,,Awanui,Awanui,2026-03-22
Balclutha,New Zealand,,Balclutha,Balclutha,2026-03-22
Balfour,New Zealand,,Balfour,Balfour,2026-03-22
Beachlands,New Zealand,,Beachlands,Beachlands,2026-03-22
Belmont,New Zealand,,Belmont,Belmont,2026-03-22
MANAGUA,Nicaragua,,MANAGUA,MANAGUA,2026-03-22
León,Nicaragua,,León,León,2026-03-22
Bluefields,Nicaragua,,Bluefields,Bluefields,2026-03-22
Chinandega,Nicaragua,,Chinandega,Chinandega,2026-03-22
El Panama,Nicaragua,,El Panama,El Panama,2026-03-22
Esteli,Nicaragua,,Esteli,Esteli,2026-03-22
Granada,Nicaragua,,Granada,Granada,2026-03-22
Jinotega,Nicaragua,,Jinotega,Jinotega,2026-03-22
Los Arados,Nicaragua,,Los Arados,Los Arados,2026-03-22
Masaya,Nicaragua,,Masaya,Masaya,2026-03-22
Matagalpa,Nicaragua,,Matagalpa,Matagalpa,2026-03-22
Ocotal,Nicaragua,,Ocotal,Ocotal,2026-03-22
Rivas,Nicaragua,,Rivas,Rivas,2026-03-22
San Juan del Sur,Nicaragua,,San Juan del Sur,San Juan del Sur,2026-03-22
Boaco,Nicaragua,,Boaco,Boaco,2026-03-22
Camoapa,Nicaragua,,Camoapa,Camoapa,2026-03-22
Lagos,Niger,,Lagos,Lagos,2026-03-22
Kano,Niger,,Kano,Kano,2026-03-22
Ibadan,Niger,,Ibadan,Ibadan,2026-03-22
Kaduna,Niger,,Kaduna,Kaduna,2026-03-22
Benin City,Niger,,Benin City,Benin City,2026-03-22
Port Harcourt,Niger,,Port Harcourt,Port Harcourt,2026-03-22
Maiduguri,Niger,,Maiduguri,Maiduguri,2026-03-22
Zaria,Niger,,Zaria,Zaria,2026-03-22
Ilorin,Niger,,Ilorin,Ilorin,2026-03-22
Jos,Niger,,Jos,Jos,2026-03-22
Aba,Niger,,Aba,Aba,2026-03-22
Ogbomosho,Niger,,Ogbomosho,Ogbomosho,2026-03-22
Enugu,Niger,,Enugu,Enugu,2026-03-22
Oyo,Niger,,Oyo,Oyo,2026-03-22
Warri,Niger,,Warri,Warri,2026-03-22
Abeokuta,Niger,,Abeokuta,Abeokuta,2026-03-22
Onitsha,Niger,,Onitsha,Onitsha,2026-03-22
Sokoto,Niger,,Sokoto,Sokoto,2026-03-22
Okene,Niger,,Okene,Okene,2026-03-22
Calabar,Niger,,Calabar,Calabar,2026-03-22
Katsina,Niger,,Katsina,Katsina,2026-03-22
Oshogbo,Niger,,Oshogbo,Oshogbo,2026-03-22
Akure,Niger,,Akure,Akure,2026-03-22
Bauchi,Niger,,Bauchi,Bauchi,2026-03-22
Minna,Niger,,Minna,Minna,2026-03-22
Ife,Niger,,Ife,Ife,2026-03-22
Ikorodu,Niger,,Ikorodu,Ikorodu,2026-03-22
Iseyin,Niger,,Iseyin,Iseyin,2026-03-22
Lagos,Nigeria,,Lagos,Lagos,2026-03-22
Kano,Nigeria,,Kano,Kano,2026-03-22
Ibadan,Nigeria,,Ibadan,Ibadan,2026-03-22
Kaduna,Nigeria,,Kaduna,Kaduna,2026-03-22
Benin City,Nigeria,,Benin City,Benin City,2026-03-22
Port Harcourt,Nigeria,,Port Harcourt,Port Harcourt,2026-03-22
Maiduguri,Nigeria,,Maiduguri,Maiduguri,2026-03-22
Zaria,Nigeria,,Zaria,Zaria,2026-03-22
Ilorin,Nigeria,,Ilorin,Ilorin,2026-03-22
Jos,Nigeria,,Jos,Jos,2026-03-22
Aba,Nigeria,,Aba,Aba,2026-03-22
Ogbomosho,Nigeria,,Ogbomosho,Ogbomosho,2026-03-22
Enugu,Nigeria,,Enugu,Enugu,2026-03-22
Oyo,Nigeria,,Oyo,Oyo,2026-03-22
Warri,Nigeria,,Warri,Warri,2026-03-22
Abeokuta,Nigeria,,Abeokuta,Abeokuta,2026-03-22
Onitsha,Nigeria,,Onitsha,Onitsha,2026-03-22
Sokoto,Nigeria,,Sokoto,Sokoto,2026-03-22
Okene,Nigeria,,Okene,Okene,2026-03-22
Calabar,Nigeria,,Calabar,Calabar,2026-03-22
Katsina,Nigeria,,Katsina,Katsina,2026-03-22
Oshogbo,Nigeria,,Oshogbo,Oshogbo,2026-03-22
Akure,Nigeria,,Akure,Akure,2026-03-22
Bauchi,Nigeria,,Bauchi,Bauchi,2026-03-22
Minna,Nigeria,,Minna,Minna,2026-03-22
Ife,Nigeria,,Ife,Ife,2026-03-22
Ikorodu,Nigeria,,Ikorodu,Ikorodu,2026-03-22
Iseyin,Nigeria,,Iseyin,Iseyin,2026-03-22
Gombe,Nigeria,,Gombe,Gombe,2026-03-22
Effon-Alaiye,Nigeria,,Effon-Alaiye,Effon-Alaiye,2026-03-22
Owo,Nigeria,,Owo,Owo,2026-03-22
Ado-Ekiti,Nigeria,,Ado-Ekiti,Ado-Ekiti,2026-03-22
Makurdi,Nigeria,,Makurdi,Makurdi,2026-03-22
Umuahia,Nigeria,,Umuahia,Umuahia,2026-03-22
Ondo,Nigeria,,Ondo,Ondo,2026-03-22
Damaturu,Nigeria,,Damaturu,Damaturu,2026-03-22
Jimeta,Nigeria,,Jimeta,Jimeta,2026-03-22
Ilesha,Nigeria,,Ilesha,Ilesha,2026-03-22
Ugep,Nigeria,,Ugep,Ugep,2026-03-22
Gusau,Nigeria,,Gusau,Gusau,2026-03-22
Mubi,Nigeria,,Mubi,Mubi,2026-03-22
Sagamu,Nigeria,,Sagamu,Sagamu,2026-03-22
Iwo,Nigeria,,Iwo,Iwo,2026-03-22
Ijebu-Ode,Nigeria,,Ijebu-Ode,Ijebu-Ode,2026-03-22
Nnewi,Nigeria,,Nnewi,Nnewi,2026-03-22
Owerri,Nigeria,,Owerri,Owerri,2026-03-22
Ikot Ekpene,Nigeria,,Ikot Ekpene,Ikot Ekpene,2026-03-22
Ikire,Nigeria,,Ikire,Ikire,2026-03-22
Bida,Nigeria,,Bida,Bida,2026-03-22
Sapele,Nigeria,,Sapele,Sapele,2026-03-22
Nnamdi Azikiwe International Airport,Nigeria,,Nnamdi Azikiwe International Airport,ABUJA,2026-03-22
Okpogho,Nigeria,,Okpogho,Okpogho,2026-03-22
Suleja,Nigeria,,Suleja,Suleja,2026-03-22
Awka,Nigeria,,Awka,Awka,2026-03-22
Alofi,Niue,,Alofi,Makefu,2026-03-22
1999 Birthday Honours,Niue,,1999 Birthday Honours,Namukulu,2026-03-22
John Pule,Niue,,John Pule,Toi,2026-03-22
Hunuki Hunukitama,Niue,,Hunuki Hunukitama,Vaiea,2026-03-22
Kingston,Norfolk Island,,Kingston,Kingston,2026-03-22
"Kingston, Norfolk Island",Norfolk Island,,"Kingston, Norfolk Island",Burnt Pine,2026-03-22
Norfolk Island,Norfolk Island,,Norfolk Island,Cascade,2026-03-22
Chagang,North Korea,,Chagang,Chagang,2026-03-22
North Hamgyong,North Korea,,North Hamgyong,North Hamgyong,2026-03-22
South Hamgyong,North Korea,,South Hamgyong,South Hamgyong,2026-03-22
North Hwanghae,North Korea,,North Hwanghae,North Hwanghae,2026-03-22
South Hwanghae,North Korea,,South Hwanghae,South Hwanghae,2026-03-22
Kangwon,North Korea,,Kangwon,Kangwon,2026-03-22
North P'yongan,North Korea,,North P'yongan,North P'yongan,2026-03-22
South P'yongan,North Korea,,South P'yongan,South P'yongan,2026-03-22
Yanggang,North Korea,,Yanggang,Yanggang,2026-03-22
Kaesong,North Korea,,Kaesong,Kaesong,2026-03-22
Najin,North Korea,,Najin,Najin,2026-03-22
Namp'o,North Korea,,Namp'o,Namp'o,2026-03-22
Pyongyang,North Korea,,Pyongyang,Pyongyang,2026-03-22
Changgang-gun,North Korea,,Changgang-gun,Changgang-gun,2026-03-22
Chasong County,North Korea,,Chasong County,Chasŏng,2026-03-22
Hoeyang County,North Korea,,Hoeyang County,Hoeyang,2026-03-22
"Kangwon Province, North Korea",North Korea,,"Kangwon Province, North Korea",Kosan,2026-03-22
Skopje,North Macedonia,,Skopje,Skopje,2026-03-22
Saipan,Northern Mariana Islands,,Saipan,GARAPAN,2026-03-22
Bergen,Norway,,Bergen,Bergen,2026-03-22
Trondheim,Norway,,Trondheim,Trondheim,2026-03-22
Stavanger,Norway,,Stavanger,Stavanger,2026-03-22
Abelvaer,Norway,,Abelvaer,Abelvaer,2026-03-22
Adalsbruk,Norway,,Adalsbruk,Adalsbruk,2026-03-22
Adland,Norway,,Adland,Adland,2026-03-22
Agotnes,Norway,,Agotnes,Agotnes,2026-03-22
Agskardet,Norway,,Agskardet,Agskardet,2026-03-22
Aker,Norway,,Aker,Aker,2026-03-22
Akkarfjord,Norway,,Akkarfjord,Akkarfjord,2026-03-22
Akrehamn,Norway,,Akrehamn,Akrehamn,2026-03-22
Al,Norway,,Al,Al,2026-03-22
Alen,Norway,,Alen,Alen,2026-03-22
Algard,Norway,,Algard,Algard,2026-03-22
Almas,Norway,,Almas,Almas,2026-03-22
Alta,Norway,,Alta,Alta,2026-03-22
Alvdal,Norway,,Alvdal,Alvdal,2026-03-22
Amli,Norway,,Amli,Amli,2026-03-22
Amot,Norway,,Amot,Amot,2026-03-22
Ana-Sira,Norway,,Ana-Sira,Ana-Sira,2026-03-22
Andalsnes,Norway,,Andalsnes,Andalsnes,2026-03-22
Andenes,Norway,,Andenes,Andenes,2026-03-22
Muscat,Oman,,Muscat,BUCURESTI,2026-03-22
Sibiu,Oman,,Sibiu,Sibiu,2026-03-22
Iasi,Oman,,Iasi,Iasi,2026-03-22
Timisoara,Oman,,Timisoara,Timisoara,2026-03-22
Cluj-Napoca,Oman,,Cluj-Napoca,Cluj-Napoca,2026-03-22
Constanta,Oman,,Constanta,Constanta,2026-03-22
Craiova,Oman,,Craiova,Craiova,2026-03-22
Galati,Oman,,Galati,Galati,2026-03-22
Brasov,Oman,,Brasov,Brasov,2026-03-22
Ploiesti,Oman,,Ploiesti,Ploiesti,2026-03-22
As Seeb,Oman,,As Seeb,As Seeb,2026-03-22
Braila,Oman,,Braila,Braila,2026-03-22
Oradea,Oman,,Oradea,Oradea,2026-03-22
Bacau,Oman,,Bacau,Bacau,2026-03-22
Pitesti,Oman,,Pitesti,Pitesti,2026-03-22
Arad,Oman,,Arad,Arad,2026-03-22
Salalah,Oman,,Salalah,Salalah,2026-03-22
Mutrah,Oman,,Mutrah,Mutrah,2026-03-22
Bawshar,Oman,,Bawshar,Bawshar,2026-03-22
Tirgu-Mures,Oman,,Tirgu-Mures,Tirgu-Mures,2026-03-22
Karachi,Pakistan,,Karachi,Karachi,2026-03-22
Lahore,Pakistan,,Lahore,Lahore,2026-03-22
Faisalabad,Pakistan,Lyallpur,Faisalabad,Faisalabad,2026-03-22
Rawalpindi,Pakistan,,Rawalpindi,Rawalpindi,2026-03-22
Multan,Pakistan,,Multan,Multan,2026-03-22
Gujranwala,Pakistan,,Gujranwala,Gujranwala,2026-03-22
Peshawar,Pakistan,,Peshawar,Peshawar,2026-03-22
Quetta,Pakistan,,Quetta,Quetta,2026-03-22
Sargodha,Pakistan,,Sargodha,Sargodha,2026-03-22
Sialkote,Pakistan,,Sialkote,Sialkote,2026-03-22
Bahawalpur,Pakistan,,Bahawalpur,Bahawalpur,2026-03-22
Sukkur,Pakistan,,Sukkur,Sukkur,2026-03-22
Jhang,Pakistan,,Jhang,Jhang,2026-03-22
Sheikhu Pura,Pakistan,,Sheikhu Pura,Sheikhu Pura,2026-03-22
Larkana,Pakistan,,Larkana,Larkana,2026-03-22
Gujrat,Pakistan,,Gujrat,Gujrat,2026-03-22
Mardan,Pakistan,,Mardan,Mardan,2026-03-22
Kasur,Pakistan,,Kasur,Kasur,2026-03-22
Rahimyar Khan,Pakistan,,Rahimyar Khan,Rahimyar Khan,2026-03-22
Sahiwal,Pakistan,,Sahiwal,Sahiwal,2026-03-22
Okara,Pakistan,,Okara,Okara,2026-03-22
Wah Cantonment,Pakistan,,Wah Cantonment,Wah Cantonment,2026-03-22
Dera Ghazi Khan,Pakistan,,Dera Ghazi Khan,Dera Ghazi Khan,2026-03-22
Mirpur Khas,Pakistan,,Mirpur Khas,Mirpur Khas,2026-03-22
Nawabshah,Pakistan,,Nawabshah,Nawabshah,2026-03-22
Mangora,Pakistan,,Mangora,Mangora,2026-03-22
Chiniot,Pakistan,,Chiniot,Chiniot,2026-03-22
Kamoke,Pakistan,,Kamoke,Kamoke,2026-03-22
Burewala,Pakistan,,Burewala,Burewala,2026-03-22
Jhelum,Pakistan,,Jhelum,Jhelum,2026-03-22
Sadiqabad,Pakistan,,Sadiqabad,Sadiqabad,2026-03-22
Jacobabad,Pakistan,,Jacobabad,Jacobabad,2026-03-22
Shakkarpur,Pakistan,,Shakkarpur,Shakkarpur,2026-03-22
Khanewal,Pakistan,,Khanewal,Khanewal,2026-03-22
Hafizabad,Pakistan,,Hafizabad,Hafizabad,2026-03-22
Kohat,Pakistan,,Kohat,Kohat,2026-03-22
Muzaffargharh,Pakistan,,Muzaffargharh,Muzaffargharh,2026-03-22
Khanpur,Pakistan,,Khanpur,Khanpur,2026-03-22
Gojra,Pakistan,,Gojra,Gojra,2026-03-22
Muridke,Pakistan,,Muridke,Muridke,2026-03-22
Bahawalnagar,Pakistan,,Bahawalnagar,Bahawalnagar,2026-03-22
Pakpattan,Pakistan,,Pakpattan,Pakpattan,2026-03-22
Jaranwala,Pakistan,,Jaranwala,Jaranwala,2026-03-22
Ngerulmud,Palau,,Ngerulmud,KOROR,2026-03-22
Airai,Palau,,Airai,Airai,2026-03-22
Kloulklubed,Palau,,Kloulklubed,Kloulklubed,2026-03-22
Meyuns,Palau,,Meyuns,Meyungs,2026-03-22
Hatohobei,Palau,,Hatohobei,Hatobohei,2026-03-22
Index of Palau-related articles,Palau,,Index of Palau-related articles,Ollei,2026-03-22
Ministry of Education (Palau),Palau,,Ministry of Education (Palau),Choll,2026-03-22
Modekngei,Palau,,Modekngei,Ibobang,2026-03-22
Outline of Palau,Palau,,Outline of Palau,Ngerkeai,2026-03-22
Federated States of Micronesia,Palau,,Federated States of Micronesia,Southwest Islanders Village,2026-03-22
Tulsi Gabbard,Palau,,Tulsi Gabbard,Lemon Heights,2026-03-22
Ramallah,Palestine,,Ramallah,Ramallah,2026-03-22
Aguadulce,Panama,,Aguadulce,Aguadulce,2026-03-22
Albrook,Panama,,Albrook,Albrook,2026-03-22
Ancon,Panama,,Ancon,Ancon,2026-03-22
Arosemena,Panama,,Arosemena,Arosemena,2026-03-22
Arraijan,Panama,,Arraijan,Arraijan,2026-03-22
Balboa,Panama,,Balboa,Balboa,2026-03-22
Bella Vista,Panama,,Bella Vista,Bella Vista,2026-03-22
Bocas del Toro,Panama,,Bocas del Toro,Bocas del Toro,2026-03-22
Boquete,Panama,,Boquete,Boquete,2026-03-22
Bugaba,Panama,,Bugaba,Bugaba,2026-03-22
Calidonia,Panama,,Calidonia,Calidonia,2026-03-22
Campo Alegre,Panama,,Campo Alegre,Campo Alegre,2026-03-22
Cerro Viento,Panama,,Cerro Viento,Cerro Viento,2026-03-22
Chigore,Panama,,Chigore,Chigore,2026-03-22
"David, Chiriquí",Panama,,"David, Chiriquí",Chiriqui,2026-03-22
Coclé Province,Panama,,Coclé Province,Cocle,2026-03-22
Corozal American Cemetery and Memorial,Panama,,Corozal American Cemetery and Memorial,Corozal,2026-03-22
Cristóbal,Panama,,Cristóbal,Cristobal,2026-03-22
Curundú,Panama,,Curundú,Curundu,2026-03-22
PORT MORESBY,Papua New Guinea,,PORT MORESBY,PORT MORESBY,2026-03-22
Aitape,Papua New Guinea,,Aitape,Aitape,2026-03-22
Arawa,Papua New Guinea,,Arawa,Arawa,2026-03-22
Daru,Papua New Guinea,,Daru,Daru,2026-03-22
Goroka,Papua New Guinea,,Goroka,Goroka,2026-03-22
Kavieng,Papua New Guinea,,Kavieng,Kavieng,2026-03-22
Kerema,Papua New Guinea,,Kerema,Kerema,2026-03-22
Kikori,Papua New Guinea,,Kikori,Kikori,2026-03-22
Kimbe,Papua New Guinea,,Kimbe,Kimbe,2026-03-22
Kiunga,Papua New Guinea,,Kiunga,Kiunga,2026-03-22
Kokopo,Papua New Guinea,,Kokopo,Kokopo,2026-03-22
Kundiawa,Papua New Guinea,,Kundiawa,Kundiawa,2026-03-22
Kupano,Papua New Guinea,,Kupano,Kupano,2026-03-22
Lae,Papua New Guinea,,Lae,Lae,2026-03-22
Lorengau,Papua New Guinea,,Lorengau,Lorengau,2026-03-22
Madang,Papua New Guinea,,Madang,Madang,2026-03-22
Mendi,Papua New Guinea,,Mendi,Mendi,2026-03-22
Mount Hagen,Papua New Guinea,,Mount Hagen,Mount Hagen,2026-03-22
Local-level governments of Papua New Guinea,Papua New Guinea,,Local-level governments of Papua New Guinea,Namatanai,2026-03-22
Asunción,Paraguay,,Asunción,ASUNCION,2026-03-22
Ciudad del Este,Paraguay,,Ciudad del Este,Ciudad del Este,2026-03-22
San Lorenzo,Paraguay,,San Lorenzo,San Lorenzo,2026-03-22
Luque,Paraguay,,Luque,Luque,2026-03-22
Capiatá,Paraguay,,Capiatá,Capiatá,2026-03-22
Lambaré,Paraguay,,Lambaré,Lambaré,2026-03-22
Fernando de la Mora,Paraguay,,Fernando de la Mora,Fernando de la Mora,2026-03-22
Ayolas,Paraguay,,Ayolas,Ayolas,2026-03-22
Boqueron,Paraguay,,Boqueron,Boqueron,2026-03-22
Chore,Paraguay,,Chore,Chore,2026-03-22
Colonia Mariano Roque Alonso,Paraguay,,Colonia Mariano Roque Alonso,Colonia Mariano Roque Alonso,2026-03-22
Coronel Oviedo,Paraguay,,Coronel Oviedo,Coronel Oviedo,2026-03-22
Fuerte Olimpo,Paraguay,,Fuerte Olimpo,Fuerte Olimpo,2026-03-22
Hernandarias,Paraguay,,Hernandarias,Hernandarias,2026-03-22
Hohenau,Paraguay,,Hohenau,Hohenau,2026-03-22
Independencia,Paraguay,,Independencia,Independencia,2026-03-22
La Paz,Paraguay,,La Paz,La Paz,2026-03-22
Limpio,Paraguay,,Limpio,Limpio,2026-03-22
Loma Plata,Paraguay,,Loma Plata,Loma Plata,2026-03-22
Nemby,Paraguay,,Nemby,Nemby,2026-03-22
Presidente Franco,Paraguay,,Presidente Franco,Presidente Franco,2026-03-22
Salto del Guaira,Paraguay,,Salto del Guaira,Salto del Guaira,2026-03-22
San Alberto,Paraguay,,San Alberto,San Alberto,2026-03-22
Lima,Peru,,Lima,LIMA,2026-03-22
Callao,Peru,,Callao,Callao,2026-03-22
Arequipa,Peru,,Arequipa,Arequipa,2026-03-22
Trujillo,Peru,,Trujillo,Trujillo,2026-03-22
Chiclayo,Peru,,Chiclayo,Chiclayo,2026-03-22
Piura,Peru,,Piura,Piura,2026-03-22
Iquitos,Peru,,Iquitos,Iquitos,2026-03-22
Cuzco,Peru,,Cuzco,Cuzco,2026-03-22
Chimbote,Peru,,Chimbote,Chimbote,2026-03-22
Huancayo,Peru,,Huancayo,Huancayo,2026-03-22
Tacna,Peru,,Tacna,Tacna,2026-03-22
Ica,Peru,,Ica,Ica,2026-03-22
Juliaca,Peru,,Juliaca,Juliaca,2026-03-22
Pucallpa,Peru,,Pucallpa,Pucallpa,2026-03-22
Sullana,Peru,,Sullana,Sullana,2026-03-22
Cajamarca,Peru,,Cajamarca,Cajamarca,2026-03-22
Chincha Alta,Peru,,Chincha Alta,Chincha Alta,2026-03-22
Ayacucho,Peru,,Ayacucho,Ayacucho,2026-03-22
Huánuco,Peru,,Huánuco,Huánuco,2026-03-22
Puno,Peru,,Puno,Puno,2026-03-22
Tarapoto,Peru,,Tarapoto,Tarapoto,2026-03-22
Huaraz,Peru,,Huaraz,Huaraz,2026-03-22
Pisco,Peru,,Pisco,Pisco,2026-03-22
Abancay,Peru,,Abancay,Abancay,2026-03-22
Ate,Peru,,Ate,Ate,2026-03-22
Bagua,Peru,,Bagua,Bagua,2026-03-22
Barranca,Peru,,Barranca,Barranca,2026-03-22
Barranco,Peru,,Barranco,Barranco,2026-03-22
Bellavista,Peru,,Bellavista,Bellavista,2026-03-22
Bolivar,Peru,,Bolivar,Bolivar,2026-03-22
Calle,Peru,,Calle,Calle,2026-03-22
Caras,Peru,,Caras,Caras,2026-03-22
Cerro de Pasco,Peru,,Cerro de Pasco,Cerro de Pasco,2026-03-22
Chachapoyas,Peru,,Chachapoyas,Chachapoyas,2026-03-22
Chincha,Peru,,Chincha,Chincha,2026-03-22
Cusco,Peru,,Cusco,Cusco,2026-03-22
Quezon City,Philippines,,Quezon City,Quezon City,2026-03-22
Manila Philippines Temple,Philippines,,Manila Philippines Temple,MANILA,2026-03-22
Kalookan,Philippines,Caloocan,Kalookan,Kalookan,2026-03-22
Davao,Philippines,,Davao,Davao,2026-03-22
Cebu,Philippines,,Cebu,Cebu,2026-03-22
Zamboanga,Philippines,,Zamboanga,Zamboanga,2026-03-22
Antipolo,Philippines,,Antipolo,Antipolo,2026-03-22
Pasig,Philippines,,Pasig,Pasig,2026-03-22
Taguig,Philippines,,Taguig,Taguig,2026-03-22
Cagayan de Oro,Philippines,,Cagayan de Oro,Cagayan de Oro,2026-03-22
Paranaque,Philippines,,Paranaque,Paranaque,2026-03-22
Dasmariñas,Philippines,,Dasmariñas,Dasmariñas,2026-03-22
Valenzuela,Philippines,,Valenzuela,Valenzuela,2026-03-22
Las Piñas,Philippines,,Las Piñas,Las Piñas,2026-03-22
General Santos,Philippines,,General Santos,General Santos,2026-03-22
Makati,Philippines,,Makati,Makati,2026-03-22
Bacoor City,Philippines,,Bacoor City,Bacoor City,2026-03-22
Bacolod,Philippines,,Bacolod,Bacolod,2026-03-22
Muntinlupa,Philippines,,Muntinlupa,Muntinlupa,2026-03-22
San Jose Del Monte,Philippines,,San Jose Del Monte,San Jose Del Monte,2026-03-22
Iloilo,Philippines,,Iloilo,Iloilo,2026-03-22
Marikina,Philippines,,Marikina,Marikina,2026-03-22
Pasay,Philippines,,Pasay,Pasay,2026-03-22
Calamba,Philippines,,Calamba,Calamba,2026-03-22
Malabon,Philippines,,Malabon,Malabon,2026-03-22
Lapu-Lapu,Philippines,,Lapu-Lapu,Lapu-Lapu,2026-03-22
Basilan,Philippines,,Basilan,Basilan,2026-03-22
Mandaue,Philippines,,Mandaue,Mandaue,2026-03-22
Mandaluyong,Philippines,,Mandaluyong,Mandaluyong,2026-03-22
Angeles,Philippines,,Angeles,Angeles,2026-03-22
Iligan,Philippines,,Iligan,Iligan,2026-03-22
Baguio,Philippines,,Baguio,Baguio,2026-03-22
Tarlac,Philippines,,Tarlac,Tarlac,2026-03-22
Cainta,Philippines,,Cainta,Cainta,2026-03-22
Adamstown,Pitcairn Islands,,Adamstown,Adamstown,2026-03-22
Warsaw,Poland,,Warsaw,WARSZAWA,2026-03-22
Kraków,Poland,,Kraków,Kraków,2026-03-22
Lódz,Poland,,Lódz,Lódz,2026-03-22
Wroclaw,Poland,,Wroclaw,Wroclaw,2026-03-22
Poznan,Poland,,Poznan,Poznan,2026-03-22
Gdansk,Poland,,Gdansk,Gdansk,2026-03-22
Szczecin,Poland,,Szczecin,Szczecin,2026-03-22
Bydgoszcz,Poland,,Bydgoszcz,Bydgoszcz,2026-03-22
Lublin,Poland,,Lublin,Lublin,2026-03-22
Katowice,Poland,,Katowice,Katowice,2026-03-22
Bialystok,Poland,,Bialystok,Bialystok,2026-03-22
Gdynia,Poland,,Gdynia,Gdynia,2026-03-22
Czestochowa,Poland,,Czestochowa,Czestochowa,2026-03-22
Radom,Poland,,Radom,Radom,2026-03-22
Sosnowiec,Poland,,Sosnowiec,Sosnowiec,2026-03-22
Torun,Poland,,Torun,Torun,2026-03-22
Kielce,Poland,,Kielce,Kielce,2026-03-22
Gliwice,Poland,,Gliwice,Gliwice,2026-03-22
Rzeszów,Poland,,Rzeszów,Rzeszów,2026-03-22
Zabrze,Poland,,Zabrze,Zabrze,2026-03-22
Olsztyn,Poland,,Olsztyn,Olsztyn,2026-03-22
Bytom,Poland,,Bytom,Bytom,2026-03-22
Bielsko-Biala,Poland,,Bielsko-Biala,Bielsko-Biala,2026-03-22
Ruda Slaska,Poland,,Ruda Slaska,Ruda Slaska,2026-03-22
Rybnik,Poland,,Rybnik,Rybnik,2026-03-22
Tychy,Poland,,Tychy,Tychy,2026-03-22
Dabrowa Górnicza,Poland,,Dabrowa Górnicza,Dabrowa Górnicza,2026-03-22
Gorzów Wielkopolski,Poland,,Gorzów Wielkopolski,Gorzów Wielkopolski,2026-03-22
Plock,Poland,,Plock,Plock,2026-03-22
Elblag,Poland,,Elblag,Elblag,2026-03-22
Opole,Poland,,Opole,Opole,2026-03-22
Walbrzych,Poland,,Walbrzych,Walbrzych,2026-03-22
Zielona Góra,Poland,,Zielona Góra,Zielona Góra,2026-03-22
Wloclawek,Poland,,Wloclawek,Wloclawek,2026-03-22
Tarnów,Poland,,Tarnów,Tarnów,2026-03-22
Chorzów,Poland,,Chorzów,Chorzów,2026-03-22
Koszalin,Poland,,Koszalin,Koszalin,2026-03-22
Kalisz,Poland,,Kalisz,Kalisz,2026-03-22
Legnica,Poland,,Legnica,Legnica,2026-03-22
Grudziadz,Poland,,Grudziadz,Grudziadz,2026-03-22
Slupsk,Poland,,Slupsk,Slupsk,2026-03-22
Jastrzebie-Zdrój,Poland,,Jastrzebie-Zdrój,Jastrzebie-Zdrój,2026-03-22
Adama,Poland,,Adama,Adama,2026-03-22
Alwernia,Poland,,Alwernia,Alwernia,2026-03-22
Andrespol,Poland,,Andrespol,Andrespol,2026-03-22
Andrychow,Poland,,Andrychow,Andrychow,2026-03-22
Anin,Poland,,Anin,Anin,2026-03-22
Annopol,Poland,,Annopol,Annopol,2026-03-22
Arkadia,Poland,,Arkadia,Arkadia,2026-03-22
Babienica,Poland,,Babienica,Babienica,2026-03-22
Babimost,Poland,,Babimost,Babimost,2026-03-22
Baborow,Poland,,Baborow,Baborow,2026-03-22
Baboszewo,Poland,,Baboszewo,Baboszewo,2026-03-22
Balice,Poland,,Balice,Balice,2026-03-22
Banino,Poland,,Banino,Banino,2026-03-22
Baniocha,Poland,,Baniocha,Baniocha,2026-03-22
Baran,Poland,,Baran,Baran,2026-03-22
Baranow,Poland,,Baranow,Baranow,2026-03-22
Baranowko,Poland,,Baranowko,Baranowko,2026-03-22
Barciany,Poland,,Barciany,Barciany,2026-03-22
Barcice,Poland,,Barcice,Barcice,2026-03-22
Barcin,Poland,,Barcin,Barcin,2026-03-22
Barczewo,Poland,,Barczewo,Barczewo,2026-03-22
Barglowka,Poland,,Barglowka,Barglowka,2026-03-22
Barlinek,Poland,,Barlinek,Barlinek,2026-03-22
Bartoszyce,Poland,,Bartoszyce,Bartoszyce,2026-03-22
Baruchowo,Poland,,Baruchowo,Baruchowo,2026-03-22
Barwice,Poland,,Barwice,Barwice,2026-03-22
Bazanowka,Poland,,Bazanowka,Bazanowka,2026-03-22
Beblo,Poland,,Beblo,Beblo,2026-03-22
Bedkow,Poland,,Bedkow,Bedkow,2026-03-22
Bejsce,Poland,,Bejsce,Bejsce,2026-03-22
Belk,Poland,,Belk,Belk,2026-03-22
Belsk Duzy,Poland,,Belsk Duzy,Belsk Duzy,2026-03-22
Belsznica,Poland,,Belsznica,Belsznica,2026-03-22
Bestwina,Poland,,Bestwina,Bestwina,2026-03-22
Bestwinka,Poland,,Bestwinka,Bestwinka,2026-03-22
Biala,Poland,,Biala,Biala,2026-03-22
Bialobrzegi,Poland,,Bialobrzegi,Bialobrzegi,2026-03-22
Bialy Dunajec,Poland,,Bialy Dunajec,Bialy Dunajec,2026-03-22
Bibice,Poland,,Bibice,Bibice,2026-03-22
Biecz,Poland,,Biecz,Biecz,2026-03-22
Biedrusko,Poland,,Biedrusko,Biedrusko,2026-03-22
Bielany,Poland,,Bielany,Bielany,2026-03-22
Bielany Wroclawskie,Poland,,Bielany Wroclawskie,Bielany Wroclawskie,2026-03-22
Bielawa,Poland,,Bielawa,Bielawa,2026-03-22
Bielawy,Poland,,Bielawy,Bielawy,2026-03-22
Bielcza,Poland,,Bielcza,Bielcza,2026-03-22
Bieliny,Poland,,Bieliny,Bieliny,2026-03-22
Bielkowo,Poland,,Bielkowo,Bielkowo,2026-03-22
Bielsk,Poland,,Bielsk,Bielsk,2026-03-22
Bielsk Podlaski,Poland,,Bielsk Podlaski,Bielsk Podlaski,2026-03-22
Bierun,Poland,,Bierun,Bierun,2026-03-22
Bierun Nowy,Poland,,Bierun Nowy,Bierun Nowy,2026-03-22
Bierutow,Poland,,Bierutow,Bierutow,2026-03-22
Biesiekierz,Poland,,Biesiekierz,Biesiekierz,2026-03-22
Biezanow-Prokocim,Poland,,Biezanow-Prokocim,Biezanow-Prokocim,2026-03-22
Bircza,Poland,,Bircza,Bircza,2026-03-22
Porto,Portugal,Porto,Porto,Porto,2026-03-22
Algarve,Portugal,Faro,Faro,Algarve,2026-03-22
Sintra,Portugal,Lisbon,Sintra,Sintra,2026-03-22
Madeira,Portugal,Madeira,Funchal,Madeira,2026-03-22
Azores,Portugal,Azores,Ponta Delgada,Azores,2026-03-22
Coimbra,Portugal,Coimbra,Coimbra,Coimbra,2026-03-22
Lisbon,Portugal,,Lisbon,LISBOA,2026-03-22
Vila Nova de Gaia,Portugal,,Vila Nova de Gaia,Vila Nova de Gaia,2026-03-22
Amadora,Portugal,,Amadora,Amadora,2026-03-22
Braga,Portugal,,Braga,Braga,2026-03-22
Setubal,Portugal,,Setubal,Setubal,2026-03-22
Funchal,Portugal,,Funchal,Funchal,2026-03-22
Almada,Portugal,,Almada,Almada,2026-03-22
Abobada,Portugal,,Abobada,Abobada,2026-03-22
Abrantes,Portugal,,Abrantes,Abrantes,2026-03-22
Acores,Portugal,,Acores,Acores,2026-03-22
Aguada de Cima,Portugal,,Aguada de Cima,Aguada de Cima,2026-03-22
Agualva,Portugal,,Agualva,Agualva,2026-03-22
Agucadoura,Portugal,,Agucadoura,Agucadoura,2026-03-22
Aguiar da Beira Municipality,Portugal,,Aguiar da Beira Municipality,Aguiar da Beira Municipality,2026-03-22
Alandroal,Portugal,,Alandroal,Alandroal,2026-03-22
Albergaria-a-Velha,Portugal,,Albergaria-a-Velha,Albergaria-a-Velha,2026-03-22
Albufeira,Portugal,,Albufeira,Albufeira,2026-03-22
San Juan Puerto Rico Temple,Puerto Rico,,San Juan Puerto Rico Temple,SAN JUAN,2026-03-22
Bayamón,Puerto Rico,,Bayamón,Bayamón,2026-03-22
Carolina,Puerto Rico,,Carolina,Carolina,2026-03-22
Ponce,Puerto Rico,,Ponce,Ponce,2026-03-22
Caguas,Puerto Rico,,Caguas,Caguas,2026-03-22
Guaynabo,Puerto Rico,,Guaynabo,Guaynabo,2026-03-22
Arecibo,Puerto Rico,,Arecibo,Arecibo,2026-03-22
"Adjuntas, Puerto Rico",Puerto Rico,,"Adjuntas, Puerto Rico",Adjuntas,2026-03-22
Aguada,Puerto Rico,,Aguada,Aguada,2026-03-22
Aguadilla,Puerto Rico,,Aguadilla,Aguadilla,2026-03-22
Aguas Buenas,Puerto Rico,,Aguas Buenas,Aguas Buenas,2026-03-22
Aibonito,Puerto Rico,,Aibonito,Aibonito,2026-03-22
Anasco,Puerto Rico,,Anasco,Anasco,2026-03-22
Arroyo,Puerto Rico,,Arroyo,Arroyo,2026-03-22
Bajadero,Puerto Rico,,Bajadero,Bajadero,2026-03-22
Barceloneta,Puerto Rico,,Barceloneta,Barceloneta,2026-03-22
Barranquitas,Puerto Rico,,Barranquitas,Barranquitas,2026-03-22
Boqueron,Puerto Rico,,Boqueron,Boqueron,2026-03-22
Cabo Rojo,Puerto Rico,,Cabo Rojo,Cabo Rojo,2026-03-22
"Camuy, Puerto Rico",Puerto Rico,,"Camuy, Puerto Rico",Camuy,2026-03-22
DOHA,Qatar,,DOHA,DOHA,2026-03-22
Al-Khoor,Qatar,,Al-Khoor,Al-Khoor,2026-03-22
Al-Wakrah,Qatar,,Al-Wakrah,Al-Wakrah,2026-03-22
Ad Dawhah,Qatar,,Ad Dawhah,Ad Dawhah,2026-03-22
Al Ghuwayriyah,Qatar,,Al Ghuwayriyah,Al Ghuwayriyah,2026-03-22
Al Jumayliyah,Qatar,,Al Jumayliyah,Al Jumayliyah,2026-03-22
Al Khawr,Qatar,,Al Khawr,Al Khawr,2026-03-22
Ar Rayyan,Qatar,,Ar Rayyan,Ar Rayyan,2026-03-22
Jarayan al Batinah,Qatar,,Jarayan al Batinah,Jarayan al Batinah,2026-03-22
Madinat ash Shamal,Qatar,,Madinat ash Shamal,Madinat ash Shamal,2026-03-22
Mesaieed,Qatar,,Mesaieed,Umm Sa'id,2026-03-22
Al Ghuwariyah,Qatar,,Al Ghuwariyah,Al Ghuwayrīyah,2026-03-22
Al Rayyan,Qatar,,Al Rayyan,Ar Rayyān,2026-03-22
Al Jemailiya,Qatar,,Al Jemailiya,Al Jumaylīyah,2026-03-22
Brazzaville,Republic of the Congo,,Brazzaville,Brazzaville,2026-03-22
Roland Garros Airport,Réunion,,Roland Garros Airport,SAINT-DENIS,2026-03-22
Saint-Paul,Réunion,,Saint-Paul,Saint-Paul,2026-03-22
Saint-Pierre,Réunion,,Saint-Pierre,Saint-Pierre,2026-03-22
"Saint-Denis, Réunion",Réunion,,"Saint-Denis, Réunion",Saint-André,2026-03-22
"Saint-Louis, Réunion",Réunion,,"Saint-Louis, Réunion",Saint-Louis,2026-03-22
"Le Port, Réunion",Réunion,,"Le Port, Réunion",Le Port,2026-03-22
"Hôtel de Ville, Saint-Benoît, Réunion",Réunion,,"Hôtel de Ville, Saint-Benoît, Réunion",Saint-Benoît,2026-03-22
Réunion,Réunion,,Réunion,Saint-Joseph,2026-03-22
"Sainte-Marie, Réunion",Réunion,,"Sainte-Marie, Réunion",Sainte-Marie,2026-03-22
"Saint-Leu, Réunion",Réunion,,"Saint-Leu, Réunion",Saint-Leu,2026-03-22
"Hôtel de Ville, La Possession",Réunion,,"Hôtel de Ville, La Possession",La Possession,2026-03-22
Bucharest,Romania,,Bucharest,BUCURESTI,2026-03-22
Sibiu,Romania,,Sibiu,Sibiu,2026-03-22
Iasi,Romania,,Iasi,Iasi,2026-03-22
Timisoara,Romania,,Timisoara,Timisoara,2026-03-22
Cluj-Napoca,Romania,,Cluj-Napoca,Cluj-Napoca,2026-03-22
Constanta,Romania,,Constanta,Constanta,2026-03-22
Craiova,Romania,,Craiova,Craiova,2026-03-22
Galati,Romania,,Galati,Galati,2026-03-22
Brasov,Romania,,Brasov,Brasov,2026-03-22
Ploiesti,Romania,,Ploiesti,Ploiesti,2026-03-22
Braila,Romania,,Braila,Braila,2026-03-22
Oradea,Romania,,Oradea,Oradea,2026-03-22
Bacau,Romania,,Bacau,Bacau,2026-03-22
Pitesti,Romania,,Pitesti,Pitesti,2026-03-22
Arad,Romania,,Arad,Arad,2026-03-22
Tirgu-Mures,Romania,,Tirgu-Mures,Tirgu-Mures,2026-03-22
Baia Mare,Romania,,Baia Mare,Baia Mare,2026-03-22
Buzau,Romania,,Buzau,Buzau,2026-03-22
Botosani,Romania,,Botosani,Botosani,2026-03-22
Rimnicu Vilcea,Romania,,Rimnicu Vilcea,Rimnicu Vilcea,2026-03-22
Satu-Mare,Romania,,Satu-Mare,Satu-Mare,2026-03-22
Suceava,Romania,,Suceava,Suceava,2026-03-22
Piatra Neamt,Romania,,Piatra Neamt,Piatra Neamt,2026-03-22
Drobeta Turnu-Severin,Romania,,Drobeta Turnu-Severin,Drobeta Turnu-Severin,2026-03-22
Focsani,Romania,,Focsani,Focsani,2026-03-22
Adjud,Romania,,Adjud,Adjud,2026-03-22
Afumati,Romania,,Afumati,Afumati,2026-03-22
Agnita,Romania,,Agnita,Agnita,2026-03-22
Aiud,Romania,,Aiud,Aiud,2026-03-22
Alba,Romania,,Alba,Alba,2026-03-22
Alba Iulia,Romania,,Alba Iulia,Alba Iulia,2026-03-22
Moscow,Russia,,Moscow,MOSKVA,2026-03-22
St. Petersburg,Russia,,St. Petersburg,St. Petersburg,2026-03-22
Novosibirsk,Russia,,Novosibirsk,Novosibirsk,2026-03-22
Ekaterinburg,Russia,,Ekaterinburg,Ekaterinburg,2026-03-22
Nizhny Novgorod,Russia,,Nizhny Novgorod,Nizhny Novgorod,2026-03-22
Samara,Russia,Samarskaya oblast,Samara,Samara,2026-03-22
Kazan,Russia,,Kazan,Kazan,2026-03-22
Omsk,Russia,,Omsk,Omsk,2026-03-22
Chelyabinsk,Russia,,Chelyabinsk,Chelyabinsk,2026-03-22
Rostov-na-Donu,Russia,,Rostov-na-Donu,Rostov-na-Donu,2026-03-22
Ufa,Russia,,Ufa,Ufa,2026-03-22
Volgograd,Russia,,Volgograd,Volgograd,2026-03-22
Perm,Russia,,Perm,Perm,2026-03-22
Krasnoyarsk,Russia,,Krasnoyarsk,Krasnoyarsk,2026-03-22
Voronezh,Russia,,Voronezh,Voronezh,2026-03-22
Saratov,Russia,,Saratov,Saratov,2026-03-22
Krasnodar,Russia,,Krasnodar,Krasnodar,2026-03-22
Tolyatti,Russia,,Tolyatti,Tolyatti,2026-03-22
Izhevsk,Russia,,Izhevsk,Izhevsk,2026-03-22
Barnaul,Russia,,Barnaul,Barnaul,2026-03-22
Tyumen,Russia,,Tyumen,Tyumen,2026-03-22
Ulyanovsk,Russia,,Ulyanovsk,Ulyanovsk,2026-03-22
Irkutsk,Russia,,Irkutsk,Irkutsk,2026-03-22
Vladivostok,Russia,,Vladivostok,Vladivostok,2026-03-22
Yaroslavl,Russia,,Yaroslavl,Yaroslavl,2026-03-22
Khabarovsk,Russia,,Khabarovsk,Khabarovsk,2026-03-22
Makhachkala,Russia,,Makhachkala,Makhachkala,2026-03-22
Orenburg,Russia,,Orenburg,Orenburg,2026-03-22
Novokuznetsk,Russia,,Novokuznetsk,Novokuznetsk,2026-03-22
Tomsk,Russia,,Tomsk,Tomsk,2026-03-22
Kemerovo,Russia,,Kemerovo,Kemerovo,2026-03-22
Ryazan,Russia,,Ryazan,Ryazan,2026-03-22
Astrakhan,Russia,,Astrakhan,Astrakhan,2026-03-22
Penza,Russia,,Penza,Penza,2026-03-22
Naberezhnye Tchelny,Russia,,Naberezhnye Tchelny,Naberezhnye Tchelny,2026-03-22
Lipetsk,Russia,,Lipetsk,Lipetsk,2026-03-22
Tula,Russia,,Tula,Tula,2026-03-22
Kirov,Russia,,Kirov,Kirov,2026-03-22
Cheboksary,Russia,,Cheboksary,Cheboksary,2026-03-22
Kaliningrad,Russia,Kaliningradskaya oblast,Kaliningrad,Kaliningrad,2026-03-22
Kursk,Russia,,Kursk,Kursk,2026-03-22
Ulan-Ude,Russia,,Ulan-Ude,Ulan-Ude,2026-03-22
Bryansk,Russia,,Bryansk,Bryansk,2026-03-22
Magnitogorsk,Russia,,Magnitogorsk,Magnitogorsk,2026-03-22
Ivanovo,Russia,,Ivanovo,Ivanovo,2026-03-22
Stavropol,Russia,,Stavropol,Stavropol,2026-03-22
Tver,Russia,,Tver,Tver,2026-03-22
Belgorod,Russia,,Belgorod,Belgorod,2026-03-22
Sochi,Russia,,Sochi,Sochi,2026-03-22
Nizhny Tagil,Russia,,Nizhny Tagil,Nizhny Tagil,2026-03-22
Arkhangelsk,Russia,,Arkhangelsk,Arkhangelsk,2026-03-22
Kovrov,Russia,,Kovrov,Kovrov,2026-03-22
Vladimir,Russia,,Vladimir,Vladimir,2026-03-22
Smolensk,Russia,,Smolensk,Smolensk,2026-03-22
Chita,Russia,,Chita,Chita,2026-03-22
Kaluga,Russia,,Kaluga,Kaluga,2026-03-22
Kurgan,Russia,,Kurgan,Kurgan,2026-03-22
Surgut,Russia,,Surgut,Surgut,2026-03-22
Volzhsky,Russia,,Volzhsky,Volzhsky,2026-03-22
Orel,Russia,,Orel,Orel,2026-03-22
Cherepovets,Russia,,Cherepovets,Cherepovets,2026-03-22
Vladikavkaz,Russia,Osetinskaya ASSR,Vladikavkaz,Vladikavkaz,2026-03-22
Vologda,Russia,,Vologda,Vologda,2026-03-22
Murmansk,Russia,,Murmansk,Murmansk,2026-03-22
Saransk,Russia,,Saransk,Saransk,2026-03-22
Yakutsk,Russia,,Yakutsk,Yakutsk,2026-03-22
Tambov,Russia,,Tambov,Tambov,2026-03-22
Groznyi,Russia,,Groznyi,Groznyi,2026-03-22
Sterlitamak,Russia,,Sterlitamak,Sterlitamak,2026-03-22
Kostroma,Russia,,Kostroma,Kostroma,2026-03-22
Petrozavodsk,Russia,,Petrozavodsk,Petrozavodsk,2026-03-22
Nizhnevartovsk,Russia,,Nizhnevartovsk,Nizhnevartovsk,2026-03-22
Komsomolsk-na-Amure,Russia,,Komsomolsk-na-Amure,Komsomolsk-na-Amure,2026-03-22
Taganrog,Russia,,Taganrog,Taganrog,2026-03-22
Yoshkar-Ola,Russia,,Yoshkar-Ola,Yoshkar-Ola,2026-03-22
Novorossiysk,Russia,,Novorossiysk,Novorossiysk,2026-03-22
Bratsk,Russia,,Bratsk,Bratsk,2026-03-22
Syktivkar,Russia,,Syktivkar,Syktivkar,2026-03-22
Naltchik,Russia,,Naltchik,Naltchik,2026-03-22
Dzerzhinsk,Russia,Nizhegorodskaya oblast,Dzerzhinsk,Dzerzhinsk,2026-03-22
Shakhty,Russia,,Shakhty,Shakhty,2026-03-22
Orsk,Russia,,Orsk,Orsk,2026-03-22
Nizhnekamsk,Russia,,Nizhnekamsk,Nizhnekamsk,2026-03-22
Angarsk,Russia,,Angarsk,Angarsk,2026-03-22
Balashikha,Russia,,Balashikha,Balashikha,2026-03-22
Stary Oskol,Russia,,Stary Oskol,Stary Oskol,2026-03-22
Velikiy Novgorod,Russia,,Velikiy Novgorod,Velikiy Novgorod,2026-03-22
Khimki,Russia,,Khimki,Khimki,2026-03-22
Blagoveshchensk,Russia,Amurskaya oblast,Blagoveshchensk,Blagoveshchensk,2026-03-22
Engels,Russia,,Engels,Engels,2026-03-22
Biisk,Russia,,Biisk,Biisk,2026-03-22
Prokopyevsk,Russia,,Prokopyevsk,Prokopyevsk,2026-03-22
Pskov,Russia,,Pskov,Pskov,2026-03-22
Podolsk,Russia,,Podolsk,Podolsk,2026-03-22
Rybinsk,Russia,,Rybinsk,Rybinsk,2026-03-22
Balakovo,Russia,,Balakovo,Balakovo,2026-03-22
Armavir,Russia,,Armavir,Armavir,2026-03-22
Severodvinsk,Russia,,Severodvinsk,Severodvinsk,2026-03-22
Yuzhno-Sakhalinsk,Russia,,Yuzhno-Sakhalinsk,Yuzhno-Sakhalinsk,2026-03-22
Korolev,Russia,Moskovskaya oblast,Korolev,Korolev,2026-03-22
Petropavlovsk-Kamchatsky,Russia,,Petropavlovsk-Kamchatsky,Petropavlovsk-Kamchatsky,2026-03-22
Lyubertsy,Russia,,Lyubertsy,Lyubertsy,2026-03-22
Norilsk,Russia,,Norilsk,Norilsk,2026-03-22
Syzran,Russia,,Syzran,Syzran,2026-03-22
Mytishchi,Russia,,Mytishchi,Mytishchi,2026-03-22
Gitarama,Rwanda,,Gitarama,Gitarama,2026-03-22
Butare,Rwanda,,Butare,Butare,2026-03-22
Byumba,Rwanda,,Byumba,Byumba,2026-03-22
Cyangugu,Rwanda,,Cyangugu,Cyangugu,2026-03-22
Gikongoro,Rwanda,,Gikongoro,Gikongoro,2026-03-22
Gisenyi,Rwanda,,Gisenyi,Gisenyi,2026-03-22
Kibungo,Rwanda,,Kibungo,Kibungo,2026-03-22
Kibuye,Rwanda,,Kibuye,Kibuye,2026-03-22
Kigali Rurale,Rwanda,,Kigali Rurale,Kigali Rurale,2026-03-22
Kigali-ville,Rwanda,,Kigali-ville,Kigali-ville,2026-03-22
Umutara,Rwanda,,Umutara,Umutara,2026-03-22
Ruhengeri,Rwanda,,Ruhengeri,Ruhengeri,2026-03-22
Rwamagana,Rwanda,,Rwamagana,Rwamagana,2026-03-22
Musanze,Rwanda,,Musanze,Musanze,2026-03-22
"Eglise Catholique, Centrale GIKO",Rwanda,,"Eglise Catholique, Centrale GIKO","Eglise Catholique, Centrale GIKO",2026-03-22
Nzega,Rwanda,,Nzega,Nzega,2026-03-22
Gustavia,Saint Barthélemy,,Gustavia,Gustavia,2026-03-22
Jamestown,"Saint Helena, Ascension and Tristan da Cunha",,Jamestown,Jamestown,2026-03-22
BASSETERRE,Saint Kitts and Nevis,,BASSETERRE,BASSETERRE,2026-03-22
Cayon,Saint Kitts and Nevis,,Cayon,Cayon,2026-03-22
Charlestown,Saint Kitts and Nevis,,Charlestown,Charlestown,2026-03-22
Dieppe Bay Town,Saint Kitts and Nevis,,Dieppe Bay Town,Dieppe Bay Town,2026-03-22
Gingerland,Saint Kitts and Nevis,,Gingerland,Gingerland,2026-03-22
Newcastle,Saint Kitts and Nevis,,Newcastle,Newcastle,2026-03-22
Saint Kitts and Nevis,Saint Kitts and Nevis,,Saint Kitts and Nevis,Old Road Town,2026-03-22
Anse La Raye,Saint Lucia,,Anse La Raye,Anse La Raye,2026-03-22
Au Tabor,Saint Lucia,,Au Tabor,Au Tabor,2026-03-22
Babonneau,Saint Lucia,,Babonneau,Babonneau,2026-03-22
Bocage,Saint Lucia,,Bocage,Bocage,2026-03-22
Castries - Capital,Saint Lucia,,Castries - Capital,Castries - Capital,2026-03-22
Canaries,Saint Lucia,,Canaries,Canaries,2026-03-22
Dennery District,Saint Lucia,,Dennery District,Dennery,2026-03-22
Micoud District,Saint Lucia,,Micoud District,Micoud,2026-03-22
"Mon Repos, Saint Lucia",Saint Lucia,,"Mon Repos, Saint Lucia",Mon Repos,2026-03-22
Gros Islet District,Saint Lucia,,Gros Islet District,Monchy,2026-03-22
Districts of Saint Lucia,Saint Lucia,,Districts of Saint Lucia,Praslin,2026-03-22
Castries,Saint Lucia,,Castries,Rodney Bay,2026-03-22
Tourat,Saint Lucia,,Tourat,Soucis,2026-03-22
Pitons (Saint Lucia),Saint Lucia,,Pitons (Saint Lucia),Soufrière,2026-03-22
Marigot,Saint Martin,,Marigot,Marigot,2026-03-22
SAINT-PIERRE,Saint Pierre and Miquelon,,SAINT-PIERRE,SAINT-PIERRE,2026-03-22
Geography of Saint Pierre and Miquelon,Saint Pierre and Miquelon,,Geography of Saint Pierre and Miquelon,Miquelon-Langlade,2026-03-22
Adelphi,Saint Vincent and the Grenadines,,Adelphi,Adelphi,2026-03-22
Arnos Vale,Saint Vincent and the Grenadines,,Arnos Vale,Arnos Vale,2026-03-22
Ashton,Saint Vincent and the Grenadines,,Ashton,Ashton,2026-03-22
Barrouallie,Saint Vincent and the Grenadines,,Barrouallie,Barrouallie,2026-03-22
Bednoe,Saint Vincent and the Grenadines,,Bednoe,Bednoe,2026-03-22
Geography of Saint Vincent and the Grenadines,Saint Vincent and the Grenadines,,Geography of Saint Vincent and the Grenadines,Belmont,2026-03-22
Kingstown,Saint Vincent and the Grenadines,,Kingstown,Calliaqua,2026-03-22
Hurricane Beryl,Saint Vincent and the Grenadines,,Hurricane Beryl,Camden Park,2026-03-22
PAGO PAGO,Samoa,,PAGO PAGO,PAGO PAGO,2026-03-22
A'ana,Samoa,,A'ana,A'ana,2026-03-22
Aiga-i-le-Tai,Samoa,,Aiga-i-le-Tai,Aiga-i-le-Tai,2026-03-22
Tui Ātua Tupua Tamasese Efi,Samoa,,Tui Ātua Tupua Tamasese Efi,Atua,2026-03-22
Districts of Samoa,Samoa,,Districts of Samoa,Fa'asaleleaga,2026-03-22
Legislative Assembly of Samoa,Samoa,,Legislative Assembly of Samoa,Gaga'emauga,2026-03-22
Gagaʻifomauga,Samoa,,Gagaʻifomauga,Gagaifomauga,2026-03-22
Apia,Samoa,,Apia,Palauli,2026-03-22
Architecture of Samoa,Samoa,,Architecture of Samoa,Satupa'itea,2026-03-22
Lake Lanoto'o National Park,Samoa,,Lake Lanoto'o National Park,Tuamasaga,2026-03-22
ʻAva ceremony,Samoa,,ʻAva ceremony,Va'a-o-Fonoti,2026-03-22
Faʻamatai,Samoa,,Faʻamatai,Satapuala,2026-03-22
Samoan Islands,Samoa,,Samoan Islands,Mulifanua,2026-03-22
City of San Marino,San Marino,,City of San Marino,SAN MARINO,2026-03-22
Acquaviva,San Marino,,Acquaviva,Acquaviva,2026-03-22
Falciano,San Marino,,Falciano,Falciano,2026-03-22
Fiorentino,San Marino,,Fiorentino,Fiorentino,2026-03-22
Serravalle,San Marino,,Serravalle,Serravalle,2026-03-22
Borgo Maggiore,San Marino,,Borgo Maggiore,Borgo Maggiore,2026-03-22
Poggio di Chiesanuova,San Marino,,Poggio di Chiesanuova,Poggio di Chiesanuova,2026-03-22
Domagnano,San Marino,,Domagnano,Domagnano,2026-03-22
Faetano,San Marino,,Faetano,Faetano,2026-03-22
Monte Giardino,San Marino,,Monte Giardino,Monte Giardino,2026-03-22
São Tomé,São Tomé and Príncipe,,São Tomé,São Tomé,2026-03-22
Jiddah,Saudi Arabia,,Jiddah,Jiddah,2026-03-22
Makkah,Saudi Arabia,,Makkah,Makkah,2026-03-22
Al-Madinah,Saudi Arabia,,Al-Madinah,Al-Madinah,2026-03-22
Ad-Dammam,Saudi Arabia,,Ad-Dammam,Ad-Dammam,2026-03-22
At-Ta'if,Saudi Arabia,,At-Ta'if,At-Ta'if,2026-03-22
Buraydah,Saudi Arabia,,Buraydah,Buraydah,2026-03-22
Khamis Mushayt,Saudi Arabia,,Khamis Mushayt,Khamis Mushayt,2026-03-22
Al-Hufuf,Saudi Arabia,,Al-Hufuf,Al-Hufuf,2026-03-22
Al-Mubarraz,Saudi Arabia,,Al-Mubarraz,Al-Mubarraz,2026-03-22
Ha'il,Saudi Arabia,,Ha'il,Ha'il,2026-03-22
Najran,Saudi Arabia,Aba as-Suud,Najran,Najran,2026-03-22
Hafar al-Batin,Saudi Arabia,,Hafar al-Batin,Hafar al-Batin,2026-03-22
Al-Jubayl,Saudi Arabia,,Al-Jubayl,Al-Jubayl,2026-03-22
Abha,Saudi Arabia,,Abha,Abha,2026-03-22
Al-Kharj,Saudi Arabia,,Al-Kharj,Al-Kharj,2026-03-22
Ath-Thuqbah,Saudi Arabia,,Ath-Thuqbah,Ath-Thuqbah,2026-03-22
Yanbu al-Bahr,Saudi Arabia,,Yanbu al-Bahr,Yanbu al-Bahr,2026-03-22
Al-Khubar,Saudi Arabia,,Al-Khubar,Al-Khubar,2026-03-22
Ar'ar,Saudi Arabia,,Ar'ar,Ar'ar,2026-03-22
Al-Hawiyah,Saudi Arabia,,Al-Hawiyah,Al-Hawiyah,2026-03-22
Unayzah,Saudi Arabia,,Unayzah,Unayzah,2026-03-22
Sekaka,Saudi Arabia,,Sekaka,Sekaka,2026-03-22
Jizan,Saudi Arabia,,Jizan,Jizan,2026-03-22
Al-Qurrayyat,Saudi Arabia,,Al-Qurrayyat,Al-Qurrayyat,2026-03-22
Abqaiq,Saudi Arabia,,Abqaiq,Abqaiq,2026-03-22
Al Bahah,Saudi Arabia,,Al Bahah,Al Bahah,2026-03-22
Al Faruq,Saudi Arabia,,Al Faruq,Al Faruq,2026-03-22
Al Qatif,Saudi Arabia,,Al Qatif,Al Qatif,2026-03-22
Al Yamamah,Saudi Arabia,,Al Yamamah,Al Yamamah,2026-03-22
At Tuwal,Saudi Arabia,,At Tuwal,At Tuwal,2026-03-22
Buraidah,Saudi Arabia,,Buraidah,Buraidah,2026-03-22
Dammam,Saudi Arabia,,Dammam,Dammam,2026-03-22
Dhahran,Saudi Arabia,,Dhahran,Dhahran,2026-03-22
Hayil,Saudi Arabia,,Hayil,Hayil,2026-03-22
Jazirah,Saudi Arabia,,Jazirah,Jazirah,2026-03-22
Jeddah,Saudi Arabia,,Jeddah,Jeddah,2026-03-22
Jubail,Saudi Arabia,,Jubail,Jubail,2026-03-22
Khamis Mushait,Saudi Arabia,,Khamis Mushait,Khamis Mushait,2026-03-22
Khobar,Saudi Arabia,,Khobar,Khobar,2026-03-22
Khulays,Saudi Arabia,,Khulays,Khulays,2026-03-22
Linah,Saudi Arabia,,Linah,Linah,2026-03-22
Madinat Yanbu` as Sina`iyah,Saudi Arabia,,Madinat Yanbu` as Sina`iyah,Madinat Yanbu` as Sina`iyah,2026-03-22
Mecca,Saudi Arabia,,Mecca,Mecca,2026-03-22
Medina,Saudi Arabia,,Medina,Medina,2026-03-22
Mina,Saudi Arabia,,Mina,Mina,2026-03-22
Rabigh,Saudi Arabia,,Rabigh,Rabigh,2026-03-22
Rahimah,Saudi Arabia,,Rahimah,Rahimah,2026-03-22
Rahman,Saudi Arabia,,Rahman,Rahman,2026-03-22
Ramdah,Saudi Arabia,,Ramdah,Ramdah,2026-03-22
Ras Tanura,Saudi Arabia,,Ras Tanura,Ras Tanura,2026-03-22
Sabya,Saudi Arabia,,Sabya,Sabya,2026-03-22
Safwa,Saudi Arabia,,Safwa,Safwa,2026-03-22
Sakaka,Saudi Arabia,,Sakaka,Sakaka,2026-03-22
Sambah,Saudi Arabia,,Sambah,Sambah,2026-03-22
Sayhat,Saudi Arabia,,Sayhat,Sayhat,2026-03-22
Tabuk,Saudi Arabia,,Tabuk,Tabuk,2026-03-22
Al Majāridah,Saudi Arabia,,Al Majāridah,Al Majāridah,2026-03-22
An Nimāş,Saudi Arabia,,An Nimāş,An Nimāş,2026-03-22
Qal‘at Bīshah,Saudi Arabia,,Qal‘at Bīshah,Qal‘at Bīshah,2026-03-22
Sabt Al Alayah,Saudi Arabia,,Sabt Al Alayah,Sabt Al Alayah,2026-03-22
Tabālah,Saudi Arabia,,Tabālah,Tabālah,2026-03-22
Al Mindak,Saudi Arabia,,Al Mindak,Al Mindak,2026-03-22
Qurayyat,Saudi Arabia,,Qurayyat,Qurayyat,2026-03-22
Sakakah,Saudi Arabia,,Sakakah,Sakakah,2026-03-22
Şuwayr,Saudi Arabia,,Şuwayr,Şuwayr,2026-03-22
Pikine,Senegal,,Pikine,Pikine,2026-03-22
Thiès,Senegal,,Thiès,Thiès,2026-03-22
Mbour,Senegal,,Mbour,Mbour,2026-03-22
Kaolack,Senegal,,Kaolack,Kaolack,2026-03-22
Ziguinchor,Senegal,,Ziguinchor,Ziguinchor,2026-03-22
Rufisque,Senegal,,Rufisque,Rufisque,2026-03-22
Guediawaye,Senegal,,Guediawaye,Guediawaye,2026-03-22
Diourbel,Senegal,,Diourbel,Diourbel,2026-03-22
Saint Louis,Senegal,,Saint Louis,Saint Louis,2026-03-22
Boussinki,Senegal,,Boussinki,Boussinki,2026-03-22
Camberene,Senegal,,Camberene,Camberene,2026-03-22
Dodji,Senegal,,Dodji,Dodji,2026-03-22
Kedougou,Senegal,,Kedougou,Kedougou,2026-03-22
Louga,Senegal,,Louga,Louga,2026-03-22
Madina Kokoun,Senegal,,Madina Kokoun,Madina Kokoun,2026-03-22
Sama,Senegal,,Sama,Sama,2026-03-22
Tanaf,Senegal,,Tanaf,Tanaf,2026-03-22
Dakar Department,Senegal,,Dakar Department,Dakar Department,2026-03-22
Guédiawaye Department,Senegal,,Guédiawaye Department,Guédiawaye Department,2026-03-22
Mermoz Boabab,Senegal,,Mermoz Boabab,Mermoz Boabab,2026-03-22
N’diareme limamoulaye,Senegal,,N’diareme limamoulaye,N’diareme limamoulaye,2026-03-22
Pikine Department,Senegal,,Pikine Department,Pikine Department,2026-03-22
BEOGRAD,Serbia,BELGRADE,BEOGRAD,BEOGRAD,2026-03-22
Novi Sad,Serbia,,Novi Sad,Novi Sad,2026-03-22
Niš,Serbia,,Niš,Niš,2026-03-22
Kragujevac,Serbia,,Kragujevac,Kragujevac,2026-03-22
Subotica,Serbia,,Subotica,Subotica,2026-03-22
Pancevo,Serbia,,Pancevo,Pancevo,2026-03-22
Zrenjanin,Serbia,,Zrenjanin,Zrenjanin,2026-03-22
Cacak,Serbia,,Cacak,Cacak,2026-03-22
Kraljevo,Serbia,,Kraljevo,Kraljevo,2026-03-22
Leskovac,Serbia,,Leskovac,Leskovac,2026-03-22
Smederevo,Serbia,,Smederevo,Smederevo,2026-03-22
Kruševac,Serbia,,Kruševac,Kruševac,2026-03-22
Šabac,Serbia,,Šabac,Šabac,2026-03-22
Ada,Serbia,,Ada,Ada,2026-03-22
Bačka Topola,Serbia,,Bačka Topola,Backa Topola,2026-03-22
Bački Jarak,Serbia,,Bački Jarak,Backi Jarak,2026-03-22
VICTORIA,Seychelles,,VICTORIA,VICTORIA,2026-03-22
Anse aux Pins,Seychelles,,Anse aux Pins,Anse aux Pins,2026-03-22
Anse Boileau,Seychelles,,Anse Boileau,Anse Boileau,2026-03-22
Anse Etoile,Seychelles,,Anse Etoile,Anse Etoile,2026-03-22
Au Cap,Seychelles,,Au Cap,Anse Louis,2026-03-22
Districts of Seychelles,Seychelles,,Districts of Seychelles,Anse Royale,2026-03-22
Mahé,Seychelles,,Mahé,Baie Lazare,2026-03-22
Baie Saint Anne,Seychelles,,Baie Saint Anne,Baie Sainte Anne,2026-03-22
Index of Seychelles-related articles,Seychelles,,Index of Seychelles-related articles,Beau Vallon,2026-03-22
Geography of Seychelles,Seychelles,,Geography of Seychelles,Glacis,2026-03-22
Anse Intendance,Seychelles,,Anse Intendance,Grand' Anse,2026-03-22
Seychelles,Seychelles,,Seychelles,La Digue,2026-03-22
"English River, Seychelles",Seychelles,,"English River, Seychelles",La Riviere Anglaise,2026-03-22
"Victoria, Seychelles",Seychelles,,"Victoria, Seychelles",Mont Fleuri,2026-03-22
FREETOWN,Sierra Leone,,FREETOWN,FREETOWN,2026-03-22
Port Loko,Sierra Leone,,Port Loko,Port Loko,2026-03-22
Wangechi,Sierra Leone,,Wangechi,Wangechi,2026-03-22
Kalewa,Sierra Leone,,Kalewa,Kalewa,2026-03-22
Falaba,Sierra Leone,,Falaba,Falaba,2026-03-22
Gbinti,Sierra Leone,,Gbinti,Gbinti,2026-03-22
Kaima,Sierra Leone,,Kaima,Kaima,2026-03-22
Koindu,Sierra Leone,,Koindu,Koindu,2026-03-22
Lungi,Sierra Leone,,Lungi,Lungi,2026-03-22
Madina,Sierra Leone,,Madina,Madina,2026-03-22
Mano,Sierra Leone,,Mano,Mano,2026-03-22
"Mitu, Iran",Sierra Leone,,"Mitu, Iran",Matru,2026-03-22
"Bo, Sierra Leone",Sierra Leone,,"Bo, Sierra Leone",Njala,2026-03-22
Moyamba District,Sierra Leone,,Moyamba District,Shenge,2026-03-22
"Tongo, Sierra Leone",Sierra Leone,,"Tongo, Sierra Leone",Tongo,2026-03-22
Evolution of the Portuguese Empire,Sierra Leone,,Evolution of the Portuguese Empire,Tumbu,2026-03-22
Race in Singapore,Singapore,,Race in Singapore,SINGAPORE,2026-03-22
Ang Mo Kio New Town,Singapore,,Ang Mo Kio New Town,Ang Mo Kio New Town,2026-03-22
Ayer Raja New Town,Singapore,,Ayer Raja New Town,Ayer Raja New Town,2026-03-22
Bedok New Town,Singapore,,Bedok New Town,Bedok New Town,2026-03-22
Boon Lay,Singapore,,Boon Lay,Boon Lay,2026-03-22
Bukit Batok New Town,Singapore,,Bukit Batok New Town,Bukit Batok New Town,2026-03-22
Bukit Panjang New Town,Singapore,,Bukit Panjang New Town,Bukit Panjang New Town,2026-03-22
Bukit Timah,Singapore,,Bukit Timah,Bukit Timah,2026-03-22
Bukit Timah Estate,Singapore,,Bukit Timah Estate,Bukit Timah Estate,2026-03-22
Changi Village,Singapore,,Changi Village,Changi Village,2026-03-22
Choa Chu Kang New Town,Singapore,,Choa Chu Kang New Town,Choa Chu Kang New Town,2026-03-22
"Clementi, Singapore",Singapore,,"Clementi, Singapore",Clementi New Town,2026-03-22
Holland Village,Singapore,,Holland Village,Holland Village,2026-03-22
Hougang,Singapore,,Hougang,Hougang,2026-03-22
Jurong East New Town,Singapore,,Jurong East New Town,Jurong East New Town,2026-03-22
Jurong Town,Singapore,,Jurong Town,Jurong Town,2026-03-22
Jurong West New Town,Singapore,,Jurong West New Town,Jurong West New Town,2026-03-22
State of Singapore (Malaysia),Singapore,,State of Singapore (Malaysia),Kalang,2026-03-22
"Kembangan, Singapore",Singapore,,"Kembangan, Singapore",Kembangan,2026-03-22
Philipsburg,Sint Maarten,,Philipsburg,Philipsburg,2026-03-22
Kosice,Slovakia,,Kosice,Kosice,2026-03-22
Bahon,Slovakia,,Bahon,Bahon,2026-03-22
Baka,Slovakia,,Baka,Baka,2026-03-22
Banovce nad Bebravou,Slovakia,,Banovce nad Bebravou,Banovce nad Bebravou,2026-03-22
Bardejov,Slovakia,,Bardejov,Bardejov,2026-03-22
Bela,Slovakia,,Bela,Bela,2026-03-22
Beladice,Slovakia,,Beladice,Beladice,2026-03-22
Bernolakovo,Slovakia,,Bernolakovo,Bernolakovo,2026-03-22
Besenov,Slovakia,,Besenov,Besenov,2026-03-22
Blatnica,Slovakia,,Blatnica,Blatnica,2026-03-22
Bobrov,Slovakia,,Bobrov,Bobrov,2026-03-22
Bohdanovce,Slovakia,,Bohdanovce,Bohdanovce,2026-03-22
Boleraz,Slovakia,,Boleraz,Boleraz,2026-03-22
Borovce,Slovakia,,Borovce,Borovce,2026-03-22
Branc,Slovakia,,Branc,Branc,2026-03-22
Brezno,Slovakia,,Brezno,Brezno,2026-03-22
Brezova pod Bradlom,Slovakia,,Brezova pod Bradlom,Brezova pod Bradlom,2026-03-22
Bystricka,Slovakia,,Bystricka,Bystricka,2026-03-22
Cecejovce,Slovakia,,Cecejovce,Cecejovce,2026-03-22
Cechynce,Slovakia,,Cechynce,Cechynce,2026-03-22
Cerova,Slovakia,,Cerova,Cerova,2026-03-22
Cerveny Hradok,Slovakia,,Cerveny Hradok,Cerveny Hradok,2026-03-22
Cerveny Kamen,Slovakia,,Cerveny Kamen,Cerveny Kamen,2026-03-22
Chlebnice,Slovakia,,Chlebnice,Chlebnice,2026-03-22
Chorvatsky Grob,Slovakia,,Chorvatsky Grob,Chorvatsky Grob,2026-03-22
Chtelnica,Slovakia,,Chtelnica,Chtelnica,2026-03-22
Cifer,Slovakia,,Cifer,Cifer,2026-03-22
Detva,Slovakia,,Detva,Detva,2026-03-22
Diakovce,Slovakia,,Diakovce,Diakovce,2026-03-22
Diviaky nad Nitricou,Slovakia,,Diviaky nad Nitricou,Diviaky nad Nitricou,2026-03-22
Dlha nad Oravou,Slovakia,,Dlha nad Oravou,Dlha nad Oravou,2026-03-22
Dlhe Klcovo,Slovakia,,Dlhe Klcovo,Dlhe Klcovo,2026-03-22
Dlhe nad Cirochou,Slovakia,,Dlhe nad Cirochou,Dlhe nad Cirochou,2026-03-22
Dolna Marikova,Slovakia,,Dolna Marikova,Dolna Marikova,2026-03-22
Dolna Streda,Slovakia,,Dolna Streda,Dolna Streda,2026-03-22
Dolne Oresany,Slovakia,,Dolne Oresany,Dolne Oresany,2026-03-22
Ljubljana,Slovenia,,Ljubljana,LJUBLJANA,2026-03-22
Maribor,Slovenia,,Maribor,Maribor,2026-03-22
Ankaran,Slovenia,,Ankaran,Ankaran,2026-03-22
Begunje na Gorenjskem,Slovenia,,Begunje na Gorenjskem,Begunje na Gorenjskem,2026-03-22
Beltinci,Slovenia,,Beltinci,Beltinci,2026-03-22
Besnica,Slovenia,,Besnica,Besnica,2026-03-22
Bevke,Slovenia,,Bevke,Bevke,2026-03-22
Bistrica pri Rusah,Slovenia,,Bistrica pri Rusah,Bistrica pri Rusah,2026-03-22
Bled,Slovenia,,Bled,Bled,2026-03-22
Bohinjska Bela,Slovenia,,Bohinjska Bela,Bohinjska Bela,2026-03-22
Borovnica,Slovenia,,Borovnica,Borovnica,2026-03-22
Breginj,Slovenia,,Breginj,Breginj,2026-03-22
Brestanica,Slovenia,,Brestanica,Brestanica,2026-03-22
Municipalities of Slovenia,Slovenia,,Municipalities of Slovenia,Breznica,2026-03-22
Čemšenik,Slovenia,,Čemšenik,Cemsenik,2026-03-22
Slovenia,Slovenia,,Slovenia,Cerklje ob Krki,2026-03-22
Ceršak,Slovenia,,Ceršak,Cersak,2026-03-22
Kurentovanje,Slovenia,,Kurentovanje,Cirkovce,2026-03-22
Črenšovci,Slovenia,,Črenšovci,Crensovci,2026-03-22
Honiara Solomon Islands College of Higher Education,Solomon Islands,,Honiara Solomon Islands College of Higher Education,HONIARA,2026-03-22
Central,Solomon Islands,,Central,Central,2026-03-22
Choiseul,Solomon Islands,,Choiseul,Choiseul,2026-03-22
Guadalcanal,Solomon Islands,,Guadalcanal,Guadalcanal,2026-03-22
Isabel,Solomon Islands,,Isabel,Isabel,2026-03-22
Awdal,Somalia,,Awdal,Awdal,2026-03-22
Bakool,Somalia,,Bakool,Bakool,2026-03-22
Banaadir,Somalia,,Banaadir,Banaadir,2026-03-22
Bari,Somalia,,Bari,Bari,2026-03-22
Bay,Somalia,,Bay,Bay,2026-03-22
Galguduud,Somalia,,Galguduud,Galguduud,2026-03-22
Gedo,Somalia,,Gedo,Gedo,2026-03-22
Hiiraan,Somalia,,Hiiraan,Hiiraan,2026-03-22
Jubbada Dhexe,Somalia,,Jubbada Dhexe,Jubbada Dhexe,2026-03-22
Jubbada Hoose,Somalia,,Jubbada Hoose,Jubbada Hoose,2026-03-22
Mudug,Somalia,,Mudug,Mudug,2026-03-22
Nugaal,Somalia,,Nugaal,Nugaal,2026-03-22
Sanaag,Somalia,,Sanaag,Sanaag,2026-03-22
Shabeellaha Dhexe,Somalia,,Shabeellaha Dhexe,Shabeellaha Dhexe,2026-03-22
Shabeellaha Hoose,Somalia,,Shabeellaha Hoose,Shabeellaha Hoose,2026-03-22
Sool,Somalia,,Sool,Sool,2026-03-22
Togdheer,Somalia,,Togdheer,Togdheer,2026-03-22
Woqooyi Galbeed,Somalia,,Woqooyi Galbeed,Woqooyi Galbeed,2026-03-22
Tayeeglow,Somalia,,Tayeeglow,Tayeeglow,2026-03-22
Waajid,Somalia,,Waajid,Waajid,2026-03-22
Cape Town International Airport,South Africa,,Cape Town International Airport,CAPE TOWN,2026-03-22
Soweto,South Africa,,Soweto,Soweto,2026-03-22
Port Elizabeth,South Africa,,Port Elizabeth,Port Elizabeth,2026-03-22
Johannesburg,South Africa,,Johannesburg,Johannesburg,2026-03-22
Durban,South Africa,,Durban,Durban,2026-03-22
Pietermaritzburg,South Africa,,Pietermaritzburg,Pietermaritzburg,2026-03-22
Vereeniging,South Africa,,Vereeniging,Vereeniging,2026-03-22
Benoni,South Africa,,Benoni,Benoni,2026-03-22
Pretoria,South Africa,,Pretoria,BLOEMFONTEIN,2026-03-22
Kathlehong,South Africa,,Kathlehong,Kathlehong,2026-03-22
Kempton Park,South Africa,,Kempton Park,Kempton Park,2026-03-22
Umlazi,South Africa,,Umlazi,Umlazi,2026-03-22
Khayelitsa,South Africa,,Khayelitsa,Khayelitsa,2026-03-22
Roodepoort,South Africa,,Roodepoort,Roodepoort,2026-03-22
Boksburg,South Africa,,Boksburg,Boksburg,2026-03-22
Tembisa,South Africa,,Tembisa,Tembisa,2026-03-22
Kimberley,South Africa,,Kimberley,Kimberley,2026-03-22
Botshabelo,South Africa,,Botshabelo,Botshabelo,2026-03-22
Mangaung,South Africa,,Mangaung,Mangaung,2026-03-22
Alexandra,South Africa,,Alexandra,Alexandra,2026-03-22
Germiston,South Africa,,Germiston,Germiston,2026-03-22
Springs,South Africa,,Springs,Springs,2026-03-22
Alberton,South Africa,,Alberton,Alberton,2026-03-22
Alice,South Africa,,Alice,Alice,2026-03-22
Alrode,South Africa,,Alrode,Alrode,2026-03-22
Amanzimtoti,South Africa,,Amanzimtoti,Amanzimtoti,2026-03-22
Ashton,South Africa,,Ashton,Ashton,2026-03-22
Atlantis,South Africa,,Atlantis,Atlantis,2026-03-22
Balfour,South Africa,,Balfour,Balfour,2026-03-22
Bathurst,South Africa,,Bathurst,Bathurst,2026-03-22
Beaufort West,South Africa,,Beaufort West,Beaufort West,2026-03-22
Bedfordview,South Africa,,Bedfordview,Bedfordview,2026-03-22
Belhar,South Africa,,Belhar,Belhar,2026-03-22
Bellville,South Africa,,Bellville,Bellville,2026-03-22
Bergvliet,South Africa,,Bergvliet,Bergvliet,2026-03-22
Bethal,South Africa,,Bethal,Bethal,2026-03-22
Bethlehem,South Africa,,Bethlehem,Bethlehem,2026-03-22
Bothasig,South Africa,,Bothasig,Bothasig,2026-03-22
Braamfontein,South Africa,,Braamfontein,Braamfontein,2026-03-22
Brackenfell,South Africa,,Brackenfell,Brackenfell,2026-03-22
Brakpan,South Africa,,Brakpan,Brakpan,2026-03-22
Bredasdorp,South Africa,,Bredasdorp,Bredasdorp,2026-03-22
Brits,South Africa,,Brits,Brits,2026-03-22
Bronkhorstspruit,South Africa,,Bronkhorstspruit,Bronkhorstspruit,2026-03-22
Corbeta Uruguay base (settlement),South Georgia,,Corbeta Uruguay base (settlement),Corbeta Uruguay base (settlement),2026-03-22
Godthul (settlement),South Georgia,,Godthul (settlement),Godthul (settlement),2026-03-22
Andong,South Korea,,Andong,Andong,2026-03-22
Ansan-si,South Korea,,Ansan-si,Ansan-si,2026-03-22
Anseong,South Korea,,Anseong,Anseong,2026-03-22
Anyang-si,South Korea,,Anyang-si,Anyang-si,2026-03-22
Asan,South Korea,,Asan,Asan,2026-03-22
Bucheon-si,South Korea,,Bucheon-si,Bucheon-si,2026-03-22
Busan,South Korea,,Busan,Busan,2026-03-22
Changwon,South Korea,,Changwon,Changwon,2026-03-22
Cheonan,South Korea,,Cheonan,Cheonan,2026-03-22
Cheongju-si,South Korea,,Cheongju-si,Cheongju-si,2026-03-22
Chilgok,South Korea,,Chilgok,Chilgok,2026-03-22
Chuncheon,South Korea,,Chuncheon,Chuncheon,2026-03-22
Chungju,South Korea,,Chungju,Chungju,2026-03-22
Chungnim,South Korea,,Chungnim,Chungnim,2026-03-22
Daegu,South Korea,,Daegu,Daegu,2026-03-22
Daejeon,South Korea,,Daejeon,Daejeon,2026-03-22
Deokjin,South Korea,,Deokjin,Deokjin,2026-03-22
Duchon,South Korea,,Duchon,Duchon,2026-03-22
Gangneung,South Korea,,Gangneung,Gangneung,2026-03-22
Gimhae,South Korea,,Gimhae,Gimhae,2026-03-22
Gongju,South Korea,,Gongju,Gongju,2026-03-22
Gumi,South Korea,,Gumi,Gumi,2026-03-22
Gunnae,South Korea,,Gunnae,Gunnae,2026-03-22
Gwangju,South Korea,,Gwangju,Gwangju,2026-03-22
Gwangmyeong,South Korea,,Gwangmyeong,Gwangmyeong,2026-03-22
Gyeongju,South Korea,,Gyeongju,Gyeongju,2026-03-22
Gyeongsan-si,South Korea,,Gyeongsan-si,Gyeongsan-si,2026-03-22
Juba,South Sudan,,Juba,Juba,2026-03-22
Barcelona,Spain,Catalonia,Barcelona,Barcelona,2026-03-22
Madrid,Spain,Community of Madrid,Madrid,Madrid,2026-03-22
Valencia,Spain,Valencian Community,Valencia,Valencia,2026-03-22
Granada,Spain,Andalusia,Granada,Granada,2026-03-22
Mallorca,Spain,Balearic Islands,Palma,Mallorca,2026-03-22
San Sebastian,Spain,Basque Country,San Sebastian,San Sebastian,2026-03-22
Cordoba,Spain,Andalusia,Cordoba,Cordoba,2026-03-22
Santiago de Compostela,Spain,Galicia,Santiago de Compostela,Santiago de Compostela,2026-03-22
Ibiza,Spain,Balearic Islands,Ibiza Town,Ibiza,2026-03-22
Canary Islands,Spain,Canary Islands,Las Palmas,Canary Islands,2026-03-22
Bilbao,Spain,Basque Country,Bilbao,Bilbao,2026-03-22
Seville,Spain,,Seville,Sevilla,2026-03-22
Zaragoza,Spain,,Zaragoza,Zaragoza,2026-03-22
Málaga,Spain,,Málaga,Málaga,2026-03-22
Murcia,Spain,,Murcia,Murcia,2026-03-22
Palma de Mallorca,Spain,,Palma de Mallorca,Palma de Mallorca,2026-03-22
Palma,Spain,,Palma,Palma,2026-03-22
Palmas de Gran Canaria,Spain,,Palmas de Gran Canaria,Palmas de Gran Canaria,2026-03-22
Las Palmas de Gran Canaria,Spain,,Las Palmas de Gran Canaria,Las Palmas de Gran Canaria,2026-03-22
Alicante,Spain,,Alicante,Alicante,2026-03-22
Valladolid,Spain,,Valladolid,Valladolid,2026-03-22
Vigo,Spain,,Vigo,Vigo,2026-03-22
Gijón,Spain,,Gijón,Gijón,2026-03-22
Hospitalet de Llobregat,Spain,,Hospitalet de Llobregat,Hospitalet de Llobregat,2026-03-22
A Coruña,Spain,,A Coruña,A Coruña,2026-03-22
La Coruña,Spain,,La Coruña,La Coruña,2026-03-22
Vitoria-Gasteiz,Spain,,Vitoria-Gasteiz,Vitoria-Gasteiz,2026-03-22
Elche,Spain,,Elche,Elche,2026-03-22
Oviedo,Spain,,Oviedo,Oviedo,2026-03-22
Badalona,Spain,,Badalona,Badalona,2026-03-22
Terrassa,Spain,,Terrassa,Terrassa,2026-03-22
Jérez de la Frontera,Spain,,Jérez de la Frontera,Jérez de la Frontera,2026-03-22
Sabadell,Spain,,Sabadell,Sabadell,2026-03-22
Santa Cruz de Tenerife,Spain,,Santa Cruz de Tenerife,Santa Cruz de Tenerife,2026-03-22
Móstoles,Spain,,Móstoles,Móstoles,2026-03-22
Alcalá de Henares,Spain,,Alcalá de Henares,Alcalá de Henares,2026-03-22
Fuenlabrada,Spain,,Fuenlabrada,Fuenlabrada,2026-03-22
Pamplona,Spain,,Pamplona,Pamplona,2026-03-22
Almería,Spain,,Almería,Almería,2026-03-22
Leganés,Spain,,Leganés,Leganés,2026-03-22
Donostia - San Sebastián,Spain,,Donostia - San Sebastián,Donostia - San Sebastián,2026-03-22
Castellón de la Plana,Spain,,Castellón de la Plana,Castellón de la Plana,2026-03-22
Burgos,Spain,,Burgos,Burgos,2026-03-22
Santander,Spain,,Santander,Santander,2026-03-22
Albacete,Spain,,Albacete,Albacete,2026-03-22
Getafe,Spain,,Getafe,Getafe,2026-03-22
Alcorcón,Spain,,Alcorcón,Alcorcón,2026-03-22
Logroño,Spain,,Logroño,Logroño,2026-03-22
San Cristóbal de La Laguna,Spain,,San Cristóbal de La Laguna,San Cristóbal de La Laguna,2026-03-22
Badajoz,Spain,,Badajoz,Badajoz,2026-03-22
Huelva,Spain,,Huelva,Huelva,2026-03-22
Marbella,Spain,,Marbella,Marbella,2026-03-22
Lleida,Spain,,Lleida,Lleida,2026-03-22
Tarragona,Spain,,Tarragona,Tarragona,2026-03-22
Dos Hermanas,Spain,,Dos Hermanas,Dos Hermanas,2026-03-22
Parla,Spain,,Parla,Parla,2026-03-22
Torrejón de Ardoz,Spain,,Torrejón de Ardoz,Torrejón de Ardoz,2026-03-22
Mataró,Spain,,Mataró,Mataró,2026-03-22
Cádiz,Spain,,Cádiz,Cádiz,2026-03-22
Santa Coloma de Gramanet,Spain,,Santa Coloma de Gramanet,Santa Coloma de Gramanet,2026-03-22
Jaén,Spain,,Jaén,Jaén,2026-03-22
Algeciras,Spain,,Algeciras,Algeciras,2026-03-22
Sri Jayawardenepura Kotte,Sri Lanka,,Sri Jayawardenepura Kotte,COLOMBO,2026-03-22
Dehiwala-Mount Lavinia,Sri Lanka,,Dehiwala-Mount Lavinia,Dehiwala-Mount Lavinia,2026-03-22
Moratuwa,Sri Lanka,,Moratuwa,Moratuwa,2026-03-22
Negombo,Sri Lanka,,Negombo,Negombo,2026-03-22
Sri Jayawardanapura Kotte,Sri Lanka,,Sri Jayawardanapura Kotte,Sri Jayawardanapura Kotte,2026-03-22
Kandy,Sri Lanka,,Kandy,Kandy,2026-03-22
Badulla,Sri Lanka,,Badulla,Badulla,2026-03-22
Battaramulla South,Sri Lanka,,Battaramulla South,Battaramulla South,2026-03-22
Biyagama,Sri Lanka,,Biyagama,Biyagama,2026-03-22
Boralesgamuwa South,Sri Lanka,,Boralesgamuwa South,Boralesgamuwa South,2026-03-22
Dehiwala,Sri Lanka,,Dehiwala,Dehiwala,2026-03-22
Eppawala,Sri Lanka,,Eppawala,Eppawala,2026-03-22
Gampaha,Sri Lanka,,Gampaha,Gampaha,2026-03-22
Gangodawila North,Sri Lanka,,Gangodawila North,Gangodawila North,2026-03-22
Hekitta,Sri Lanka,,Hekitta,Hekitta,2026-03-22
Homagama,Sri Lanka,,Homagama,Homagama,2026-03-22
Kaduwela,Sri Lanka,,Kaduwela,Kaduwela,2026-03-22
Juba,Sudan,,Juba,Juba,2026-03-22
Wau,Sudan,,Wau,Wau,2026-03-22
Malakal,Sudan,,Malakal,Malakal,2026-03-22
Kassala,Sudan,,Kassala,Kassala,2026-03-22
Nyala,Sudan,,Nyala,Nyala,2026-03-22
Shendi,Sudan,,Shendi,Shendi,2026-03-22
Thabit,Sudan,,Thabit,Thabit,2026-03-22
Umm Durman,Sudan,,Umm Durman,Umm Durman,2026-03-22
Al Hasaheisa,Sudan,,Al Hasaheisa,Al Hasaheisa,2026-03-22
Al Hilāliyya,Sudan,,Al Hilāliyya,Al Hilāliyya,2026-03-22
Al Kiremit al ‘Arakiyyīn,Sudan,,Al Kiremit al ‘Arakiyyīn,Al Kiremit al ‘Arakiyyīn,2026-03-22
Al Manāqil,Sudan,,Al Manāqil,Al Manāqil,2026-03-22
Al Masallamiyya,Sudan,,Al Masallamiyya,Al Masallamiyya,2026-03-22
Wad Medani,Sudan,,Wad Medani,Wad Medani,2026-03-22
Wad Rāwah,Sudan,,Wad Rāwah,Wad Rāwah,2026-03-22
Al Ḩawātah,Sudan,,Al Ḩawātah,Al Ḩawātah,2026-03-22
Al Qadarif,Sudan,,Al Qadarif,Al Qadarif,2026-03-22
Doka,Sudan,,Doka,Doka,2026-03-22
Ad-Damazin,Sudan,,Ad-Damazin,Ad-Damazin,2026-03-22
Ar Ruseris,Sudan,,Ar Ruseris,Ar Ruseris,2026-03-22
Kurmuk,Sudan,,Kurmuk,Kurmuk,2026-03-22
Zalingei,Sudan,,Zalingei,Zalingei,2026-03-22
El Daein,Sudan,,El Daein,El Daein,2026-03-22
Aroma,Sudan,,Aroma,Aroma,2026-03-22
Wagar,Sudan,,Wagar,Wagar,2026-03-22
Omdurman,Sudan,,Omdurman,Omdurman,2026-03-22
El Fasher,Sudan,,El Fasher,El Fasher,2026-03-22
Kutum,Sudan,,Kutum,Kutum,2026-03-22
Umm Kaddadah,Sudan,,Umm Kaddadah,Umm Kaddadah,2026-03-22
Ar Rahad,Sudan,,Ar Rahad,Ar Rahad,2026-03-22
Bārah,Sudan,,Bārah,Bārah,2026-03-22
El Obeid,Sudan,,El Obeid,El Obeid,2026-03-22
Umm Ruwaba,Sudan,,Umm Ruwaba,Umm Ruwaba,2026-03-22
Ad Dabbah,Sudan,,Ad Dabbah,Ad Dabbah,2026-03-22
Argo,Sudan,,Argo,Argo,2026-03-22
Dongola,Sudan,,Dongola,Dongola,2026-03-22
Karmah an Nuzul,Sudan,,Karmah an Nuzul,Karmah an Nuzul,2026-03-22
Kuraymah,Sudan,,Kuraymah,Kuraymah,2026-03-22
Merowe,Sudan,,Merowe,Merowe,2026-03-22
PARAMARIBO,Suriname,,PARAMARIBO,PARAMARIBO,2026-03-22
Botopasi,Suriname,,Botopasi,Botopasi,2026-03-22
Brownsweg,Suriname,,Brownsweg,Brownsweg,2026-03-22
Friendship,Suriname,,Friendship,Friendship,2026-03-22
Groningen,Suriname,,Groningen,Groningen,2026-03-22
Moengo,Suriname,,Moengo,Moengo,2026-03-22
Nieuw Amsterdam,Suriname,,Nieuw Amsterdam,Nieuw Amsterdam,2026-03-22
Onverwacht,Suriname,,Onverwacht,Onverwacht,2026-03-22
Totness,Suriname,,Totness,Totness,2026-03-22
Brokopondo,Suriname,,Brokopondo,Brokopondo,2026-03-22
Mariënburg,Suriname,,Mariënburg,Mariënburg,2026-03-22
Albina,Suriname,,Albina,Albina,2026-03-22
Nieuw Nickerie,Suriname,,Nieuw Nickerie,Nieuw Nickerie,2026-03-22
Nickerie District,Suriname,,Nickerie District,Wageningen,2026-03-22
Longyearbyen,Svalbard and Jan Mayen,,Longyearbyen,Longyearbyen,2026-03-22
Stockholm Sweden Temple,Sweden,,Stockholm Sweden Temple,STOCKHOLM,2026-03-22
Göteborg,Sweden,,Göteborg,Göteborg,2026-03-22
Malmö,Sweden,,Malmö,Malmö,2026-03-22
Uppsala,Sweden,,Uppsala,Uppsala,2026-03-22
Linköping,Sweden,,Linköping,Linköping,2026-03-22
Västerås,Sweden,,Västerås,Västerås,2026-03-22
Orebro,Sweden,,Orebro,Orebro,2026-03-22
Norrköping,Sweden,,Norrköping,Norrköping,2026-03-22
Helsingborg,Sweden,,Helsingborg,Helsingborg,2026-03-22
Jönköping,Sweden,,Jönköping,Jönköping,2026-03-22
Umeå,Sweden,,Umeå,Umeå,2026-03-22
Aby,Sweden,,Aby,Aby,2026-03-22
AElmhult,Sweden,,AElmhult,AElmhult,2026-03-22
AElvdalen,Sweden,,AElvdalen,AElvdalen,2026-03-22
AElvkarleby,Sweden,,AElvkarleby,AElvkarleby,2026-03-22
AElvsbyn,Sweden,,AElvsbyn,AElvsbyn,2026-03-22
Agnesberg,Sweden,,Agnesberg,Agnesberg,2026-03-22
Agunnaryd,Sweden,,Agunnaryd,Agunnaryd,2026-03-22
Akarp,Sweden,,Akarp,Akarp,2026-03-22
Akers Styckebruk,Sweden,,Akers Styckebruk,Akers Styckebruk,2026-03-22
Akersberga,Sweden,,Akersberga,Akersberga,2026-03-22
Alafors,Sweden,,Alafors,Alafors,2026-03-22
Alandsbro,Sweden,,Alandsbro,Alandsbro,2026-03-22
Aled,Sweden,,Aled,Aled,2026-03-22
Alem,Sweden,,Alem,Alem,2026-03-22
Alfta,Sweden,,Alfta,Alfta,2026-03-22
Alingsas,Sweden,,Alingsas,Alingsas,2026-03-22
Zürich,Switzerland,,Zürich,Zürich,2026-03-22
Genève,Switzerland,,Genève,Genève,2026-03-22
Bâle,Switzerland,,Bâle,Bâle,2026-03-22
Lausanne,Switzerland,,Lausanne,Lausanne,2026-03-22
Bern,Switzerland,,Bern,BERNE,2026-03-22
Winterthur,Switzerland,,Winterthur,Winterthur,2026-03-22
Luzern,Switzerland,,Luzern,Luzern,2026-03-22
St. Gallen,Switzerland,,St. Gallen,St. Gallen,2026-03-22
Lugano,Switzerland,,Lugano,Lugano,2026-03-22
Fribourg,Switzerland,,Fribourg,Fribourg,2026-03-22
Baden-Brugg,Switzerland,,Baden-Brugg,Baden-Brugg,2026-03-22
Olten-Zofingen,Switzerland,,Olten-Zofingen,Olten-Zofingen,2026-03-22
Zug,Switzerland,,Zug,Zug,2026-03-22
Aadorf,Switzerland,,Aadorf,Aadorf,2026-03-22
Aarau,Switzerland,,Aarau,Aarau,2026-03-22
Aarberg,Switzerland,,Aarberg,Aarberg,2026-03-22
Aarburg,Switzerland,,Aarburg,Aarburg,2026-03-22
Abtwil,Switzerland,,Abtwil,Abtwil,2026-03-22
Adelboden,Switzerland,,Adelboden,Adelboden,2026-03-22
Adligenswil,Switzerland,,Adligenswil,Adligenswil,2026-03-22
Adliswil,Switzerland,,Adliswil,Adliswil,2026-03-22
Aesch,Switzerland,,Aesch,Aesch,2026-03-22
Aeschau,Switzerland,,Aeschau,Aeschau,2026-03-22
Aeschlen ob Gunten,Switzerland,,Aeschlen ob Gunten,Aeschlen ob Gunten,2026-03-22
Aettenschwil,Switzerland,,Aettenschwil,Aettenschwil,2026-03-22
Aeugst am Albis,Switzerland,,Aeugst am Albis,Aeugst am Albis,2026-03-22
Affoltern am Albis,Switzerland,,Affoltern am Albis,Affoltern am Albis,2026-03-22
Agno,Switzerland,,Agno,Agno,2026-03-22
Agra,Switzerland,,Agra,Agra,2026-03-22
Aigle,Switzerland,,Aigle,Aigle,2026-03-22
Airolo,Switzerland,,Airolo,Airolo,2026-03-22
Alberswil,Switzerland,,Alberswil,Alberswil,2026-03-22
Albligen,Switzerland,,Albligen,Albligen,2026-03-22
Alchenstorf,Switzerland,,Alchenstorf,Alchenstorf,2026-03-22
Al Hasakah,Syria,,Al Hasakah,Al Hasakah,2026-03-22
Al Ladhiqiyah,Syria,,Al Ladhiqiyah,Al Ladhiqiyah,2026-03-22
Al Qunaytirah,Syria,,Al Qunaytirah,Al Qunaytirah,2026-03-22
Ar Raqqah,Syria,,Ar Raqqah,Ar Raqqah,2026-03-22
As Suwayda',Syria,,As Suwayda',As Suwayda',2026-03-22
Dar'a,Syria,,Dar'a,Dar'a,2026-03-22
Dayr az Zawr,Syria,,Dayr az Zawr,Dayr az Zawr,2026-03-22
Dimashq,Syria,,Dimashq,Dimashq,2026-03-22
Halab,Syria,,Halab,Halab,2026-03-22
Hamah,Syria,,Hamah,Hamah,2026-03-22
Hims,Syria,,Hims,Hims,2026-03-22
Idlib,Syria,,Idlib,Idlib,2026-03-22
Rif Dimashq,Syria,,Rif Dimashq,Rif Dimashq,2026-03-22
Tartus,Syria,,Tartus,Tartus,2026-03-22
Ad Darbāsīyah,Syria,,Ad Darbāsīyah,Ad Darbāsīyah,2026-03-22
Al Ḩasakah,Syria,,Al Ḩasakah,Al Ḩasakah,2026-03-22
Al Mālikīyah,Syria,,Al Mālikīyah,Al Mālikīyah,2026-03-22
Al Qāmishlī,Syria,,Al Qāmishlī,Al Qāmishlī,2026-03-22
Al-Malikiyah District,Syria,,Al-Malikiyah District,Al-Malikiyah District,2026-03-22
Amude,Syria,,Amude,Amude,2026-03-22
Al-Thawrah District,Syria,,Al-Thawrah District,Al-Thawrah District,2026-03-22
Ar-Raqqah District,Syria,,Ar-Raqqah District,Ar-Raqqah District,2026-03-22
Ath Thawrah,Syria,,Ath Thawrah,Ath Thawrah,2026-03-22
Tall Abyaḑ,Syria,,Tall Abyaḑ,Tall Abyaḑ,2026-03-22
Tell Abyad District,Syria,,Tell Abyad District,Tell Abyad District,2026-03-22
‘Afrīn,Syria,,‘Afrīn,‘Afrīn,2026-03-22
Budai,Taiwan,,Budai,Budai,2026-03-22
Caogang,Taiwan,,Caogang,Caogang,2026-03-22
Chang-hua,Taiwan,,Chang-hua,Chang-hua,2026-03-22
Checheng,Taiwan,,Checheng,Checheng,2026-03-22
Chiayi,Taiwan,,Chiayi,Chiayi,2026-03-22
Dahu,Taiwan,,Dahu,Dahu,2026-03-22
Douliu,Taiwan,,Douliu,Douliu,2026-03-22
Erlin,Taiwan,,Erlin,Erlin,2026-03-22
Fanlu,Taiwan,,Fanlu,Fanlu,2026-03-22
Fengshan,Taiwan,,Fengshan,Fengshan,2026-03-22
Gangshan,Taiwan,,Gangshan,Gangshan,2026-03-22
Hsinchu Taiwan Pavilion Expo Park,Taiwan,,Hsinchu Taiwan Pavilion Expo Park,Hsinchu,2026-03-22
Hualien,Taiwan,,Hualien,Hualian,2026-03-22
"Jincheng, Kinmen",Taiwan,,"Jincheng, Kinmen",Jincheng,2026-03-22
Kaohsiung,Taiwan,,Kaohsiung,Kaohsiung City,2026-03-22
Dushanbe,Tajikistan,,Dushanbe,Dushanbe,2026-03-22
Dar es Salaam,Tanzania,,Dar es Salaam,Dar es Salaam,2026-03-22
Mwanza,Tanzania,,Mwanza,Mwanza,2026-03-22
Tanga,Tanzania,,Tanga,Tanga,2026-03-22
Zanzibar,Tanzania,,Zanzibar,Zanzibar,2026-03-22
Mbeya,Tanzania,,Mbeya,Mbeya,2026-03-22
Arusha,Tanzania,,Arusha,Arusha,2026-03-22
Morogoro,Tanzania,,Morogoro,Morogoro,2026-03-22
Shinyanga,Tanzania,,Shinyanga,Shinyanga,2026-03-22
Bukoba,Tanzania,,Bukoba,Bukoba,2026-03-22
Njombe,Tanzania,,Njombe,Njombe,2026-03-22
Raha,Tanzania,,Raha,Raha,2026-03-22
Kingori,Tanzania,,Kingori,Kingori,2026-03-22
Kiratu,Tanzania,,Kiratu,Kiratu,2026-03-22
Longido,Tanzania,,Longido,Longido,2026-03-22
Mbuguni,Tanzania,,Mbuguni,Mbuguni,2026-03-22
Merelani,Tanzania,,Merelani,Merelani,2026-03-22
Meru,Tanzania,,Meru,Meru,2026-03-22
Monduli,Tanzania,,Monduli,Monduli,2026-03-22
Mto wa Mbu,Tanzania,,Mto wa Mbu,Mto wa Mbu,2026-03-22
Namanga,Tanzania,,Namanga,Namanga,2026-03-22
Ngorongoro,Tanzania,,Ngorongoro,Ngorongoro,2026-03-22
Nkoaranga,Tanzania,,Nkoaranga,Nkoaranga,2026-03-22
Poli,Tanzania,,Poli,Poli,2026-03-22
Usa River,Tanzania,,Usa River,Usa River,2026-03-22
Magomeni,Tanzania,,Magomeni,Magomeni,2026-03-22
Kibakwe,Tanzania,,Kibakwe,Kibakwe,2026-03-22
Kisasa,Tanzania,,Kisasa,Kisasa,2026-03-22
Kondoa,Tanzania,,Kondoa,Kondoa,2026-03-22
Kongwa,Tanzania,,Kongwa,Kongwa,2026-03-22
Mpwapwa,Tanzania,,Mpwapwa,Mpwapwa,2026-03-22
Msanga,Tanzania,,Msanga,Msanga,2026-03-22
Buseresere,Tanzania,,Buseresere,Buseresere,2026-03-22
Chato,Tanzania,,Chato,Chato,2026-03-22
Geita,Tanzania,,Geita,Geita,2026-03-22
Kasamwa,Tanzania,,Kasamwa,Kasamwa,2026-03-22
Katoro,Tanzania,,Katoro,Katoro,2026-03-22
Chiang Mai,Thailand,Chiang Mai,Chiang Mai,Chiang Mai,2026-03-22
Phuket,Thailand,Phuket,Phuket City,Phuket,2026-03-22
Krabi,Thailand,Krabi,Krabi,Krabi,2026-03-22
Koh Samui,Thailand,Surat Thani,Chaweng,Koh Samui,2026-03-22
Ayutthaya,Thailand,Phra Nakhon Si Ayutthaya,Ayutthaya,Ayutthaya,2026-03-22
Pattaya,Thailand,Chonburi,Pattaya,Pattaya,2026-03-22
Khao Sok National Park,Thailand,Surat Thani,Khao Sok,Khao Sok National Park,2026-03-22
Pai,Thailand,Mae Hong Son,Pai,Pai,2026-03-22
Koh Phi Phi,Thailand,Krabi,Phi Phi Don,Koh Phi Phi,2026-03-22
Chon Buri,Thailand,,Chon Buri,Chon Buri,2026-03-22
Samut Prakan,Thailand,,Samut Prakan,Samut Prakan,2026-03-22
Songkhla,Thailand,,Songkhla,Songkhla,2026-03-22
Nonthaburi,Thailand,,Nonthaburi,Nonthaburi,2026-03-22
Pathum Thani,Thailand,,Pathum Thani,Pathum Thani,2026-03-22
Khon Kaen,Thailand,,Khon Kaen,Khon Kaen,2026-03-22
Nakhon Ratchasima,Thailand,,Nakhon Ratchasima,Nakhon Ratchasima,2026-03-22
Udon Thani,Thailand,,Udon Thani,Udon Thani,2026-03-22
Samut Sakhon,Thailand,,Samut Sakhon,Samut Sakhon,2026-03-22
Chiang Rai,Thailand,,Chiang Rai,Chiang Rai,2026-03-22
Rayong,Thailand,,Rayong,Rayong,2026-03-22
Kalasin,Thailand,,Kalasin,Kalasin,2026-03-22
Ubon Ratchathani,Thailand,,Ubon Ratchathani,Ubon Ratchathani,2026-03-22
Surat Thani,Thailand,,Surat Thani,Surat Thani,2026-03-22
Buri Ram,Thailand,,Buri Ram,Buri Ram,2026-03-22
Lampang,Thailand,,Lampang,Lampang,2026-03-22
Phra Nakhon Si Ayutthaya,Thailand,,Phra Nakhon Si Ayutthaya,Phra Nakhon Si Ayutthaya,2026-03-22
Roi Et,Thailand,,Roi Et,Roi Et,2026-03-22
Phuket,Thailand,,Phuket,Phuket,2026-03-22
Nakhon Pathom,Thailand,,Nakhon Pathom,Nakhon Pathom,2026-03-22
Ratchaburi,Thailand,,Ratchaburi,Ratchaburi,2026-03-22
Sakon Nakhon,Thailand,,Sakon Nakhon,Sakon Nakhon,2026-03-22
Kanchanaburi,Thailand,,Kanchanaburi,Kanchanaburi,2026-03-22
Nakhon Si Thammarat,Thailand,,Nakhon Si Thammarat,Nakhon Si Thammarat,2026-03-22
Lamphun,Thailand,,Lamphun,Lamphun,2026-03-22
Phatthalung,Thailand,,Phatthalung,Phatthalung,2026-03-22
Chanthaburi,Thailand,,Chanthaburi,Chanthaburi,2026-03-22
Saraburi,Thailand,,Saraburi,Saraburi,2026-03-22
Lop Buri,Thailand,,Lop Buri,Lop Buri,2026-03-22
Nong Khai,Thailand,,Nong Khai,Nong Khai,2026-03-22
Suphan Buri,Thailand,,Suphan Buri,Suphan Buri,2026-03-22
Nakhon Sawan,Thailand,,Nakhon Sawan,Nakhon Sawan,2026-03-22
Phayao,Thailand,,Phayao,Phayao,2026-03-22
Kamphaeng Phet,Thailand,,Kamphaeng Phet,Kamphaeng Phet,2026-03-22
Chachoengsao,Thailand,,Chachoengsao,Chachoengsao,2026-03-22
Chai Nat,Thailand,,Chai Nat,Chai Nat,2026-03-22
Chaiyaphum,Thailand,,Chaiyaphum,Chaiyaphum,2026-03-22
Nong Bua Lam Phu,Thailand,,Nong Bua Lam Phu,Nong Bua Lam Phu,2026-03-22
Phitsanulok,Thailand,,Phitsanulok,Phitsanulok,2026-03-22
Mukdahan,Thailand,,Mukdahan,Mukdahan,2026-03-22
Prachuap Khiri Khan,Thailand,,Prachuap Khiri Khan,Prachuap Khiri Khan,2026-03-22
Phetchaburi,Thailand,,Phetchaburi,Phetchaburi,2026-03-22
Phetchabun,Thailand,,Phetchabun,Phetchabun,2026-03-22
Sukhothai,Thailand,,Sukhothai,Sukhothai,2026-03-22
Loei,Thailand,,Loei,Loei,2026-03-22
Si Sa Ket,Thailand,,Si Sa Ket,Si Sa Ket,2026-03-22
Phrae,Thailand,,Phrae,Phrae,2026-03-22
Maha Sarakham,Thailand,,Maha Sarakham,Maha Sarakham,2026-03-22
Surin,Thailand,,Surin,Surin,2026-03-22
Uttaradit,Thailand,,Uttaradit,Uttaradit,2026-03-22
Chumphon,Thailand,,Chumphon,Chumphon,2026-03-22
Tak,Thailand,,Tak,Tak,2026-03-22
Sakon Sakhon,Thailand,,Sakon Sakhon,Sakon Sakhon,2026-03-22
Sa Kaeo,Thailand,,Sa Kaeo,Sa Kaeo,2026-03-22
Narathiwat,Thailand,,Narathiwat,Narathiwat,2026-03-22
Phichit,Thailand,,Phichit,Phichit,2026-03-22
Yasothon,Thailand,,Yasothon,Yasothon,2026-03-22
Nakhon Phanom,Thailand,,Nakhon Phanom,Nakhon Phanom,2026-03-22
DILI,Timor-Leste,,DILI,DILI,2026-03-22
Aileu,Timor-Leste,,Aileu,Aileu,2026-03-22
Ainaro,Timor-Leste,,Ainaro,Ainaro,2026-03-22
Baucau,Timor-Leste,,Baucau,Baucau,2026-03-22
Bobonaro,Timor-Leste,,Bobonaro,Bobonaro,2026-03-22
Cova-Lima,Timor-Leste,,Cova-Lima,Cova-Lima,2026-03-22
Ermera,Timor-Leste,,Ermera,Ermera,2026-03-22
Lautém Municipality,Timor-Leste,,Lautém Municipality,Lautem,2026-03-22
Liquiçá,Timor-Leste,,Liquiçá,Liquica,2026-03-22
Manufahi Municipality,Timor-Leste,,Manufahi Municipality,Manufahi,2026-03-22
Oecusse,Timor-Leste,,Oecusse,Oecussi,2026-03-22
Lequidoe Administrative Post,Timor-Leste,,Lequidoe Administrative Post,Lequidoe,2026-03-22
Remexio Administrative Post,Timor-Leste,,Remexio Administrative Post,Remexio,2026-03-22
Hato-Udo Administrative Post,Timor-Leste,,Hato-Udo Administrative Post,Hato-Udo,2026-03-22
Baguia Administrative Post,Timor-Leste,,Baguia Administrative Post,Baguia,2026-03-22
Baucau Municipality,Timor-Leste,,Baucau Municipality,Baukau,2026-03-22
Quelicai Administrative Post,Timor-Leste,,Quelicai Administrative Post,Quelicai,2026-03-22
Kara,Togo,,Kara,Kara,2026-03-22
Plateaux,Togo,,Plateaux,Plateaux,2026-03-22
Savanes,Togo,,Savanes,Savanes,2026-03-22
Centrale,Togo,,Centrale,Centrale,2026-03-22
Maritime,Togo,,Maritime,Maritime,2026-03-22
Sokodé,Togo,,Sokodé,Sokodé,2026-03-22
Sotouboua,Togo,,Sotouboua,Sotouboua,2026-03-22
Tchamba,Togo,,Tchamba,Tchamba,2026-03-22
Bafilo,Togo,,Bafilo,Bafilo,2026-03-22
Bassar,Togo,,Bassar,Bassar,2026-03-22
Kandé,Togo,,Kandé,Kandé,2026-03-22
Niamtougou,Togo,,Niamtougou,Niamtougou,2026-03-22
Pagouda,Togo,,Pagouda,Pagouda,2026-03-22
Préfecture de Bassar,Togo,,Préfecture de Bassar,Préfecture de Bassar,2026-03-22
Georgia Doll,Togo,,Georgia Doll,Amlamé,2026-03-22
Atafu Village (village),Tokelau,,Atafu Village (village),Atafu Village (village),2026-03-22
Fakaofo,Tokelau,,Fakaofo,Fakaofo (village),2026-03-22
NUKU'ALOFA,Tonga,,NUKU'ALOFA,NUKU'ALOFA,2026-03-22
Pangai,Tonga,,Pangai,Pangai,2026-03-22
‘Ohonua,Tonga,,‘Ohonua,‘Ohonua,2026-03-22
Hihifo,Tonga,,Hihifo,Hihifo,2026-03-22
Tongatapu,Tonga,,Tongatapu,Haveluloto,2026-03-22
Administrative divisions of Tonga,Tonga,,Administrative divisions of Tonga,Vaini,2026-03-22
Neiafu Tonga Temple,Tonga,,Neiafu Tonga Temple,Neiafu,2026-03-22
Arima,Trinidad and Tobago,,Arima,Arima,2026-03-22
Arouca,Trinidad and Tobago,,Arouca,Arouca,2026-03-22
Barataria,Trinidad and Tobago,,Barataria,Barataria,2026-03-22
California,Trinidad and Tobago,,California,California,2026-03-22
Carapichaima,Trinidad and Tobago,,Carapichaima,Carapichaima,2026-03-22
Carenage,Trinidad and Tobago,,Carenage,Carenage,2026-03-22
Trinidad and Tobago,Trinidad and Tobago,,Trinidad and Tobago,Caroni,2026-03-22
Chaguanas,Trinidad and Tobago,,Chaguanas,Cunupia,2026-03-22
Port of Spain,Trinidad and Tobago,,Port of Spain,Curepe,2026-03-22
Ariana,Tunisia,,Ariana,Ariana,2026-03-22
Beja,Tunisia,,Beja,Beja,2026-03-22
Gafsa,Tunisia,,Gafsa,Gafsa,2026-03-22
Hammamet,Tunisia,,Hammamet,Hammamet,2026-03-22
Le Bardo,Tunisia,,Le Bardo,Le Bardo,2026-03-22
Manouba,Tunisia,,Manouba,Manouba,2026-03-22
Monastir,Tunisia,,Monastir,Monastir,2026-03-22
Rades,Tunisia,,Rades,Rades,2026-03-22
Sfax,Tunisia,,Sfax,Sfax,2026-03-22
Sidi Bouzid,Tunisia,,Sidi Bouzid,Sidi Bouzid,2026-03-22
Sousse,Tunisia,,Sousse,Sousse,2026-03-22
Galaat el Andeless,Tunisia,,Galaat el Andeless,Galaat el Andeless,2026-03-22
Ben Arous,Tunisia,,Ben Arous,Ben Arous,2026-03-22
Hammam Lif,Tunisia,,Hammam Lif,Hammam Lif,2026-03-22
La Sebala du Mornag,Tunisia,,La Sebala du Mornag,La Sebala du Mornag,2026-03-22
Radès,Tunisia,,Radès,Radès,2026-03-22
Al Matlīn,Tunisia,,Al Matlīn,Al Matlīn,2026-03-22
Bizerte,Tunisia,,Bizerte,Bizerte,2026-03-22
Bizerte Sud,Tunisia,,Bizerte Sud,Bizerte Sud,2026-03-22
Douar Tindja,Tunisia,,Douar Tindja,Douar Tindja,2026-03-22
El Alia,Tunisia,,El Alia,El Alia,2026-03-22
Mateur,Tunisia,,Mateur,Mateur,2026-03-22
Istanbul,Turkey,Istanbul,Istanbul,Istanbul,2026-03-22
Cappadocia,Turkey,Nevsehir,Goreme,Cappadocia,2026-03-22
Antalya,Turkey,Antalya,Antalya,Antalya,2026-03-22
Pamukkale,Turkey,Denizli,Denizli,Pamukkale,2026-03-22
Ephesus,Turkey,Izmir,Selcuk,Ephesus,2026-03-22
Bodrum,Turkey,Mugla,Bodrum,Bodrum,2026-03-22
Izmir,Turkey,Izmir,Izmir,Izmir,2026-03-22
Bursa,Turkey,,Bursa,Bursa,2026-03-22
Adana,Turkey,,Adana,Adana,2026-03-22
Kocaeli,Turkey,,Kocaeli,Kocaeli,2026-03-22
Gaziantep,Turkey,,Gaziantep,Gaziantep,2026-03-22
Konya,Turkey,,Konya,Konya,2026-03-22
Kayseri,Turkey,,Kayseri,Kayseri,2026-03-22
Diyarbakir,Turkey,,Diyarbakir,Diyarbakir,2026-03-22
Mersin,Turkey,,Mersin,Mersin,2026-03-22
Eskisehir,Turkey,,Eskisehir,Eskisehir,2026-03-22
Sakarya,Turkey,,Sakarya,Sakarya,2026-03-22
Samsun,Turkey,,Samsun,Samsun,2026-03-22
Sanliurfa,Turkey,,Sanliurfa,Sanliurfa,2026-03-22
Denizli,Turkey,,Denizli,Denizli,2026-03-22
Kahramanmaras,Turkey,,Kahramanmaras,Kahramanmaras,2026-03-22
Malatya,Turkey,,Malatya,Malatya,2026-03-22
Erzurum,Turkey,,Erzurum,Erzurum,2026-03-22
Van,Turkey,,Van,Van,2026-03-22
Elazig,Turkey,,Elazig,Elazig,2026-03-22
Batman,Turkey,,Batman,Batman,2026-03-22
Sivas,Turkey,,Sivas,Sivas,2026-03-22
Manisa,Turkey,,Manisa,Manisa,2026-03-22
Balikesir,Turkey,,Balikesir,Balikesir,2026-03-22
Tarsus,Turkey,,Tarsus,Tarsus,2026-03-22
Trabzon,Turkey,,Trabzon,Trabzon,2026-03-22
Çorlu,Turkey,,Çorlu,Çorlu,2026-03-22
Çorum,Turkey,,Çorum,Çorum,2026-03-22
Kütahya,Turkey,,Kütahya,Kütahya,2026-03-22
Hatay,Turkey,,Hatay,Hatay,2026-03-22
Adiyaman,Turkey,,Adiyaman,Adiyaman,2026-03-22
Osmaniye,Turkey,,Osmaniye,Osmaniye,2026-03-22
Isparta,Turkey,,Isparta,Isparta,2026-03-22
Aydin,Turkey,,Aydin,Aydin,2026-03-22
Kirikkale,Turkey,,Kirikkale,Kirikkale,2026-03-22
Usak,Turkey,,Usak,Usak,2026-03-22
Iskenderun,Turkey,,Iskenderun,Iskenderun,2026-03-22
Aksaray,Turkey,,Aksaray,Aksaray,2026-03-22
Afyonkarahisar,Turkey,,Afyonkarahisar,Afyonkarahisar,2026-03-22
Inegöl,Turkey,,Inegöl,Inegöl,2026-03-22
Tekirdag,Turkey,,Tekirdag,Tekirdag,2026-03-22
Ordu,Turkey,,Ordu,Ordu,2026-03-22
Edirne,Turkey,,Edirne,Edirne,2026-03-22
Kiziltepe,Turkey,,Kiziltepe,Kiziltepe,2026-03-22
Karaman,Turkey,,Karaman,Karaman,2026-03-22
Siirt,Turkey,,Siirt,Siirt,2026-03-22
Düzce,Turkey,,Düzce,Düzce,2026-03-22
Tokat,Turkey,,Tokat,Tokat,2026-03-22
Ashgabat,Turkmenistan,,Ashgabat,ASHKHABAD,2026-03-22
Türkmenabat,Turkmenistan,Chardzhou,Türkmenabat,Türkmenabat,2026-03-22
Tashauz,Turkmenistan,,Tashauz,Tashauz,2026-03-22
Ahal Welayaty (Ashgabat),Turkmenistan,,Ahal Welayaty (Ashgabat),Ahal Welayaty (Ashgabat),2026-03-22
Balkan Welayaty (Balkanabat),Turkmenistan,,Balkan Welayaty (Balkanabat),Balkan Welayaty (Balkanabat),2026-03-22
Dashoguz Welayaty,Turkmenistan,,Dashoguz Welayaty,Dashoguz Welayaty,2026-03-22
Lebap Welayaty (Turkmenabat),Turkmenistan,,Lebap Welayaty (Turkmenabat),Lebap Welayaty (Turkmenabat),2026-03-22
Mary Welayaty,Turkmenistan,,Mary Welayaty,Mary Welayaty,2026-03-22
Abadan,Turkmenistan,,Abadan,Abadan,2026-03-22
Annau,Turkmenistan,,Annau,Annau,2026-03-22
Arçabil,Turkmenistan,,Arçabil,Arçabil,2026-03-22
Baharly,Turkmenistan,,Baharly,Baharly,2026-03-22
Kaka,Turkmenistan,,Kaka,Kaka,2026-03-22
Tejen,Turkmenistan,,Tejen,Tejen,2026-03-22
Balkanabat,Turkmenistan,,Balkanabat,Balkanabat,2026-03-22
Bereket,Turkmenistan,,Bereket,Bereket,2026-03-22
Gumdag,Turkmenistan,,Gumdag,Gumdag,2026-03-22
Magtymguly,Turkmenistan,,Magtymguly,Magtymguly,2026-03-22
Serdar,Turkmenistan,,Serdar,Serdar,2026-03-22
Türkmenbaşy,Turkmenistan,,Türkmenbaşy,Türkmenbaşy,2026-03-22
Cockburn Town,Turks and Caicos Islands,,Cockburn Town,GRAND TURK,2026-03-22
Back Salina,Turks and Caicos Islands,,Back Salina,Back Salina,2026-03-22
Blue Hills,Turks and Caicos Islands,,Blue Hills,Blue Hills,2026-03-22
Blue Mountain,Turks and Caicos Islands,,Blue Mountain,Blue Mountain,2026-03-22
Bottle Creek,Turks and Caicos Islands,,Bottle Creek,Bottle Creek,2026-03-22
Breezy Brae,Turks and Caicos Islands,,Breezy Brae,Breezy Brae,2026-03-22
Cheshire Hall FC,Turks and Caicos Islands,,Cheshire Hall FC,Cheshire Hall,2026-03-22
History of the Turks and Caicos Islands,Turks and Caicos Islands,,History of the Turks and Caicos Islands,Discovery Bay,2026-03-22
Turks and Caicos Islands,Turks and Caicos Islands,,Turks and Caicos Islands,Downtown,2026-03-22
"Organisation of African, Caribbean and Pacific States",Turks and Caicos Islands,,"Organisation of African, Caribbean and Pacific States",Juba,2026-03-22
Windward and leeward,Turks and Caicos Islands,,Windward and leeward,Leeward,2026-03-22
Funafuti,Tuvalu,,Funafuti,Funafuti,2026-03-22
Gulu,Uganda,,Gulu,Gulu,2026-03-22
Adjumani,Uganda,,Adjumani,Adjumani,2026-03-22
Apac,Uganda,,Apac,Apac,2026-03-22
Arua,Uganda,,Arua,Arua,2026-03-22
Bugiri,Uganda,,Bugiri,Bugiri,2026-03-22
Bundibugyo,Uganda,,Bundibugyo,Bundibugyo,2026-03-22
Bushenyi,Uganda,,Bushenyi,Bushenyi,2026-03-22
Busia,Uganda,,Busia,Busia,2026-03-22
Hoima,Uganda,,Hoima,Hoima,2026-03-22
Iganga,Uganda,,Iganga,Iganga,2026-03-22
Jinja,Uganda,,Jinja,Jinja,2026-03-22
Kabale,Uganda,,Kabale,Kabale,2026-03-22
Kabarole,Uganda,,Kabarole,Kabarole,2026-03-22
Kaberamaido,Uganda,,Kaberamaido,Kaberamaido,2026-03-22
Kalangala,Uganda,,Kalangala,Kalangala,2026-03-22
Kamuli,Uganda,,Kamuli,Kamuli,2026-03-22
Kamwenge,Uganda,,Kamwenge,Kamwenge,2026-03-22
Kanungu,Uganda,,Kanungu,Kanungu,2026-03-22
Kapchorwa,Uganda,,Kapchorwa,Kapchorwa,2026-03-22
Kasese,Uganda,,Kasese,Kasese,2026-03-22
Katakwi,Uganda,,Katakwi,Katakwi,2026-03-22
Kayunga,Uganda,,Kayunga,Kayunga,2026-03-22
Kyiv,Ukraine,,Kyiv,KIEV,2026-03-22
Kharkov,Ukraine,,Kharkov,Kharkov,2026-03-22
Odessa,Ukraine,,Odessa,Odessa,2026-03-22
Dnepropetrovsk,Ukraine,,Dnepropetrovsk,Dnepropetrovsk,2026-03-22
Donetsk,Ukraine,Donestskaya oblast,Donetsk,Donetsk,2026-03-22
Zaporozhye,Ukraine,,Zaporozhye,Zaporozhye,2026-03-22
Lvov,Ukraine,,Lvov,Lvov,2026-03-22
Kryvy Rig,Ukraine,,Kryvy Rig,Kryvy Rig,2026-03-22
Mykolaiv,Ukraine,Nikolaevskaya oblast,Mykolaiv,Mykolaiv,2026-03-22
Mariupol,Ukraine,,Mariupol,Mariupol,2026-03-22
Lugansk,Ukraine,,Lugansk,Lugansk,2026-03-22
Vinnutsya,Ukraine,,Vinnutsya,Vinnutsya,2026-03-22
Makeyevka,Ukraine,,Makeyevka,Makeyevka,2026-03-22
Sevastopol,Ukraine,,Sevastopol,Sevastopol,2026-03-22
Simferopol,Ukraine,,Simferopol,Simferopol,2026-03-22
Kherson,Ukraine,,Kherson,Kherson,2026-03-22
Chernigov,Ukraine,,Chernigov,Chernigov,2026-03-22
Poltava,Ukraine,,Poltava,Poltava,2026-03-22
Cherkassy,Ukraine,,Cherkassy,Cherkassy,2026-03-22
Zhitomir,Ukraine,,Zhitomir,Zhitomir,2026-03-22
Sumy,Ukraine,,Sumy,Sumy,2026-03-22
Khmelnitsky,Ukraine,Hmilnyk,Khmelnitsky,Khmelnitsky,2026-03-22
Chernovtsy,Ukraine,,Chernovtsy,Chernovtsy,2026-03-22
Gorlovka,Ukraine,,Gorlovka,Gorlovka,2026-03-22
Rivne,Ukraine,,Rivne,Rivne,2026-03-22
Dneprodzerzhinsk,Ukraine,,Dneprodzerzhinsk,Dneprodzerzhinsk,2026-03-22
Kirovograd,Ukraine,,Kirovograd,Kirovograd,2026-03-22
Krementchug,Ukraine,,Krementchug,Krementchug,2026-03-22
Ivano-Frankovsk,Ukraine,,Ivano-Frankovsk,Ivano-Frankovsk,2026-03-22
Ternopil,Ukraine,,Ternopil,Ternopol,2026-03-22
Lutsk,Ukraine,,Lutsk,Lutsk,2026-03-22
Belaya Tserkov,Ukraine,Bila Crkva,Belaya Tserkov,Belaya Tserkov,2026-03-22
Kramatorsk,Ukraine,,Kramatorsk,Kramatorsk,2026-03-22
Melitopol,Ukraine,,Melitopol,Melitopol,2026-03-22
Kertch,Ukraine,,Kertch,Kertch,2026-03-22
Al Ain,United Arab Emirates,,Al Ain,Al Ain,2026-03-22
Al Khan,United Arab Emirates,,Al Khan,Al Khan,2026-03-22
Ar Ruways,United Arab Emirates,,Ar Ruways,Ar Ruways,2026-03-22
As Satwah,United Arab Emirates,,As Satwah,As Satwah,2026-03-22
Dayrah,United Arab Emirates,,Dayrah,Dayrah,2026-03-22
Dubai,United Arab Emirates,,Dubai,Dubai,2026-03-22
Fujairah,United Arab Emirates,,Fujairah,Fujairah,2026-03-22
Ras al-Khaimah,United Arab Emirates,,Ras al-Khaimah,Ras al-Khaimah,2026-03-22
Sharjah,United Arab Emirates,,Sharjah,Sharjah,2026-03-22
Abu Dhabi Island and Internal Islands City,United Arab Emirates,,Abu Dhabi Island and Internal Islands City,Abu Dhabi Island and Internal Islands City,2026-03-22
Abu Dhabi Municipality,United Arab Emirates,,Abu Dhabi Municipality,Abu Dhabi Municipality,2026-03-22
Al Ain City,United Arab Emirates,,Al Ain City,Al Ain City,2026-03-22
Al Ain Municipality,United Arab Emirates,,Al Ain Municipality,Al Ain Municipality,2026-03-22
Al Dhafra,United Arab Emirates,,Al Dhafra,Al Dhafra,2026-03-22
Al Shamkhah City,United Arab Emirates,,Al Shamkhah City,Al Shamkhah City,2026-03-22
Bani Yas City,United Arab Emirates,,Bani Yas City,Bani Yas City,2026-03-22
Khalifah A City,United Arab Emirates,,Khalifah A City,Khalifah A City,2026-03-22
Musaffah,United Arab Emirates,,Musaffah,Musaffah,2026-03-22
Muzayri‘,United Arab Emirates,,Muzayri‘,Muzayri‘,2026-03-22
Zayed City,United Arab Emirates,,Zayed City,Zayed City,2026-03-22
Ajman,United Arab Emirates,,Ajman,Ajman,2026-03-22
Ajman City,United Arab Emirates,,Ajman City,Ajman City,2026-03-22
Manama,United Arab Emirates,,Manama,Manama,2026-03-22
Masfout,United Arab Emirates,,Masfout,Masfout,2026-03-22
Al Fujairah City,United Arab Emirates,,Al Fujairah City,Al Fujairah City,2026-03-22
Al Fujairah Municipality,United Arab Emirates,,Al Fujairah Municipality,Al Fujairah Municipality,2026-03-22
Dibba Al Fujairah Municipality,United Arab Emirates,,Dibba Al Fujairah Municipality,Dibba Al Fujairah Municipality,2026-03-22
Dibba Al-Fujairah,United Arab Emirates,,Dibba Al-Fujairah,Dibba Al-Fujairah,2026-03-22
Dibba Al-Hisn,United Arab Emirates,,Dibba Al-Hisn,Dibba Al-Hisn,2026-03-22
Reef Al Fujairah City,United Arab Emirates,,Reef Al Fujairah City,Reef Al Fujairah City,2026-03-22
Edinburgh,United Kingdom,Scotland,Edinburgh,Edinburgh,2026-03-22
Manchester,United Kingdom,England,Manchester,Manchester,2026-03-22
Liverpool,United Kingdom,England,Liverpool,Liverpool,2026-03-22
Bath,United Kingdom,England,Bath,Bath,2026-03-22
Oxford,United Kingdom,England,Oxford,Oxford,2026-03-22
Cambridge,United Kingdom,England,Cambridge,Cambridge,2026-03-22
Scottish Highlands,United Kingdom,Scotland,Inverness,Scottish Highlands,2026-03-22
Belfast,United Kingdom,Northern Ireland,Belfast,Belfast,2026-03-22
Cardiff,United Kingdom,Wales,Cardiff,Cardiff,2026-03-22
West Midlands,United Kingdom,,West Midlands,West Midlands,2026-03-22
West Yorkshire,United Kingdom,,West Yorkshire,West Yorkshire,2026-03-22
Tyneside,United Kingdom,,Tyneside,Tyneside,2026-03-22
Nottingham,United Kingdom,,Nottingham,Nottingham,2026-03-22
Sheffield,United Kingdom,,Sheffield,Sheffield,2026-03-22
Glasgow,United Kingdom,,Glasgow,Glasgow,2026-03-22
Bristol,United Kingdom,,Bristol,Bristol,2026-03-22
Brighton/Worthing/Littlehampton,United Kingdom,,Brighton/Worthing/Littlehampton,Brighton/Worthing/Littlehampton,2026-03-22
Portsmouth,United Kingdom,,Portsmouth,Portsmouth,2026-03-22
Leicester,United Kingdom,,Leicester,Leicester,2026-03-22
Bournemouth,United Kingdom,,Bournemouth,Bournemouth,2026-03-22
Reading/Wokingham,United Kingdom,,Reading/Wokingham,Reading/Wokingham,2026-03-22
Teesside,United Kingdom,,Teesside,Teesside,2026-03-22
The Potteries,United Kingdom,,The Potteries,The Potteries,2026-03-22
Fife,United Kingdom,,Fife,Fife,2026-03-22
Coventry/Bedworth,United Kingdom,,Coventry/Bedworth,Coventry/Bedworth,2026-03-22
North Lanarkshire,United Kingdom,,North Lanarkshire,North Lanarkshire,2026-03-22
Birkenhead,United Kingdom,,Birkenhead,Birkenhead,2026-03-22
Southampton,United Kingdom,,Southampton,Southampton,2026-03-22
South Lanarkshire,United Kingdom,,South Lanarkshire,South Lanarkshire,2026-03-22
Kingston-upon-Hull,United Kingdom,,Kingston-upon-Hull,Kingston-upon-Hull,2026-03-22
Swansea,United Kingdom,,Swansea,Swansea,2026-03-22
Southend,United Kingdom,,Southend,Southend,2026-03-22
Preston,United Kingdom,,Preston,Preston,2026-03-22
Blackpool,United Kingdom,,Blackpool,Blackpool,2026-03-22
Plymouth,United Kingdom,,Plymouth,Plymouth,2026-03-22
Aldershot,United Kingdom,,Aldershot,Aldershot,2026-03-22
Derby,United Kingdom,,Derby,Derby,2026-03-22
Luton/Dunstable,United Kingdom,,Luton/Dunstable,Luton/Dunstable,2026-03-22
New York City,United States,New York,New York City,New York City,2026-03-22
Los Angeles,United States,California,Los Angeles,Los Angeles,2026-03-22
San Francisco,United States,California,San Francisco,San Francisco,2026-03-22
Las Vegas,United States,Nevada,Las Vegas,Las Vegas,2026-03-22
"Washington, DC",United States,District of Columbia,Washington,"Washington, DC",2026-03-22
Chicago,United States,Illinois,Chicago,Chicago,2026-03-22
Miami,United States,Florida,Miami,Miami,2026-03-22
Orlando,United States,Florida,Orlando,Orlando,2026-03-22
Boston,United States,Massachusetts,Boston,Boston,2026-03-22
Seattle,United States,Washington,Seattle,Seattle,2026-03-22
Honolulu,United States,Hawaii,Honolulu,Honolulu,2026-03-22
Grand Canyon National Park,United States,Arizona,Flagstaff,Grand Canyon National Park,2026-03-22
Yellowstone National Park,United States,Wyoming,West Yellowstone,Yellowstone National Park,2026-03-22
Yosemite National Park,United States,California,Fresno,Yosemite National Park,2026-03-22
Zion National Park,United States,Utah,Springdale,Zion National Park,2026-03-22
Bryce Canyon National Park,United States,Utah,Bryce,Bryce Canyon National Park,2026-03-22
Rocky Mountain National Park,United States,Colorado,Estes Park,Rocky Mountain National Park,2026-03-22
Great Smoky Mountains National Park,United States,Tennessee,Gatlinburg,Great Smoky Mountains National Park,2026-03-22
Glacier National Park,United States,Montana,Kalispell,Glacier National Park,2026-03-22
Acadia National Park,United States,Maine,Bar Harbor,Acadia National Park,2026-03-22
New Orleans,United States,Louisiana,New Orleans,New Orleans,2026-03-22
Austin,United States,Texas,Austin,Austin,2026-03-22
Nashville,United States,Tennessee,Nashville,Nashville,2026-03-22
San Diego,United States,California,San Diego,San Diego,2026-03-22
Philadelphia,United States,Pennsylvania,Philadelphia,Philadelphia,2026-03-22
Charleston,United States,South Carolina,Charleston,Charleston,2026-03-22
Maui,United States,Hawaii,Kahului,Maui,2026-03-22
Monument Valley,United States,Arizona,Kayenta,Monument Valley,2026-03-22
National Park of American Samoa,United States,American Samoa,Pago Pago,National Park of American Samoa,2026-03-22
Arches National Park,United States,Utah,Moab,Arches National Park,2026-03-22
Badlands National Park,United States,South Dakota,Wall,Badlands National Park,2026-03-22
Big Bend National Park,United States,Texas,Terlingua,Big Bend National Park,2026-03-22
Biscayne National Park,United States,Florida,Homestead,Biscayne National Park,2026-03-22
Black Canyon of the Gunnison National Park,United States,Colorado,Montrose,Black Canyon of the Gunnison National Park,2026-03-22
Canyonlands National Park,United States,Utah,Moab,Canyonlands National Park,2026-03-22
Capitol Reef National Park,United States,Utah,Torrey,Capitol Reef National Park,2026-03-22
Carlsbad Caverns National Park,United States,New Mexico,Carlsbad,Carlsbad Caverns National Park,2026-03-22
Channel Islands National Park,United States,California,Ventura,Channel Islands National Park,2026-03-22
Congaree National Park,United States,South Carolina,Columbia,Congaree National Park,2026-03-22
Crater Lake National Park,United States,Oregon,Klamath Falls,Crater Lake National Park,2026-03-22
Cuyahoga Valley National Park,United States,Ohio,Cleveland,Cuyahoga Valley National Park,2026-03-22
Death Valley National Park,United States,California,Furnace Creek,Death Valley National Park,2026-03-22
Denali National Park,United States,Alaska,Denali Park,Denali National Park,2026-03-22
Dry Tortugas National Park,United States,Florida,Key West,Dry Tortugas National Park,2026-03-22
Everglades National Park,United States,Florida,Homestead,Everglades National Park,2026-03-22
Gates of the Arctic National Park and Preserve,United States,Alaska,Fairbanks,Gates of the Arctic National Park,2026-03-22
Gateway Arch National Park,United States,Missouri,St. Louis,Gateway Arch National Park,2026-03-22
Glacier Bay National Park and Preserve,United States,Alaska,Gustavus,Glacier Bay National Park,2026-03-22
Grand Teton National Park,United States,Wyoming,Jackson,Grand Teton National Park,2026-03-22
Great Basin National Park,United States,Nevada,Ely,Great Basin National Park,2026-03-22
Great Sand Dunes National Park and Preserve,United States,Colorado,Alamosa,Great Sand Dunes National Park,2026-03-22
Guadalupe Mountains National Park,United States,Texas,Carlsbad,Guadalupe Mountains National Park,2026-03-22
Haleakala National Park,United States,Hawaii,Kahului,Haleakala National Park,2026-03-22
Hawaiʻi Volcanoes National Park,United States,Hawaii,Hilo,Hawaii Volcanoes National Park,2026-03-22
Hot Springs National Park,United States,Arkansas,Hot Springs,Hot Springs National Park,2026-03-22
Indiana Dunes National Park,United States,Indiana,Gary,Indiana Dunes National Park,2026-03-22
Isle Royale National Park,United States,Michigan,Houghton,Isle Royale National Park,2026-03-22
Joshua Tree National Park,United States,California,Twentynine Palms,Joshua Tree National Park,2026-03-22
Katmai National Park and Preserve,United States,Alaska,King Salmon,Katmai National Park,2026-03-22
Kenai National Wildlife Refuge,United States,Alaska,Seward,Kenai Fjords National Park,2026-03-22
Kings Canyon National Park,United States,California,Fresno,Kings Canyon National Park,2026-03-22
Kobuk Valley National Park,United States,Alaska,Kotzebue,Kobuk Valley National Park,2026-03-22
Lake Clark National Park and Preserve,United States,Alaska,Port Alsworth,Lake Clark National Park,2026-03-22
Lassen Volcanic National Park,United States,California,Redding,Lassen Volcanic National Park,2026-03-22
Mammoth Cave National Park,United States,Kentucky,Mammoth Cave,Mammoth Cave National Park,2026-03-22
Mesa Verde National Park,United States,Colorado,Cortez,Mesa Verde National Park,2026-03-22
Mount Rainier National Park,United States,Washington,Ashford,Mount Rainier National Park,2026-03-22
New River Gorge National Park and Preserve,United States,West Virginia,Fayetteville,New River Gorge National Park,2026-03-22
North Cascades National Park,United States,Washington,Marblemount,North Cascades National Park,2026-03-22
Olympic National Park,United States,Washington,Port Angeles,Olympic National Park,2026-03-22
Petrified Forest National Park,United States,Arizona,Holbrook,Petrified Forest National Park,2026-03-22
Pinnacles National Park,United States,California,Soledad,Pinnacles National Park,2026-03-22
Redwood National Park,United States,California,Crescent City,Redwood National Park,2026-03-22
Saguaro National Park,United States,Arizona,Tucson,Saguaro National Park,2026-03-22
Sequoia National Park,United States,California,Visalia,Sequoia National Park,2026-03-22
Shenandoah National Park,United States,Virginia,Luray,Shenandoah National Park,2026-03-22
Theodore Roosevelt National Park,United States,North Dakota,Medora,Theodore Roosevelt National Park,2026-03-22
Virgin Islands National Park,United States,U.S. Virgin Islands,Cruz Bay,Virgin Islands National Park,2026-03-22
Voyageurs National Park,United States,Minnesota,International Falls,Voyageurs National Park,2026-03-22
White Sands National Park,United States,New Mexico,Alamogordo,White Sands National Park,2026-03-22
Wind Cave National Park,United States,South Dakota,Hot Springs,Wind Cave National Park,2026-03-22
Wrangell–St. Elias National Park and Preserve,United States,Alaska,McCarthy,Wrangell-St. Elias National Park,2026-03-22
Yosemite National Park,United States,California,Yosemite Valley,Yosemite National Park,2026-03-22
New York,United States,NY,New York,New York,2026-03-22
Houston,United States,TX,Houston,Houston,2026-03-22
Phoenix,United States,AZ,Phoenix,Phoenix,2026-03-22
San Antonio,United States,TX,San Antonio,San Antonio,2026-03-22
Dallas,United States,TX,Dallas,Dallas,2026-03-22
San Jose,United States,CA,San Jose,San Jose,2026-03-22
Jacksonville,United States,FL,Jacksonville,Jacksonville,2026-03-22
Indianapolis,United States,IN,Indianapolis,Indianapolis,2026-03-22
Columbus,United States,OH,Columbus,Columbus,2026-03-22
Fort Worth,United States,TX,Fort Worth,Fort Worth,2026-03-22
Charlotte,United States,NC,Charlotte,Charlotte,2026-03-22
Detroit,United States,MI,Detroit,Detroit,2026-03-22
El Paso,United States,TX,El Paso,El Paso,2026-03-22
Memphis,United States,TN,Memphis,Memphis,2026-03-22
Denver,United States,CO,Denver,Denver,2026-03-22
WASHINGTON,United States,DC,WASHINGTON,WASHINGTON,2026-03-22
Nashville-Davidson,United States,TN,Nashville-Davidson,Nashville-Davidson,2026-03-22
Baltimore,United States,MD,Baltimore,Baltimore,2026-03-22
Louisville,United States,KY,Louisville,Louisville,2026-03-22
Portland,United States,OR,Portland,Portland,2026-03-22
Oklahoma City,United States,OK,Oklahoma City,Oklahoma City,2026-03-22
Milwaukee,United States,WI,Milwaukee,Milwaukee,2026-03-22
Albuquerque,United States,NM,Albuquerque,Albuquerque,2026-03-22
Tucson,United States,AZ,Tucson,Tucson,2026-03-22
Fresno,United States,CA,Fresno,Fresno,2026-03-22
Sacramento,United States,CA,Sacramento,Sacramento,2026-03-22
Long Beach,United States,CA,Long Beach,Long Beach,2026-03-22
Kansas City,United States,MO,Kansas City,Kansas City,2026-03-22
Mesa,United States,AZ,Mesa,Mesa,2026-03-22
Virginia Beach,United States,VA,Virginia Beach,Virginia Beach,2026-03-22
Atlanta,United States,GA,Atlanta,Atlanta,2026-03-22
Colorado Springs,United States,CO,Colorado Springs,Colorado Springs,2026-03-22
Raleigh,United States,NC,Raleigh,Raleigh,2026-03-22
Omaha,United States,NE,Omaha,Omaha,2026-03-22
Joshua Tree National Park,United States,California,Palm Springs,Joshua Tree National Park,2026-03-22
Denali National Park,United States,Alaska,Healy,Denali National Park,2026-03-22
Mount Rainier National Park,United States,Washington,Tacoma,Mount Rainier National Park,2026-03-22
Lake Tahoe,United States,California,South Lake Tahoe,Lake Tahoe,2026-03-22
Antelope Canyon,United States,Arizona,Page,Antelope Canyon,2026-03-22
Washington DC,United States Minor Outlying Islands,,Washington DC,Washington DC,2026-03-22
Charlotte Amalie,United States Virgin Islands,,Charlotte Amalie,Charlotte Amalie,2026-03-22
Montevideo,Uruguay,,Montevideo,MONTEVIDEO,2026-03-22
Barra de Carrasco,Uruguay,,Barra de Carrasco,Barra de Carrasco,2026-03-22
Canelones,Uruguay,,Canelones,Canelones,2026-03-22
Colonia del Sacramento,Uruguay,,Colonia del Sacramento,Colonia del Sacramento,2026-03-22
Durazno,Uruguay,,Durazno,Durazno,2026-03-22
Florida,Uruguay,,Florida,Florida,2026-03-22
La Floresta,Uruguay,,La Floresta,La Floresta,2026-03-22
La Paz,Uruguay,,La Paz,La Paz,2026-03-22
Las Piedras,Uruguay,,Las Piedras,Las Piedras,2026-03-22
Maldonado,Uruguay,,Maldonado,Maldonado,2026-03-22
Mercedes,Uruguay,,Mercedes,Mercedes,2026-03-22
Punta del Este,Uruguay,,Punta del Este,Punta del Este,2026-03-22
Salto,Uruguay,,Salto,Salto,2026-03-22
San Carlos,Uruguay,,San Carlos,San Carlos,2026-03-22
Toledo,Uruguay,,Toledo,Toledo,2026-03-22
Union,Uruguay,,Union,Union,2026-03-22
Artigas,Uruguay,,Artigas,Artigas,2026-03-22
Baltasar Brum,Uruguay,,Baltasar Brum,Baltasar Brum,2026-03-22
Bella Unión,Uruguay,,Bella Unión,Bella Unión,2026-03-22
Tomás Gomensoro,Uruguay,,Tomás Gomensoro,Tomás Gomensoro,2026-03-22
Aguas Corrientes,Uruguay,,Aguas Corrientes,Aguas Corrientes,2026-03-22
Atlántida,Uruguay,,Atlántida,Atlántida,2026-03-22
Barros Blancos,Uruguay,,Barros Blancos,Barros Blancos,2026-03-22
Colonia Nicolich,Uruguay,,Colonia Nicolich,Colonia Nicolich,2026-03-22
Namangan,Uzbekistan,,Namangan,Namangan,2026-03-22
Samarkand,Uzbekistan,,Samarkand,Samarkand,2026-03-22
Andizhan,Uzbekistan,,Andizhan,Andizhan,2026-03-22
Bukhara,Uzbekistan,,Bukhara,Bukhara,2026-03-22
Nukus,Uzbekistan,,Nukus,Nukus,2026-03-22
Karshi,Uzbekistan,,Karshi,Karshi,2026-03-22
Kokand,Uzbekistan,,Kokand,Kokand,2026-03-22
Fergana,Uzbekistan,,Fergana,Fergana,2026-03-22
Margilan,Uzbekistan,,Margilan,Margilan,2026-03-22
Chirchik,Uzbekistan,,Chirchik,Chirchik,2026-03-22
Urgentch,Uzbekistan,,Urgentch,Urgentch,2026-03-22
Navoi,Uzbekistan,,Navoi,Navoi,2026-03-22
Banjzak,Uzbekistan,,Banjzak,Banjzak,2026-03-22
Angren,Uzbekistan,,Angren,Angren,2026-03-22
Termez,Uzbekistan,,Termez,Termez,2026-03-22
Almalyk,Uzbekistan,,Almalyk,Almalyk,2026-03-22
Andijon Viloyati,Uzbekistan,,Andijon Viloyati,Andijon Viloyati,2026-03-22
Buxoro Viloyati,Uzbekistan,,Buxoro Viloyati,Buxoro Viloyati,2026-03-22
Farg'ona Viloyati,Uzbekistan,,Farg'ona Viloyati,Farg'ona Viloyati,2026-03-22
Jizzax Viloyati,Uzbekistan,,Jizzax Viloyati,Jizzax Viloyati,2026-03-22
Namangan Viloyati,Uzbekistan,,Namangan Viloyati,Namangan Viloyati,2026-03-22
Navoiy Viloyati,Uzbekistan,,Navoiy Viloyati,Navoiy Viloyati,2026-03-22
Qashqadaryo Viloyati,Uzbekistan,,Qashqadaryo Viloyati,Qashqadaryo Viloyati,2026-03-22
Qaraqalpog'iston Respublikasi,Uzbekistan,,Qaraqalpog'iston Respublikasi,Qaraqalpog'iston Respublikasi,2026-03-22
Samarqand Viloyati,Uzbekistan,,Samarqand Viloyati,Samarqand Viloyati,2026-03-22
Sirdaryo Viloyati,Uzbekistan,,Sirdaryo Viloyati,Sirdaryo Viloyati,2026-03-22
Surxondaryo Viloyati,Uzbekistan,,Surxondaryo Viloyati,Surxondaryo Viloyati,2026-03-22
Toshkent Shahri,Uzbekistan,,Toshkent Shahri,Toshkent Shahri,2026-03-22
Toshkent Viloyati,Uzbekistan,,Toshkent Viloyati,Toshkent Viloyati,2026-03-22
Xorazm Viloyati,Uzbekistan,,Xorazm Viloyati,Xorazm Viloyati,2026-03-22
Andijon,Uzbekistan,,Andijon,Andijon,2026-03-22
Andijon Tumani,Uzbekistan,,Andijon Tumani,Andijon Tumani,2026-03-22
Asaka,Uzbekistan,,Asaka,Asaka,2026-03-22
Asaka Tumani,Uzbekistan,,Asaka Tumani,Asaka Tumani,2026-03-22
Baliqchi Tumani,Uzbekistan,,Baliqchi Tumani,Baliqchi Tumani,2026-03-22
Bo‘z Tumani,Uzbekistan,,Bo‘z Tumani,Bo‘z Tumani,2026-03-22
Buloqboshi Tumani,Uzbekistan,,Buloqboshi Tumani,Buloqboshi Tumani,2026-03-22
Izboskan Tumani,Uzbekistan,,Izboskan Tumani,Izboskan Tumani,2026-03-22
Jalolkuduk Tumani,Uzbekistan,,Jalolkuduk Tumani,Jalolkuduk Tumani,2026-03-22
PORT VILA,Vanuatu,,PORT VILA,PORT VILA,2026-03-22
Malampa,Vanuatu,,Malampa,Malampa,2026-03-22
Penama,Vanuatu,,Penama,Penama,2026-03-22
Sanma,Vanuatu,,Sanma,Sanma,2026-03-22
Shefa,Vanuatu,,Shefa,Shefa,2026-03-22
Tafea,Vanuatu,,Tafea,Tafea,2026-03-22
Sola,Vanuatu,,Sola,Torba,2026-03-22
"Litslits, Vanuatu",Vanuatu,,"Litslits, Vanuatu",Lakatoro,2026-03-22
Air Vanuatu,Vanuatu,,Air Vanuatu,Norsup,2026-03-22
Espiritu Santo,Vanuatu,,Espiritu Santo,Port-Olry,2026-03-22
Lists of earthquakes,Vanuatu,,Lists of earthquakes,Isangel,2026-03-22
Vatican City,Vatican City,,Vatican City,Vatican City,2026-03-22
Caracas Venezuela Temple,Venezuela,,Caracas Venezuela Temple,CARACAS,2026-03-22
Maracaibo,Venezuela,,Maracaibo,Maracaibo,2026-03-22
Barquisimeto,Venezuela,,Barquisimeto,Barquisimeto,2026-03-22
Ciudad Guayana,Venezuela,,Ciudad Guayana,Ciudad Guayana,2026-03-22
Maracay,Venezuela,,Maracay,Maracay,2026-03-22
Maturín,Venezuela,,Maturín,Maturín,2026-03-22
Barcelona-Puerto La Cruz,Venezuela,,Barcelona-Puerto La Cruz,Barcelona-Puerto La Cruz,2026-03-22
Ciudad Bolívar,Venezuela,,Ciudad Bolívar,Ciudad Bolívar,2026-03-22
Cumaná,Venezuela,,Cumaná,Cumaná,2026-03-22
Barinas,Venezuela,,Barinas,Barinas,2026-03-22
Acarigua-Araure,Venezuela,,Acarigua-Araure,Acarigua-Araure,2026-03-22
Guarenas,Venezuela,,Guarenas,Guarenas,2026-03-22
Los Teques,Venezuela,,Los Teques,Los Teques,2026-03-22
Baruta,Venezuela,,Baruta,Baruta,2026-03-22
Cabimas,Venezuela,,Cabimas,Cabimas,2026-03-22
El Tigre,Venezuela,,El Tigre,El Tigre,2026-03-22
Puerto Cabello,Venezuela,,Puerto Cabello,Puerto Cabello,2026-03-22
Coro,Venezuela,,Coro,Coro,2026-03-22
Tocuyito,Venezuela,,Tocuyito,Tocuyito,2026-03-22
Guatire,Venezuela,,Guatire,Guatire,2026-03-22
Los Guayos,Venezuela,,Los Guayos,Los Guayos,2026-03-22
Pozuelos (F),Venezuela,Capital,Pozuelos (F),Pozuelos (F),2026-03-22
Naguanagua,Venezuela,,Naguanagua,Naguanagua,2026-03-22
Guanare,Venezuela,,Guanare,Guanare,2026-03-22
Punto Fijo,Venezuela,,Punto Fijo,Punto Fijo,2026-03-22
Anaco(F),Venezuela,Capital,Anaco(F),Anaco(F),2026-03-22
Guacara,Venezuela,,Guacara,Guacara,2026-03-22
Ciudad Ojeda,Venezuela,,Ciudad Ojeda,Ciudad Ojeda,2026-03-22
Cua,Venezuela,,Cua,Cua,2026-03-22
Ho Chi Minh City,Vietnam,Ho Chi Minh,Ho Chi Minh City,Ho Chi Minh City,2026-03-22
Ha Long Bay,Vietnam,Quang Ninh,Ha Long,Ha Long Bay,2026-03-22
Hoi An,Vietnam,Quang Nam,Hoi An,Hoi An,2026-03-22
Da Nang,Vietnam,Da Nang,Da Nang,Da Nang,2026-03-22
Hue,Vietnam,Thua Thien Hue,Hue,Hue,2026-03-22
Sapa,Vietnam,Lao Cai,Sapa,Sapa,2026-03-22
Nha Trang,Vietnam,Khanh Hoa,Nha Trang,Nha Trang,2026-03-22
Phu Quoc,Vietnam,Kien Giang,Duong Dong,Phu Quoc,2026-03-22
Can Tho,Vietnam,Can Tho,Can Tho,Can Tho,2026-03-22
Phong Nha-Ke Bang National Park,Vietnam,Quang Binh,Phong Nha,Phong Nha-Ke Bang National Park,2026-03-22
Mekong Delta,Vietnam,An Giang,Can Tho,Mekong Delta,2026-03-22
An Dinh,Vietnam,,An Dinh,An Dinh,2026-03-22
An Giang,Vietnam,,An Giang,An Giang,2026-03-22
An Nhon,Vietnam,,An Nhon,An Nhon,2026-03-22
An Tam,Vietnam,,An Tam,An Tam,2026-03-22
An Thanh,Vietnam,,An Thanh,An Thanh,2026-03-22
Ap Sai Gon,Vietnam,,Ap Sai Gon,Ap Sai Gon,2026-03-22
Ap Trung,Vietnam,,Ap Trung,Ap Trung,2026-03-22
Bac Giang,Vietnam,,Bac Giang,Bac Giang,2026-03-22
Bac Kan,Vietnam,,Bac Kan,Bac Kan,2026-03-22
Bac Ninh,Vietnam,,Bac Ninh,Bac Ninh,2026-03-22
Bach Ma,Vietnam,,Bach Ma,Bach Ma,2026-03-22
Bang,Vietnam,,Bang,Bang,2026-03-22
Ben Nghe,Vietnam,,Ben Nghe,Ben Nghe,2026-03-22
Ben Than,Vietnam,,Ben Than,Ben Than,2026-03-22
Bien Hoa,Vietnam,,Bien Hoa,Bien Hoa,2026-03-22
Binh Phuoc,Vietnam,,Binh Phuoc,Binh Phuoc,2026-03-22
Binh Thanh,Vietnam,,Binh Thanh,Binh Thanh,2026-03-22
Binh Thoai,Vietnam,,Binh Thoai,Binh Thoai,2026-03-22
Buon Ma Thuot,Vietnam,,Buon Ma Thuot,Buon Ma Thuot,2026-03-22
Ca Mau,Vietnam,,Ca Mau,Ca Mau,2026-03-22
Cam Pha,Vietnam,,Cam Pha,Cam Pha,2026-03-22
Cho Ha,Vietnam,,Cho Ha,Cho Ha,2026-03-22
Chuong Duong,Vietnam,,Chuong Duong,Chuong Duong,2026-03-22
Co Giang,Vietnam,,Co Giang,Co Giang,2026-03-22
Da Lat,Vietnam,,Da Lat,Da Lat,2026-03-22
Mata-Utu,Wallis and Futuna,,Mata-Utu,META-UTU,2026-03-22
Wallis and Futuna,Wallis and Futuna,,Wallis and Futuna,Alele,2026-03-22
Futuna (Wallis and Futuna),Wallis and Futuna,,Futuna (Wallis and Futuna),Mala'e,2026-03-22
Tufu'one,Wallis and Futuna,,Tufu'one,Tufuone,2026-03-22
Ha'afuasia,Wallis and Futuna,,Ha'afuasia,Haafuasia,2026-03-22
Te'esi,Wallis and Futuna,,Te'esi,Teesi,2026-03-22
Mala'efo'ou,Wallis and Futuna,,Mala'efo'ou,Malaefoou,2026-03-22
2013 Pacific Mini Games,Wallis and Futuna,,2013 Pacific Mini Games,Gahi,2026-03-22
El Aaiún,Western Sahara,,El Aaiún,El Aaiún,2026-03-22
SANA'A,Yemen,,SANA'A,SANA'A,2026-03-22
Adan,Yemen,,Adan,Adan,2026-03-22
Ta'izz,Yemen,,Ta'izz,Ta'izz,2026-03-22
Al-Hudaydah,Yemen,Hodeidah,Al-Hudaydah,Al-Hudaydah,2026-03-22
Al-Mukalla,Yemen,,Al-Mukalla,Al-Mukalla,2026-03-22
Ibb,Yemen,,Ibb,Ibb,2026-03-22
Abyan,Yemen,,Abyan,Abyan,2026-03-22
Ad Dali',Yemen,,Ad Dali',Ad Dali',2026-03-22
Al Bayda',Yemen,,Al Bayda',Al Bayda',2026-03-22
Al Jawf,Yemen,,Al Jawf,Al Jawf,2026-03-22
Al Mahrah,Yemen,,Al Mahrah,Al Mahrah,2026-03-22
Al Mahwit,Yemen,,Al Mahwit,Al Mahwit,2026-03-22
'Amran,Yemen,,'Amran,'Amran,2026-03-22
Dhamar,Yemen,,Dhamar,Dhamar,2026-03-22
Hadramawt,Yemen,,Hadramawt,Hadramawt,2026-03-22
Hajjah,Yemen,,Hajjah,Hajjah,2026-03-22
Lahij,Yemen,,Lahij,Lahij,2026-03-22
Ma'rib,Yemen,,Ma'rib,Ma'rib,2026-03-22
Sa'dah,Yemen,,Sa'dah,Sa'dah,2026-03-22
San'a',Yemen,,San'a',San'a',2026-03-22
Shabwah,Yemen,,Shabwah,Shabwah,2026-03-22
Aden,Yemen,,Aden,Aden,2026-03-22
Al Buraiqeh,Yemen,,Al Buraiqeh,Al Buraiqeh,2026-03-22
Al Mansura,Yemen,,Al Mansura,Al Mansura,2026-03-22
Kitwe,Zambia,,Kitwe,Kitwe,2026-03-22
Chipata,Zambia,,Chipata,Chipata,2026-03-22
Ndola,Zambia,,Ndola,Ndola,2026-03-22
Kasama,Zambia,,Kasama,Kasama,2026-03-22
Chingola,Zambia,,Chingola,Chingola,2026-03-22
Kabwe,Zambia,,Kabwe,Kabwe,2026-03-22
Mufulira,Zambia,,Mufulira,Mufulira,2026-03-22
Luanshya,Zambia,,Luanshya,Luanshya,2026-03-22
Livingstone,Zambia,,Livingstone,Livingstone,2026-03-22
Kalomo,Zambia,,Kalomo,Kalomo,2026-03-22
Macha,Zambia,,Macha,Macha,2026-03-22
Mumbwa,Zambia,,Mumbwa,Mumbwa,2026-03-22
Siavonga,Zambia,,Siavonga,Siavonga,2026-03-22
Solwezi,Zambia,,Solwezi,Solwezi,2026-03-22
Chibombo,Zambia,,Chibombo,Chibombo,2026-03-22
Chibombo District,Zambia,,Chibombo District,Chibombo District,2026-03-22
Kapiri Mposhi,Zambia,,Kapiri Mposhi,Kapiri Mposhi,2026-03-22
Mkushi,Zambia,,Mkushi,Mkushi,2026-03-22
Serenje,Zambia,,Serenje,Serenje,2026-03-22
Chambishi,Zambia,,Chambishi,Chambishi,2026-03-22
Chililabombwe,Zambia,,Chililabombwe,Chililabombwe,2026-03-22
Chingola District,Zambia,,Chingola District,Chingola District,2026-03-22
Kalulushi,Zambia,,Kalulushi,Kalulushi,2026-03-22
Kataba,Zambia,,Kataba,Kataba,2026-03-22
Mpongwe,Zambia,,Mpongwe,Mpongwe,2026-03-22
Chadiza,Zambia,,Chadiza,Chadiza,2026-03-22
Harare Zimbabwe Temple,Zimbabwe,,Harare Zimbabwe Temple,HARARE,2026-03-22
Bulawayo,Zimbabwe,,Bulawayo,Bulawayo,2026-03-22
Chitungwiza,Zimbabwe,,Chitungwiza,Chitungwiza,2026-03-22
Mutare,Zimbabwe,,Mutare,Mutare,2026-03-22
Gweru,Zimbabwe,,Gweru,Gweru,2026-03-22
Chinhoyi,Zimbabwe,,Chinhoyi,Chinhoyi,2026-03-22
Greendale,Zimbabwe,,Greendale,Greendale,2026-03-22
Gwanda,Zimbabwe,,Gwanda,Gwanda,2026-03-22
Kwekwe,Zimbabwe,,Kwekwe,Kwekwe,2026-03-22
Mufakose,Zimbabwe,,Mufakose,Mufakose,2026-03-22
Victoria Falls,Zimbabwe,,Victoria Falls,Victoria Falls,2026-03-22
Epworth,Zimbabwe,,Epworth,Epworth,2026-03-22
Buhera District,Zimbabwe,,Buhera District,Buhera District,2026-03-22
Chimanimani,Zimbabwe,,Chimanimani,Chimanimani,2026-03-22
Chimanimani District,Zimbabwe,,Chimanimani District,Chimanimani District,2026-03-22
Chipinge,Zimbabwe,,Chipinge,Chipinge,2026-03-22
Chipinge District,Zimbabwe,,Chipinge District,Chipinge District,2026-03-22
Dorowa Mining Lease,Zimbabwe,,Dorowa Mining Lease,Dorowa Mining Lease,2026-03-22
Headlands,Zimbabwe,,Headlands,Headlands,2026-03-22
Makoni District,Zimbabwe,,Makoni District,Makoni District,2026-03-22
Mutare District,Zimbabwe,,Mutare District,Mutare District,2026-03-22
Mutasa District,Zimbabwe,,Mutasa District,Mutasa District,2026-03-22
Nyanga,Zimbabwe,,Nyanga,Nyanga,2026-03-22
ANDORRA LA VELLA,Andorra,Andorra,ANDORRA LA VELLA,ANDORRA LA VELLA,2026-03-22
Luanda,Angola,Angola,Luanda,Luanda,2026-03-22
BUENOS AIRES,Argentina,Argentina,BUENOS AIRES,BUENOS AIRES,2026-03-22
Campos del Tuyú National Park,Argentina,Argentina,Campos del Tuyú National Park,Campos del Tuyú National Park,2026-03-22
Chaco National Park,Argentina,Argentina,Chaco National Park,Chaco National Park,2026-03-22
El Leoncito National Park,Argentina,Argentina,El Leoncito National Park,El Leoncito National Park,2026-03-22
El Palmar National Park,Argentina,Argentina,El Palmar National Park,El Palmar National Park,2026-03-22
Islas de Santa Fe National Park,Argentina,Argentina,Islas de Santa Fe National Park,Islas de Santa Fe National Park,2026-03-22
Lago Puelo National Park,Argentina,Argentina,Lago Puelo National Park,Lago Puelo National Park,2026-03-22
Lanín National Park,Argentina,Argentina,Lanín National Park,Lanín National Park,2026-03-22
Los Arrayanes National Park,Argentina,Argentina,Los Arrayanes National Park,Los Arrayanes National Park,2026-03-22
Los Cardones National Park,Argentina,Argentina,Los Cardones National Park,Los Cardones National Park,2026-03-22
Nahuel Huapi National Park,Argentina,Argentina,Nahuel Huapi National Park,Nahuel Huapi National Park,2026-03-22
Perito Moreno National Park,Argentina,Argentina,Perito Moreno National Park,Perito Moreno National Park,2026-03-22
Predelta National Park,Argentina,Argentina,Predelta National Park,Predelta National Park,2026-03-22
Río Pilcomayo National Park,Argentina,Argentina,Río Pilcomayo National Park,Río Pilcomayo National Park,2026-03-22
San Guillermo National Park,Argentina,Argentina,San Guillermo National Park,San Guillermo National Park,2026-03-22
Talampaya National Park,Argentina,Argentina,Talampaya National Park,Talampaya National Park,2026-03-22
Tierra del Fuego National Park,Argentina,Argentina,Tierra del Fuego National Park,Tierra del Fuego National Park,2026-03-22
Abercrombie River National Park,Australia,Australia,Abercrombie River National Park,Abercrombie River National Park,2026-03-22
Adelaide International Bird Sanctuary National Park—Winaityinaityi Pangkara,Australia,Australia,Adelaide International Bird Sanctuary National Park—Winaityinaityi Pangkara,Adelaide International Bird Sanctuary National Park—Winaityinaityi Pangkara,2026-03-22
Annan River National Park,Australia,Australia,Annan River National Park,Annan River National Park,2026-03-22
Apudthama National Park,Australia,Australia,Apudthama National Park,Apudthama National Park,2026-03-22
Arakwal National Park,Australia,Australia,Arakwal National Park,Arakwal National Park,2026-03-22
Avon Valley National Park,Australia,Australia,Avon Valley National Park,Avon Valley National Park,2026-03-22
Barmah National Park,Australia,Australia,Barmah National Park,Barmah National Park,2026-03-22
Barnard Island Group National Park,Australia,Australia,Barnard Island Group National Park,Barnard Island Group National Park,2026-03-22
Barool National Park,Australia,Australia,Barool National Park,Barool National Park,2026-03-22
Barranyi (North Island) National Park,Australia,Australia,Barranyi (North Island) National Park,Barranyi (North Island) National Park,2026-03-22
Barrington Tops National Park,Australia,Australia,Barrington Tops National Park,Barrington Tops National Park,2026-03-22
Barron Gorge National Park,Australia,Australia,Barron Gorge National Park,Barron Gorge National Park,2026-03-22
Baw Baw National Park,Australia,Australia,Baw Baw National Park,Baw Baw National Park,2026-03-22
Beelu National Park,Australia,Australia,Beelu National Park,Beelu National Park,2026-03-22
Belair National Park,Australia,Australia,Belair National Park,Belair National Park,2026-03-22
Belford National Park,Australia,Australia,Belford National Park,Belford National Park,2026-03-22
Bellinger River National Park,Australia,Australia,Bellinger River National Park,Bellinger River National Park,2026-03-22
Bellthorpe National Park,Australia,Australia,Bellthorpe National Park,Bellthorpe National Park,2026-03-22
Ben Lomond National Park,Australia,Australia,Ben Lomond National Park,Ben Lomond National Park,2026-03-22
Benambra National Park,Australia,Australia,Benambra National Park,Benambra National Park,2026-03-22
Beowa National Park,Australia,Australia,Beowa National Park,Beowa National Park,2026-03-22
Berowra Valley National Park,Australia,Australia,Berowra Valley National Park,Berowra Valley National Park,2026-03-22
Biamanga National Park,Australia,Australia,Biamanga National Park,Biamanga National Park,2026-03-22
Bindarri National Park,Australia,Australia,Bindarri National Park,Bindarri National Park,2026-03-22
Biriwal Bulga National Park,Australia,Australia,Biriwal Bulga National Park,Biriwal Bulga National Park,2026-03-22
Blackwood River National Park,Australia,Australia,Blackwood River National Park,Blackwood River National Park,2026-03-22
Bongil Bongil National Park,Australia,Australia,Bongil Bongil National Park,Bongil Bongil National Park,2026-03-22
Booderee National Park and Botanic Gardens,Australia,Australia,Booderee National Park and Botanic Gardens,Booderee National Park and Botanic Gardens,2026-03-22
Boorara-Gardner National Park,Australia,Australia,Boorara-Gardner National Park,Boorara-Gardner National Park,2026-03-22
Booti Booti National Park,Australia,Australia,Booti Booti National Park,Booti Booti National Park,2026-03-22
Border Ranges National Park,Australia,Australia,Border Ranges National Park,Border Ranges National Park,2026-03-22
Bouddi National Park,Australia,Australia,Bouddi National Park,Bouddi National Park,2026-03-22
Bournda National Park,Australia,Australia,Bournda National Park,Bournda National Park,2026-03-22
Bowling Green Bay National Park,Australia,Australia,Bowling Green Bay National Park,Bowling Green Bay National Park,2026-03-22
Brampton Islands National Park,Australia,Australia,Brampton Islands National Park,Brampton Islands National Park,2026-03-22
Bribie Island National Park,Australia,Australia,Bribie Island National Park,Bribie Island National Park,2026-03-22
Brindabella National Park,Australia,Australia,Brindabella National Park,Brindabella National Park,2026-03-22
Brisbane Ranges National Park,Australia,Australia,Brisbane Ranges National Park,Brisbane Ranges National Park,2026-03-22
Brisbane Water National Park,Australia,Australia,Brisbane Water National Park,Brisbane Water National Park,2026-03-22
Broadwater National Park,Australia,Australia,Broadwater National Park,Broadwater National Park,2026-03-22
Brockman National Park,Australia,Australia,Brockman National Park,Brockman National Park,2026-03-22
Budawang National Park,Australia,Australia,Budawang National Park,Budawang National Park,2026-03-22
Budderoo National Park,Australia,Australia,Budderoo National Park,Budderoo National Park,2026-03-22
Bundjalung National Park,Australia,Australia,Bundjalung National Park,Bundjalung National Park,2026-03-22
Bungawalbin National Park,Australia,Australia,Bungawalbin National Park,Bungawalbin National Park,2026-03-22
Bungonia National Park,Australia,Australia,Bungonia National Park,Bungonia National Park,2026-03-22
Bunurong Marine National Park,Australia,Australia,Bunurong Marine National Park,Bunurong Marine National Park,2026-03-22
Bunya Mountains National Park,Australia,Australia,Bunya Mountains National Park,Bunya Mountains National Park,2026-03-22
Burleigh Head National Park,Australia,Australia,Burleigh Head National Park,Burleigh Head National Park,2026-03-22
Burrum Coast National Park,Australia,Australia,Burrum Coast National Park,Burrum Coast National Park,2026-03-22
CANBERRA,Australia,Australia,CANBERRA,CANBERRA,2026-03-22
Canunda National Park,Australia,Australia,Canunda National Park,Canunda National Park,2026-03-22
Cape Hillsborough National Park,Australia,Australia,Cape Hillsborough National Park,Cape Hillsborough National Park,2026-03-22
Cape Howe Marine National Park,Australia,Australia,Cape Howe Marine National Park,Cape Howe Marine National Park,2026-03-22
Cape Le Grand National Park,Australia,Australia,Cape Le Grand National Park,Cape Le Grand National Park,2026-03-22
Cape Melville National Park,Australia,Australia,Cape Melville National Park,Cape Melville National Park,2026-03-22
Cape Range (South) National Park,Australia,Australia,Cape Range (South) National Park,Cape Range (South) National Park,2026-03-22
Cape Upstart National Park,Australia,Australia,Cape Upstart National Park,Cape Upstart National Park,2026-03-22
Capricorn Coast National Park,Australia,Australia,Capricorn Coast National Park,Capricorn Coast National Park,2026-03-22
Capricornia Cays National Park,Australia,Australia,Capricornia Cays National Park,Capricornia Cays National Park,2026-03-22
Cascade National Park,Australia,Australia,Cascade National Park,Cascade National Park,2026-03-22
Castle Tower National Park,Australia,Australia,Castle Tower National Park,Castle Tower National Park,2026-03-22
Cathedral Rock National Park,Australia,Australia,Cathedral Rock National Park,Cathedral Rock National Park,2026-03-22
Cattai National Park,Australia,Australia,Cattai National Park,Cattai National Park,2026-03-22
Chaelundi National Park,Australia,Australia,Chaelundi National Park,Chaelundi National Park,2026-03-22
Charles Darwin National Park,Australia,Australia,Charles Darwin National Park,Charles Darwin National Park,2026-03-22
Chiltern-Mt Pilot National Park,Australia,Australia,Chiltern-Mt Pilot National Park,Chiltern-Mt Pilot National Park,2026-03-22
Christmas Island National Park,Australia,Australia,Christmas Island National Park,Christmas Island National Park,2026-03-22
Churchill Island Marine National Park,Australia,Australia,Churchill Island Marine National Park,Churchill Island Marine National Park,2026-03-22
Churchill National Park,Australia,Australia,Churchill National Park,Churchill National Park,2026-03-22
Cleland National Park,Australia,Australia,Cleland National Park,Cleland National Park,2026-03-22
Clump Mountain National Park,Australia,Australia,Clump Mountain National Park,Clump Mountain National Park,2026-03-22
Clyde River National Park,Australia,Australia,Clyde River National Park,Clyde River National Park,2026-03-22
Coffin Bay National Park,Australia,Australia,Coffin Bay National Park,Coffin Bay National Park,2026-03-22
Conjola National Park,Australia,Australia,Conjola National Park,Conjola National Park,2026-03-22
Conondale National Park,Australia,Australia,Conondale National Park,Conondale National Park,2026-03-22
Conway National Park,Australia,Australia,Conway National Park,Conway National Park,2026-03-22
Coopracambra National Park,Australia,Australia,Coopracambra National Park,Coopracambra National Park,2026-03-22
Coorabakh National Park,Australia,Australia,Coorabakh National Park,Coorabakh National Park,2026-03-22
Corner Inlet Marine National Park,Australia,Australia,Corner Inlet Marine National Park,Corner Inlet Marine National Park,2026-03-22
Cradle Mountain-Lake St Clair National Park,Australia,Australia,Cradle Mountain-Lake St Clair National Park,Cradle Mountain-Lake St Clair National Park,2026-03-22
Crater Lakes National Park,Australia,Australia,Crater Lakes National Park,Crater Lakes National Park,2026-03-22
Crowdy Bay National Park,Australia,Australia,Crowdy Bay National Park,Crowdy Bay National Park,2026-03-22
Crows Nest National Park,Australia,Australia,Crows Nest National Park,Crows Nest National Park,2026-03-22
Cunnawarra National Park,Australia,Australia,Cunnawarra National Park,Cunnawarra National Park,2026-03-22
Curtis Island National Park,Australia,Australia,Curtis Island National Park,Curtis Island National Park,2026-03-22
D'Entrecasteaux National Park,Australia,Australia,D'Entrecasteaux National Park,D'Entrecasteaux National Park,2026-03-22
Danbulla National Park and State Forest,Australia,Australia,Danbulla National Park and State Forest,Danbulla National Park and State Forest,2026-03-22
Dandenong Ranges National Park,Australia,Australia,Dandenong Ranges National Park,Dandenong Ranges National Park,2026-03-22
Davies Creek National Park,Australia,Australia,Davies Creek National Park,Davies Creek National Park,2026-03-22
Deep Creek National Park,Australia,Australia,Deep Creek National Park,Deep Creek National Park,2026-03-22
Deepwater National Park,Australia,Australia,Deepwater National Park,Deepwater National Park,2026-03-22
Dharug National Park,Australia,Australia,Dharug National Park,Dharug National Park,2026-03-22
Dirk Hartog Island National Park,Australia,Australia,Dirk Hartog Island National Park,Dirk Hartog Island National Park,2026-03-22
Discovery Bay Marine National Park,Australia,Australia,Discovery Bay Marine National Park,Discovery Bay Marine National Park,2026-03-22
Djiru National Park,Australia,Australia,Djiru National Park,Djiru National Park,2026-03-22
Dooragan National Park,Australia,Australia,Dooragan National Park,Dooragan National Park,2026-03-22
Dorrigo National Park,Australia,Australia,Dorrigo National Park,Dorrigo National Park,2026-03-22
Drovers Cave National Park,Australia,Australia,Drovers Cave National Park,Drovers Cave National Park,2026-03-22
Dryander National Park,Australia,Australia,Dryander National Park,Dryander National Park,2026-03-22
Dularcha National Park,Australia,Australia,Dularcha National Park,Dularcha National Park,2026-03-22
Endeavour River National Park,Australia,Australia,Endeavour River National Park,Endeavour River National Park,2026-03-22
Eubenangee Swamp National Park,Australia,Australia,Eubenangee Swamp National Park,Eubenangee Swamp National Park,2026-03-22
Eucla National Park,Australia,Australia,Eucla National Park,Eucla National Park,2026-03-22
Eudlo Creek National Park,Australia,Australia,Eudlo Creek National Park,Eudlo Creek National Park,2026-03-22
Eungella National Park,Australia,Australia,Eungella National Park,Eungella National Park,2026-03-22
Eurobodalla National Park,Australia,Australia,Eurobodalla National Park,Eurobodalla National Park,2026-03-22
Fairlies Knob National Park,Australia,Australia,Fairlies Knob National Park,Fairlies Knob National Park,2026-03-22
Family Islands National Park,Australia,Australia,Family Islands National Park,Family Islands National Park,2026-03-22
Finke Gorge National Park,Australia,Australia,Finke Gorge National Park,Finke Gorge National Park,2026-03-22
Fitzroy Island National Park,Australia,Australia,Fitzroy Island National Park,Fitzroy Island National Park,2026-03-22
Flinders Chase National Park,Australia,Australia,Flinders Chase National Park,Flinders Chase National Park,2026-03-22
Flinders Group National Park,Australia,Australia,Flinders Group National Park,Flinders Group National Park,2026-03-22
Forest Grove National Park,Australia,Australia,Forest Grove National Park,Forest Grove National Park,2026-03-22
Fort Lytton National Park,Australia,Australia,Fort Lytton National Park,Fort Lytton National Park,2026-03-22
Frankland Group National Park,Australia,Australia,Frankland Group National Park,Frankland Group National Park,2026-03-22
French Island National Park,Australia,Australia,French Island National Park,French Island National Park,2026-03-22
Gardens of Stone National Park,Australia,Australia,Gardens of Stone National Park,Gardens of Stone National Park,2026-03-22
Garigal National Park,Australia,Australia,Garigal National Park,Garigal National Park,2026-03-22
Gawler Ranges National Park,Australia,Australia,Gawler Ranges National Park,Gawler Ranges National Park,2026-03-22
Geikie Gorge National Park,Australia,Australia,Geikie Gorge National Park,Geikie Gorge National Park,2026-03-22
Georges River National Park,Australia,Australia,Georges River National Park,Georges River National Park,2026-03-22
Ghin-Doo-Ee National Park,Australia,Australia,Ghin-Doo-Ee National Park,Ghin-Doo-Ee National Park,2026-03-22
Gibraltar Range National Park,Australia,Australia,Gibraltar Range National Park,Gibraltar Range National Park,2026-03-22
Girramay National Park,Australia,Australia,Girramay National Park,Girramay National Park,2026-03-22
Girraween National Park,Australia,Australia,Girraween National Park,Girraween National Park,2026-03-22
Glass House Mountains National Park,Australia,Australia,Glass House Mountains National Park,Glass House Mountains National Park,2026-03-22
Glenthorne National Park–Ityamaiitpinna Yarta,Australia,Australia,Glenthorne National Park–Ityamaiitpinna Yarta,Glenthorne National Park–Ityamaiitpinna Yarta,2026-03-22
Gloucester National Park,Australia,Australia,Gloucester National Park,Gloucester National Park,2026-03-22
Goobang National Park,Australia,Australia,Goobang National Park,Goobang National Park,2026-03-22
Goold Island National Park,Australia,Australia,Goold Island National Park,Goold Island National Park,2026-03-22
Goonengerry National Park,Australia,Australia,Goonengerry National Park,Goonengerry National Park,2026-03-22
Gooseberry Hill National Park,Australia,Australia,Gooseberry Hill National Park,Gooseberry Hill National Park,2026-03-22
Goulburn River National Park,Australia,Australia,Goulburn River National Park,Goulburn River National Park,2026-03-22
Great Australian Bight Marine National Park,Australia,Australia,Great Australian Bight Marine National Park,Great Australian Bight Marine National Park,2026-03-22
Great Otway National Park,Australia,Australia,Great Otway National Park,Great Otway National Park,2026-03-22
Great Sandy National Park,Australia,Australia,Great Sandy National Park,Great Sandy National Park,2026-03-22
Greater Bendigo National Park,Australia,Australia,Greater Bendigo National Park,Greater Bendigo National Park,2026-03-22
Greater Dordagup National Park,Australia,Australia,Greater Dordagup National Park,Greater Dordagup National Park,2026-03-22
Greater Hawke National Park,Australia,Australia,Greater Hawke National Park,Greater Hawke National Park,2026-03-22
Greater Preston National Park,Australia,Australia,Greater Preston National Park,Greater Preston National Park,2026-03-22
Greenmount National Park,Australia,Australia,Greenmount National Park,Greenmount National Park,2026-03-22
Grey Peaks National Park,Australia,Australia,Grey Peaks National Park,Grey Peaks National Park,2026-03-22
Gulaga National Park,Australia,Australia,Gulaga National Park,Gulaga National Park,2026-03-22
Gull Rock National Park,Australia,Australia,Gull Rock National Park,Gull Rock National Park,2026-03-22
Gunbower National Park,Australia,Australia,Gunbower National Park,Gunbower National Park,2026-03-22
Guy Fawkes River National Park,Australia,Australia,Guy Fawkes River National Park,Guy Fawkes River National Park,2026-03-22
Hartz Mountains National Park,Australia,Australia,Hartz Mountains National Park,Hartz Mountains National Park,2026-03-22
Hasties Swamp National Park,Australia,Australia,Hasties Swamp National Park,Hasties Swamp National Park,2026-03-22
Hat Head National Park,Australia,Australia,Hat Head National Park,Hat Head National Park,2026-03-22
Heathcote National Park,Australia,Australia,Heathcote National Park,Heathcote National Park,2026-03-22
Herberton Range National Park,Australia,Australia,Herberton Range National Park,Herberton Range National Park,2026-03-22
Hinchinbrook Island National Park,Australia,Australia,Hinchinbrook Island National Park,Hinchinbrook Island National Park,2026-03-22
Houtman Abrolhos Islands National Park,Australia,Australia,Houtman Abrolhos Islands National Park,Houtman Abrolhos Islands National Park,2026-03-22
Hull River National Park,Australia,Australia,Hull River National Park,Hull River National Park,2026-03-22
Innes National Park,Australia,Australia,Innes National Park,Innes National Park,2026-03-22
Isla Gorge National Park,Australia,Australia,Isla Gorge National Park,Isla Gorge National Park,2026-03-22
Iytwelepenty / Davenport Range National Park,Australia,Australia,Iytwelepenty / Davenport Range National Park,Iytwelepenty / Davenport Range National Park,2026-03-22
Japoon National Park,Australia,Australia,Japoon National Park,Japoon National Park,2026-03-22
Jervis Bay National Park,Australia,Australia,Jervis Bay National Park,Jervis Bay National Park,2026-03-22
John Forrest National Park,Australia,Australia,John Forrest National Park,John Forrest National Park,2026-03-22
Junuy Juluum National Park,Australia,Australia,Junuy Juluum National Park,Junuy Juluum National Park,2026-03-22
Kalamunda National Park,Australia,Australia,Kalamunda National Park,Kalamunda National Park,2026-03-22
Kalkajaka National Park,Australia,Australia,Kalkajaka National Park,Kalkajaka National Park,2026-03-22
Kamay Botany Bay National Park,Australia,Australia,Kamay Botany Bay National Park,Kamay Botany Bay National Park,2026-03-22
Kanangra-Boyd National Park,Australia,Australia,Kanangra-Boyd National Park,Kanangra-Boyd National Park,2026-03-22
Kara Kara National Park,Australia,Australia,Kara Kara National Park,Kara Kara National Park,2026-03-22
Kent Group National Park,Australia,Australia,Kent Group National Park,Kent Group National Park,2026-03-22
Kinglake National Park,Australia,Australia,Kinglake National Park,Kinglake National Park,2026-03-22
Kirrama National Park,Australia,Australia,Kirrama National Park,Kirrama National Park,2026-03-22
Kondalilla National Park,Australia,Australia,Kondalilla National Park,Kondalilla National Park,2026-03-22
Koreelah National Park,Australia,Australia,Koreelah National Park,Koreelah National Park,2026-03-22
Korung National Park,Australia,Australia,Korung National Park,Korung National Park,2026-03-22
Ku-ring-gai Chase National Park,Australia,Australia,Ku-ring-gai Chase National Park,Ku-ring-gai Chase National Park,2026-03-22
KULLA (McIlwraith Range) National Park,Australia,Australia,KULLA (McIlwraith Range) National Park,KULLA (McIlwraith Range) National Park,2026-03-22
Kuranda National Park,Australia,Australia,Kuranda National Park,Kuranda National Park,2026-03-22
Kurrimine Beach National Park,Australia,Australia,Kurrimine Beach National Park,Kurrimine Beach National Park,2026-03-22
Kwiambal National Park,Australia,Australia,Kwiambal National Park,Kwiambal National Park,2026-03-22
Lachlan Valley National Park,Australia,Australia,Lachlan Valley National Park,Lachlan Valley National Park,2026-03-22
Lake Frome National Park,Australia,Australia,Lake Frome National Park,Lake Frome National Park,2026-03-22
Lake Torrens National Park,Australia,Australia,Lake Torrens National Park,Lake Torrens National Park,2026-03-22
Lamington National Park,Australia,Australia,Lamington National Park,Lamington National Park,2026-03-22
Lane Cove National Park,Australia,Australia,Lane Cove National Park,Lane Cove National Park,2026-03-22
Leeuwin-Naturaliste National Park,Australia,Australia,Leeuwin-Naturaliste National Park,Leeuwin-Naturaliste National Park,2026-03-22
Lesmurdie Falls National Park,Australia,Australia,Lesmurdie Falls National Park,Lesmurdie Falls National Park,2026-03-22
Lincoln National Park,Australia,Australia,Lincoln National Park,Lincoln National Park,2026-03-22
Lind National Park,Australia,Australia,Lind National Park,Lind National Park,2026-03-22
Lindeman Islands National Park,Australia,Australia,Lindeman Islands National Park,Lindeman Islands National Park,2026-03-22
Lizard Island National Park,Australia,Australia,Lizard Island National Park,Lizard Island National Park,2026-03-22
Macquarie Pass National Park,Australia,Australia,Macquarie Pass National Park,Macquarie Pass National Park,2026-03-22
Magnetic Island National Park,Australia,Australia,Magnetic Island National Park,Magnetic Island National Park,2026-03-22
Main Range National Park,Australia,Australia,Main Range National Park,Main Range National Park,2026-03-22
Mallanganee National Park,Australia,Australia,Mallanganee National Park,Mallanganee National Park,2026-03-22
Mapleton Falls National Park,Australia,Australia,Mapleton Falls National Park,Mapleton Falls National Park,2026-03-22
Maria Creek National Park,Australia,Australia,Maria Creek National Park,Maria Creek National Park,2026-03-22
Maria Island National Park,Australia,Australia,Maria Island National Park,Maria Island National Park,2026-03-22
Marramarra National Park,Australia,Australia,Marramarra National Park,Marramarra National Park,2026-03-22
Mebbin National Park,Australia,Australia,Mebbin National Park,Mebbin National Park,2026-03-22
Meroo National Park,Australia,Australia,Meroo National Park,Meroo National Park,2026-03-22
Midgegooroo National Park,Australia,Australia,Midgegooroo National Park,Midgegooroo National Park,2026-03-22
Millstream Falls National Park,Australia,Australia,Millstream Falls National Park,Millstream Falls National Park,2026-03-22
Mimosa Rocks National Park,Australia,Australia,Mimosa Rocks National Park,Mimosa Rocks National Park,2026-03-22
Minerva Hills National Park,Australia,Australia,Minerva Hills National Park,Minerva Hills National Park,2026-03-22
Mirima National Park,Australia,Australia,Mirima National Park,Mirima National Park,2026-03-22
Mitchell River National Park,Australia,Australia,Mitchell River National Park,Mitchell River National Park,2026-03-22
Molle Islands National Park,Australia,Australia,Molle Islands National Park,Molle Islands National Park,2026-03-22
Mooball National Park,Australia,Australia,Mooball National Park,Mooball National Park,2026-03-22
Moresby Range National Park,Australia,Australia,Moresby Range National Park,Moresby Range National Park,2026-03-22
Moreton Island National Park,Australia,Australia,Moreton Island National Park,Moreton Island National Park,2026-03-22
Mornington Peninsula National Park,Australia,Australia,Mornington Peninsula National Park,Mornington Peninsula National Park,2026-03-22
Morton National Park,Australia,Australia,Morton National Park,Morton National Park,2026-03-22
Morwell National Park,Australia,Australia,Morwell National Park,Morwell National Park,2026-03-22
Mount Archer National Park,Australia,Australia,Mount Archer National Park,Mount Archer National Park,2026-03-22
Mount Augustus National Park,Australia,Australia,Mount Augustus National Park,Mount Augustus National Park,2026-03-22
Mount Barney National Park,Australia,Australia,Mount Barney National Park,Mount Barney National Park,2026-03-22
Mount Bauple National Park,Australia,Australia,Mount Bauple National Park,Mount Bauple National Park,2026-03-22
Mount Clunie National Park,Australia,Australia,Mount Clunie National Park,Mount Clunie National Park,2026-03-22
Mount Colosseum National Park,Australia,Australia,Mount Colosseum National Park,Mount Colosseum National Park,2026-03-22
"Mount Cook National Park, Australia",Australia,Australia,"Mount Cook National Park, Australia","Mount Cook National Park, Australia",2026-03-22
Mount Eccles National Park,Australia,Australia,Mount Eccles National Park,Mount Eccles National Park,2026-03-22
Mount Field National Park,Australia,Australia,Mount Field National Park,Mount Field National Park,2026-03-22
Mount Hypipamee National Park,Australia,Australia,Mount Hypipamee National Park,Mount Hypipamee National Park,2026-03-22
Mount Jerusalem National Park,Australia,Australia,Mount Jerusalem National Park,Mount Jerusalem National Park,2026-03-22
Mount Kaputar National Park,Australia,Australia,Mount Kaputar National Park,Mount Kaputar National Park,2026-03-22
Mount Mackay National Park,Australia,Australia,Mount Mackay National Park,Mount Mackay National Park,2026-03-22
Mount Nothofagus National Park,Australia,Australia,Mount Nothofagus National Park,Mount Nothofagus National Park,2026-03-22
Mount Remarkable National Park,Australia,Australia,Mount Remarkable National Park,Mount Remarkable National Park,2026-03-22
Mount Richmond National Park,Australia,Australia,Mount Richmond National Park,Mount Richmond National Park,2026-03-22
Mount Royal National Park,Australia,Australia,Mount Royal National Park,Mount Royal National Park,2026-03-22
Mount Spurgeon National Park,Australia,Australia,Mount Spurgeon National Park,Mount Spurgeon National Park,2026-03-22
Mount William National Park,Australia,Australia,Mount William National Park,Mount William National Park,2026-03-22
Mount Windsor National Park,Australia,Australia,Mount Windsor National Park,Mount Windsor National Park,2026-03-22
Munga-Thirri–Simpson Desert National Park,Australia,Australia,Munga-Thirri–Simpson Desert National Park,Munga-Thirri–Simpson Desert National Park,2026-03-22
Mungo National Park,Australia,Australia,Mungo National Park,Mungo National Park,2026-03-22
Murramarang National Park,Australia,Australia,Murramarang National Park,Murramarang National Park,2026-03-22
Murray River National Park,Australia,Australia,Murray River National Park,Murray River National Park,2026-03-22
Murujuga National Park,Australia,Australia,Murujuga National Park,Murujuga National Park,2026-03-22
Myall Lakes National Park,Australia,Australia,Myall Lakes National Park,Myall Lakes National Park,2026-03-22
Namadgi National Park,Australia,Australia,Namadgi National Park,Namadgi National Park,2026-03-22
Nambung National Park,Australia,Australia,Nambung National Park,Nambung National Park,2026-03-22
Naracoorte Caves National Park,Australia,Australia,Naracoorte Caves National Park,Naracoorte Caves National Park,2026-03-22
Narawntapu National Park,Australia,Australia,Narawntapu National Park,Narawntapu National Park,2026-03-22
Neerabup National Park,Australia,Australia,Neerabup National Park,Neerabup National Park,2026-03-22
Nerang National Park,Australia,Australia,Nerang National Park,Nerang National Park,2026-03-22
New England National Park,Australia,Australia,New England National Park,New England National Park,2026-03-22
Newry Islands National Park,Australia,Australia,Newry Islands National Park,Newry Islands National Park,2026-03-22
Nicoll Scrub National Park,Australia,Australia,Nicoll Scrub National Park,Nicoll Scrub National Park,2026-03-22
Nightcap National Park,Australia,Australia,Nightcap National Park,Nightcap National Park,2026-03-22
Niiwalarra Islands National Park,Australia,Australia,Niiwalarra Islands National Park,Niiwalarra Islands National Park,2026-03-22
Nilpena Ediacara National Park,Australia,Australia,Nilpena Ediacara National Park,Nilpena Ediacara National Park,2026-03-22
Ninety Mile Beach Marine National Park,Australia,Australia,Ninety Mile Beach Marine National Park,Ninety Mile Beach Marine National Park,2026-03-22
Noosa National Park,Australia,Australia,Noosa National Park,Noosa National Park,2026-03-22
Norfolk Island National Park,Australia,Australia,Norfolk Island National Park,Norfolk Island National Park,2026-03-22
Nuga Nuga National Park,Australia,Australia,Nuga Nuga National Park,Nuga Nuga National Park,2026-03-22
Nullarbor National Park,Australia,Australia,Nullarbor National Park,Nullarbor National Park,2026-03-22
Nymboi-Binderay National Park,Australia,Australia,Nymboi-Binderay National Park,Nymboi-Binderay National Park,2026-03-22
Nymboida National Park,Australia,Australia,Nymboida National Park,Nymboida National Park,2026-03-22
Nymph Island National Park,Australia,Australia,Nymph Island National Park,Nymph Island National Park,2026-03-22
Onkaparinga River National Park,Australia,Australia,Onkaparinga River National Park,Onkaparinga River National Park,2026-03-22
Organ Pipes National Park,Australia,Australia,Organ Pipes National Park,Organ Pipes National Park,2026-03-22
Orpheus Island National Park,Australia,Australia,Orpheus Island National Park,Orpheus Island National Park,2026-03-22
Oxley Wild Rivers National Park,Australia,Australia,Oxley Wild Rivers National Park,Oxley Wild Rivers National Park,2026-03-22
Paluma Range National Park,Australia,Australia,Paluma Range National Park,Paluma Range National Park,2026-03-22
Peak Range National Park,Australia,Australia,Peak Range National Park,Peak Range National Park,2026-03-22
Pipeclay National Park,Australia,Australia,Pipeclay National Park,Pipeclay National Park,2026-03-22
Piper Islands National Park,Australia,Australia,Piper Islands National Park,Piper Islands National Park,2026-03-22
Point Addis Marine National Park,Australia,Australia,Point Addis Marine National Park,Point Addis Marine National Park,2026-03-22
Point Hicks Marine National Park,Australia,Australia,Point Hicks Marine National Park,Point Hicks Marine National Park,2026-03-22
Popran National Park,Australia,Australia,Popran National Park,Popran National Park,2026-03-22
Porongurup National Park,Australia,Australia,Porongurup National Park,Porongurup National Park,2026-03-22
Port Campbell National Park,Australia,Australia,Port Campbell National Park,Port Campbell National Park,2026-03-22
Possession Island National Park,Australia,Australia,Possession Island National Park,Possession Island National Park,2026-03-22
Pulu Keeling National Park,Australia,Australia,Pulu Keeling National Park,Pulu Keeling National Park,2026-03-22
Richmond Range National Park,Australia,Australia,Richmond Range National Park,Richmond Range National Park,2026-03-22
Rocky Cape National Park,Australia,Australia,Rocky Cape National Park,Rocky Cape National Park,2026-03-22
Rocky Islets National Park,Australia,Australia,Rocky Islets National Park,Rocky Islets National Park,2026-03-22
Round Top Island National Park,Australia,Australia,Round Top Island National Park,Round Top Island National Park,2026-03-22
Royal National Park,Australia,Australia,Royal National Park,Royal National Park,2026-03-22
Russell River National Park,Australia,Australia,Russell River National Park,Russell River National Park,2026-03-22
Sarabah National Park,Australia,Australia,Sarabah National Park,Sarabah National Park,2026-03-22
Saunders Islands National Park,Australia,Australia,Saunders Islands National Park,Saunders Islands National Park,2026-03-22
Savage River National Park,Australia,Australia,Savage River National Park,Savage River National Park,2026-03-22
Scheyville National Park,Australia,Australia,Scheyville National Park,Scheyville National Park,2026-03-22
Scott National Park,Australia,Australia,Scott National Park,Scott National Park,2026-03-22
Sea Acres National Park,Australia,Australia,Sea Acres National Park,Sea Acres National Park,2026-03-22
Serpentine National Park,Australia,Australia,Serpentine National Park,Serpentine National Park,2026-03-22
Seven Mile Beach National Park,Australia,Australia,Seven Mile Beach National Park,Seven Mile Beach National Park,2026-03-22
Sir Charles Hardy Group National Park,Australia,Australia,Sir Charles Hardy Group National Park,Sir Charles Hardy Group National Park,2026-03-22
Snowy River National Park,Australia,Australia,Snowy River National Park,Snowy River National Park,2026-03-22
South Bruny National Park,Australia,Australia,South Bruny National Park,South Bruny National Park,2026-03-22
South East Forests National Park,Australia,Australia,South East Forests National Park,South East Forests National Park,2026-03-22
Southern Moreton Bay Islands National Park,Australia,Australia,Southern Moreton Bay Islands National Park,Southern Moreton Bay Islands National Park,2026-03-22
Southwest National Park,Australia,Australia,Southwest National Park,Southwest National Park,2026-03-22
Springbrook National Park,Australia,Australia,Springbrook National Park,Springbrook National Park,2026-03-22
St Helena Island National Park,Australia,Australia,St Helena Island National Park,St Helena Island National Park,2026-03-22
Stirling Range National Park,Australia,Australia,Stirling Range National Park,Stirling Range National Park,2026-03-22
Stokes National Park,Australia,Australia,Stokes National Park,Stokes National Park,2026-03-22
Strzelecki National Park,Australia,Australia,Strzelecki National Park,Strzelecki National Park,2026-03-22
Sydney Harbour National Park,Australia,Australia,Sydney Harbour National Park,Sydney Harbour National Park,2026-03-22
Tamborine National Park,Australia,Australia,Tamborine National Park,Tamborine National Park,2026-03-22
Tarlo River National Park,Australia,Australia,Tarlo River National Park,Tarlo River National Park,2026-03-22
Tarong National Park,Australia,Australia,Tarong National Park,Tarong National Park,2026-03-22
Tasman National Park,Australia,Australia,Tasman National Park,Tasman National Park,2026-03-22
The Lakes National Park,Australia,Australia,The Lakes National Park,The Lakes National Park,2026-03-22
Thirlmere Lakes National Park,Australia,Australia,Thirlmere Lakes National Park,Thirlmere Lakes National Park,2026-03-22
Three Islands National Park,Australia,Australia,Three Islands National Park,Three Islands National Park,2026-03-22
Tomaree National Park,Australia,Australia,Tomaree National Park,Tomaree National Park,2026-03-22
Tooloom National Park,Australia,Australia,Tooloom National Park,Tooloom National Park,2026-03-22
Toonumbar National Park,Australia,Australia,Toonumbar National Park,Toonumbar National Park,2026-03-22
Topaz Road National Park,Australia,Australia,Topaz Road National Park,Topaz Road National Park,2026-03-22
Torndirrup National Park,Australia,Australia,Torndirrup National Park,Torndirrup National Park,2026-03-22
Triunia National Park,Australia,Australia,Triunia National Park,Triunia National Park,2026-03-22
Tuart Forest National Park,Australia,Australia,Tuart Forest National Park,Tuart Forest National Park,2026-03-22
Tully Falls National Park,Australia,Australia,Tully Falls National Park,Tully Falls National Park,2026-03-22
Tully Gorge National Park,Australia,Australia,Tully Gorge National Park,Tully Gorge National Park,2026-03-22
Turon National Park,Australia,Australia,Turon National Park,Turon National Park,2026-03-22
Twelve Apostles Marine National Park,Australia,Australia,Twelve Apostles Marine National Park,Twelve Apostles Marine National Park,2026-03-22
Ulidarra National Park,Australia,Australia,Ulidarra National Park,Ulidarra National Park,2026-03-22
Uluṟu-Kata Tjuṯa National Park,Australia,Australia,Uluṟu-Kata Tjuṯa National Park,Uluṟu-Kata Tjuṯa National Park,2026-03-22
Venman Bushland National Park,Australia,Australia,Venman Bushland National Park,Venman Bushland National Park,2026-03-22
Wallaga Lake National Park,Australia,Australia,Wallaga Lake National Park,Wallaga Lake National Park,2026-03-22
Wallingat National Park,Australia,Australia,Wallingat National Park,Wallingat National Park,2026-03-22
Walls of Jerusalem National Park,Australia,Australia,Walls of Jerusalem National Park,Walls of Jerusalem National Park,2026-03-22
Walpole-Nornalup National Park,Australia,Australia,Walpole-Nornalup National Park,Walpole-Nornalup National Park,2026-03-22
Walyunga National Park,Australia,Australia,Walyunga National Park,Walyunga National Park,2026-03-22
Wapma Thura–Southern Flinders Ranges National Park,Australia,Australia,Wapma Thura–Southern Flinders Ranges National Park,Wapma Thura–Southern Flinders Ranges National Park,2026-03-22
Warra National Park,Australia,Australia,Warra National Park,Warra National Park,2026-03-22
Warrabah National Park,Australia,Australia,Warrabah National Park,Warrabah National Park,2026-03-22
Warren National Park,Australia,Australia,Warren National Park,Warren National Park,2026-03-22
Warrumbungle National Park,Australia,Australia,Warrumbungle National Park,Warrumbungle National Park,2026-03-22
Washpool National Park,Australia,Australia,Washpool National Park,Washpool National Park,2026-03-22
Watagans National Park,Australia,Australia,Watagans National Park,Watagans National Park,2026-03-22
Watarrka National Park,Australia,Australia,Watarrka National Park,Watarrka National Park,2026-03-22
Waychinicup National Park,Australia,Australia,Waychinicup National Park,Waychinicup National Park,2026-03-22
Weddin Mountains National Park,Australia,Australia,Weddin Mountains National Park,Weddin Mountains National Park,2026-03-22
Wellington National Park,Australia,Australia,Wellington National Park,Wellington National Park,2026-03-22
Werakata National Park,Australia,Australia,Werakata National Park,Werakata National Park,2026-03-22
West Cape Howe National Park,Australia,Australia,West Cape Howe National Park,West Cape Howe National Park,2026-03-22
West MacDonnell National Park,Australia,Australia,West MacDonnell National Park,West MacDonnell National Park,2026-03-22
Whitsunday Islands National Park,Australia,Australia,Whitsunday Islands National Park,Whitsunday Islands National Park,2026-03-22
Willandra National Park,Australia,Australia,Willandra National Park,Willandra National Park,2026-03-22
William Bay National Park,Australia,Australia,William Bay National Park,William Bay National Park,2026-03-22
Wilsons Promontory Marine National Park,Australia,Australia,Wilsons Promontory Marine National Park,Wilsons Promontory Marine National Park,2026-03-22
Wilsons Promontory National Park,Australia,Australia,Wilsons Promontory National Park,Wilsons Promontory National Park,2026-03-22
Windjana Gorge National Park,Australia,Australia,Windjana Gorge National Park,Windjana Gorge National Park,2026-03-22
Woko National Park,Australia,Australia,Woko National Park,Woko National Park,2026-03-22
Wolfe Creek Meteorite Crater National Park,Australia,Australia,Wolfe Creek Meteorite Crater National Park,Wolfe Creek Meteorite Crater National Park,2026-03-22
Wollumbin National Park,Australia,Australia,Wollumbin National Park,Wollumbin National Park,2026-03-22
Wooditjup National Park,Australia,Australia,Wooditjup National Park,Wooditjup National Park,2026-03-22
Woomargama National Park,Australia,Australia,Woomargama National Park,Woomargama National Park,2026-03-22
Wooroonooran National Park,Australia,Australia,Wooroonooran National Park,Wooroonooran National Park,2026-03-22
Wyrrabalong National Park,Australia,Australia,Wyrrabalong National Park,Wyrrabalong National Park,2026-03-22
Yabbra National Park,Australia,Australia,Yabbra National Park,Yabbra National Park,2026-03-22
Yalgorup National Park,Australia,Australia,Yalgorup National Park,Yalgorup National Park,2026-03-22
Yamarrinh Wachangan Islands (Denham Group) National Park,Australia,Australia,Yamarrinh Wachangan Islands (Denham Group) National Park,Yamarrinh Wachangan Islands (Denham Group) National Park,2026-03-22
Yanchep National Park,Australia,Australia,Yanchep National Park,Yanchep National Park,2026-03-22
Yanga National Park,Australia,Australia,Yanga National Park,Yanga National Park,2026-03-22
Yarra Ranges National Park,Australia,Australia,Yarra Ranges National Park,Yarra Ranges National Park,2026-03-22
Yelverton National Park,Australia,Australia,Yelverton National Park,Yelverton National Park,2026-03-22
Yengo National Park,Australia,Australia,Yengo National Park,Yengo National Park,2026-03-22
Yungaburra National Park,Australia,Australia,Yungaburra National Park,Yungaburra National Park,2026-03-22
NASSAU,Bahamas,Bahamas,NASSAU,NASSAU,2026-03-22
Altadighi National Park,Bangladesh,Bangladesh,Altadighi National Park,Altadighi National Park,2026-03-22
Baroiyadhala National Park,Bangladesh,Bangladesh,Baroiyadhala National Park,Baroiyadhala National Park,2026-03-22
Bhawal National Park,Bangladesh,Bangladesh,Bhawal National Park,Bhawal National Park,2026-03-22
Birganj National Park,Bangladesh,Bangladesh,Birganj National Park,Birganj National Park,2026-03-22
Birgonj National Park,Bangladesh,Bangladesh,Birgonj National Park,Birgonj National Park,2026-03-22
DHAKA,Bangladesh,Bangladesh,DHAKA,DHAKA,2026-03-22
Dharmapur National Park,Bangladesh,Bangladesh,Dharmapur National Park,Dharmapur National Park,2026-03-22
Himchari National Park,Bangladesh,Bangladesh,Himchari National Park,Himchari National Park,2026-03-22
Inani National Park,Bangladesh,Bangladesh,Inani National Park,Inani National Park,2026-03-22
Kadigarh National Park,Bangladesh,Bangladesh,Kadigarh National Park,Kadigarh National Park,2026-03-22
Kaptai National Park,Bangladesh,Bangladesh,Kaptai National Park,Kaptai National Park,2026-03-22
Khadim Nagar National Park,Bangladesh,Bangladesh,Khadim Nagar National Park,Khadim Nagar National Park,2026-03-22
Kuakata National Park,Bangladesh,Bangladesh,Kuakata National Park,Kuakata National Park,2026-03-22
Lawachara National Park,Bangladesh,Bangladesh,Lawachara National Park,Lawachara National Park,2026-03-22
Madhupur National Park,Bangladesh,Bangladesh,Madhupur National Park,Madhupur National Park,2026-03-22
Medhakachhapia National Park,Bangladesh,Bangladesh,Medhakachhapia National Park,Medhakachhapia National Park,2026-03-22
Nawabganj National Park,Bangladesh,Bangladesh,Nawabganj National Park,Nawabganj National Park,2026-03-22
Ramsagar National Park,Bangladesh,Bangladesh,Ramsagar National Park,Ramsagar National Park,2026-03-22
Satchari National Park,Bangladesh,Bangladesh,Satchari National Park,Satchari National Park,2026-03-22
Sheikh Jamal Inani National Park,Bangladesh,Bangladesh,Sheikh Jamal Inani National Park,Sheikh Jamal Inani National Park,2026-03-22
Singra National Park,Bangladesh,Bangladesh,Singra National Park,Singra National Park,2026-03-22
Belovezhskaya Pushcha National Park,Belarus,Belarus,Belovezhskaya Pushcha National Park,Belovezhskaya Pushcha National Park,2026-03-22
MINSK,Belarus,Belarus,MINSK,MINSK,2026-03-22
Narachanski National Park,Belarus,Belarus,Narachanski National Park,Narachanski National Park,2026-03-22
Kaa-Iya del Gran Chaco National Park and Integrated Management Natural Area,Bolivia,Bolivia,Kaa-Iya del Gran Chaco National Park and Integrated Management Natural Area,Kaa-Iya del Gran Chaco National Park and Integrated Management Natural Area,2026-03-22
Sajama National Park,Bolivia,Bolivia,Sajama National Park,Sajama National Park,2026-03-22
Torotoro National Park,Bolivia,Bolivia,Torotoro National Park,Torotoro National Park,2026-03-22
Tunari National Park,Bolivia,Bolivia,Tunari National Park,Tunari National Park,2026-03-22
BANDAR SERI BEGAWAN,Brunei,Brunei,BANDAR SERI BEGAWAN,BANDAR SERI BEGAWAN,2026-03-22
Phnom Penh,Cambodia,Cambodia,Phnom Penh,Phnom Penh,2026-03-22
OTTAWA,Canada,Canada,OTTAWA,OTTAWA,2026-03-22
BANGUI,Central African Republic,Central African Republic,BANGUI,BANGUI,2026-03-22
N'DJAMENA,Chad,Chad,N'DJAMENA,N'DJAMENA,2026-03-22
Bosque de Fray Jorge National Park,Chile,Chile,Bosque de Fray Jorge National Park,Bosque de Fray Jorge National Park,2026-03-22
Cabo de Hornos National Park,Chile,Chile,Cabo de Hornos National Park,Cabo de Hornos National Park,2026-03-22
Cerro Castillo National Park,Chile,Chile,Cerro Castillo National Park,Cerro Castillo National Park,2026-03-22
Chiloé National Park,Chile,Chile,Chiloé National Park,Chiloé National Park,2026-03-22
Conguillío National Park,Chile,Chile,Conguillío National Park,Conguillío National Park,2026-03-22
Diego Ramirez Islands & Drake Passage National Park,Chile,Chile,Diego Ramirez Islands & Drake Passage National Park,Diego Ramirez Islands & Drake Passage National Park,2026-03-22
Huerquehue National Park,Chile,Chile,Huerquehue National Park,Huerquehue National Park,2026-03-22
Isla Guamblin National Park,Chile,Chile,Isla Guamblin National Park,Isla Guamblin National Park,2026-03-22
La Campana National Park,Chile,Chile,La Campana National Park,La Campana National Park,2026-03-22
Laguna del Laja National Park,Chile,Chile,Laguna del Laja National Park,Laguna del Laja National Park,2026-03-22
Lauca National Park,Chile,Chile,Lauca National Park,Lauca National Park,2026-03-22
Llullaillaco National Park,Chile,Chile,Llullaillaco National Park,Llullaillaco National Park,2026-03-22
Nahuelbuta National Park,Chile,Chile,Nahuelbuta National Park,Nahuelbuta National Park,2026-03-22
Pali-Aike National Park,Chile,Chile,Pali-Aike National Park,Pali-Aike National Park,2026-03-22
Patagonia National Park,Chile,Chile,Patagonia National Park,Patagonia National Park,2026-03-22
Puyehue National Park,Chile,Chile,Puyehue National Park,Puyehue National Park,2026-03-22
Rapa Nui National Park,Chile,Chile,Rapa Nui National Park,Rapa Nui National Park,2026-03-22
Río Clarillo National Park,Chile,Chile,Río Clarillo National Park,Río Clarillo National Park,2026-03-22
Salar del Huasco National Park,Chile,Chile,Salar del Huasco National Park,Salar del Huasco National Park,2026-03-22
SANTIAGO,Chile,Chile,SANTIAGO,SANTIAGO,2026-03-22
Torres del Paine National Park,Chile,Chile,Torres del Paine National Park,Torres del Paine National Park,2026-03-22
Vicente Pérez Rosales National Park,Chile,Chile,Vicente Pérez Rosales National Park,Vicente Pérez Rosales National Park,2026-03-22
Villarrica National Park,Chile,Chile,Villarrica National Park,Villarrica National Park,2026-03-22
Volcán Isluga National Park,Chile,Chile,Volcán Isluga National Park,Volcán Isluga National Park,2026-03-22
Yendegaia National Park,Chile,Chile,Yendegaia National Park,Yendegaia National Park,2026-03-22
HONG KONG SAR,China,China,HONG KONG SAR,HONG KONG SAR,2026-03-22
Potatson National Park,China,China,Potatson National Park,Potatson National Park,2026-03-22
Sierra Nevada de Santa Marta National Park,Colombia,Colombia,Sierra Nevada de Santa Marta National Park,Sierra Nevada de Santa Marta National Park,2026-03-22
Sumapaz National Park,Colombia,Colombia,Sumapaz National Park,Sumapaz National Park,2026-03-22
Arenal Volcano National Park,Costa Rica,Costa Rica,Arenal Volcano National Park,Arenal Volcano National Park,2026-03-22
Ballena Marine National Park,Costa Rica,Costa Rica,Ballena Marine National Park,Ballena Marine National Park,2026-03-22
Barra Honda National Park,Costa Rica,Costa Rica,Barra Honda National Park,Barra Honda National Park,2026-03-22
Braulio Carrillo National Park,Costa Rica,Costa Rica,Braulio Carrillo National Park,Braulio Carrillo National Park,2026-03-22
Cahuita National Park,Costa Rica,Costa Rica,Cahuita National Park,Cahuita National Park,2026-03-22
Carara National Park,Costa Rica,Costa Rica,Carara National Park,Carara National Park,2026-03-22
Chirripó National Park,Costa Rica,Costa Rica,Chirripó National Park,Chirripó National Park,2026-03-22
Corcovado National Park,Costa Rica,Costa Rica,Corcovado National Park,Corcovado National Park,2026-03-22
Guanacaste National Park,Costa Rica,Costa Rica,Guanacaste National Park,Guanacaste National Park,2026-03-22
Irazú Volcano National Park,Costa Rica,Costa Rica,Irazú Volcano National Park,Irazú Volcano National Park,2026-03-22
Juan Castro Blanco National Park,Costa Rica,Costa Rica,Juan Castro Blanco National Park,Juan Castro Blanco National Park,2026-03-22
Las Baulas Marine National Park,Costa Rica,Costa Rica,Las Baulas Marine National Park,Las Baulas Marine National Park,2026-03-22
Los Quetzales National Park,Costa Rica,Costa Rica,Los Quetzales National Park,Los Quetzales National Park,2026-03-22
Manuel Antonio National Park,Costa Rica,Costa Rica,Manuel Antonio National Park,Manuel Antonio National Park,2026-03-22
Palo Verde National Park,Costa Rica,Costa Rica,Palo Verde National Park,Palo Verde National Park,2026-03-22
Piedras Blancas National Park,Costa Rica,Costa Rica,Piedras Blancas National Park,Piedras Blancas National Park,2026-03-22
Poás Volcano National Park,Costa Rica,Costa Rica,Poás Volcano National Park,Poás Volcano National Park,2026-03-22
Rincón de la Vieja National Park,Costa Rica,Costa Rica,Rincón de la Vieja National Park,Rincón de la Vieja National Park,2026-03-22
Rincón de la Vieja Volcano National Park,Costa Rica,Costa Rica,Rincón de la Vieja Volcano National Park,Rincón de la Vieja Volcano National Park,2026-03-22
San Lucas Island National Park,Costa Rica,Costa Rica,San Lucas Island National Park,San Lucas Island National Park,2026-03-22
Tapantí National Park,Costa Rica,Costa Rica,Tapantí National Park,Tapantí National Park,2026-03-22
Tenorio Volcano National Park,Costa Rica,Costa Rica,Tenorio Volcano National Park,Tenorio Volcano National Park,2026-03-22
Tortuguero National Park,Costa Rica,Costa Rica,Tortuguero National Park,Tortuguero National Park,2026-03-22
Turrialba Volcano National Park,Costa Rica,Costa Rica,Turrialba Volcano National Park,Turrialba Volcano National Park,2026-03-22
ZAGREB,Croatia,Croatia,ZAGREB,ZAGREB,2026-03-22
Kongernes Nordsjælland National Park,Denmark,Denmark,Kongernes Nordsjælland National Park,Kongernes Nordsjælland National Park,2026-03-22
Mols Bjerge National Park,Denmark,Denmark,Mols Bjerge National Park,Mols Bjerge National Park,2026-03-22
Skjern Å National Park,Denmark,Denmark,Skjern Å National Park,Skjern Å National Park,2026-03-22
Thy National Park,Denmark,Denmark,Thy National Park,Thy National Park,2026-03-22
"Wadden Sea National Park, Denmark",Denmark,Denmark,"Wadden Sea National Park, Denmark","Wadden Sea National Park, Denmark",2026-03-22
Cabrits National Park,Dominica,Dominica,Cabrits National Park,Cabrits National Park,2026-03-22
Morne Diablotin National Park,Dominica,Dominica,Morne Diablotin National Park,Morne Diablotin National Park,2026-03-22
Morne Trois Pitons National Park,Dominica,Dominica,Morne Trois Pitons National Park,Morne Trois Pitons National Park,2026-03-22
Roseau,Dominica,Dominica,Roseau,Roseau,2026-03-22
SANTO DOMINGO,Dominican Republic,Dominican Republic,SANTO DOMINGO,SANTO DOMINGO,2026-03-22
Cotopaxi National Park,Ecuador,Ecuador,Cotopaxi National Park,Cotopaxi National Park,2026-03-22
Machalilla National Park,Ecuador,Ecuador,Machalilla National Park,Machalilla National Park,2026-03-22
Podocarpus National Park,Ecuador,Ecuador,Podocarpus National Park,Podocarpus National Park,2026-03-22
QUITO,Ecuador,Ecuador,QUITO,QUITO,2026-03-22
CAIRO,Egypt,Egypt,CAIRO,CAIRO,2026-03-22
El Boquerón National Park,El Salvador,El Salvador,El Boquerón National Park,El Boquerón National Park,2026-03-22
El Imposible National Park,El Salvador,El Salvador,El Imposible National Park,El Imposible National Park,2026-03-22
Los Volcanes National Park,El Salvador,El Salvador,Los Volcanes National Park,Los Volcanes National Park,2026-03-22
Los Volcanos National Park,El Salvador,El Salvador,Los Volcanos National Park,Los Volcanos National Park,2026-03-22
Montecristo National Park,El Salvador,El Salvador,Montecristo National Park,Montecristo National Park,2026-03-22
SAN SALVADOR,El Salvador,El Salvador,SAN SALVADOR,SAN SALVADOR,2026-03-22
Archipelago National Park,Finland,Finland,Archipelago National Park,Archipelago National Park,2026-03-22
Bothnian Bay National Park,Finland,Finland,Bothnian Bay National Park,Bothnian Bay National Park,2026-03-22
Eastern Gulf of Finland National Park,Finland,Finland,Eastern Gulf of Finland National Park,Eastern Gulf of Finland National Park,2026-03-22
Ekenäs Archipelago National Park,Finland,Finland,Ekenäs Archipelago National Park,Ekenäs Archipelago National Park,2026-03-22
HELSINKI,Finland,Finland,HELSINKI,HELSINKI,2026-03-22
Hossa National Park,Finland,Finland,Hossa National Park,Hossa National Park,2026-03-22
Isojärvi National Park,Finland,Finland,Isojärvi National Park,Isojärvi National Park,2026-03-22
Kauhaneva-Pohjankangas National Park,Finland,Finland,Kauhaneva-Pohjankangas National Park,Kauhaneva-Pohjankangas National Park,2026-03-22
Koli National Park,Finland,Finland,Koli National Park,Koli National Park,2026-03-22
Kolovesi National Park,Finland,Finland,Kolovesi National Park,Kolovesi National Park,2026-03-22
Kurjenrahka National Park,Finland,Finland,Kurjenrahka National Park,Kurjenrahka National Park,2026-03-22
Lauhanvuori National Park,Finland,Finland,Lauhanvuori National Park,Lauhanvuori National Park,2026-03-22
Leivonmäki National Park,Finland,Finland,Leivonmäki National Park,Leivonmäki National Park,2026-03-22
Liesjärvi National Park,Finland,Finland,Liesjärvi National Park,Liesjärvi National Park,2026-03-22
Linnansaari National Park,Finland,Finland,Linnansaari National Park,Linnansaari National Park,2026-03-22
Nuuksio National Park,Finland,Finland,Nuuksio National Park,Nuuksio National Park,2026-03-22
Pallas-Yllästunturi National Park,Finland,Finland,Pallas-Yllästunturi National Park,Pallas-Yllästunturi National Park,2026-03-22
Puurijärvi-Isosuo National Park,Finland,Finland,Puurijärvi-Isosuo National Park,Puurijärvi-Isosuo National Park,2026-03-22
Repovesi National Park,Finland,Finland,Repovesi National Park,Repovesi National Park,2026-03-22
Rokua National Park,Finland,Finland,Rokua National Park,Rokua National Park,2026-03-22
Salamajärvi National Park,Finland,Finland,Salamajärvi National Park,Salamajärvi National Park,2026-03-22
Salla National Park,Finland,Finland,Salla National Park,Salla National Park,2026-03-22
Sipoonkorpi National Park,Finland,Finland,Sipoonkorpi National Park,Sipoonkorpi National Park,2026-03-22
Teijo National Park,Finland,Finland,Teijo National Park,Teijo National Park,2026-03-22
Torronsuo National Park,Finland,Finland,Torronsuo National Park,Torronsuo National Park,2026-03-22
Valkmusa National Park,Finland,Finland,Valkmusa National Park,Valkmusa National Park,2026-03-22
Forêts National Park,France,France,Forêts National Park,Forêts National Park,2026-03-22
Guadeloupe National Park,France,France,Guadeloupe National Park,Guadeloupe National Park,2026-03-22
Paris,France,Ile-de-France,Paris,Paris,2026-03-22
Port-Cros National Park,France,France,Port-Cros National Park,Port-Cros National Park,2026-03-22
Réunion National Park,France,France,Réunion National Park,Réunion National Park,2026-03-22
Crystal Mountains National Park,Gabon,Gabon,Crystal Mountains National Park,Crystal Mountains National Park,2026-03-22
BANJU,Gambia,Gambia,BANJU,BANJU,2026-03-22
Bavarian Forest National Park,Germany,Germany,Bavarian Forest National Park,Bavarian Forest National Park,2026-03-22
Berchtesgaden National Park,Germany,Germany,Berchtesgaden National Park,Berchtesgaden National Park,2026-03-22
Berlin,Germany,Berlin,Berlin,Berlin,2026-03-22
Black Forest National Park,Germany,Germany,Black Forest National Park,Black Forest National Park,2026-03-22
Eifel National Park,Germany,Germany,Eifel National Park,Eifel National Park,2026-03-22
Hainich National Park,Germany,Germany,Hainich National Park,Hainich National Park,2026-03-22
Hamburg Wadden Sea National Park,Germany,Germany,Hamburg Wadden Sea National Park,Hamburg Wadden Sea National Park,2026-03-22
Harz National Park,Germany,Germany,Harz National Park,Harz National Park,2026-03-22
Hunsrück-Hochwald National Park,Germany,Germany,Hunsrück-Hochwald National Park,Hunsrück-Hochwald National Park,2026-03-22
Jasmund National Park,Germany,Germany,Jasmund National Park,Jasmund National Park,2026-03-22
Kellerwald-Edersee National Park,Germany,Germany,Kellerwald-Edersee National Park,Kellerwald-Edersee National Park,2026-03-22
Lower Oder Valley National Park,Germany,Germany,Lower Oder Valley National Park,Lower Oder Valley National Park,2026-03-22
Lower Saxon Wadden Sea National Park,Germany,Germany,Lower Saxon Wadden Sea National Park,Lower Saxon Wadden Sea National Park,2026-03-22
Müritz National Park,Germany,Germany,Müritz National Park,Müritz National Park,2026-03-22
Saxon Switzerland National Park,Germany,Germany,Saxon Switzerland National Park,Saxon Switzerland National Park,2026-03-22
Schleswig-Holstein Wadden Sea National Park,Germany,Germany,Schleswig-Holstein Wadden Sea National Park,Schleswig-Holstein Wadden Sea National Park,2026-03-22
Western Pomerania Lagoon Area National Park,Germany,Germany,Western Pomerania Lagoon Area National Park,Western Pomerania Lagoon Area National Park,2026-03-22
Bia National Park,Ghana,Ghana,Bia National Park,Bia National Park,2026-03-22
Kakum National Park,Ghana,Ghana,Kakum National Park,Kakum National Park,2026-03-22
Nini Suhien National Park,Ghana,Ghana,Nini Suhien National Park,Nini Suhien National Park,2026-03-22
ATHINAI,Greece,Greece,ATHINAI,ATHINAI,2026-03-22
El Rosario National Park,Guatemala,Guatemala,El Rosario National Park,El Rosario National Park,2026-03-22
Sipacate-Naranjo National Park,Guatemala,Guatemala,Sipacate-Naranjo National Park,Sipacate-Naranjo National Park,2026-03-22
Grande Colline National Park,Haiti,Haiti,Grande Colline National Park,Grande Colline National Park,2026-03-22
La Visite National Park,Haiti,Haiti,La Visite National Park,La Visite National Park,2026-03-22
Pic Macaya National Park,Haiti,Haiti,Pic Macaya National Park,Pic Macaya National Park,2026-03-22
Capiro Calentura National Park,Honduras,Honduras,Capiro Calentura National Park,Capiro Calentura National Park,2026-03-22
Celaque National Park,Honduras,Honduras,Celaque National Park,Celaque National Park,2026-03-22
Cerro Azul Meámbar National Park,Honduras,Honduras,Cerro Azul Meámbar National Park,Cerro Azul Meámbar National Park,2026-03-22
Jeannette Kawas National Park,Honduras,Honduras,Jeannette Kawas National Park,Jeannette Kawas National Park,2026-03-22
La Tigra National Park,Honduras,Honduras,La Tigra National Park,La Tigra National Park,2026-03-22
Montaña Santa Bárbara National Park,Honduras,Honduras,Montaña Santa Bárbara National Park,Montaña Santa Bárbara National Park,2026-03-22
Montecristo Trifinio National Park,Honduras,Honduras,Montecristo Trifinio National Park,Montecristo Trifinio National Park,2026-03-22
Nombre de Dios National Park,Honduras,Honduras,Nombre de Dios National Park,Nombre de Dios National Park,2026-03-22
Omoa National Park,Honduras,Honduras,Omoa National Park,Omoa National Park,2026-03-22
Port Royal National Park,Honduras,Honduras,Port Royal National Park,Port Royal National Park,2026-03-22
Punta Izopo National Park,Honduras,Honduras,Punta Izopo National Park,Punta Izopo National Park,2026-03-22
TEGUCIGALPA,Honduras,Honduras,TEGUCIGALPA,TEGUCIGALPA,2026-03-22
Aggtelek National Park,Hungary,Hungary,Aggtelek National Park,Aggtelek National Park,2026-03-22
Balaton Uplands National Park,Hungary,Hungary,Balaton Uplands National Park,Balaton Uplands National Park,2026-03-22
BUDAPEST,Hungary,Hungary,BUDAPEST,BUDAPEST,2026-03-22
Bükk National Park,Hungary,Hungary,Bükk National Park,Bükk National Park,2026-03-22
Danube-Drava National Park,Hungary,Hungary,Danube-Drava National Park,Danube-Drava National Park,2026-03-22
Danube-Ipoly National Park,Hungary,Hungary,Danube-Ipoly National Park,Danube-Ipoly National Park,2026-03-22
Fertő-Hanság National Park,Hungary,Hungary,Fertő-Hanság National Park,Fertő-Hanság National Park,2026-03-22
Hortobágy National Park,Hungary,Hungary,Hortobágy National Park,Hortobágy National Park,2026-03-22
Kiskunság National Park,Hungary,Hungary,Kiskunság National Park,Kiskunság National Park,2026-03-22
Körös-Maros National Park,Hungary,Hungary,Körös-Maros National Park,Körös-Maros National Park,2026-03-22
Őrség National Park,Hungary,Hungary,Őrség National Park,Őrség National Park,2026-03-22
Skaftafell National Park,Iceland,Iceland,Skaftafell National Park,Skaftafell National Park,2026-03-22
Snæfellsjökull National Park,Iceland,Iceland,Snæfellsjökull National Park,Snæfellsjökull National Park,2026-03-22
Þingvellir National Park,Iceland,Iceland,Þingvellir National Park,Þingvellir National Park,2026-03-22
Anamudi Shola National Park,India,India,Anamudi Shola National Park,Anamudi Shola National Park,2026-03-22
Bandipur National Park,India,India,Bandipur National Park,Bandipur National Park,2026-03-22
Bannerghatta National Park,India,India,Bannerghatta National Park,Bannerghatta National Park,2026-03-22
Betla National Park,India,India,Betla National Park,Betla National Park,2026-03-22
Bhagwan Mahaveer Sanctuary and Mollem National Park,India,India,Bhagwan Mahaveer Sanctuary and Mollem National Park,Bhagwan Mahaveer Sanctuary and Mollem National Park,2026-03-22
Bhitarkanika National Park,India,India,Bhitarkanika National Park,Bhitarkanika National Park,2026-03-22
Campbell Bay National Park,India,India,Campbell Bay National Park,Campbell Bay National Park,2026-03-22
Clouded Leopard National Park,India,India,Clouded Leopard National Park,Clouded Leopard National Park,2026-03-22
Dachigam National Park,India,India,Dachigam National Park,Dachigam National Park,2026-03-22
Dibru-Saikhowa National Park,India,India,Dibru-Saikhowa National Park,Dibru-Saikhowa National Park,2026-03-22
Dinosaur Fossils National Park,India,India,Dinosaur Fossils National Park,Dinosaur Fossils National Park,2026-03-22
Dudhwa National Park,India,India,Dudhwa National Park,Dudhwa National Park,2026-03-22
Eravikulam National Park,India,India,Eravikulam National Park,Eravikulam National Park,2026-03-22
Galathea National Park,India,India,Galathea National Park,Galathea National Park,2026-03-22
Gangotri National Park,India,India,Gangotri National Park,Gangotri National Park,2026-03-22
Gir Forest National Park,India,India,Gir Forest National Park,Gir Forest National Park,2026-03-22
Gir National Park,India,India,Gir National Park,Gir National Park,2026-03-22
Gorumara National Park,India,India,Gorumara National Park,Gorumara National Park,2026-03-22
Great Himalayan National Park,India,India,Great Himalayan National Park,Great Himalayan National Park,2026-03-22
Gugamal National Park,India,India,Gugamal National Park,Gugamal National Park,2026-03-22
Guindy National Park,India,India,Guindy National Park,Guindy National Park,2026-03-22
Gulf of Mannar Marine National Park,India,India,Gulf of Mannar Marine National Park,Gulf of Mannar Marine National Park,2026-03-22
Hemis National Park,India,India,Hemis National Park,Hemis National Park,2026-03-22
Intanki National Park,India,India,Intanki National Park,Intanki National Park,2026-03-22
Jaldapara National Park,India,India,Jaldapara National Park,Jaldapara National Park,2026-03-22
Kalesar National Park,India,India,Kalesar National Park,Kalesar National Park,2026-03-22
Kanger Ghati National Park,India,India,Kanger Ghati National Park,Kanger Ghati National Park,2026-03-22
Kanger Valley National Park,India,India,Kanger Valley National Park,Kanger Valley National Park,2026-03-22
Kanha National Park,India,India,Kanha National Park,Kanha National Park,2026-03-22
Keibul Lamjao National Park,India,India,Keibul Lamjao National Park,Keibul Lamjao National Park,2026-03-22
Keoladeo National Park,India,India,Keoladeo National Park,Keoladeo National Park,2026-03-22
Khangchendzonga National Park,India,India,Khangchendzonga National Park,Khangchendzonga National Park,2026-03-22
Khirganga National Park,India,India,Khirganga National Park,Khirganga National Park,2026-03-22
Kudremukh National Park,India,India,Kudremukh National Park,Kudremukh National Park,2026-03-22
Madhav National Park,India,India,Madhav National Park,Madhav National Park,2026-03-22
Mahatma Gandhi Marine National Park,India,India,Mahatma Gandhi Marine National Park,Mahatma Gandhi Marine National Park,2026-03-22
Mahavir Harina Vanasthali National Park,India,India,Mahavir Harina Vanasthali National Park,Mahavir Harina Vanasthali National Park,2026-03-22
Mathikettan Shola National Park,India,India,Mathikettan Shola National Park,Mathikettan Shola National Park,2026-03-22
Middle Button Island National Park,India,India,Middle Button Island National Park,Middle Button Island National Park,2026-03-22
Mount Harriet National Park,India,India,Mount Harriet National Park,Mount Harriet National Park,2026-03-22
Mudumalai National Park,India,India,Mudumalai National Park,Mudumalai National Park,2026-03-22
Mukundara Hills National Park,India,India,Mukundara Hills National Park,Mukundara Hills National Park,2026-03-22
Mukurthi National Park,India,India,Mukurthi National Park,Mukurthi National Park,2026-03-22
Nagarhole National Park,India,India,Nagarhole National Park,Nagarhole National Park,2026-03-22
Nanda Devi and Valley of Flowers National Parks,India,India,Nanda Devi and Valley of Flowers National Parks,Nanda Devi and Valley of Flowers National Parks,2026-03-22
Nanda Devi National Park,India,India,Nanda Devi National Park,Nanda Devi National Park,2026-03-22
Neora Valley National Park,India,India,Neora Valley National Park,Neora Valley National Park,2026-03-22
Nokrek National Park,India,India,Nokrek National Park,Nokrek National Park,2026-03-22
North Button Island National Park,India,India,North Button Island National Park,North Button Island National Park,2026-03-22
Orang National Park,India,India,Orang National Park,Orang National Park,2026-03-22
Pambadum Shola National Park,India,India,Pambadum Shola National Park,Pambadum Shola National Park,2026-03-22
Pampadum Shola National Park,India,India,Pampadum Shola National Park,Pampadum Shola National Park,2026-03-22
Panna National Park,India,India,Panna National Park,Panna National Park,2026-03-22
Pench National Park,India,India,Pench National Park,Pench National Park,2026-03-22
Phawngpui National Park,India,India,Phawngpui National Park,Phawngpui National Park,2026-03-22
Rajbari National Park,India,India,Rajbari National Park,Rajbari National Park,2026-03-22
Rani Jhansi Marine National Park,India,India,Rani Jhansi Marine National Park,Rani Jhansi Marine National Park,2026-03-22
Royal Manas National Park,India,India,Royal Manas National Park,Royal Manas National Park,2026-03-22
Saddle Peak National Park,India,India,Saddle Peak National Park,Saddle Peak National Park,2026-03-22
Salim Ali National Park,India,India,Salim Ali National Park,Salim Ali National Park,2026-03-22
Sanjay Gandhi National Park,India,India,Sanjay Gandhi National Park,Sanjay Gandhi National Park,2026-03-22
Sanjay National Park,India,India,Sanjay National Park,Sanjay National Park,2026-03-22
Shirui National Park,India,India,Shirui National Park,Shirui National Park,2026-03-22
Silent Valley National Park,India,India,Silent Valley National Park,Silent Valley National Park,2026-03-22
Singalila National Park,India,India,Singalila National Park,Singalila National Park,2026-03-22
South Button Island National Park,India,India,South Button Island National Park,South Button Island National Park,2026-03-22
Sri Venkateswara National Park,India,India,Sri Venkateswara National Park,Sri Venkateswara National Park,2026-03-22
Sultanpur National Park,India,India,Sultanpur National Park,Sultanpur National Park,2026-03-22
Valmiki National Park,India,India,Valmiki National Park,Valmiki National Park,2026-03-22
Van Vihar National Park,India,India,Van Vihar National Park,Van Vihar National Park,2026-03-22
Vansda National Park,India,India,Vansda National Park,Vansda National Park,2026-03-22
Alas Purwo National Park,Indonesia,Indonesia,Alas Purwo National Park,Alas Purwo National Park,2026-03-22
Baluran National Park,Indonesia,Indonesia,Baluran National Park,Baluran National Park,2026-03-22
Bantimurung - Bulusaraung National Park,Indonesia,Indonesia,Bantimurung - Bulusaraung National Park,Bantimurung - Bulusaraung National Park,2026-03-22
Bromo Tengger Semeru National Park,Indonesia,Indonesia,Bromo Tengger Semeru National Park,Bromo Tengger Semeru National Park,2026-03-22
Bukit Tiga Puluh National Park,Indonesia,Indonesia,Bukit Tiga Puluh National Park,Bukit Tiga Puluh National Park,2026-03-22
Danau Sentarum National Park,Indonesia,Indonesia,Danau Sentarum National Park,Danau Sentarum National Park,2026-03-22
Gunung Ciremai National Park,Indonesia,Indonesia,Gunung Ciremai National Park,Gunung Ciremai National Park,2026-03-22
Gunung Gede Pangrango National Park,Indonesia,Indonesia,Gunung Gede Pangrango National Park,Gunung Gede Pangrango National Park,2026-03-22
Gunung Halimun National Park,Indonesia,Indonesia,Gunung Halimun National Park,Gunung Halimun National Park,2026-03-22
Gunung Merapi National Park,Indonesia,Indonesia,Gunung Merapi National Park,Gunung Merapi National Park,2026-03-22
Gunung Merbabu National Park,Indonesia,Indonesia,Gunung Merbabu National Park,Gunung Merbabu National Park,2026-03-22
Gunung Palung National Park,Indonesia,Indonesia,Gunung Palung National Park,Gunung Palung National Park,2026-03-22
Gunung Rinjani National Park,Indonesia,Indonesia,Gunung Rinjani National Park,Gunung Rinjani National Park,2026-03-22
JAKARTA,Indonesia,Indonesia,JAKARTA,JAKARTA,2026-03-22
Karimunjawa National Park,Indonesia,Indonesia,Karimunjawa National Park,Karimunjawa National Park,2026-03-22
Kelimutu National Park,Indonesia,Indonesia,Kelimutu National Park,Kelimutu National Park,2026-03-22
Kepulauan Seribu National Park,Indonesia,Indonesia,Kepulauan Seribu National Park,Kepulauan Seribu National Park,2026-03-22
Kepulauan Togean National Park,Indonesia,Indonesia,Kepulauan Togean National Park,Kepulauan Togean National Park,2026-03-22
Kepulauan Wakatobi National Park,Indonesia,Indonesia,Kepulauan Wakatobi National Park,Kepulauan Wakatobi National Park,2026-03-22
Kerinci Seblat National Park,Indonesia,Indonesia,Kerinci Seblat National Park,Kerinci Seblat National Park,2026-03-22
Komodo National Park,Indonesia,Indonesia,Komodo National Park,Komodo National Park,2026-03-22
Mount Ciremai National Park,Indonesia,Indonesia,Mount Ciremai National Park,Mount Ciremai National Park,2026-03-22
Mount Gede Pangrango National Park,Indonesia,Indonesia,Mount Gede Pangrango National Park,Mount Gede Pangrango National Park,2026-03-22
Mount Halimun Salak National Park,Indonesia,Indonesia,Mount Halimun Salak National Park,Mount Halimun Salak National Park,2026-03-22
Mount Rinjani National Park,Indonesia,Indonesia,Mount Rinjani National Park,Mount Rinjani National Park,2026-03-22
Siberut National Park,Indonesia,Indonesia,Siberut National Park,Siberut National Park,2026-03-22
Taka Bone Rate National Park,Indonesia,Indonesia,Taka Bone Rate National Park,Taka Bone Rate National Park,2026-03-22
West Bali National Park,Indonesia,Indonesia,West Bali National Park,West Bali National Park,2026-03-22
TEHRAN,Iran,Iran,TEHRAN,TEHRAN,2026-03-22
BAGHDAD,Iraq,Iraq,BAGHDAD,BAGHDAD,2026-03-22
Jerusalem,Israel,Israel,Jerusalem,Jerusalem,2026-03-22
"Abruzzo, Lazio and Molise National Park",Italy,Italy,"Abruzzo, Lazio and Molise National Park","Abruzzo, Lazio and Molise National Park",2026-03-22
Alta Murgia National Park,Italy,Italy,Alta Murgia National Park,Alta Murgia National Park,2026-03-22
Appennino Lucano - Val d'Agri - Lagonegrese National Park,Italy,Italy,Appennino Lucano - Val d'Agri - Lagonegrese National Park,Appennino Lucano - Val d'Agri - Lagonegrese National Park,2026-03-22
Appennino Tosco-Emiliano National Park,Italy,Italy,Appennino Tosco-Emiliano National Park,Appennino Tosco-Emiliano National Park,2026-03-22
Arcipelago di La Maddalena National Park,Italy,Italy,Arcipelago di La Maddalena National Park,Arcipelago di La Maddalena National Park,2026-03-22
Arcipelago Toscano National Park,Italy,Italy,Arcipelago Toscano National Park,Arcipelago Toscano National Park,2026-03-22
Asinara National Park,Italy,Italy,Asinara National Park,Asinara National Park,2026-03-22
Aspromonte National Park,Italy,Italy,Aspromonte National Park,Aspromonte National Park,2026-03-22
"Cilento, Vallo di Diano and Alburni National Park",Italy,Italy,"Cilento, Vallo di Diano and Alburni National Park","Cilento, Vallo di Diano and Alburni National Park",2026-03-22
Circeo National Park,Italy,Italy,Circeo National Park,Circeo National Park,2026-03-22
Dolomiti Bellunesi National Park,Italy,Italy,Dolomiti Bellunesi National Park,Dolomiti Bellunesi National Park,2026-03-22
"Foreste Casentinesi, Monte Falterona, Campigna National Park",Italy,Italy,"Foreste Casentinesi, Monte Falterona, Campigna National Park","Foreste Casentinesi, Monte Falterona, Campigna National Park",2026-03-22
Gargano National Park,Italy,Italy,Gargano National Park,Gargano National Park,2026-03-22
Gennargentu National Park,Italy,Italy,Gennargentu National Park,Gennargentu National Park,2026-03-22
Gran Sasso e Monti della Laga National Park,Italy,Italy,Gran Sasso e Monti della Laga National Park,Gran Sasso e Monti della Laga National Park,2026-03-22
Maiella National Park,Italy,Italy,Maiella National Park,Maiella National Park,2026-03-22
Monti Sibillini National Park,Italy,Italy,Monti Sibillini National Park,Monti Sibillini National Park,2026-03-22
Pantelleria National Park,Italy,Italy,Pantelleria National Park,Pantelleria National Park,2026-03-22
Pollino National Park,Italy,Italy,Pollino National Park,Pollino National Park,2026-03-22
Rome,Italy,Lazio,Rome,Rome,2026-03-22
Sila National Park,Italy,Italy,Sila National Park,Sila National Park,2026-03-22
Val Grande National Park,Italy,Italy,Val Grande National Park,Val Grande National Park,2026-03-22
Vesuvius National Park,Italy,Italy,Vesuvius National Park,Vesuvius National Park,2026-03-22
Abashiri Quasi-National Park,Japan,Japan,Abashiri Quasi-National Park,Abashiri Quasi-National Park,2026-03-22
Aichi Kōgen Quasi-National Park,Japan,Japan,Aichi Kōgen Quasi-National Park,Aichi Kōgen Quasi-National Park,2026-03-22
Akan Mashu National Park,Japan,Japan,Akan Mashu National Park,Akan Mashu National Park,2026-03-22
Akiyoshidai Quasi-National Park,Japan,Japan,Akiyoshidai Quasi-National Park,Akiyoshidai Quasi-National Park,2026-03-22
Amami Guntō National Park,Japan,Japan,Amami Guntō National Park,Amami Guntō National Park,2026-03-22
Amami Guntō Quasi-National Park,Japan,Japan,Amami Guntō Quasi-National Park,Amami Guntō Quasi-National Park,2026-03-22
Ashizuri-Uwakai National Park,Japan,Japan,Ashizuri-Uwakai National Park,Ashizuri-Uwakai National Park,2026-03-22
Aso Kujū National Park,Japan,Japan,Aso Kujū National Park,Aso Kujū National Park,2026-03-22
Bandai-Asahi National Park,Japan,Japan,Bandai-Asahi National Park,Bandai-Asahi National Park,2026-03-22
Biwako Quasi-National Park,Japan,Japan,Biwako Quasi-National Park,Biwako Quasi-National Park,2026-03-22
Chichibu Tama Kai National Park,Japan,Japan,Chichibu Tama Kai National Park,Chichibu Tama Kai National Park,2026-03-22
Chōkai Quasi-National Park,Japan,Japan,Chōkai Quasi-National Park,Chōkai Quasi-National Park,2026-03-22
Chūbu-Sangaku National Park,Japan,Japan,Chūbu-Sangaku National Park,Chūbu-Sangaku National Park,2026-03-22
Chūō Alps Quasi-National Park,Japan,Japan,Chūō Alps Quasi-National Park,Chūō Alps Quasi-National Park,2026-03-22
Daisen-Oki National Park,Japan,Japan,Daisen-Oki National Park,Daisen-Oki National Park,2026-03-22
Daisetsuzan National Park,Japan,Japan,Daisetsuzan National Park,Daisetsuzan National Park,2026-03-22
Echigo Sanzan-Tadami Quasi-National Park,Japan,Japan,Echigo Sanzan-Tadami Quasi-National Park,Echigo Sanzan-Tadami Quasi-National Park,2026-03-22
Echizen-Kaga Kaigan Quasi-National Park,Japan,Japan,Echizen-Kaga Kaigan Quasi-National Park,Echizen-Kaga Kaigan Quasi-National Park,2026-03-22
Fuji-Hakone-Izu National Park,Japan,Japan,Fuji-Hakone-Izu National Park,Fuji-Hakone-Izu National Park,2026-03-22
Genkai Quasi-National Park,Japan,Japan,Genkai Quasi-National Park,Genkai Quasi-National Park,2026-03-22
Hakusan National Park,Japan,Japan,Hakusan National Park,Hakusan National Park,2026-03-22
Hayachine Quasi-National Park,Japan,Japan,Hayachine Quasi-National Park,Hayachine Quasi-National Park,2026-03-22
Hiba-Dogo-Taishaku Quasi-National Park,Japan,Japan,Hiba-Dogo-Taishaku Quasi-National Park,Hiba-Dogo-Taishaku Quasi-National Park,2026-03-22
Hida-Kisogawa Quasi-National Park,Japan,Japan,Hida-Kisogawa Quasi-National Park,Hida-Kisogawa Quasi-National Park,2026-03-22
Hidakasanmyaku-Erimo-Tokachi National Park,Japan,Japan,Hidakasanmyaku-Erimo-Tokachi National Park,Hidakasanmyaku-Erimo-Tokachi National Park,2026-03-22
Hyōnosen-Ushiroyama-Nagisan Quasi-National Park,Japan,Japan,Hyōnosen-Ushiroyama-Nagisan Quasi-National Park,Hyōnosen-Ushiroyama-Nagisan Quasi-National Park,2026-03-22
Iki-Tsushima Quasi-National Park,Japan,Japan,Iki-Tsushima Quasi-National Park,Iki-Tsushima Quasi-National Park,2026-03-22
Iriomote-Ishigaki National Park,Japan,Japan,Iriomote-Ishigaki National Park,Iriomote-Ishigaki National Park,2026-03-22
Ise-Shima National Park,Japan,Japan,Ise-Shima National Park,Ise-Shima National Park,2026-03-22
Ishizuchi Quasi-National Park,Japan,Japan,Ishizuchi Quasi-National Park,Ishizuchi Quasi-National Park,2026-03-22
Jōshin'etsu-kōgen National Park,Japan,Japan,Jōshin'etsu-kōgen National Park,Jōshin'etsu-kōgen National Park,2026-03-22
Kerama Shotō National Park,Japan,Japan,Kerama Shotō National Park,Kerama Shotō National Park,2026-03-22
Kirishima-Kinkowan National Park,Japan,Japan,Kirishima-Kinkowan National Park,Kirishima-Kinkowan National Park,2026-03-22
Kirishima-Yaku National Park,Japan,Japan,Kirishima-Yaku National Park,Kirishima-Yaku National Park,2026-03-22
Kita Nagato Kaigan Quasi-National Park,Japan,Japan,Kita Nagato Kaigan Quasi-National Park,Kita Nagato Kaigan Quasi-National Park,2026-03-22
Kongō-Ikoma-Kisen Quasi-National Park,Japan,Japan,Kongō-Ikoma-Kisen Quasi-National Park,Kongō-Ikoma-Kisen Quasi-National Park,2026-03-22
Kushiro-shitsugen National Park,Japan,Japan,Kushiro-shitsugen National Park,Kushiro-shitsugen National Park,2026-03-22
Kyoto Tamba Kogen Quasi-National Park,Japan,Japan,Kyoto Tamba Kogen Quasi-National Park,Kyoto Tamba Kogen Quasi-National Park,2026-03-22
Meiji no Mori Minō Quasi-National Park,Japan,Japan,Meiji no Mori Minō Quasi-National Park,Meiji no Mori Minō Quasi-National Park,2026-03-22
Meiji no Mori Takao Quasi-National Park,Japan,Japan,Meiji no Mori Takao Quasi-National Park,Meiji no Mori Takao Quasi-National Park,2026-03-22
Mikawa Wan Quasi-National Park,Japan,Japan,Mikawa Wan Quasi-National Park,Mikawa Wan Quasi-National Park,2026-03-22
Minami Alps National Park,Japan,Japan,Minami Alps National Park,Minami Alps National Park,2026-03-22
Minami Bōsō Quasi-National Park,Japan,Japan,Minami Bōsō Quasi-National Park,Minami Bōsō Quasi-National Park,2026-03-22
Murō-Akame-Aoyama Quasi-National Park,Japan,Japan,Murō-Akame-Aoyama Quasi-National Park,Murō-Akame-Aoyama Quasi-National Park,2026-03-22
Muroto-Anan Kaigan Quasi-National Park,Japan,Japan,Muroto-Anan Kaigan Quasi-National Park,Muroto-Anan Kaigan Quasi-National Park,2026-03-22
Myōgi-Arafune-Saku Kōgen Quasi-National Park,Japan,Japan,Myōgi-Arafune-Saku Kōgen Quasi-National Park,Myōgi-Arafune-Saku Kōgen Quasi-National Park,2026-03-22
Myōkō-Togakushi Renzan National Park,Japan,Japan,Myōkō-Togakushi Renzan National Park,Myōkō-Togakushi Renzan National Park,2026-03-22
Nichinan Kaigan Quasi-National Park,Japan,Japan,Nichinan Kaigan Quasi-National Park,Nichinan Kaigan Quasi-National Park,2026-03-22
Nikkō National Park,Japan,Japan,Nikkō National Park,Nikkō National Park,2026-03-22
Niseko-Shakotan-Otaru Kaigan Quasi-National Park,Japan,Japan,Niseko-Shakotan-Otaru Kaigan Quasi-National Park,Niseko-Shakotan-Otaru Kaigan Quasi-National Park,2026-03-22
Nishi-Chugoku Sanchi Quasi-National Park,Japan,Japan,Nishi-Chugoku Sanchi Quasi-National Park,Nishi-Chugoku Sanchi Quasi-National Park,2026-03-22
Noto Hantō Quasi-National Park,Japan,Japan,Noto Hantō Quasi-National Park,Noto Hantō Quasi-National Park,2026-03-22
Oga Quasi-National Park,Japan,Japan,Oga Quasi-National Park,Oga Quasi-National Park,2026-03-22
Okinawa Kaigan Quasi-National Park,Japan,Japan,Okinawa Kaigan Quasi-National Park,Okinawa Kaigan Quasi-National Park,2026-03-22
Okinawa Senseki Quasi-National Park,Japan,Japan,Okinawa Senseki Quasi-National Park,Okinawa Senseki Quasi-National Park,2026-03-22
Ōnuma Quasi-National Park,Japan,Japan,Ōnuma Quasi-National Park,Ōnuma Quasi-National Park,2026-03-22
Oze National Park,Japan,Japan,Oze National Park,Oze National Park,2026-03-22
Rishiri-Rebun-Sarobetsu National Park,Japan,Japan,Rishiri-Rebun-Sarobetsu National Park,Rishiri-Rebun-Sarobetsu National Park,2026-03-22
Sanin Kaigan National Park,Japan,Japan,Sanin Kaigan National Park,Sanin Kaigan National Park,2026-03-22
Sanriku Fukkō National Park,Japan,Japan,Sanriku Fukkō National Park,Sanriku Fukkō National Park,2026-03-22
Setonaikai National Park,Japan,Japan,Setonaikai National Park,Setonaikai National Park,2026-03-22
Shimokita Hanto Quasi-National Park,Japan,Japan,Shimokita Hanto Quasi-National Park,Shimokita Hanto Quasi-National Park,2026-03-22
Shiretoko National Park,Japan,Japan,Shiretoko National Park,Shiretoko National Park,2026-03-22
Sobo-Katamuki Quasi-National Park,Japan,Japan,Sobo-Katamuki Quasi-National Park,Sobo-Katamuki Quasi-National Park,2026-03-22
Suigo-Tsukuba Quasi-National Park,Japan,Japan,Suigo-Tsukuba Quasi-National Park,Suigo-Tsukuba Quasi-National Park,2026-03-22
Suzuka Quasi-National Park,Japan,Japan,Suzuka Quasi-National Park,Suzuka Quasi-National Park,2026-03-22
Tango-Amanohashidate-Ōeyama Quasi-National Park,Japan,Japan,Tango-Amanohashidate-Ōeyama Quasi-National Park,Tango-Amanohashidate-Ōeyama Quasi-National Park,2026-03-22
Tanzawa-Ōyama Quasi-National Park,Japan,Japan,Tanzawa-Ōyama Quasi-National Park,Tanzawa-Ōyama Quasi-National Park,2026-03-22
Taroko National Park,Japan,Japan,Taroko National Park,Taroko National Park,2026-03-22
Tenryū-Okumikawa Quasi-National Park,Japan,Japan,Tenryū-Okumikawa Quasi-National Park,Tenryū-Okumikawa Quasi-National Park,2026-03-22
Tokyo,Japan,Tokyo Metropolis,Tokyo,Tokyo,2026-03-22
Towada-Hachimantai National Park,Japan,Japan,Towada-Hachimantai National Park,Towada-Hachimantai National Park,2026-03-22
Tsugaru Quasi-National Park,Japan,Japan,Tsugaru Quasi-National Park,Tsugaru Quasi-National Park,2026-03-22
Tsurugisan Quasi-National Park,Japan,Japan,Tsurugisan Quasi-National Park,Tsurugisan Quasi-National Park,2026-03-22
Unzen-Amakusa National Park,Japan,Japan,Unzen-Amakusa National Park,Unzen-Amakusa National Park,2026-03-22
Wakasa Wan Quasi-National Park,Japan,Japan,Wakasa Wan Quasi-National Park,Wakasa Wan Quasi-National Park,2026-03-22
Yaba-Hita-Hikosan Quasi-National Park,Japan,Japan,Yaba-Hita-Hikosan Quasi-National Park,Yaba-Hita-Hikosan Quasi-National Park,2026-03-22
Yakushima National Park,Japan,Japan,Yakushima National Park,Yakushima National Park,2026-03-22
Yamato-Aogaki Quasi-National Park,Japan,Japan,Yamato-Aogaki Quasi-National Park,Yamato-Aogaki Quasi-National Park,2026-03-22
Yatsugatake-Chūshin Kōgen Quasi-National Park,Japan,Japan,Yatsugatake-Chūshin Kōgen Quasi-National Park,Yatsugatake-Chūshin Kōgen Quasi-National Park,2026-03-22
Yoshino-Kumano National Park,Japan,Japan,Yoshino-Kumano National Park,Yoshino-Kumano National Park,2026-03-22
Zaō Quasi-National Park,Japan,Japan,Zaō Quasi-National Park,Zaō Quasi-National Park,2026-03-22
Bayanaul National Park,Kazakhstan,Kazakhstan,Bayanaul National Park,Bayanaul National Park,2026-03-22
Buiratau National Park,Kazakhstan,Kazakhstan,Buiratau National Park,Buiratau National Park,2026-03-22
Burabay National Park,Kazakhstan,Kazakhstan,Burabay National Park,Burabay National Park,2026-03-22
Charyn National Park,Kazakhstan,Kazakhstan,Charyn National Park,Charyn National Park,2026-03-22
Ile-Alatau National Park,Kazakhstan,Kazakhstan,Ile-Alatau National Park,Ile-Alatau National Park,2026-03-22
Karkaraly National Park,Kazakhstan,Kazakhstan,Karkaraly National Park,Karkaraly National Park,2026-03-22
Kokshetau National Park,Kazakhstan,Kazakhstan,Kokshetau National Park,Kokshetau National Park,2026-03-22
Kolsay Lakes National Park,Kazakhstan,Kazakhstan,Kolsay Lakes National Park,Kolsay Lakes National Park,2026-03-22
Aberdare National Park,Kenya,Kenya,Aberdare National Park,Aberdare National Park,2026-03-22
Amboseli National Park,Kenya,Kenya,Amboseli National Park,Amboseli National Park,2026-03-22
Chyulu Hills National Park,Kenya,Kenya,Chyulu Hills National Park,Chyulu Hills National Park,2026-03-22
Hell's Gate National Park,Kenya,Kenya,Hell's Gate National Park,Hell's Gate National Park,2026-03-22
Kisite-Mpunguti Marine National Park,Kenya,Kenya,Kisite-Mpunguti Marine National Park,Kisite-Mpunguti Marine National Park,2026-03-22
Lake Nakuru National Park,Kenya,Kenya,Lake Nakuru National Park,Lake Nakuru National Park,2026-03-22
Malindi Marine National Park,Kenya,Kenya,Malindi Marine National Park,Malindi Marine National Park,2026-03-22
Marsabit National Park,Kenya,Kenya,Marsabit National Park,Marsabit National Park,2026-03-22
Meru National Park,Kenya,Kenya,Meru National Park,Meru National Park,2026-03-22
Mombasa Marine National Park and Reserve,Kenya,Kenya,Mombasa Marine National Park and Reserve,Mombasa Marine National Park and Reserve,2026-03-22
Mount Elgon National Park,Kenya,Kenya,Mount Elgon National Park,Mount Elgon National Park,2026-03-22
Mount Kenya National Park,Kenya,Kenya,Mount Kenya National Park,Mount Kenya National Park,2026-03-22
Mount Longonot National Park,Kenya,Kenya,Mount Longonot National Park,Mount Longonot National Park,2026-03-22
NAIROBI,Kenya,Kenya,NAIROBI,NAIROBI,2026-03-22
Nairobi National Park,Kenya,Kenya,Nairobi National Park,Nairobi National Park,2026-03-22
Ol Donyo Sabuk National Park,Kenya,Kenya,Ol Donyo Sabuk National Park,Ol Donyo Sabuk National Park,2026-03-22
Ruma National Park,Kenya,Kenya,Ruma National Park,Ruma National Park,2026-03-22
Watamu Marine National Park,Kenya,Kenya,Watamu Marine National Park,Watamu Marine National Park,2026-03-22
Ala Archa National Park,Kyrgyzstan,Kyrgyzstan,Ala Archa National Park,Ala Archa National Park,2026-03-22
BISHKEK,Kyrgyzstan,Kyrgyzstan,BISHKEK,BISHKEK,2026-03-22
State Nature National Park Besh-Tash,Kyrgyzstan,Kyrgyzstan,State Nature National Park Besh-Tash,State Nature National Park Besh-Tash,2026-03-22
RIGA,Latvia,Latvia,RIGA,RIGA,2026-03-22
MASERU,Lesotho,Lesotho,MASERU,MASERU,2026-03-22
Tripoli,Libya,Libya,Tripoli,Tripoli,2026-03-22
ANTANANARIVO,Madagascar,Madagascar,ANTANANARIVO,ANTANANARIVO,2026-03-22
LILONGWE,Malawi,Malawi,LILONGWE,LILONGWE,2026-03-22
KUALA LUMPUR,Malaysia,Malaysia,KUALA LUMPUR,KUALA LUMPUR,2026-03-22
Bamako,Mali,Mali,Bamako,Bamako,2026-03-22
NOUAKCHOTT,Mauritania,Mauritania,NOUAKCHOTT,NOUAKCHOTT,2026-03-22
Black River Gorges National Park,Mauritius,Mauritius,Black River Gorges National Park,Black River Gorges National Park,2026-03-22
Bras d'Eau National Park,Mauritius,Mauritius,Bras d'Eau National Park,Bras d'Eau National Park,2026-03-22
Archipiélago Espíritu Santo National Park,Mexico,Mexico,Archipiélago Espíritu Santo National Park,Archipiélago Espíritu Santo National Park,2026-03-22
Arrecife Alacranes National Park,Mexico,Mexico,Arrecife Alacranes National Park,Arrecife Alacranes National Park,2026-03-22
Arrecife de Puerto Morelos National Park,Mexico,Mexico,Arrecife de Puerto Morelos National Park,Arrecife de Puerto Morelos National Park,2026-03-22
Arrecifes de Cozumel National Park,Mexico,Mexico,Arrecifes de Cozumel National Park,Arrecifes de Cozumel National Park,2026-03-22
Arrecifes de Xcalak National Park,Mexico,Mexico,Arrecifes de Xcalak National Park,Arrecifes de Xcalak National Park,2026-03-22
Barranca del Cupatitzio National Park,Mexico,Mexico,Barranca del Cupatitzio National Park,Barranca del Cupatitzio National Park,2026-03-22
Basaseachic Falls National Park,Mexico,Mexico,Basaseachic Falls National Park,Basaseachic Falls National Park,2026-03-22
Benito Juárez National Park,Mexico,Mexico,Benito Juárez National Park,Benito Juárez National Park,2026-03-22
Bosencheve National Park,Mexico,Mexico,Bosencheve National Park,Bosencheve National Park,2026-03-22
Cabo Pulmo National Park,Mexico,Mexico,Cabo Pulmo National Park,Cabo Pulmo National Park,2026-03-22
Cañón del Sumidero National Park,Mexico,Mexico,Cañón del Sumidero National Park,Cañón del Sumidero National Park,2026-03-22
Cerro de Garnica National Park,Mexico,Mexico,Cerro de Garnica National Park,Cerro de Garnica National Park,2026-03-22
Cerro de la Estrella National Park,Mexico,Mexico,Cerro de la Estrella National Park,Cerro de la Estrella National Park,2026-03-22
Cerro de Las Campanas National Park,Mexico,Mexico,Cerro de Las Campanas National Park,Cerro de Las Campanas National Park,2026-03-22
Cofre de Perote National Park,Mexico,Mexico,Cofre de Perote National Park,Cofre de Perote National Park,2026-03-22
Cumbres del Ajusco National Park,Mexico,Mexico,Cumbres del Ajusco National Park,Cumbres del Ajusco National Park,2026-03-22
Desierto de los Leones National Park,Mexico,Mexico,Desierto de los Leones National Park,Desierto de los Leones National Park,2026-03-22
Desierto del Carmen National Park,Mexico,Mexico,Desierto del Carmen National Park,Desierto del Carmen National Park,2026-03-22
El Chico National Park,Mexico,Mexico,El Chico National Park,El Chico National Park,2026-03-22
El Cimatario National Park,Mexico,Mexico,El Cimatario National Park,El Cimatario National Park,2026-03-22
El Gogorrón National Park,Mexico,Mexico,El Gogorrón National Park,El Gogorrón National Park,2026-03-22
El Tepeyac National Park,Mexico,Mexico,El Tepeyac National Park,El Tepeyac National Park,2026-03-22
El Tepozteco National Park,Mexico,Mexico,El Tepozteco National Park,El Tepozteco National Park,2026-03-22
El Veladero National Park,Mexico,Mexico,El Veladero National Park,El Veladero National Park,2026-03-22
Fuentes Brotantes de Tlalpan National Park,Mexico,Mexico,Fuentes Brotantes de Tlalpan National Park,Fuentes Brotantes de Tlalpan National Park,2026-03-22
General Juan N. Álvarez National Park,Mexico,Mexico,General Juan N. Álvarez National Park,General Juan N. Álvarez National Park,2026-03-22
Gogorrón National Park,Mexico,Mexico,Gogorrón National Park,Gogorrón National Park,2026-03-22
Huatulco National Park,Mexico,Mexico,Huatulco National Park,Huatulco National Park,2026-03-22
Insurgente Miguel Hidalgo y Costilla National Park,Mexico,Mexico,Insurgente Miguel Hidalgo y Costilla National Park,Insurgente Miguel Hidalgo y Costilla National Park,2026-03-22
Iztaccíhuatl–Popocatépetl National Park,Mexico,Mexico,Iztaccíhuatl–Popocatépetl National Park,Iztaccíhuatl–Popocatépetl National Park,2026-03-22
La Marquesa National Park,Mexico,Mexico,La Marquesa National Park,La Marquesa National Park,2026-03-22
Lago de Camécuaro National Park,Mexico,Mexico,Lago de Camécuaro National Park,Lago de Camécuaro National Park,2026-03-22
Lagunas de Zempoala National Park,Mexico,Mexico,Lagunas de Zempoala National Park,Lagunas de Zempoala National Park,2026-03-22
Los Marmoles National Park,Mexico,Mexico,Los Marmoles National Park,Los Marmoles National Park,2026-03-22
Los Remedios National Park,Mexico,Mexico,Los Remedios National Park,Los Remedios National Park,2026-03-22
Molino de Flores Nezahualcóyotl National Park,Mexico,Mexico,Molino de Flores Nezahualcóyotl National Park,Molino de Flores Nezahualcóyotl National Park,2026-03-22
Nevado de Toluca National Park,Mexico,Mexico,Nevado de Toluca National Park,Nevado de Toluca National Park,2026-03-22
Pico de Orizaba National Park,Mexico,Mexico,Pico de Orizaba National Park,Pico de Orizaba National Park,2026-03-22
Sacromonte National Park,Mexico,Mexico,Sacromonte National Park,Sacromonte National Park,2026-03-22
Sierra de Órganos National Park,Mexico,Mexico,Sierra de Órganos National Park,Sierra de Órganos National Park,2026-03-22
Tula National Park,Mexico,Mexico,Tula National Park,Tula National Park,2026-03-22
Volcán Nevado de Colima National Park,Mexico,Mexico,Volcán Nevado de Colima National Park,Volcán Nevado de Colima National Park,2026-03-22
Altai Tavan Bogd National Park,Mongolia,Mongolia,Altai Tavan Bogd National Park,Altai Tavan Bogd National Park,2026-03-22
Har Us Nuur National Park,Mongolia,Mongolia,Har Us Nuur National Park,Har Us Nuur National Park,2026-03-22
Ikh Bogd Uul National Park,Mongolia,Mongolia,Ikh Bogd Uul National Park,Ikh Bogd Uul National Park,2026-03-22
Khan-Khokhi Khyargas Mountain National Park,Mongolia,Mongolia,Khan-Khokhi Khyargas Mountain National Park,Khan-Khokhi Khyargas Mountain National Park,2026-03-22
Khorgo-Terkhiin Tsagaan Nuur National Park,Mongolia,Mongolia,Khorgo-Terkhiin Tsagaan Nuur National Park,Khorgo-Terkhiin Tsagaan Nuur National Park,2026-03-22
Khustain Nuruu National Park,Mongolia,Mongolia,Khustain Nuruu National Park,Khustain Nuruu National Park,2026-03-22
Khyargas Nuur National Park,Mongolia,Mongolia,Khyargas Nuur National Park,Khyargas Nuur National Park,2026-03-22
ULAANBAATAR,Mongolia,Mongolia,ULAANBAATAR,ULAANBAATAR,2026-03-22
Rabat,Morocco,Morocco,Rabat,Rabat,2026-03-22
MAPUTO,Mozambique,Mozambique,MAPUTO,MAPUTO,2026-03-22
Dorob National Park,Namibia,Namibia,Dorob National Park,Dorob National Park,2026-03-22
Etosha National Park,Namibia,Namibia,Etosha National Park,Etosha National Park,2026-03-22
Tsau ǁKhaeb National Park,Namibia,Namibia,Tsau ǁKhaeb National Park,Tsau ǁKhaeb National Park,2026-03-22
Tsau ǁKhaeb Sperrgebiet National Park,Namibia,Namibia,Tsau ǁKhaeb Sperrgebiet National Park,Tsau ǁKhaeb Sperrgebiet National Park,2026-03-22
Waterberg National Park,Namibia,Namibia,Waterberg National Park,Waterberg National Park,2026-03-22
WINDHOEK,Namibia,Namibia,WINDHOEK,WINDHOEK,2026-03-22
WELLINGTON,New Zealand,New Zealand,WELLINGTON,WELLINGTON,2026-03-22
NIAMEY,Niger,Niger,NIAMEY,NIAMEY,2026-03-22
ABUJA,Nigeria,Nigeria,ABUJA,ABUJA,2026-03-22
Chad Basin National Park,Nigeria,Nigeria,Chad Basin National Park,Chad Basin National Park,2026-03-22
Cross River National Park,Nigeria,Nigeria,Cross River National Park,Cross River National Park,2026-03-22
Kainji National Park,Nigeria,Nigeria,Kainji National Park,Kainji National Park,2026-03-22
Okomu National Park,Nigeria,Nigeria,Okomu National Park,Okomu National Park,2026-03-22
Galičica National Park,North Macedonia,North Macedonia,Galičica National Park,Galičica National Park,2026-03-22
Mavrovo National Park,North Macedonia,North Macedonia,Mavrovo National Park,Mavrovo National Park,2026-03-22
Pelister National Park,North Macedonia,North Macedonia,Pelister National Park,Pelister National Park,2026-03-22
Prespa National Park,North Macedonia,North Macedonia,Prespa National Park,Prespa National Park,2026-03-22
Šar Planina National Park,North Macedonia,North Macedonia,Šar Planina National Park,Šar Planina National Park,2026-03-22
Sharr Mountains National Park,North Macedonia,North Macedonia,Sharr Mountains National Park,Sharr Mountains National Park,2026-03-22
Anárjohka National Park,Norway,Norway,Anárjohka National Park,Anárjohka National Park,2026-03-22
Ånderdalen National Park,Norway,Norway,Ånderdalen National Park,Ånderdalen National Park,2026-03-22
Blåfjella–Skjækerfjella National Park,Norway,Norway,Blåfjella–Skjækerfjella National Park,Blåfjella–Skjækerfjella National Park,2026-03-22
Breheimen National Park,Norway,Norway,Breheimen National Park,Breheimen National Park,2026-03-22
Dovre National Park,Norway,Norway,Dovre National Park,Dovre National Park,2026-03-22
Dovrefjell–Sunndalsfjella National Park,Norway,Norway,Dovrefjell–Sunndalsfjella National Park,Dovrefjell–Sunndalsfjella National Park,2026-03-22
Færder National Park,Norway,Norway,Færder National Park,Færder National Park,2026-03-22
Folgefonna National Park,Norway,Norway,Folgefonna National Park,Folgefonna National Park,2026-03-22
Forlandet National Park,Norway,Norway,Forlandet National Park,Forlandet National Park,2026-03-22
Forollhogna National Park,Norway,Norway,Forollhogna National Park,Forollhogna National Park,2026-03-22
Fulufjellet National Park,Norway,Norway,Fulufjellet National Park,Fulufjellet National Park,2026-03-22
Gutulia National Park,Norway,Norway,Gutulia National Park,Gutulia National Park,2026-03-22
Hallingskarvet National Park,Norway,Norway,Hallingskarvet National Park,Hallingskarvet National Park,2026-03-22
Hardangervidda National Park,Norway,Norway,Hardangervidda National Park,Hardangervidda National Park,2026-03-22
Indre Wijdefjorden National Park,Norway,Norway,Indre Wijdefjorden National Park,Indre Wijdefjorden National Park,2026-03-22
Jomfruland National Park,Norway,Norway,Jomfruland National Park,Jomfruland National Park,2026-03-22
Jostedalsbreen National Park,Norway,Norway,Jostedalsbreen National Park,Jostedalsbreen National Park,2026-03-22
Jotunheimen National Park,Norway,Norway,Jotunheimen National Park,Jotunheimen National Park,2026-03-22
Junkerdal National Park,Norway,Norway,Junkerdal National Park,Junkerdal National Park,2026-03-22
Láhko National Park,Norway,Norway,Láhko National Park,Láhko National Park,2026-03-22
Lierne National Park,Norway,Norway,Lierne National Park,Lierne National Park,2026-03-22
Lofotodden National Park,Norway,Norway,Lofotodden National Park,Lofotodden National Park,2026-03-22
Lomsdal–Visten National Park,Norway,Norway,Lomsdal–Visten National Park,Lomsdal–Visten National Park,2026-03-22
Møysalen National Park,Norway,Norway,Møysalen National Park,Møysalen National Park,2026-03-22
Nordenskiöld Land National Park,Norway,Norway,Nordenskiöld Land National Park,Nordenskiöld Land National Park,2026-03-22
Nordre Isfjorden National Park,Norway,Norway,Nordre Isfjorden National Park,Nordre Isfjorden National Park,2026-03-22
Nordvest-Spitsbergen National Park,Norway,Norway,Nordvest-Spitsbergen National Park,Nordvest-Spitsbergen National Park,2026-03-22
Oslo,Norway,Norway,Oslo,Oslo,2026-03-22
Øvre Pasvik National Park,Norway,Norway,Øvre Pasvik National Park,Øvre Pasvik National Park,2026-03-22
Raet National Park,Norway,Norway,Raet National Park,Raet National Park,2026-03-22
Rago National Park,Norway,Norway,Rago National Park,Rago National Park,2026-03-22
Reinheimen National Park,Norway,Norway,Reinheimen National Park,Reinheimen National Park,2026-03-22
Rohkunborri National Park,Norway,Norway,Rohkunborri National Park,Rohkunborri National Park,2026-03-22
Rondane National Park,Norway,Norway,Rondane National Park,Rondane National Park,2026-03-22
Saltfjellet–Svartisen National Park,Norway,Norway,Saltfjellet–Svartisen National Park,Saltfjellet–Svartisen National Park,2026-03-22
Seiland National Park,Norway,Norway,Seiland National Park,Seiland National Park,2026-03-22
Sjunkhatten National Park,Norway,Norway,Sjunkhatten National Park,Sjunkhatten National Park,2026-03-22
Sør-Spitsbergen National Park,Norway,Norway,Sør-Spitsbergen National Park,Sør-Spitsbergen National Park,2026-03-22
Van Mijenfjorden National Park,Norway,Norway,Van Mijenfjorden National Park,Van Mijenfjorden National Park,2026-03-22
Ytre Hvaler National Park,Norway,Norway,Ytre Hvaler National Park,Ytre Hvaler National Park,2026-03-22
Ayub National Park,Pakistan,Pakistan,Ayub National Park,Ayub National Park,2026-03-22
Ayubia National Park,Pakistan,Pakistan,Ayubia National Park,Ayubia National Park,2026-03-22
Broghil Valley National Park,Pakistan,Pakistan,Broghil Valley National Park,Broghil Valley National Park,2026-03-22
Central Karakoram National Park,Pakistan,Pakistan,Central Karakoram National Park,Central Karakoram National Park,2026-03-22
Chinji National Park,Pakistan,Pakistan,Chinji National Park,Chinji National Park,2026-03-22
Chitral Gol National Park,Pakistan,Pakistan,Chitral Gol National Park,Chitral Gol National Park,2026-03-22
Deva Vatala National Park,Pakistan,Pakistan,Deva Vatala National Park,Deva Vatala National Park,2026-03-22
Fairy Meadows National Park,Pakistan,Pakistan,Fairy Meadows National Park,Fairy Meadows National Park,2026-03-22
Gurez 'musk deer' National Park,Pakistan,Pakistan,Gurez 'musk deer' National Park,Gurez 'musk deer' National Park,2026-03-22
Himalaya National Park,Pakistan,Pakistan,Himalaya National Park,Himalaya National Park,2026-03-22
Hundrap-Shandur National Park,Pakistan,Pakistan,Hundrap-Shandur National Park,Hundrap-Shandur National Park,2026-03-22
ISLAMABAD,Pakistan,Pakistan,ISLAMABAD,ISLAMABAD,2026-03-22
Kala Chitta National Park,Pakistan,Pakistan,Kala Chitta National Park,Kala Chitta National Park,2026-03-22
Kheri Murat National Park,Pakistan,Pakistan,Kheri Murat National Park,Kheri Murat National Park,2026-03-22
Manglot National Park,Pakistan,Pakistan,Manglot National Park,Manglot National Park,2026-03-22
Margalla Hills National Park,Pakistan,Pakistan,Margalla Hills National Park,Margalla Hills National Park,2026-03-22
Murree-Kotli Sattian-Kahuta National Park,Pakistan,Pakistan,Murree-Kotli Sattian-Kahuta National Park,Murree-Kotli Sattian-Kahuta National Park,2026-03-22
Panjal Mastan National Park,Pakistan,Pakistan,Panjal Mastan National Park,Panjal Mastan National Park,2026-03-22
Pir Lasura National Park,Pakistan,Pakistan,Pir Lasura National Park,Pir Lasura National Park,2026-03-22
Poonch River Mahaseer National Park,Pakistan,Pakistan,Poonch River Mahaseer National Park,Poonch River Mahaseer National Park,2026-03-22
Saiful Malook National Park,Pakistan,Pakistan,Saiful Malook National Park,Saiful Malook National Park,2026-03-22
Saiful Muluk National Park,Pakistan,Pakistan,Saiful Muluk National Park,Saiful Muluk National Park,2026-03-22
Salt Range National Park,Pakistan,Pakistan,Salt Range National Park,Salt Range National Park,2026-03-22
Shandur National Park,Pakistan,Pakistan,Shandur National Park,Shandur National Park,2026-03-22
Shandur-Hundrup National Park,Pakistan,Pakistan,Shandur-Hundrup National Park,Shandur-Hundrup National Park,2026-03-22
Sheikh Badin National Park,Pakistan,Pakistan,Sheikh Badin National Park,Sheikh Badin National Park,2026-03-22
Tilla Reserve National Park,Pakistan,Pakistan,Tilla Reserve National Park,Tilla Reserve National Park,2026-03-22
Toli Pir National Park,Pakistan,Pakistan,Toli Pir National Park,Toli Pir National Park,2026-03-22
Altos de Campana National Park,Panama,Panama,Altos de Campana National Park,Altos de Campana National Park,2026-03-22
Coiba National Park,Panama,Panama,Coiba National Park,Coiba National Park,2026-03-22
Las Cruces Trail National Park,Panama,Panama,Las Cruces Trail National Park,Las Cruces Trail National Park,2026-03-22
Metropolitan National Park,Panama,Panama,Metropolitan National Park,Metropolitan National Park,2026-03-22
"Omar Torrijos ""El Cope"" National Park",Panama,Panama,"Omar Torrijos ""El Cope"" National Park","Omar Torrijos ""El Cope"" National Park",2026-03-22
Sarigua National Park,Panama,Panama,Sarigua National Park,Sarigua National Park,2026-03-22
Soberanía National Park,Panama,Panama,Soberanía National Park,Soberanía National Park,2026-03-22
Cerro Cora National Park,Paraguay,Paraguay,Cerro Cora National Park,Cerro Cora National Park,2026-03-22
Nacunday National Park,Paraguay,Paraguay,Nacunday National Park,Nacunday National Park,2026-03-22
"National Parks in the Chaco, Paraguay",Paraguay,Paraguay,"National Parks in the Chaco, Paraguay","National Parks in the Chaco, Paraguay",2026-03-22
Ybycuí National Park,Paraguay,Paraguay,Ybycuí National Park,Ybycuí National Park,2026-03-22
MANILA,Philippines,Philippines,MANILA,MANILA,2026-03-22
LISBOA,Portugal,Portugal,LISBOA,LISBOA,2026-03-22
Peneda-Gerês National Park,Portugal,Portugal,Peneda-Gerês National Park,Peneda-Gerês National Park,2026-03-22
San Juan,Puerto Rico,Puerto Rico,San Juan,San Juan,2026-03-22
SAINT-DENIS,Réunion,Réunion,SAINT-DENIS,SAINT-DENIS,2026-03-22
KIGALI,Rwanda,Rwanda,KIGALI,KIGALI,2026-03-22
RIYADH,Saudi Arabia,Saudi Arabia,RIYADH,RIYADH,2026-03-22
DAKAR,Senegal,Senegal,DAKAR,DAKAR,2026-03-22
Curieuse Marine National Park,Seychelles,Seychelles,Curieuse Marine National Park,Curieuse Marine National Park,2026-03-22
Ile Coco Marine National Park,Seychelles,Seychelles,Ile Coco Marine National Park,Ile Coco Marine National Park,2026-03-22
Morne Seychellois National Park,Seychelles,Seychelles,Morne Seychellois National Park,Morne Seychellois National Park,2026-03-22
Port Launay Marine National Park,Seychelles,Seychelles,Port Launay Marine National Park,Port Launay Marine National Park,2026-03-22
Praslin National Park,Seychelles,Seychelles,Praslin National Park,Praslin National Park,2026-03-22
Ste Anne Marine National Park,Seychelles,Seychelles,Ste Anne Marine National Park,Ste Anne Marine National Park,2026-03-22
BRATISLAVA,Slovakia,Slovakia,BRATISLAVA,BRATISLAVA,2026-03-22
Low Tatras National Park,Slovakia,Slovakia,Low Tatras National Park,Low Tatras National Park,2026-03-22
Malá Fatra National Park,Slovakia,Slovakia,Malá Fatra National Park,Malá Fatra National Park,2026-03-22
Muránska planina National Park,Slovakia,Slovakia,Muránska planina National Park,Muránska planina National Park,2026-03-22
Pieniny National Park,Slovakia,Slovakia,Pieniny National Park,Pieniny National Park,2026-03-22
Poloniny National Park,Slovakia,Slovakia,Poloniny National Park,Poloniny National Park,2026-03-22
Slovak Karst National Park,Slovakia,Slovakia,Slovak Karst National Park,Slovak Karst National Park,2026-03-22
Slovak Paradise National Park,Slovakia,Slovakia,Slovak Paradise National Park,Slovak Paradise National Park,2026-03-22
"Tatra National Park, Slovakia",Slovakia,Slovakia,"Tatra National Park, Slovakia","Tatra National Park, Slovakia",2026-03-22
Veľká Fatra National Park,Slovakia,Slovakia,Veľká Fatra National Park,Veľká Fatra National Park,2026-03-22
HONIARA,Solomon Islands,Solomon Islands,HONIARA,HONIARA,2026-03-22
BLOEMFONTEIN,South Africa,South Africa,BLOEMFONTEIN,BLOEMFONTEIN,2026-03-22
Adam's Bridge Marine National Park,Sri Lanka,Sri Lanka,Adam's Bridge Marine National Park,Adam's Bridge Marine National Park,2026-03-22
Angammedilla National Park,Sri Lanka,Sri Lanka,Angammedilla National Park,Angammedilla National Park,2026-03-22
Bundala National Park,Sri Lanka,Sri Lanka,Bundala National Park,Bundala National Park,2026-03-22
Delft National Park,Sri Lanka,Sri Lanka,Delft National Park,Delft National Park,2026-03-22
Flood Plains National Park,Sri Lanka,Sri Lanka,Flood Plains National Park,Flood Plains National Park,2026-03-22
Galway's Land National Park,Sri Lanka,Sri Lanka,Galway's Land National Park,Galway's Land National Park,2026-03-22
Hikkaduwa National Park,Sri Lanka,Sri Lanka,Hikkaduwa National Park,Hikkaduwa National Park,2026-03-22
Horagolla National Park,Sri Lanka,Sri Lanka,Horagolla National Park,Horagolla National Park,2026-03-22
Horowpathana National Park,Sri Lanka,Sri Lanka,Horowpathana National Park,Horowpathana National Park,2026-03-22
Horton Plains National Park,Sri Lanka,Sri Lanka,Horton Plains National Park,Horton Plains National Park,2026-03-22
Kaudulla National Park,Sri Lanka,Sri Lanka,Kaudulla National Park,Kaudulla National Park,2026-03-22
Kumana National Park,Sri Lanka,Sri Lanka,Kumana National Park,Kumana National Park,2026-03-22
Lahugala Kitulana National Park,Sri Lanka,Sri Lanka,Lahugala Kitulana National Park,Lahugala Kitulana National Park,2026-03-22
Madhu Road National Park,Sri Lanka,Sri Lanka,Madhu Road National Park,Madhu Road National Park,2026-03-22
Minneriya National Park,Sri Lanka,Sri Lanka,Minneriya National Park,Minneriya National Park,2026-03-22
National park,Sri Lanka,Sri Lanka,National park,National park,2026-03-22
Pigeon Island National Park,Sri Lanka,Sri Lanka,Pigeon Island National Park,Pigeon Island National Park,2026-03-22
Somawathiya National Park,Sri Lanka,Sri Lanka,Somawathiya National Park,Somawathiya National Park,2026-03-22
Udawalawe National Park,Sri Lanka,Sri Lanka,Udawalawe National Park,Udawalawe National Park,2026-03-22
Ussangoda National Park,Sri Lanka,Sri Lanka,Ussangoda National Park,Ussangoda National Park,2026-03-22
Wasgamuwa National Park,Sri Lanka,Sri Lanka,Wasgamuwa National Park,Wasgamuwa National Park,2026-03-22
Yala National Park,Sri Lanka,Sri Lanka,Yala National Park,Yala National Park,2026-03-22
Khartoum,Sudan,Sudan,Khartoum,Khartoum,2026-03-22
Abisko National Park,Sweden,Sweden,Abisko National Park,Abisko National Park,2026-03-22
Ängsö National Park,Sweden,Sweden,Ängsö National Park,Ängsö National Park,2026-03-22
Åsnen National Park,Sweden,Sweden,Åsnen National Park,Åsnen National Park,2026-03-22
Blå Jungfrun National Park,Sweden,Sweden,Blå Jungfrun National Park,Blå Jungfrun National Park,2026-03-22
Dalby Söderskog National Park,Sweden,Sweden,Dalby Söderskog National Park,Dalby Söderskog National Park,2026-03-22
Djurö National Park,Sweden,Sweden,Djurö National Park,Djurö National Park,2026-03-22
Fulufjället National Park,Sweden,Sweden,Fulufjället National Park,Fulufjället National Park,2026-03-22
Garphyttan National Park,Sweden,Sweden,Garphyttan National Park,Garphyttan National Park,2026-03-22
Gotska Sandön National Park,Sweden,Sweden,Gotska Sandön National Park,Gotska Sandön National Park,2026-03-22
Haparanda Archipelago National Park,Sweden,Sweden,Haparanda Archipelago National Park,Haparanda Archipelago National Park,2026-03-22
Kosterhavet National Park,Sweden,Sweden,Kosterhavet National Park,Kosterhavet National Park,2026-03-22
Norra Kvill National Park,Sweden,Sweden,Norra Kvill National Park,Norra Kvill National Park,2026-03-22
Padjelanta National Park,Sweden,Sweden,Padjelanta National Park,Padjelanta National Park,2026-03-22
Pieljekaise National Park,Sweden,Sweden,Pieljekaise National Park,Pieljekaise National Park,2026-03-22
Sarek National Park,Sweden,Sweden,Sarek National Park,Sarek National Park,2026-03-22
Skuleskogen National Park,Sweden,Sweden,Skuleskogen National Park,Skuleskogen National Park,2026-03-22
Söderåsen National Park,Sweden,Sweden,Söderåsen National Park,Söderåsen National Park,2026-03-22
Stenshuvud National Park,Sweden,Sweden,Stenshuvud National Park,Stenshuvud National Park,2026-03-22
STOCKHOLM,Sweden,Sweden,STOCKHOLM,STOCKHOLM,2026-03-22
Store Mosse National Park,Sweden,Sweden,Store Mosse National Park,Store Mosse National Park,2026-03-22
Tiveden National Park,Sweden,Sweden,Tiveden National Park,Tiveden National Park,2026-03-22
Töfsingdalen National Park,Sweden,Sweden,Töfsingdalen National Park,Töfsingdalen National Park,2026-03-22
Tresticklan National Park,Sweden,Sweden,Tresticklan National Park,Tresticklan National Park,2026-03-22
Tyresta National Park,Sweden,Sweden,Tyresta National Park,Tyresta National Park,2026-03-22
Ao Phang Nga National Park,Thailand,Thailand,Ao Phang Nga National Park,Ao Phang Nga National Park,2026-03-22
Ao Siam National Park,Thailand,Thailand,Ao Siam National Park,Ao Siam National Park,2026-03-22
Bangkok,Thailand,Bangkok,Bangkok,Bangkok,2026-03-22
Budo–Su-ngai Padi National Park,Thailand,Thailand,Budo–Su-ngai Padi National Park,Budo–Su-ngai Padi National Park,2026-03-22
Doi Inthanon National Park,Thailand,Thailand,Doi Inthanon National Park,Doi Inthanon National Park,2026-03-22
Doi Khun Tan National Park,Thailand,Thailand,Doi Khun Tan National Park,Doi Khun Tan National Park,2026-03-22
Doi Suthep–Pui National Park,Thailand,Thailand,Doi Suthep–Pui National Park,Doi Suthep–Pui National Park,2026-03-22
Doi Wiang Pha National Park,Thailand,Thailand,Doi Wiang Pha National Park,Doi Wiang Pha National Park,2026-03-22
Erawan National Park,Thailand,Thailand,Erawan National Park,Erawan National Park,2026-03-22
Hat Khanom–Mu Ko Thale Tai National Park,Thailand,Thailand,Hat Khanom–Mu Ko Thale Tai National Park,Hat Khanom–Mu Ko Thale Tai National Park,2026-03-22
Hat Noppharat Thara–Mu Ko Phi Phi National Park,Thailand,Thailand,Hat Noppharat Thara–Mu Ko Phi Phi National Park,Hat Noppharat Thara–Mu Ko Phi Phi National Park,2026-03-22
Kaeng Krachan National Park,Thailand,Thailand,Kaeng Krachan National Park,Kaeng Krachan National Park,2026-03-22
Kaeng Tana National Park,Thailand,Thailand,Kaeng Tana National Park,Kaeng Tana National Park,2026-03-22
Khao Kho National Park,Thailand,Thailand,Khao Kho National Park,Khao Kho National Park,2026-03-22
Khao Laem Ya–Mu Ko Samet National Park,Thailand,Thailand,Khao Laem Ya–Mu Ko Samet National Park,Khao Laem Ya–Mu Ko Samet National Park,2026-03-22
Khao Lak-Lam Ru National Park,Thailand,Thailand,Khao Lak-Lam Ru National Park,Khao Lak-Lam Ru National Park,2026-03-22
Khao Luang National Park,Thailand,Thailand,Khao Luang National Park,Khao Luang National Park,2026-03-22
Khao Nan National Park,Thailand,Thailand,Khao Nan National Park,Khao Nan National Park,2026-03-22
Khao Phra Wihan National Park,Thailand,Thailand,Khao Phra Wihan National Park,Khao Phra Wihan National Park,2026-03-22
Khao Sam Roi Yot National Park,Thailand,Thailand,Khao Sam Roi Yot National Park,Khao Sam Roi Yot National Park,2026-03-22
Khao Yai National Park,Thailand,Thailand,Khao Yai National Park,Khao Yai National Park,2026-03-22
Khun Nan National Park,Thailand,Thailand,Khun Nan National Park,Khun Nan National Park,2026-03-22
Khun Sathan National Park,Thailand,Thailand,Khun Sathan National Park,Khun Sathan National Park,2026-03-22
Mae Ngao National Park,Thailand,Thailand,Mae Ngao National Park,Mae Ngao National Park,2026-03-22
Mae Sariang National Park,Thailand,Thailand,Mae Sariang National Park,Mae Sariang National Park,2026-03-22
Mae Takhrai National Park,Thailand,Thailand,Mae Takhrai National Park,Mae Takhrai National Park,2026-03-22
Mu Ko Chumphon National Park,Thailand,Thailand,Mu Ko Chumphon National Park,Mu Ko Chumphon National Park,2026-03-22
Mu Ko Phetra National Park,Thailand,Thailand,Mu Ko Phetra National Park,Mu Ko Phetra National Park,2026-03-22
Mu Ko Ra–Ko Phra Thong National Park,Thailand,Thailand,Mu Ko Ra–Ko Phra Thong National Park,Mu Ko Ra–Ko Phra Thong National Park,2026-03-22
Mu Ko Ranong National Park,Thailand,Thailand,Mu Ko Ranong National Park,Mu Ko Ranong National Park,2026-03-22
Mu Ko Similan National Park,Thailand,Thailand,Mu Ko Similan National Park,Mu Ko Similan National Park,2026-03-22
Mu Ko Surin National Park,Thailand,Thailand,Mu Ko Surin National Park,Mu Ko Surin National Park,2026-03-22
Na Yung–Nam Som National Park,Thailand,Thailand,Na Yung–Nam Som National Park,Na Yung–Nam Som National Park,2026-03-22
Namtok Chet Sao Noi National Park,Thailand,Thailand,Namtok Chet Sao Noi National Park,Namtok Chet Sao Noi National Park,2026-03-22
Namtok Huai Yang National Park,Thailand,Thailand,Namtok Huai Yang National Park,Namtok Huai Yang National Park,2026-03-22
Namtok Khlong Kaeo National Park,Thailand,Thailand,Namtok Khlong Kaeo National Park,Namtok Khlong Kaeo National Park,2026-03-22
Namtok Sai Khao National Park,Thailand,Thailand,Namtok Sai Khao National Park,Namtok Sai Khao National Park,2026-03-22
Op Khan National Park,Thailand,Thailand,Op Khan National Park,Op Khan National Park,2026-03-22
Pha Daeng National Park,Thailand,Thailand,Pha Daeng National Park,Pha Daeng National Park,2026-03-22
Pha Taem National Park,Thailand,Thailand,Pha Taem National Park,Pha Taem National Park,2026-03-22
Phu Chi Fa National Park,Thailand,Thailand,Phu Chi Fa National Park,Phu Chi Fa National Park,2026-03-22
Phu Hin Chom That–Phu Phra Bat National Park,Thailand,Thailand,Phu Hin Chom That–Phu Phra Bat National Park,Phu Hin Chom That–Phu Phra Bat National Park,2026-03-22
Phu Hin Rong Kla National Park,Thailand,Thailand,Phu Hin Rong Kla National Park,Phu Hin Rong Kla National Park,2026-03-22
Phu Kao–Phu Phan Kham National Park,Thailand,Thailand,Phu Kao–Phu Phan Kham National Park,Phu Kao–Phu Phan Kham National Park,2026-03-22
Phu Kradueng National Park,Thailand,Thailand,Phu Kradueng National Park,Phu Kradueng National Park,2026-03-22
Phu Laenkha National Park,Thailand,Thailand,Phu Laenkha National Park,Phu Laenkha National Park,2026-03-22
Phu Langka National Park,Thailand,Thailand,Phu Langka National Park,Phu Langka National Park,2026-03-22
Phu Pha Lek National Park,Thailand,Thailand,Phu Pha Lek National Park,Phu Pha Lek National Park,2026-03-22
Phu Phan National Park,Thailand,Thailand,Phu Phan National Park,Phu Phan National Park,2026-03-22
Phu Ruea National Park,Thailand,Thailand,Phu Ruea National Park,Phu Ruea National Park,2026-03-22
Phu Sang National Park,Thailand,Thailand,Phu Sang National Park,Phu Sang National Park,2026-03-22
Phu Soi Dao National Park,Thailand,Thailand,Phu Soi Dao National Park,Phu Soi Dao National Park,2026-03-22
Phu Toei National Park,Thailand,Thailand,Phu Toei National Park,Phu Toei National Park,2026-03-22
Phu Wiang National Park,Thailand,Thailand,Phu Wiang National Park,Phu Wiang National Park,2026-03-22
Si Phang-nga National Park,Thailand,Thailand,Si Phang-nga National Park,Si Phang-nga National Park,2026-03-22
Sirinat National Park,Thailand,Thailand,Sirinat National Park,Sirinat National Park,2026-03-22
Tai Rom Yen National Park,Thailand,Thailand,Tai Rom Yen National Park,Tai Rom Yen National Park,2026-03-22
Taksin Maharat National Park,Thailand,Thailand,Taksin Maharat National Park,Taksin Maharat National Park,2026-03-22
Tarutao National Park,Thailand,Thailand,Tarutao National Park,Tarutao National Park,2026-03-22
Thale Ban National Park,Thailand,Thailand,Thale Ban National Park,Thale Ban National Park,2026-03-22
Tham Luang–Khun Nam Nang Non National Park,Thailand,Thailand,Tham Luang–Khun Nam Nang Non National Park,Tham Luang–Khun Nam Nang Non National Park,2026-03-22
Tham Pha Thai National Park,Thailand,Thailand,Tham Pha Thai National Park,Tham Pha Thai National Park,2026-03-22
Than Sadet–Ko Pha-Ngan National Park,Thailand,Thailand,Than Sadet–Ko Pha-Ngan National Park,Than Sadet–Ko Pha-Ngan National Park,2026-03-22
Thap Lan National Park,Thailand,Thailand,Thap Lan National Park,Thap Lan National Park,2026-03-22
Thong Pha Phum National Park,Thailand,Thailand,Thong Pha Phum National Park,Thong Pha Phum National Park,2026-03-22
Delta du Saloum National Park,the Gambia,the Gambia,Delta du Saloum National Park,Delta du Saloum National Park,2026-03-22
Kiang West National Park,the Gambia,the Gambia,Kiang West National Park,Kiang West National Park,2026-03-22
Niumi National Park,the Gambia,the Gambia,Niumi National Park,Niumi National Park,2026-03-22
River Gambia National Park,the Gambia,the Gambia,River Gambia National Park,River Gambia National Park,2026-03-22
De Alde Feanen National Park,the Netherlands,the Netherlands,De Alde Feanen National Park,De Alde Feanen National Park,2026-03-22
De Biesbosch National Park,the Netherlands,the Netherlands,De Biesbosch National Park,De Biesbosch National Park,2026-03-22
De Groote Peel National Park,the Netherlands,the Netherlands,De Groote Peel National Park,De Groote Peel National Park,2026-03-22
De Hoge Veluwe National Park,the Netherlands,the Netherlands,De Hoge Veluwe National Park,De Hoge Veluwe National Park,2026-03-22
De Loonse en Drunense Duinen National Park,the Netherlands,the Netherlands,De Loonse en Drunense Duinen National Park,De Loonse en Drunense Duinen National Park,2026-03-22
De Maasduinen National Park,the Netherlands,the Netherlands,De Maasduinen National Park,De Maasduinen National Park,2026-03-22
De Meinweg National Park,the Netherlands,the Netherlands,De Meinweg National Park,De Meinweg National Park,2026-03-22
Drents-Friese Wold National Park,the Netherlands,the Netherlands,Drents-Friese Wold National Park,Drents-Friese Wold National Park,2026-03-22
Drentsche Aa National Park,the Netherlands,the Netherlands,Drentsche Aa National Park,Drentsche Aa National Park,2026-03-22
Duinen van Texel National Park,the Netherlands,the Netherlands,Duinen van Texel National Park,Duinen van Texel National Park,2026-03-22
Dwingelderveld National Park,the Netherlands,the Netherlands,Dwingelderveld National Park,Dwingelderveld National Park,2026-03-22
Lauwersmeer National Park,the Netherlands,the Netherlands,Lauwersmeer National Park,Lauwersmeer National Park,2026-03-22
Nieuw Land National Park,the Netherlands,the Netherlands,Nieuw Land National Park,Nieuw Land National Park,2026-03-22
Oosterschelde National Park,the Netherlands,the Netherlands,Oosterschelde National Park,Oosterschelde National Park,2026-03-22
Sallandse Heuvelrug National Park,the Netherlands,the Netherlands,Sallandse Heuvelrug National Park,Sallandse Heuvelrug National Park,2026-03-22
Schiermonnikoog National Park,the Netherlands,the Netherlands,Schiermonnikoog National Park,Schiermonnikoog National Park,2026-03-22
Utrechtse Heuvelrug National Park,the Netherlands,the Netherlands,Utrechtse Heuvelrug National Park,Utrechtse Heuvelrug National Park,2026-03-22
Van Gogh National Park,the Netherlands,the Netherlands,Van Gogh National Park,Van Gogh National Park,2026-03-22
Veluwezoom National Park,the Netherlands,the Netherlands,Veluwezoom National Park,Veluwezoom National Park,2026-03-22
Weerribben-Wieden National Park,the Netherlands,the Netherlands,Weerribben-Wieden National Park,Weerribben-Wieden National Park,2026-03-22
Zuid-Kennemerland National Park,the Netherlands,the Netherlands,Zuid-Kennemerland National Park,Zuid-Kennemerland National Park,2026-03-22
Balbalasang-Balbalan National Park,the Philippines,the Philippines,Balbalasang-Balbalan National Park,Balbalasang-Balbalan National Park,2026-03-22
Bangan Hill National Park,the Philippines,the Philippines,Bangan Hill National Park,Bangan Hill National Park,2026-03-22
Bataan National Park,the Philippines,the Philippines,Bataan National Park,Bataan National Park,2026-03-22
Bulabog Putian National Park,the Philippines,the Philippines,Bulabog Putian National Park,Bulabog Putian National Park,2026-03-22
Caramoan National Park,the Philippines,the Philippines,Caramoan National Park,Caramoan National Park,2026-03-22
Cassamata Hill National Park,the Philippines,the Philippines,Cassamata Hill National Park,Cassamata Hill National Park,2026-03-22
Fuyot Springs National Park,the Philippines,the Philippines,Fuyot Springs National Park,Fuyot Springs National Park,2026-03-22
Guadalupe Mabugnao Mainit Hot Spring National Park,the Philippines,the Philippines,Guadalupe Mabugnao Mainit Hot Spring National Park,Guadalupe Mabugnao Mainit Hot Spring National Park,2026-03-22
Hundred Islands National Park,the Philippines,the Philippines,Hundred Islands National Park,Hundred Islands National Park,2026-03-22
Kuapnit Balinsasayao National Park,the Philippines,the Philippines,Kuapnit Balinsasayao National Park,Kuapnit Balinsasayao National Park,2026-03-22
Lake Butig National Park,the Philippines,the Philippines,Lake Butig National Park,Lake Butig National Park,2026-03-22
Libmanan Caves National Park,the Philippines,the Philippines,Libmanan Caves National Park,Libmanan Caves National Park,2026-03-22
MacArthur Landing Memorial National Park,the Philippines,the Philippines,MacArthur Landing Memorial National Park,MacArthur Landing Memorial National Park,2026-03-22
Mado Hot Spring National Park,the Philippines,the Philippines,Mado Hot Spring National Park,Mado Hot Spring National Park,2026-03-22
Mayon Volcano National Park,the Philippines,the Philippines,Mayon Volcano National Park,Mayon Volcano National Park,2026-03-22
Mount Arayat National Park,the Philippines,the Philippines,Mount Arayat National Park,Mount Arayat National Park,2026-03-22
Mount Data National Park,the Philippines,the Philippines,Mount Data National Park,Mount Data National Park,2026-03-22
Mounts Iglit–Baco National Park,the Philippines,the Philippines,Mounts Iglit–Baco National Park,Mounts Iglit–Baco National Park,2026-03-22
Northern Luzon Heroes Hill National Park,the Philippines,the Philippines,Northern Luzon Heroes Hill National Park,Northern Luzon Heroes Hill National Park,2026-03-22
Olongapo Naval Base Perimeter National Park,the Philippines,the Philippines,Olongapo Naval Base Perimeter National Park,Olongapo Naval Base Perimeter National Park,2026-03-22
Pagsanjan Gorge National Park,the Philippines,the Philippines,Pagsanjan Gorge National Park,Pagsanjan Gorge National Park,2026-03-22
Pantuwaraya Lake National Park,the Philippines,the Philippines,Pantuwaraya Lake National Park,Pantuwaraya Lake National Park,2026-03-22
Rungkunan National Park,the Philippines,the Philippines,Rungkunan National Park,Rungkunan National Park,2026-03-22
Sacred Mountain National Park,the Philippines,the Philippines,Sacred Mountain National Park,Sacred Mountain National Park,2026-03-22
Acadia National Park,the United States,the United States,Acadia National Park,Acadia National Park,2026-03-22
Arches National Park,the United States,the United States,Arches National Park,Arches National Park,2026-03-22
Badlands National Park,the United States,the United States,Badlands National Park,Badlands National Park,2026-03-22
Big Bend National Park,the United States,the United States,Big Bend National Park,Big Bend National Park,2026-03-22
Biscayne National Park,the United States,the United States,Biscayne National Park,Biscayne National Park,2026-03-22
Bryce Canyon National Park,the United States,the United States,Bryce Canyon National Park,Bryce Canyon National Park,2026-03-22
Canyonlands National Park,the United States,the United States,Canyonlands National Park,Canyonlands National Park,2026-03-22
Capitol Reef National Park,the United States,the United States,Capitol Reef National Park,Capitol Reef National Park,2026-03-22
Carlsbad Caverns National Park,the United States,the United States,Carlsbad Caverns National Park,Carlsbad Caverns National Park,2026-03-22
Congaree National Park,the United States,the United States,Congaree National Park,Congaree National Park,2026-03-22
Crater Lake National Park,the United States,the United States,Crater Lake National Park,Crater Lake National Park,2026-03-22
Cuyahoga Valley National Park,the United States,the United States,Cuyahoga Valley National Park,Cuyahoga Valley National Park,2026-03-22
Death Valley National Park,the United States,the United States,Death Valley National Park,Death Valley National Park,2026-03-22
Denali National Park and Preserve,the United States,the United States,Denali National Park and Preserve,Denali National Park and Preserve,2026-03-22
Dry Tortugas National Park,the United States,the United States,Dry Tortugas National Park,Dry Tortugas National Park,2026-03-22
Everglades National Park,the United States,the United States,Everglades National Park,Everglades National Park,2026-03-22
Gateway Arch National Park,the United States,the United States,Gateway Arch National Park,Gateway Arch National Park,2026-03-22
Glacier Bay National Park and Preserve,the United States,the United States,Glacier Bay National Park and Preserve,Glacier Bay National Park and Preserve,2026-03-22
Glacier National Park,the United States,the United States,Glacier National Park,Glacier National Park,2026-03-22
Grand Canyon National Park,the United States,the United States,Grand Canyon National Park,Grand Canyon National Park,2026-03-22
Grand Teton National Park,the United States,the United States,Grand Teton National Park,Grand Teton National Park,2026-03-22
Great Basin National Park,the United States,the United States,Great Basin National Park,Great Basin National Park,2026-03-22
Great Sand Dunes National Park and Preserve,the United States,the United States,Great Sand Dunes National Park and Preserve,Great Sand Dunes National Park and Preserve,2026-03-22
Great Smoky Mountains National Park,the United States,the United States,Great Smoky Mountains National Park,Great Smoky Mountains National Park,2026-03-22
Guadalupe Mountains National Park,the United States,the United States,Guadalupe Mountains National Park,Guadalupe Mountains National Park,2026-03-22
Haleakalā National Park,the United States,the United States,Haleakalā National Park,Haleakalā National Park,2026-03-22
Hawaiʻi Volcanoes National Park,the United States,the United States,Hawaiʻi Volcanoes National Park,Hawaiʻi Volcanoes National Park,2026-03-22
Hot Springs National Park,the United States,the United States,Hot Springs National Park,Hot Springs National Park,2026-03-22
Indiana Dunes National Park,the United States,the United States,Indiana Dunes National Park,Indiana Dunes National Park,2026-03-22
Isle Royale National Park,the United States,the United States,Isle Royale National Park,Isle Royale National Park,2026-03-22
Kenai Fjords National Park,the United States,the United States,Kenai Fjords National Park,Kenai Fjords National Park,2026-03-22
Kings Canyon National Park,the United States,the United States,Kings Canyon National Park,Kings Canyon National Park,2026-03-22
Lassen Volcanic National Park,the United States,the United States,Lassen Volcanic National Park,Lassen Volcanic National Park,2026-03-22
Mackinac National Park,the United States,the United States,Mackinac National Park,Mackinac National Park,2026-03-22
Mammoth Cave National Park,the United States,the United States,Mammoth Cave National Park,Mammoth Cave National Park,2026-03-22
Mesa Verde National Park,the United States,the United States,Mesa Verde National Park,Mesa Verde National Park,2026-03-22
Mount Rainier National Park,the United States,the United States,Mount Rainier National Park,Mount Rainier National Park,2026-03-22
National Park of American Samoa,the United States,the United States,National Park of American Samoa,National Park of American Samoa,2026-03-22
New River Gorge National Park and Preserve,the United States,the United States,New River Gorge National Park and Preserve,New River Gorge National Park and Preserve,2026-03-22
North Cascades National Park,the United States,the United States,North Cascades National Park,North Cascades National Park,2026-03-22
Petrified Forest National Park,the United States,the United States,Petrified Forest National Park,Petrified Forest National Park,2026-03-22
Rocky Mountain National Park,the United States,the United States,Rocky Mountain National Park,Rocky Mountain National Park,2026-03-22
Saguaro National Park,the United States,the United States,Saguaro National Park,Saguaro National Park,2026-03-22
Sequoia National Park,the United States,the United States,Sequoia National Park,Sequoia National Park,2026-03-22
Shenandoah National Park,the United States,the United States,Shenandoah National Park,Shenandoah National Park,2026-03-22
The Narrows,the United States,the United States,The Narrows,The Narrows,2026-03-22
Theodore Roosevelt National Park,the United States,the United States,Theodore Roosevelt National Park,Theodore Roosevelt National Park,2026-03-22
Waterfalls in Yellowstone National Park,the United States,the United States,Waterfalls in Yellowstone National Park,Waterfalls in Yellowstone National Park,2026-03-22
Wind Cave National Park,the United States,the United States,Wind Cave National Park,Wind Cave National Park,2026-03-22
Wrangell–St. Elias National Park and Preserve,the United States,the United States,Wrangell–St. Elias National Park and Preserve,Wrangell–St. Elias National Park and Preserve,2026-03-22
Yellowstone National Park,the United States,the United States,Yellowstone National Park,Yellowstone National Park,2026-03-22
Yosemite National Park,the United States,the United States,Yosemite National Park,Yosemite National Park,2026-03-22
Zion National Park,the United States,the United States,Zion National Park,Zion National Park,2026-03-22
National parks of Togo,Togo,Togo,National parks of Togo,National parks of Togo,2026-03-22
National parks of Tonga,Tonga,Tonga,National parks of Tonga,National parks of Tonga,2026-03-22
Boukornine National Park,Tunisia,Tunisia,Boukornine National Park,Boukornine National Park,2026-03-22
Chambi National Park,Tunisia,Tunisia,Chambi National Park,Chambi National Park,2026-03-22
Ichkeul National Park,Tunisia,Tunisia,Ichkeul National Park,Ichkeul National Park,2026-03-22
Jebel Chitana-Cap Négro National Park,Tunisia,Tunisia,Jebel Chitana-Cap Négro National Park,Jebel Chitana-Cap Négro National Park,2026-03-22
Jebel Serj National Park,Tunisia,Tunisia,Jebel Serj National Park,Jebel Serj National Park,2026-03-22
Jebel Zaghouan National Park,Tunisia,Tunisia,Jebel Zaghouan National Park,Jebel Zaghouan National Park,2026-03-22
Tunis,Tunisia,Tunisia,Tunis,Tunis,2026-03-22
Zembra National Park,Tunisia,Tunisia,Zembra National Park,Zembra National Park,2026-03-22
Aladağlar National Park,Turkey,Turkey,Aladağlar National Park,Aladağlar National Park,2026-03-22
Altınbeşik Cave National Park,Turkey,Turkey,Altınbeşik Cave National Park,Altınbeşik Cave National Park,2026-03-22
Altındere Valley National Park,Turkey,Turkey,Altındere Valley National Park,Altındere Valley National Park,2026-03-22
Ancient Troya National Park,Turkey,Turkey,Ancient Troya National Park,Ancient Troya National Park,2026-03-22
Ankara,Turkey,Ankara,Ankara,Ankara,2026-03-22
Beydağları Coastal National Park,Turkey,Turkey,Beydağları Coastal National Park,Beydağları Coastal National Park,2026-03-22
Boğazköy-Alacahöyük National Park,Turkey,Turkey,Boğazköy-Alacahöyük National Park,Boğazköy-Alacahöyük National Park,2026-03-22
Botan Valley National Park,Turkey,Turkey,Botan Valley National Park,Botan Valley National Park,2026-03-22
Derebucak Çamlık Caves National Park,Turkey,Turkey,Derebucak Çamlık Caves National Park,Derebucak Çamlık Caves National Park,2026-03-22
Dilek Peninsula-Büyük Menderes Delta National Park,Turkey,Turkey,Dilek Peninsula-Büyük Menderes Delta National Park,Dilek Peninsula-Büyük Menderes Delta National Park,2026-03-22
Göreme National Park,Turkey,Turkey,Göreme National Park,Göreme National Park,2026-03-22
Hakkari Cilo-Sat Mountains National Park,Turkey,Turkey,Hakkari Cilo-Sat Mountains National Park,Hakkari Cilo-Sat Mountains National Park,2026-03-22
Hatila Valley National Park,Turkey,Turkey,Hatila Valley National Park,Hatila Valley National Park,2026-03-22
İğneada Floodplain Forests National Park,Turkey,Turkey,İğneada Floodplain Forests National Park,İğneada Floodplain Forests National Park,2026-03-22
Kaçkar Mountains National Park,Turkey,Turkey,Kaçkar Mountains National Park,Kaçkar Mountains National Park,2026-03-22
Karagöl-Sahara National Park,Turkey,Turkey,Karagöl-Sahara National Park,Karagöl-Sahara National Park,2026-03-22
Karatepe-Aslantaş National Park,Turkey,Turkey,Karatepe-Aslantaş National Park,Karatepe-Aslantaş National Park,2026-03-22
Kazdağı National Park,Turkey,Turkey,Kazdağı National Park,Kazdağı National Park,2026-03-22
Kızıldağ National Park,Turkey,Turkey,Kızıldağ National Park,Kızıldağ National Park,2026-03-22
Köprülü Canyon National Park,Turkey,Turkey,Köprülü Canyon National Park,Köprülü Canyon National Park,2026-03-22
Küre Mountains National Park,Turkey,Turkey,Küre Mountains National Park,Küre Mountains National Park,2026-03-22
Kuşcenneti National Park,Turkey,Turkey,Kuşcenneti National Park,Kuşcenneti National Park,2026-03-22
Lake Abant National Park,Turkey,Turkey,Lake Abant National Park,Lake Abant National Park,2026-03-22
Lake Beyşehir National Park,Turkey,Turkey,Lake Beyşehir National Park,Lake Beyşehir National Park,2026-03-22
Lake Gala National Park,Turkey,Turkey,Lake Gala National Park,Lake Gala National Park,2026-03-22
Marmaris National Park,Turkey,Turkey,Marmaris National Park,Marmaris National Park,2026-03-22
Mount Güllük-Termessos National Park,Turkey,Turkey,Mount Güllük-Termessos National Park,Mount Güllük-Termessos National Park,2026-03-22
Mount Ilgaz National Park,Turkey,Turkey,Mount Ilgaz National Park,Mount Ilgaz National Park,2026-03-22
Mount Sarıçalı National Park,Turkey,Turkey,Mount Sarıçalı National Park,Mount Sarıçalı National Park,2026-03-22
Mount Spil National Park,Turkey,Turkey,Mount Spil National Park,Mount Spil National Park,2026-03-22
Munzur Valley National Park,Turkey,Turkey,Munzur Valley National Park,Munzur Valley National Park,2026-03-22
Saklıkent National Park,Turkey,Turkey,Saklıkent National Park,Saklıkent National Park,2026-03-22
Sarıkamış-Allahuekber Mountains National Park,Turkey,Turkey,Sarıkamış-Allahuekber Mountains National Park,Sarıkamış-Allahuekber Mountains National Park,2026-03-22
Soğuksu National Park,Turkey,Turkey,Soğuksu National Park,Soğuksu National Park,2026-03-22
Sultan Reedy National Park,Turkey,Turkey,Sultan Reedy National Park,Sultan Reedy National Park,2026-03-22
Uludağ National Park,Turkey,Turkey,Uludağ National Park,Uludağ National Park,2026-03-22
Yedigöller National Park,Turkey,Turkey,Yedigöller National Park,Yedigöller National Park,2026-03-22
Yozgat Pine Grove National Park,Turkey,Turkey,Yozgat Pine Grove National Park,Yozgat Pine Grove National Park,2026-03-22
ASHKHABAD,Turkmenistan,Turkmenistan,ASHKHABAD,ASHKHABAD,2026-03-22
KAMPALA,Uganda,Uganda,KAMPALA,KAMPALA,2026-03-22
Hutsulshchyna National Park,Ukraine,Ukraine,Hutsulshchyna National Park,Hutsulshchyna National Park,2026-03-22
Abu Dhabi,United Arab Emirates,United Arab Emirates,Abu Dhabi,Abu Dhabi,2026-03-22
London,United Kingdom,England,London,London,2026-03-22
Anaheim,United States,CA,Anaheim,Anaheim,2026-03-22
Anchorage,United States,AK,Anchorage,Anchorage,2026-03-22
Baton Rouge,United States,LA,Baton Rouge,Baton Rouge,2026-03-22
Buffalo,United States,NY,Buffalo,Buffalo,2026-03-22
Cincinnati,United States,OH,Cincinnati,Cincinnati,2026-03-22
Corpus Christi,United States,TX,Corpus Christi,Corpus Christi,2026-03-22
Fort Wayne,United States,IN,Fort Wayne,Fort Wayne,2026-03-22
Glendale,United States,AZ,Glendale,Glendale,2026-03-22
Greensboro,United States,NC,Greensboro,Greensboro,2026-03-22
Irvine,United States,CA,Irvine,Irvine,2026-03-22
Jersey City,United States,NJ,Jersey City,Jersey City,2026-03-22
Laredo,United States,TX,Laredo,Laredo,2026-03-22
Lexington-Fayette,United States,KY,Lexington-Fayette,Lexington-Fayette,2026-03-22
Lubbock,United States,TX,Lubbock,Lubbock,2026-03-22
Minneapolis,United States,MN,Minneapolis,Minneapolis,2026-03-22
Oakland,United States,CA,Oakland,Oakland,2026-03-22
Pittsburgh,United States,PA,Pittsburgh,Pittsburgh,2026-03-22
Saint Petersburg,United States,FL,Saint Petersburg,Saint Petersburg,2026-03-22
Santa Ana,United States,CA,Santa Ana,Santa Ana,2026-03-22
Scottsdale,United States,AZ,Scottsdale,Scottsdale,2026-03-22
St. Louis,United States,MO,St. Louis,St. Louis,2026-03-22
St. Paul,United States,MN,St. Paul,St. Paul,2026-03-22
Tampa,United States,FL,Tampa,Tampa,2026-03-22
Tulsa,United States,OK,Tulsa,Tulsa,2026-03-22
Wichita,United States,KS,Wichita,Wichita,2026-03-22
Santa Teresa National Park,Uruguay,Uruguay,Santa Teresa National Park,Santa Teresa National Park,2026-03-22
TASHKENT,Uzbekistan,Uzbekistan,TASHKENT,TASHKENT,2026-03-22
Archipiélago Los Roques National Park,Venezuela,Venezuela,Archipiélago Los Roques National Park,Archipiélago Los Roques National Park,2026-03-22
CARACAS,Venezuela,Venezuela,CARACAS,CARACAS,2026-03-22
Caura National Park,Venezuela,Venezuela,Caura National Park,Caura National Park,2026-03-22
Cerro El Copey National Park,Venezuela,Venezuela,Cerro El Copey National Park,Cerro El Copey National Park,2026-03-22
Chorro El Indio National Park,Venezuela,Venezuela,Chorro El Indio National Park,Chorro El Indio National Park,2026-03-22
Ciénagas de Juan Manuel National Park,Venezuela,Venezuela,Ciénagas de Juan Manuel National Park,Ciénagas de Juan Manuel National Park,2026-03-22
Cueva del Guácharo National Park,Venezuela,Venezuela,Cueva del Guácharo National Park,Cueva del Guácharo National Park,2026-03-22
Delta del Orinoco National Park,Venezuela,Venezuela,Delta del Orinoco National Park,Delta del Orinoco National Park,2026-03-22
Duida-Marahuaca National Park,Venezuela,Venezuela,Duida-Marahuaca National Park,Duida-Marahuaca National Park,2026-03-22
El Ávila National Park,Venezuela,Venezuela,El Ávila National Park,El Ávila National Park,2026-03-22
General Cruz Carrillo en Guaramacal National Park,Venezuela,Venezuela,General Cruz Carrillo en Guaramacal National Park,General Cruz Carrillo en Guaramacal National Park,2026-03-22
General Juan Pablo Peñalosa en los Páramos El Batallón y La Negra National Park,Venezuela,Venezuela,General Juan Pablo Peñalosa en los Páramos El Batallón y La Negra National Park,General Juan Pablo Peñalosa en los Páramos El Batallón y La Negra National Park,2026-03-22
General Juan Pablo Peñaloza National Park,Venezuela,Venezuela,General Juan Pablo Peñaloza National Park,General Juan Pablo Peñaloza National Park,2026-03-22
Guaramacal National Park,Venezuela,Venezuela,Guaramacal National Park,Guaramacal National Park,2026-03-22
Henri Pittier National Park,Venezuela,Venezuela,Henri Pittier National Park,Henri Pittier National Park,2026-03-22
Jaua-Sarisariñama National Park,Venezuela,Venezuela,Jaua-Sarisariñama National Park,Jaua-Sarisariñama National Park,2026-03-22
Juan Crisóstomo Falcón en la Sierra de San Luis National Park,Venezuela,Venezuela,Juan Crisóstomo Falcón en la Sierra de San Luis National Park,Juan Crisóstomo Falcón en la Sierra de San Luis National Park,2026-03-22
Juan Crisóstomo Falcón National Park,Venezuela,Venezuela,Juan Crisóstomo Falcón National Park,Juan Crisóstomo Falcón National Park,2026-03-22
Laguna de La Restinga National Park,Venezuela,Venezuela,Laguna de La Restinga National Park,Laguna de La Restinga National Park,2026-03-22
Macarao National Park,Venezuela,Venezuela,Macarao National Park,Macarao National Park,2026-03-22
Médanos de Coro National Park,Venezuela,Venezuela,Médanos de Coro National Park,Médanos de Coro National Park,2026-03-22
Morrocoy National Park,Venezuela,Venezuela,Morrocoy National Park,Morrocoy National Park,2026-03-22
Río Viejo San Camilo National Park,Venezuela,Venezuela,Río Viejo San Camilo National Park,Río Viejo San Camilo National Park,2026-03-22
San Esteban National Park,Venezuela,Venezuela,San Esteban National Park,San Esteban National Park,2026-03-22
Serranía de la Neblina National Park,Venezuela,Venezuela,Serranía de la Neblina National Park,Serranía de la Neblina National Park,2026-03-22
Sierra La Culata National Park,Venezuela,Venezuela,Sierra La Culata National Park,Sierra La Culata National Park,2026-03-22
Sierra Nevada National Park,Venezuela,Venezuela,Sierra Nevada National Park,Sierra Nevada National Park,2026-03-22
Tirgua General Manuel Manrique National Park,Venezuela,Venezuela,Tirgua General Manuel Manrique National Park,Tirgua General Manuel Manrique National Park,2026-03-22
Ba Bể National Park,Vietnam,Vietnam,Ba Bể National Park,Ba Bể National Park,2026-03-22
Ba Vì National Park,Vietnam,Vietnam,Ba Vì National Park,Ba Vì National Park,2026-03-22
Bái Tử Long National Park,Vietnam,Vietnam,Bái Tử Long National Park,Bái Tử Long National Park,2026-03-22
Cát Bà National Park,Vietnam,Vietnam,Cát Bà National Park,Cát Bà National Park,2026-03-22
Côn Đảo National Park,Vietnam,Vietnam,Côn Đảo National Park,Côn Đảo National Park,2026-03-22
Cúc Phương National Park,Vietnam,Vietnam,Cúc Phương National Park,Cúc Phương National Park,2026-03-22
Hanoi,Vietnam,Hanoi,Hanoi,Hanoi,2026-03-22
Hoàng Liên National Park,Vietnam,Vietnam,Hoàng Liên National Park,Hoàng Liên National Park,2026-03-22
Mũi Cà Mau National Park,Vietnam,Vietnam,Mũi Cà Mau National Park,Mũi Cà Mau National Park,2026-03-22
Núi Chúa National Park,Vietnam,Vietnam,Núi Chúa National Park,Núi Chúa National Park,2026-03-22
Phú Quốc National Park,Vietnam,Vietnam,Phú Quốc National Park,Phú Quốc National Park,2026-03-22
Tràm Chim National Park,Vietnam,Vietnam,Tràm Chim National Park,Tràm Chim National Park,2026-03-22
Xuân Thủy National Park,Vietnam,Vietnam,Xuân Thủy National Park,Xuân Thủy National Park,2026-03-22
Yok Đôn National Park,Vietnam,Vietnam,Yok Đôn National Park,Yok Đôn National Park,2026-03-22
Lower Zambezi National Park,Zambia,Zambia,Lower Zambezi National Park,Lower Zambezi National Park,2026-03-22
LUSAKA,Zambia,Zambia,LUSAKA,LUSAKA,2026-03-22
Lusaka National Park,Zambia,Zambia,Lusaka National Park,Lusaka National Park,2026-03-22
Mosi-oa-Tunya National Park,Zambia,Zambia,Mosi-oa-Tunya National Park,Mosi-oa-Tunya National Park,2026-03-22
Nsumbu National Park,Zambia,Zambia,Nsumbu National Park,Nsumbu National Park,2026-03-22
"Nyika National Park, Zambia",Zambia,Zambia,"Nyika National Park, Zambia","Nyika National Park, Zambia",2026-03-22
West Lunga National Park,Zambia,Zambia,West Lunga National Park,West Lunga National Park,2026-03-22
HARARE,Zimbabwe,Zimbabwe,HARARE,HARARE,2026-03-22
