Category,Name,Visitor Count,Climate,Price Level,Best Month,Editorial Summary,Popularity Tier,Address,UNESCO,Rating,userRatingCount,websiteUri,googleMapsUri,Keyword 1,Keyword 2,Keyword 3
City,"Bangkok, Thailand",25000000,Aw,1,November - April,A major global urban destination in Thailand known for its tourism appeal.,22.5,"Bangkok, Thailand",No,3.8,832819,https://www.visitbangkok.com,"https://www.google.com/maps/search/Afghanistan,CultureBangkok",Romantic,Nightlife,Family
City,"Paris, France",24500000,Cfb,3,June - August,A major global urban destination in France known for its tourism appeal.,23.46,"Paris, France",Yes,4.0,733785,https://www.visitparis.com,"https://www.google.com/maps/search/Afghanistan,CultureParis",Food & Wine,Culture & Museums,Romantic
City,"London, UK",24009999,Cfb,4,June - August,A major global urban destination in UK known for its tourism appeal.,25.17,"London, UK",No,4.4,525878,https://www.visitlondon.com,"https://www.google.com/maps/search/Afghanistan,CultureLondon",Culture & Museums,Nightlife,Food & Wine
City,"Dubai, UAE",23529799,BWh,4,November - March,A major global urban destination in UAE known for its tourism appeal.,22.66,"Dubai, UAE",No,3.9,646709,https://www.visitdubai.com,"https://www.google.com/maps/search/Afghanistan,CultureDubai",Nightlife,Culture & Museums,Food & Wine
City,"Singapore, Singapore",23059203,Af,4,Year Round,A major global urban destination in Singapore known for its tourism appeal.,27.25,"Singapore, Singapore",Yes,4.5,1136296,https://www.visitsingapore.com,"https://www.google.com/maps/search/Afghanistan,CultureSingapore",Family,Romantic,Food & Wine
City,"Kuala Lumpur, Malaysia",22598019,Af,1,Year Round,A major global urban destination in Malaysia known for its tourism appeal.,23.46,"Kuala Lumpur, Malaysia",Yes,4.3,286017,https://www.visitkualalumpur.com,"https://www.google.com/maps/search/Afghanistan,CultureKuala+Lumpur",Romantic,Culture & Museums,Food & Wine
City,"New York City, USA",22146059,Cfa,4,"March - May, September - November",A major global urban destination in USA known for its tourism appeal.,27.33,"New York City, USA",No,4.8,494915,https://www.visitnewyorkcity.com,"https://www.google.com/maps/search/Afghanistan,CultureNew+York+City",Romantic,Culture & Museums,Nightlife
City,"Istanbul, Turkey",21703138,Csa,1,"April - June, September - October",A major global urban destination in Turkey known for its tourism appeal.,25.76,"Istanbul, Turkey",Yes,4.8,232844,https://www.visitistanbul.com,"https://www.google.com/maps/search/Afghanistan,CultureIstanbul",Romantic,City Break,Culture & Museums
City,"Tokyo, Japan",21269075,Cfa,3,"March - May, September - November",A major global urban destination in Japan known for its tourism appeal.,22.37,"Tokyo, Japan",Yes,3.8,770281,https://www.visittokyo.com,"https://www.google.com/maps/search/Afghanistan,CultureTokyo",City Break,Nightlife,Food & Wine
City,"Antalya, Turkey",20843694,Csa,1,"April - June, September - October",A major global urban destination in Turkey known for its tourism appeal.,21.41,"Antalya, Turkey",No,3.9,309665,https://www.visitantalya.com,"https://www.google.com/maps/search/Afghanistan,CultureAntalya",Romantic,Food & Wine,Family
City,"Seoul, South Korea",20426820,Dwa,2,May - October,A major global urban destination in South Korea known for its tourism appeal.,24.37,"Seoul, South Korea",Yes,4.1,876858,https://www.visitseoul.com,"https://www.google.com/maps/search/Afghanistan,CultureSeoul",Family,Nightlife,City Break
City,"Osaka, Japan",20018283,Cfa,2,"March - May, September - November",A major global urban destination in Japan known for its tourism appeal.,22.75,"Osaka, Japan",No,4.2,260566,https://www.visitosaka.com,"https://www.google.com/maps/search/Afghanistan,CultureOsaka",Nightlife,Romantic,Family
City,"Phuket, Thailand",19617918,Am,1,December - March,A major global urban destination in Thailand known for its tourism appeal.,24.83,"Phuket, Thailand",Yes,4.3,593334,https://www.visitphuket.com,"https://www.google.com/maps/search/Afghanistan,CulturePhuket",Family,Nightlife,Food & Wine
City,"Rome, Italy",19225559,Csa,3,"April - June, September - October",A major global urban destination in Italy known for its tourism appeal.,22.32,"Rome, Italy",Yes,4.0,380433,https://www.visitrome.com,"https://www.google.com/maps/search/Afghanistan,CultureRome",Food & Wine,Family,City Break
City,"Barcelona, Spain",18841048,Csa,2,"April - June, September - October",A major global urban destination in Spain known for its tourism appeal.,22.06,"Barcelona, Spain",Yes,3.9,454125,https://www.visitbarcelona.com,"https://www.google.com/maps/search/Afghanistan,CultureBarcelona",Culture & Museums,Family,City Break
City,"Pattaya, Thailand",18464227,Aw,1,November - April,A major global urban destination in Thailand known for its tourism appeal.,26.92,"Pattaya, Thailand",No,4.8,405006,https://www.visitpattaya.com,"https://www.google.com/maps/search/Afghanistan,CulturePattaya",Romantic,Nightlife,Culture & Museums
City,"Hong Kong, China",18094943,Cwa,3,October - April,A major global urban destination in China known for its tourism appeal.,26.04,"Hong Kong, China",Yes,4.4,828095,https://www.visithongkong.com,"https://www.google.com/maps/search/Afghanistan,CultureHong+Kong",Food & Wine,City Break,Family
City,"Milan, Italy",17733044,Cfa,3,"March - May, September - November",A major global urban destination in Italy known for its tourism appeal.,20.88,"Milan, Italy",Yes,3.9,225261,https://www.visitmilan.com,"https://www.google.com/maps/search/Afghanistan,CultureMilan",Family,Food & Wine,Nightlife
City,"Palma de Mallorca, Spain",17378383,Csa,2,"April - June, September - October",A major global urban destination in Spain known for its tourism appeal.,22.25,"Palma de Mallorca, Spain",No,4.2,198529,https://www.visitpalmademallorca.com,"https://www.google.com/maps/search/Afghanistan,CulturePalma+de+Mallorca",Romantic,Nightlife,Culture & Museums
City,"Bali, Indonesia",17030815,Aw,1,November - April,A major global urban destination in Indonesia known for its tourism appeal.,23.39,"Bali, Indonesia",No,4.2,370240,https://www.visitbali.com,"https://www.google.com/maps/search/Afghanistan,CultureBali",Food & Wine,City Break,Romantic
City,"Mecca, Saudi Arabia",16690199,BWh,2,November - March,A major global urban destination in Saudi Arabia known for its tourism appeal.,28.19,"Mecca, Saudi Arabia",No,4.8,744726,https://www.visitmecca.com,"https://www.google.com/maps/search/Afghanistan,CultureMecca",Family,Nightlife,Food & Wine
City,"Prague, Czech Republic",16356395,Cfb,2,June - August,A major global urban destination in Czech Republic known for its tourism appeal.,23.11,"Prague, Czech Republic",Yes,4.0,597830,https://www.visitprague.com,"https://www.google.com/maps/search/Afghanistan,CulturePrague",Family,Food & Wine,Romantic
City,"Taipei, Taiwan",16029267,Cfa,2,"March - May, September - November",A major global urban destination in Taiwan known for its tourism appeal.,25.85,"Taipei, Taiwan",No,4.7,316137,https://www.visittaipei.com,"https://www.google.com/maps/search/Afghanistan,CultureTaipei",Nightlife,City Break,Culture & Museums
City,"Shanghai, China",15708682,Cfa,2,"March - May, September - November",A major global urban destination in China known for its tourism appeal.,26.61,"Shanghai, China",No,4.6,608661,https://www.visitshanghai.com,"https://www.google.com/maps/search/Afghanistan,CultureShanghai",Family,Nightlife,Romantic
City,"Vienna, Austria",15394508,Cfb,3,June - August,A major global urban destination in Austria known for its tourism appeal.,24.36,"Vienna, Austria",Yes,4.2,630908,https://www.visitvienna.com,"https://www.google.com/maps/search/Afghanistan,CultureVienna",City Break,Family,Culture & Museums
City,"Los Angeles, USA",15086618,Csb,3,May - September,A major global urban destination in USA known for its tourism appeal.,25.24,"Los Angeles, USA",Yes,4.6,306706,https://www.visitlosangeles.com,"https://www.google.com/maps/search/Afghanistan,CultureLos+Angeles",Nightlife,Romantic,City Break
City,"Amsterdam, Netherlands",14784885,Cfb,3,June - August,A major global urban destination in Netherlands known for its tourism appeal.,22.19,"Amsterdam, Netherlands",No,3.9,488610,https://www.visitamsterdam.com,"https://www.google.com/maps/search/Afghanistan,CultureAmsterdam",Culture & Museums,Food & Wine,Nightlife
City,"Miami, USA",14489188,Am,3,December - March,A major global urban destination in USA known for its tourism appeal.,27.69,"Miami, USA",No,4.8,585968,https://www.visitmiami.com,"https://www.google.com/maps/search/Afghanistan,CultureMiami",Culture & Museums,Romantic,Family
City,"Las Vegas, USA",14199404,BWk,3,May - September,A major global urban destination in USA known for its tourism appeal.,22.32,"Las Vegas, USA",Yes,4.1,277465,https://www.visitlasvegas.com,"https://www.google.com/maps/search/Afghanistan,CultureLas+Vegas",Family,Nightlife,City Break
City,"Madrid, Spain",13915416,Csa,2,"April - June, September - October",A major global urban destination in Spain known for its tourism appeal.,24.23,"Madrid, Spain",No,4.4,320789,https://www.visitmadrid.com,"https://www.google.com/maps/search/Afghanistan,CultureMadrid",Nightlife,Family,Romantic
City,"Ho Chi Minh City, Vietnam",13637107,Aw,1,November - April,A major global urban destination in Vietnam known for its tourism appeal.,25.74,"Ho Chi Minh City, Vietnam",No,4.6,394777,https://www.visithochiminhcity.com,"https://www.google.com/maps/search/Afghanistan,CultureHo+Chi+Minh+City",Family,Culture & Museums,Romantic
City,"Berlin, Germany",13364365,Cfb,2,June - August,A major global urban destination in Germany known for its tourism appeal.,26.07,"Berlin, Germany",No,4.7,352832,https://www.visitberlin.com,"https://www.google.com/maps/search/Afghanistan,CultureBerlin",Nightlife,Family,City Break
City,"Lisbon, Portugal",13097078,Csa,2,"April - June, September - October",A major global urban destination in Portugal known for its tourism appeal.,25.45,"Lisbon, Portugal",No,4.6,340080,https://www.visitlisbon.com,"https://www.google.com/maps/search/Afghanistan,CultureLisbon",Romantic,Nightlife,Culture & Museums
City,"Venice, Italy",12835136,Cfa,3,"March - May, September - November",A major global urban destination in Italy known for its tourism appeal.,25.4,"Venice, Italy",Yes,4.7,253296,https://www.visitvenice.com,"https://www.google.com/maps/search/Afghanistan,CultureVenice",Romantic,City Break,Nightlife
City,"Florence, Italy",12578434,Cfa,3,"March - May, September - November",A major global urban destination in Italy known for its tourism appeal.,24.65,"Florence, Italy",No,4.8,136685,https://www.visitflorence.com,"https://www.google.com/maps/search/Afghanistan,CultureFlorence",Culture & Museums,Food & Wine,City Break
City,"Cairo, Egypt",12326865,BWh,1,November - March,A major global urban destination in Egypt known for its tourism appeal.,23.97,"Cairo, Egypt",Yes,4.5,212376,https://www.visitcairo.com,"https://www.google.com/maps/search/Afghanistan,CultureCairo",Family,Nightlife,Romantic
City,"Athens, Greece",12080328,Csa,2,"April - June, September - October",A major global urban destination in Greece known for its tourism appeal.,24.69,"Athens, Greece",Yes,4.7,178762,https://www.visitathens.com,"https://www.google.com/maps/search/Afghanistan,CultureAthens",Culture & Museums,Food & Wine,City Break
City,"Budapest, Hungary",11838721,Cfb,2,June - August,A major global urban destination in Hungary known for its tourism appeal.,24.7,"Budapest, Hungary",No,4.3,555261,https://www.visitbudapest.com,"https://www.google.com/maps/search/Afghanistan,CultureBudapest",Food & Wine,Nightlife,City Break
City,"Dublin, Ireland",11601947,Cfb,3,June - August,A major global urban destination in Ireland known for its tourism appeal.,23.74,"Dublin, Ireland",Yes,4.2,450286,https://www.visitdublin.com,"https://www.google.com/maps/search/Afghanistan,CultureDublin",Family,City Break,Culture & Museums
City,"Sydney, Australia",11369908,Cfa,3,"March - May, September - November",A major global urban destination in Australia known for its tourism appeal.,25.71,"Sydney, Australia",No,4.6,388237,https://www.visitsydney.com,"https://www.google.com/maps/search/Afghanistan,CultureSydney",Food & Wine,City Break,Culture & Museums
City,"Munich, Germany",11142510,Cfb,3,June - August,A major global urban destination in Germany known for its tourism appeal.,26.87,"Munich, Germany",Yes,4.8,395853,https://www.visitmunich.com,"https://www.google.com/maps/search/Afghanistan,CultureMunich",Family,Food & Wine,City Break
City,"Copenhagen, Denmark",10919659,Cfb,4,June - August,A major global urban destination in Denmark known for its tourism appeal.,25.37,"Copenhagen, Denmark",Yes,4.6,328030,https://www.visitcopenhagen.com,"https://www.google.com/maps/search/Afghanistan,CultureCopenhagen",Nightlife,City Break,Family
City,"Stockholm, Sweden",10701266,Dfb,4,June - August,A major global urban destination in Sweden known for its tourism appeal.,26.51,"Stockholm, Sweden",Yes,4.8,334000,https://www.visitstockholm.com,"https://www.google.com/maps/search/Afghanistan,CultureStockholm",Culture & Museums,Family,Food & Wine
City,"Kyoto, Japan",10487241,Cfa,2,"March - May, September - November",A major global urban destination in Japan known for its tourism appeal.,25.65,"Kyoto, Japan",No,4.5,502065,https://www.visitkyoto.com,"https://www.google.com/maps/search/Afghanistan,CultureKyoto",Romantic,City Break,Nightlife
City,"Marrakech, Morocco",10277496,BSh,1,October - March,A major global urban destination in Morocco known for its tourism appeal.,22.6,"Marrakech, Morocco",Yes,4.4,136967,https://www.visitmarrakech.com,"https://www.google.com/maps/search/Afghanistan,CultureMarrakech",Food & Wine,Family,City Break
City,"Buenos Aires, Argentina",10071946,Cfa,1,"March - May, September - November",A major global urban destination in Argentina known for its tourism appeal.,24.91,"Buenos Aires, Argentina",No,4.5,342472,https://www.visitbuenosaires.com,"https://www.google.com/maps/search/Afghanistan,CultureBuenos+Aires",Nightlife,Family,Food & Wine
City,"Rio de Janeiro, Brazil",9870507,Aw,1,November - April,A major global urban destination in Brazil known for its tourism appeal.,21.5,"Rio de Janeiro, Brazil",No,4.2,131529,https://www.visitriodejaneiro.com,"https://www.google.com/maps/search/Afghanistan,CultureRio+de+Janeiro",City Break,Food & Wine,Romantic
City,"Mexico City, Mexico",9673097,Cwb,1,April - October,A major global urban destination in Mexico known for its tourism appeal.,20.64,"Mexico City, Mexico",Yes,3.8,269492,https://www.visitmexicocity.com,"https://www.google.com/maps/search/Afghanistan,CultureMexico+City",Nightlife,City Break,Romantic
City,"Warsaw, Poland",9479635,Dfb,2,June - August,A major global urban destination in Poland known for its tourism appeal.,25.32,"Warsaw, Poland",Yes,4.7,243766,https://www.visitwarsaw.com,"https://www.google.com/maps/search/Afghanistan,CultureWarsaw",Culture & Museums,Family,City Break
City,"Zurich, Switzerland",9290042,Cfb,4,June - August,A major global urban destination in Switzerland known for its tourism appeal.,23.63,"Zurich, Switzerland",No,4.3,312636,https://www.visitzurich.com,"https://www.google.com/maps/search/Afghanistan,CultureZurich",Food & Wine,Family,City Break
City,"Cape Town, South Africa",9104242,Csb,2,May - September,A major global urban destination in South Africa known for its tourism appeal.,26.16,"Cape Town, South Africa",No,4.7,367257,https://www.visitcapetown.com,"https://www.google.com/maps/search/Afghanistan,CultureCape+Town",Romantic,Food & Wine,Culture & Museums
City,"Jerusalem, Israel",8922157,Csa,3,"April - June, September - October",A major global urban destination in Israel known for its tourism appeal.,23.03,"Jerusalem, Israel",Yes,4.1,415130,https://www.visitjerusalem.com,"https://www.google.com/maps/search/Afghanistan,CultureJerusalem",Culture & Museums,Nightlife,City Break
City,"San Francisco, USA",8743714,Csb,4,May - September,A major global urban destination in USA known for its tourism appeal.,24.32,"San Francisco, USA",Yes,4.4,336726,https://www.visitsanfrancisco.com,"https://www.google.com/maps/search/Afghanistan,CultureSan+Francisco",Food & Wine,Romantic,City Break
City,"Vancouver, Canada",8568839,Cfb,3,June - August,A major global urban destination in Canada known for its tourism appeal.,22.72,"Vancouver, Canada",Yes,4.2,257339,https://www.visitvancouver.com,"https://www.google.com/maps/search/Afghanistan,CultureVancouver",Culture & Museums,City Break,Food & Wine
City,"Toronto, Canada",8397462,Dfa,3,May - September,A major global urban destination in Canada known for its tourism appeal.,21.2,"Toronto, Canada",Yes,4.0,199860,https://www.visittoronto.com,"https://www.google.com/maps/search/Afghanistan,CultureToronto",Family,Culture & Museums,Romantic
City,"New Delhi, India",8229513,BSh,1,October - March,A major global urban destination in India known for its tourism appeal.,22.65,"New Delhi, India",No,4.4,140738,https://www.visitnewdelhi.com,"https://www.google.com/maps/search/Afghanistan,CultureNew+Delhi",Food & Wine,Nightlife,City Break
City,"Mumbai, India",8064923,Aw,1,November - April,A major global urban destination in India known for its tourism appeal.,23.31,"Mumbai, India",No,4.2,354554,https://www.visitmumbai.com,"https://www.google.com/maps/search/Afghanistan,CultureMumbai",Family,Nightlife,Culture & Museums
City,"Bangalore, India",7903624,Aw,1,November - April,A major global urban destination in India known for its tourism appeal.,26.11,"Bangalore, India",Yes,4.7,358545,https://www.visitbangalore.com,"https://www.google.com/maps/search/Afghanistan,CultureBangalore",Food & Wine,Nightlife,City Break
City,"Jaipur, India",7745552,BSh,1,October - March,A major global urban destination in India known for its tourism appeal.,19.92,"Jaipur, India",No,3.9,128056,https://www.visitjaipur.com,"https://www.google.com/maps/search/Afghanistan,CultureJaipur",Food & Wine,Romantic,City Break
City,"Hanoi, Vietnam",7590641,Cwa,1,October - April,A major global urban destination in Vietnam known for its tourism appeal.,24.65,"Hanoi, Vietnam",Yes,4.5,301132,https://www.visithanoi.com,"https://www.google.com/maps/search/Afghanistan,CultureHanoi",Nightlife,City Break,Romantic
City,"Rio de Janeiro Region 60, Brazil",1000000,Aw,1,November - April,A major global urban destination in Brazil known for its tourism appeal.,18.42,"Rio de Janeiro Region 60, Brazil",No,4.1,31072,https://www.visitriodejaneiroregion60.com,"https://www.google.com/maps/search/Afghanistan,CultureRio+de+Janeiro+Region+60",Culture & Museums,City Break,Family
City,"Shanghai Region 61, China",999000,Cfa,2,"March - May, September - November",A major global urban destination in China known for its tourism appeal.,20.99,"Shanghai Region 61, China",Yes,4.6,36501,https://www.visitshanghairegion61.com,"https://www.google.com/maps/search/Afghanistan,CultureShanghai+Region+61",Romantic,Family,Nightlife
City,"New Delhi Region 62, India",998001,BSh,1,October - March,A major global urban destination in India known for its tourism appeal.,20.05,"New Delhi Region 62, India",Yes,4.7,18449,https://www.visitnewdelhiregion62.com,"https://www.google.com/maps/search/Afghanistan,CultureNew+Delhi+Region+62",Culture & Museums,Food & Wine,Romantic
City,"Sydney Region 63, Australia",997002,Cfa,3,"March - May, September - November",A major global urban destination in Australia known for its tourism appeal.,15.91,"Sydney Region 63, Australia",Yes,3.9,12006,https://www.visitsydneyregion63.com,"https://www.google.com/maps/search/Afghanistan,CultureSydney+Region+63",Food & Wine,Nightlife,Romantic
City,"Bangkok Region 64, Thailand",996005,Aw,1,November - April,A major global urban destination in Thailand known for its tourism appeal.,19.14,"Bangkok Region 64, Thailand",No,4.6,14488,https://www.visitbangkokregion64.com,"https://www.google.com/maps/search/Afghanistan,CultureBangkok+Region+64",Nightlife,Romantic,Family
City,"New Delhi Region 65, India",995009,BSh,1,October - March,A major global urban destination in India known for its tourism appeal.,16.27,"New Delhi Region 65, India",No,4.0,11703,https://www.visitnewdelhiregion65.com,"https://www.google.com/maps/search/Afghanistan,CultureNew+Delhi+Region+65",City Break,Romantic,Nightlife
City,"Shanghai Region 66, China",994014,Cfa,2,"March - May, September - November",A major global urban destination in China known for its tourism appeal.,19.66,"Shanghai Region 66, China",Yes,4.6,18765,https://www.visitshanghairegion66.com,"https://www.google.com/maps/search/Afghanistan,CultureShanghai+Region+66",Food & Wine,Culture & Museums,City Break
City,"Taipei Region 67, Taiwan",993020,Cfa,2,"March - May, September - November",A major global urban destination in Taiwan known for its tourism appeal.,22.43,"Taipei Region 67, Taiwan",No,4.8,47154,https://www.visittaipeiregion67.com,"https://www.google.com/maps/search/Afghanistan,CultureTaipei+Region+67",Romantic,Nightlife,City Break
City,"Paris Region 68, France",992027,Cfb,3,June - August,A major global urban destination in France known for its tourism appeal.,21.16,"Paris Region 68, France",No,4.6,39755,https://www.visitparisregion68.com,"https://www.google.com/maps/search/Afghanistan,CultureParis+Region+68",Culture & Museums,Food & Wine,Romantic
City,"Hong Kong Region 69, China",991035,Cwa,3,October - April,A major global urban destination in China known for its tourism appeal.,19.45,"Hong Kong Region 69, China",Yes,4.2,42741,https://www.visithongkongregion69.com,"https://www.google.com/maps/search/Afghanistan,CultureHong+Kong+Region+69",Food & Wine,Nightlife,Culture & Museums
City,"Buenos Aires Region 70, Argentina",990044,Cfa,1,"March - May, September - November",A major global urban destination in Argentina known for its tourism appeal.,17.81,"Buenos Aires Region 70, Argentina",Yes,4.0,28354,https://www.visitbuenosairesregion70.com,"https://www.google.com/maps/search/Afghanistan,CultureBuenos+Aires+Region+70",Nightlife,Family,Food & Wine
City,"Florence Region 71, Italy",989054,Cfa,3,"March - May, September - November",A major global urban destination in Italy known for its tourism appeal.,19.47,"Florence Region 71, Italy",No,4.4,26546,https://www.visitflorenceregion71.com,"https://www.google.com/maps/search/Afghanistan,CultureFlorence+Region+71",Food & Wine,City Break,Romantic
City,"Madrid Region 72, Spain",988065,Csa,2,"April - June, September - October",A major global urban destination in Spain known for its tourism appeal.,22.3,"Madrid Region 72, Spain",Yes,4.8,44329,https://www.visitmadridregion72.com,"https://www.google.com/maps/search/Afghanistan,CultureMadrid+Region+72",Culture & Museums,Family,Food & Wine
City,"Kuala Lumpur Region 73, Malaysia",987077,Af,1,Year Round,A major global urban destination in Malaysia known for its tourism appeal.,22.07,"Kuala Lumpur Region 73, Malaysia",Yes,4.8,39695,https://www.visitkualalumpurregion73.com,"https://www.google.com/maps/search/Afghanistan,CultureKuala+Lumpur+Region+73",Romantic,Family,Nightlife
City,"Antalya Region 74, Turkey",986090,Csa,1,"April - June, September - October",A major global urban destination in Turkey known for its tourism appeal.,18.03,"Antalya Region 74, Turkey",Yes,4.3,15595,https://www.visitantalyaregion74.com,"https://www.google.com/maps/search/Afghanistan,CultureAntalya+Region+74",Romantic,Nightlife,Family
City,"Taipei Region 75, Taiwan",985104,Cfa,2,"March - May, September - November",A major global urban destination in Taiwan known for its tourism appeal.,18.89,"Taipei Region 75, Taiwan",No,4.3,24757,https://www.visittaipeiregion75.com,"https://www.google.com/maps/search/Afghanistan,CultureTaipei+Region+75",Romantic,Culture & Museums,Food & Wine
City,"Shanghai Region 76, China",984119,Cfa,2,"March - May, September - November",A major global urban destination in China known for its tourism appeal.,19.54,"Shanghai Region 76, China",No,4.5,22023,https://www.visitshanghairegion76.com,"https://www.google.com/maps/search/Afghanistan,CultureShanghai+Region+76",Culture & Museums,Romantic,Nightlife
City,"Marrakech Region 77, Morocco",983135,BSh,1,October - March,A major global urban destination in Morocco known for its tourism appeal.,18.24,"Marrakech Region 77, Morocco",Yes,4.3,17415,https://www.visitmarrakechregion77.com,"https://www.google.com/maps/search/Afghanistan,CultureMarrakech+Region+77",City Break,Romantic,Nightlife
City,"Singapore Region 78, Singapore",982152,Af,4,Year Round,A major global urban destination in Singapore known for its tourism appeal.,18.16,"Singapore Region 78, Singapore",No,4.0,34753,https://www.visitsingaporeregion78.com,"https://www.google.com/maps/search/Afghanistan,CultureSingapore+Region+78",Romantic,Food & Wine,Nightlife
City,"Los Angeles Region 79, USA",981170,Csb,3,May - September,A major global urban destination in USA known for its tourism appeal.,19.27,"Los Angeles Region 79, USA",Yes,4.7,12606,https://www.visitlosangelesregion79.com,"https://www.google.com/maps/search/Afghanistan,CultureLos+Angeles+Region+79",City Break,Family,Culture & Museums
City,"Dubai Region 80, UAE",980188,BWh,4,November - March,A major global urban destination in UAE known for its tourism appeal.,19.26,"Dubai Region 80, UAE",No,4.5,19088,https://www.visitdubairegion80.com,"https://www.google.com/maps/search/Afghanistan,CultureDubai+Region+80",City Break,Culture & Museums,Romantic
City,"Mexico City Region 81, Mexico",979208,Cwb,1,April - October,A major global urban destination in Mexico known for its tourism appeal.,18.08,"Mexico City Region 81, Mexico",No,4.3,15982,https://www.visitmexicocityregion81.com,"https://www.google.com/maps/search/Afghanistan,CultureMexico+City+Region+81",Nightlife,Family,Culture & Museums
City,"Hong Kong Region 82, China",978229,Cwa,3,October - April,A major global urban destination in China known for its tourism appeal.,17.86,"Hong Kong Region 82, China",Yes,4.2,17838,https://www.visithongkongregion82.com,"https://www.google.com/maps/search/Afghanistan,CultureHong+Kong+Region+82",Food & Wine,Culture & Museums,City Break
City,"Lisbon Region 83, Portugal",977251,Csa,2,"April - June, September - October",A major global urban destination in Portugal known for its tourism appeal.,19.68,"Lisbon Region 83, Portugal",Yes,4.4,29690,https://www.visitlisbonregion83.com,"https://www.google.com/maps/search/Afghanistan,CultureLisbon+Region+83",Culture & Museums,Romantic,Nightlife
City,"Marrakech Region 84, Morocco",976273,BSh,1,October - March,A major global urban destination in Morocco known for its tourism appeal.,19.74,"Marrakech Region 84, Morocco",Yes,4.3,38962,https://www.visitmarrakechregion84.com,"https://www.google.com/maps/search/Afghanistan,CultureMarrakech+Region+84",Food & Wine,Family,Culture & Museums
City,"New York City Region 85, USA",975297,Cfa,4,"March - May, September - November",A major global urban destination in USA known for its tourism appeal.,20.78,"New York City Region 85, USA",Yes,4.8,21352,https://www.visitnewyorkcityregion85.com,"https://www.google.com/maps/search/Afghanistan,CultureNew+York+City+Region+85",Romantic,City Break,Family
City,"Buenos Aires Region 86, Argentina",974322,Cfa,1,"March - May, September - November",A major global urban destination in Argentina known for its tourism appeal.,22.57,"Buenos Aires Region 86, Argentina",No,4.9,40381,https://www.visitbuenosairesregion86.com,"https://www.google.com/maps/search/Afghanistan,CultureBuenos+Aires+Region+86",City Break,Culture & Museums,Romantic
City,"Hanoi Region 87, Vietnam",973348,Cwa,1,October - April,A major global urban destination in Vietnam known for its tourism appeal.,22.33,"Hanoi Region 87, Vietnam",Yes,4.9,36144,https://www.visithanoiregion87.com,"https://www.google.com/maps/search/Afghanistan,CultureHanoi+Region+87",Culture & Museums,City Break,Romantic
City,"San Francisco Region 88, USA",972374,Csb,4,May - September,A major global urban destination in USA known for its tourism appeal.,20.81,"San Francisco Region 88, USA",Yes,4.5,42064,https://www.visitsanfranciscoregion88.com,"https://www.google.com/maps/search/Afghanistan,CultureSan+Francisco+Region+88",Family,City Break,Food & Wine
City,"New York City Region 89, USA",971402,Cfa,4,"March - May, September - November",A major global urban destination in USA known for its tourism appeal.,19.61,"New York City Region 89, USA",Yes,4.4,28570,https://www.visitnewyorkcityregion89.com,"https://www.google.com/maps/search/Afghanistan,CultureNew+York+City+Region+89",Family,Food & Wine,City Break
City,"Vienna Region 90, Austria",970430,Cfb,3,June - August,A major global urban destination in Austria known for its tourism appeal.,18.08,"Vienna Region 90, Austria",No,3.9,43337,https://www.visitviennaregion90.com,"https://www.google.com/maps/search/Afghanistan,CultureVienna+Region+90",Culture & Museums,City Break,Nightlife
City,"Warsaw Region 91, Poland",969460,Dfb,2,June - August,A major global urban destination in Poland known for its tourism appeal.,17.32,"Warsaw Region 91, Poland",Yes,4.3,10685,https://www.visitwarsawregion91.com,"https://www.google.com/maps/search/Afghanistan,CultureWarsaw+Region+91",Food & Wine,Family,Culture & Museums
City,"Dubai Region 92, UAE",968491,BWh,4,November - March,A major global urban destination in UAE known for its tourism appeal.,18.69,"Dubai Region 92, UAE",No,4.0,46915,https://www.visitdubairegion92.com,"https://www.google.com/maps/search/Afghanistan,CultureDubai+Region+92",City Break,Food & Wine,Family
City,"Bali Region 93, Indonesia",967522,Aw,1,November - April,A major global urban destination in Indonesia known for its tourism appeal.,18.99,"Bali Region 93, Indonesia",Yes,4.1,42749,https://www.visitbaliregion93.com,"https://www.google.com/maps/search/Afghanistan,CultureBali+Region+93",Romantic,Culture & Museums,Family
City,"Taipei Region 94, Taiwan",966555,Cfa,2,"March - May, September - November",A major global urban destination in Taiwan known for its tourism appeal.,19.98,"Taipei Region 94, Taiwan",No,4.3,44381,https://www.visittaipeiregion94.com,"https://www.google.com/maps/search/Afghanistan,CultureTaipei+Region+94",City Break,Nightlife,Romantic
City,"Cairo Region 95, Egypt",965588,BWh,1,November - March,A major global urban destination in Egypt known for its tourism appeal.,21.87,"Cairo Region 95, Egypt",Yes,4.8,36050,https://www.visitcairoregion95.com,"https://www.google.com/maps/search/Afghanistan,CultureCairo+Region+95",City Break,Nightlife,Family
City,"Istanbul Region 96, Turkey",964622,Csa,1,"April - June, September - October",A major global urban destination in Turkey known for its tourism appeal.,20.05,"Istanbul Region 96, Turkey",Yes,4.5,28605,https://www.visitistanbulregion96.com,"https://www.google.com/maps/search/Afghanistan,CultureIstanbul+Region+96",Family,Food & Wine,Nightlife
City,"Stockholm Region 97, Sweden",963658,Dfb,4,June - August,A major global urban destination in Sweden known for its tourism appeal.,19.02,"Stockholm Region 97, Sweden",No,4.1,43450,https://www.visitstockholmregion97.com,"https://www.google.com/maps/search/Afghanistan,CultureStockholm+Region+97",Nightlife,Romantic,Culture & Museums
City,"Sydney Region 98, Australia",962694,Cfa,3,"March - May, September - November",A major global urban destination in Australia known for its tourism appeal.,20.37,"Sydney Region 98, Australia",Yes,4.6,26861,https://www.visitsydneyregion98.com,"https://www.google.com/maps/search/Afghanistan,CultureSydney+Region+98",Romantic,Food & Wine,Culture & Museums
City,"Warsaw Region 99, Poland",961731,Dfb,2,June - August,A major global urban destination in Poland known for its tourism appeal.,19.17,"Warsaw Region 99, Poland",Yes,4.3,28665,https://www.visitwarsawregion99.com,"https://www.google.com/maps/search/Afghanistan,CultureWarsaw+Region+99",Culture & Museums,Romantic,Nightlife
City,"Phuket Region 100, Thailand",960770,Am,1,December - March,A major global urban destination in Thailand known for its tourism appeal.,17.91,"Phuket Region 100, Thailand",Yes,4.0,30005,https://www.visitphuketregion100.com,"https://www.google.com/maps/search/Afghanistan,CulturePhuket+Region+100",Culture & Museums,Romantic,City Break
City,"Kyoto Region 101, Japan",959809,Cfa,2,"March - May, September - November",A major global urban destination in Japan known for its tourism appeal.,18.11,"Kyoto Region 101, Japan",No,3.9,44058,https://www.visitkyotoregion101.com,"https://www.google.com/maps/search/Afghanistan,CultureKyoto+Region+101",Nightlife,Romantic,Culture & Museums
City,"Rio de Janeiro Region 102, Brazil",958849,Aw,1,November - April,A major global urban destination in Brazil known for its tourism appeal.,18.45,"Rio de Janeiro Region 102, Brazil",Yes,4.3,19510,https://www.visitriodejaneiroregion102.com,"https://www.google.com/maps/search/Afghanistan,CultureRio+de+Janeiro+Region+102",Romantic,City Break,Food & Wine
City,"Bangalore Region 103, India",957890,Aw,1,November - April,A major global urban destination in India known for its tourism appeal.,22.09,"Bangalore Region 103, India",Yes,4.9,32222,https://www.visitbangaloreregion103.com,"https://www.google.com/maps/search/Afghanistan,CultureBangalore+Region+103",Food & Wine,Nightlife,City Break
City,"Hong Kong Region 104, China",956932,Cwa,3,October - April,A major global urban destination in China known for its tourism appeal.,17.86,"Hong Kong Region 104, China",Yes,4.2,17922,https://www.visithongkongregion104.com,"https://www.google.com/maps/search/Afghanistan,CultureHong+Kong+Region+104",Nightlife,Romantic,Culture & Museums
City,"Rio de Janeiro Region 105, Brazil",955975,Aw,1,November - April,A major global urban destination in Brazil known for its tourism appeal.,18.17,"Rio de Janeiro Region 105, Brazil",No,4.0,34910,https://www.visitriodejaneiroregion105.com,"https://www.google.com/maps/search/Afghanistan,CultureRio+de+Janeiro+Region+105",Romantic,City Break,Nightlife
City,"New Delhi Region 106, India",955019,BSh,1,October - March,A major global urban destination in India known for its tourism appeal.,20.54,"New Delhi Region 106, India",Yes,4.4,46691,https://www.visitnewdelhiregion106.com,"https://www.google.com/maps/search/Afghanistan,CultureNew+Delhi+Region+106",City Break,Culture & Museums,Family
City,"Cairo Region 107, Egypt",954064,BWh,1,November - March,A major global urban destination in Egypt known for its tourism appeal.,21.02,"Cairo Region 107, Egypt",Yes,4.5,46871,https://www.visitcairoregion107.com,"https://www.google.com/maps/search/Afghanistan,CultureCairo+Region+107",Romantic,Food & Wine,Nightlife
City,"Hanoi Region 108, Vietnam",953110,Cwa,1,October - April,A major global urban destination in Vietnam known for its tourism appeal.,20.73,"Hanoi Region 108, Vietnam",No,4.5,40446,https://www.visithanoiregion108.com,"https://www.google.com/maps/search/Afghanistan,CultureHanoi+Region+108",Romantic,Nightlife,Culture & Museums
City,"Vancouver Region 109, Canada",952157,Cfb,3,June - August,A major global urban destination in Canada known for its tourism appeal.,20.28,"Vancouver Region 109, Canada",Yes,4.6,25658,https://www.visitvancouverregion109.com,"https://www.google.com/maps/search/Afghanistan,CultureVancouver+Region+109",Family,Culture & Museums,Nightlife
City,"Paris Region 110, France",951205,Cfb,3,June - August,A major global urban destination in France known for its tourism appeal.,21.7,"Paris Region 110, France",No,4.8,33215,https://www.visitparisregion110.com,"https://www.google.com/maps/search/Afghanistan,CultureParis+Region+110",Nightlife,Romantic,Family
City,"Dublin Region 111, Ireland",950254,Cfb,3,June - August,A major global urban destination in Ireland known for its tourism appeal.,16.52,"Dublin Region 111, Ireland",Yes,4.0,13526,https://www.visitdublinregion111.com,"https://www.google.com/maps/search/Afghanistan,CultureDublin+Region+111",City Break,Family,Culture & Museums
City,"Bangalore Region 112, India",949304,Aw,1,November - April,A major global urban destination in India known for its tourism appeal.,18.44,"Bangalore Region 112, India",Yes,4.1,31426,https://www.visitbangaloreregion112.com,"https://www.google.com/maps/search/Afghanistan,CultureBangalore+Region+112",Romantic,Culture & Museums,City Break
City,"Taipei Region 113, Taiwan",948354,Cfa,2,"March - May, September - November",A major global urban destination in Taiwan known for its tourism appeal.,19.06,"Taipei Region 113, Taiwan",Yes,4.1,44625,https://www.visittaipeiregion113.com,"https://www.google.com/maps/search/Afghanistan,CultureTaipei+Region+113",Culture & Museums,Food & Wine,Family
City,"Prague Region 114, Czech Republic",947406,Cfb,2,June - August,A major global urban destination in Czech Republic known for its tourism appeal.,20.62,"Prague Region 114, Czech Republic",Yes,4.9,16126,https://www.visitpragueregion114.com,"https://www.google.com/maps/search/Afghanistan,CulturePrague+Region+114",City Break,Romantic,Food & Wine
City,"Tokyo Region 115, Japan",946459,Cfa,3,"March - May, September - November",A major global urban destination in Japan known for its tourism appeal.,21.56,"Tokyo Region 115, Japan",Yes,4.7,38650,https://www.visittokyoregion115.com,"https://www.google.com/maps/search/Afghanistan,CultureTokyo+Region+115",Nightlife,City Break,Food & Wine
City,"Kyoto Region 116, Japan",945512,Cfa,2,"March - May, September - November",A major global urban destination in Japan known for its tourism appeal.,16.93,"Kyoto Region 116, Japan",No,3.9,21917,https://www.visitkyotoregion116.com,"https://www.google.com/maps/search/Afghanistan,CultureKyoto+Region+116",City Break,Family,Nightlife
City,"Jaipur Region 117, India",944567,BSh,1,October - March,A major global urban destination in India known for its tourism appeal.,16.65,"Jaipur Region 117, India",No,4.0,14510,https://www.visitjaipurregion117.com,"https://www.google.com/maps/search/Afghanistan,CultureJaipur+Region+117",Nightlife,Food & Wine,Romantic
City,"Dubai Region 118, UAE",943622,BWh,4,November - March,A major global urban destination in UAE known for its tourism appeal.,17.64,"Dubai Region 118, UAE",Yes,4.0,25731,https://www.visitdubairegion118.com,"https://www.google.com/maps/search/Afghanistan,CultureDubai+Region+118",Romantic,City Break,Culture & Museums
City,"Barcelona Region 119, Spain",942678,Csa,2,"April - June, September - October",A major global urban destination in Spain known for its tourism appeal.,20.85,"Barcelona Region 119, Spain",Yes,4.8,22015,https://www.visitbarcelonaregion119.com,"https://www.google.com/maps/search/Afghanistan,CultureBarcelona+Region+119",Romantic,City Break,Culture & Museums
City,"Ho Chi Minh City Region 120, Vietnam",941736,Aw,1,November - April,A major global urban destination in Vietnam known for its tourism appeal.,18.07,"Ho Chi Minh City Region 120, Vietnam",Yes,4.2,20109,https://www.visithochiminhcityregion120.com,"https://www.google.com/maps/search/Afghanistan,CultureHo+Chi+Minh+City+Region+120",Family,Food & Wine,Romantic
City,"Bangkok Region 121, Thailand",940794,Aw,1,November - April,A major global urban destination in Thailand known for its tourism appeal.,18.92,"Bangkok Region 121, Thailand",No,4.1,41223,https://www.visitbangkokregion121.com,"https://www.google.com/maps/search/Afghanistan,CultureBangkok+Region+121",Food & Wine,Culture & Museums,Romantic
City,"Barcelona Region 122, Spain",939853,Csa,2,"April - June, September - October",A major global urban destination in Spain known for its tourism appeal.,21.8,"Barcelona Region 122, Spain",Yes,4.7,43474,https://www.visitbarcelonaregion122.com,"https://www.google.com/maps/search/Afghanistan,CultureBarcelona+Region+122",Romantic,Culture & Museums,Family
City,"Budapest Region 123, Hungary",938913,Cfb,2,June - August,A major global urban destination in Hungary known for its tourism appeal.,17.75,"Budapest Region 123, Hungary",No,4.0,27308,https://www.visitbudapestregion123.com,"https://www.google.com/maps/search/Afghanistan,CultureBudapest+Region+123",Nightlife,Food & Wine,Family
City,"Warsaw Region 124, Poland",937974,Dfb,2,June - August,A major global urban destination in Poland known for its tourism appeal.,20.98,"Warsaw Region 124, Poland",Yes,4.7,29099,https://www.visitwarsawregion124.com,"https://www.google.com/maps/search/Afghanistan,CultureWarsaw+Region+124",City Break,Culture & Museums,Nightlife
City,"Zurich Region 125, Switzerland",937036,Cfb,4,June - August,A major global urban destination in Switzerland known for its tourism appeal.,19.35,"Zurich Region 125, Switzerland",Yes,4.4,24964,https://www.visitzurichregion125.com,"https://www.google.com/maps/search/Afghanistan,CultureZurich+Region+125",Food & Wine,City Break,Romantic
City,"Athens Region 126, Greece",936099,Csa,2,"April - June, September - October",A major global urban destination in Greece known for its tourism appeal.,20.4,"Athens Region 126, Greece",Yes,4.4,43351,https://www.visitathensregion126.com,"https://www.google.com/maps/search/Afghanistan,CultureAthens+Region+126",City Break,Nightlife,Food & Wine
City,"Zurich Region 127, Switzerland",935163,Cfb,4,June - August,A major global urban destination in Switzerland known for its tourism appeal.,21.65,"Zurich Region 127, Switzerland",Yes,4.7,40321,https://www.visitzurichregion127.com,"https://www.google.com/maps/search/Afghanistan,CultureZurich+Region+127",Family,Nightlife,Food & Wine
City,"Jerusalem Region 128, Israel",934228,Csa,3,"April - June, September - October",A major global urban destination in Israel known for its tourism appeal.,17.7,"Jerusalem Region 128, Israel",No,3.9,34610,https://www.visitjerusalemregion128.com,"https://www.google.com/maps/search/Afghanistan,CultureJerusalem+Region+128",Food & Wine,Romantic,City Break
City,"New Delhi Region 129, India",933294,BSh,1,October - March,A major global urban destination in India known for its tourism appeal.,20.69,"New Delhi Region 129, India",Yes,4.7,25269,https://www.visitnewdelhiregion129.com,"https://www.google.com/maps/search/Afghanistan,CultureNew+Delhi+Region+129",Nightlife,City Break,Food & Wine
City,"Stockholm Region 130, Sweden",932361,Dfb,4,June - August,A major global urban destination in Sweden known for its tourism appeal.,19.43,"Stockholm Region 130, Sweden",Yes,4.4,26048,https://www.visitstockholmregion130.com,"https://www.google.com/maps/search/Afghanistan,CultureStockholm+Region+130",Romantic,Nightlife,Culture & Museums
City,"Tokyo Region 131, Japan",931428,Cfa,3,"March - May, September - November",A major global urban destination in Japan known for its tourism appeal.,18.52,"Tokyo Region 131, Japan",No,4.3,20240,https://www.visittokyoregion131.com,"https://www.google.com/maps/search/Afghanistan,CultureTokyo+Region+131",Nightlife,City Break,Culture & Museums
City,"Mecca Region 132, Saudi Arabia",930497,BWh,2,November - March,A major global urban destination in Saudi Arabia known for its tourism appeal.,19.35,"Mecca Region 132, Saudi Arabia",No,4.5,19958,https://www.visitmeccaregion132.com,"https://www.google.com/maps/search/Afghanistan,CultureMecca+Region+132",Family,Culture & Museums,Romantic
City,"Miami Region 133, USA",929566,Am,3,December - March,A major global urban destination in USA known for its tourism appeal.,20.15,"Miami Region 133, USA",No,4.8,15757,https://www.visitmiamiregion133.com,"https://www.google.com/maps/search/Afghanistan,CultureMiami+Region+133",Nightlife,Family,Culture & Museums
City,"Prague Region 134, Czech Republic",928637,Cfb,2,June - August,A major global urban destination in Czech Republic known for its tourism appeal.,18.91,"Prague Region 134, Czech Republic",No,4.2,31788,https://www.visitpragueregion134.com,"https://www.google.com/maps/search/Afghanistan,CulturePrague+Region+134",City Break,Culture & Museums,Family
City,"Sydney Region 135, Australia",927708,Cfa,3,"March - May, September - November",A major global urban destination in Australia known for its tourism appeal.,18.1,"Sydney Region 135, Australia",Yes,4.1,26005,https://www.visitsydneyregion135.com,"https://www.google.com/maps/search/Afghanistan,CultureSydney+Region+135",Family,Food & Wine,Nightlife
City,"Singapore Region 136, Singapore",926780,Af,4,Year Round,A major global urban destination in Singapore known for its tourism appeal.,16.89,"Singapore Region 136, Singapore",No,4.0,16650,https://www.visitsingaporeregion136.com,"https://www.google.com/maps/search/Afghanistan,CultureSingapore+Region+136",City Break,Family,Food & Wine
City,"Rome Region 137, Italy",925854,Csa,3,"April - June, September - October",A major global urban destination in Italy known for its tourism appeal.,17.17,"Rome Region 137, Italy",Yes,4.0,19632,https://www.visitromeregion137.com,"https://www.google.com/maps/search/Afghanistan,CultureRome+Region+137",Culture & Museums,Food & Wine,Family
City,"Shanghai Region 138, China",924928,Cfa,2,"March - May, September - November",A major global urban destination in China known for its tourism appeal.,18.41,"Shanghai Region 138, China",No,4.2,24171,https://www.visitshanghairegion138.com,"https://www.google.com/maps/search/Afghanistan,CultureShanghai+Region+138",Romantic,Family,City Break
City,"Cape Town Region 139, South Africa",924003,Csb,2,May - September,A major global urban destination in South Africa known for its tourism appeal.,17.33,"Cape Town Region 139, South Africa",Yes,3.9,27751,https://www.visitcapetownregion139.com,"https://www.google.com/maps/search/Afghanistan,CultureCape+Town+Region+139",Nightlife,Culture & Museums,Food & Wine
City,"Lisbon Region 140, Portugal",923079,Csa,2,"April - June, September - October",A major global urban destination in Portugal known for its tourism appeal.,16.96,"Lisbon Region 140, Portugal",No,4.0,17399,https://www.visitlisbonregion140.com,"https://www.google.com/maps/search/Afghanistan,CultureLisbon+Region+140",Food & Wine,Romantic,Culture & Museums
City,"London Region 141, UK",922156,Cfb,4,June - August,A major global urban destination in UK known for its tourism appeal.,19.5,"London Region 141, UK",No,4.2,43955,https://www.visitlondonregion141.com,"https://www.google.com/maps/search/Afghanistan,CultureLondon+Region+141",City Break,Romantic,Nightlife
City,"Warsaw Region 142, Poland",921234,Dfb,2,June - August,A major global urban destination in Poland known for its tourism appeal.,19.34,"Warsaw Region 142, Poland",Yes,4.5,19821,https://www.visitwarsawregion142.com,"https://www.google.com/maps/search/Afghanistan,CultureWarsaw+Region+142",City Break,Culture & Museums,Family
City,"Pattaya Region 143, Thailand",920312,Aw,1,November - April,A major global urban destination in Thailand known for its tourism appeal.,17.89,"Pattaya Region 143, Thailand",No,3.9,38724,https://www.visitpattayaregion143.com,"https://www.google.com/maps/search/Afghanistan,CulturePattaya+Region+143",Nightlife,Culture & Museums,Romantic
City,"Cairo Region 144, Egypt",919392,BWh,1,November - March,A major global urban destination in Egypt known for its tourism appeal.,18.13,"Cairo Region 144, Egypt",No,4.2,20679,https://www.visitcairoregion144.com,"https://www.google.com/maps/search/Afghanistan,CultureCairo+Region+144",Food & Wine,Culture & Museums,Family
City,"Taipei Region 145, Taiwan",918473,Cfa,2,"March - May, September - November",A major global urban destination in Taiwan known for its tourism appeal.,18.95,"Taipei Region 145, Taiwan",No,4.1,41891,https://www.visittaipeiregion145.com,"https://www.google.com/maps/search/Afghanistan,CultureTaipei+Region+145",Food & Wine,Culture & Museums,Nightlife
City,"Jaipur Region 146, India",917554,BSh,1,October - March,A major global urban destination in India known for its tourism appeal.,21.59,"Jaipur Region 146, India",Yes,4.8,31399,https://www.visitjaipurregion146.com,"https://www.google.com/maps/search/Afghanistan,CultureJaipur+Region+146",Nightlife,Food & Wine,Romantic
City,"Rome Region 147, Italy",916637,Csa,3,"April - June, September - October",A major global urban destination in Italy known for its tourism appeal.,16.25,"Rome Region 147, Italy",Yes,4.0,11577,https://www.visitromeregion147.com,"https://www.google.com/maps/search/Afghanistan,CultureRome+Region+147",Food & Wine,Family,Romantic
City,"Miami Region 148, USA",915720,Am,3,December - March,A major global urban destination in USA known for its tourism appeal.,18.8,"Miami Region 148, USA",No,4.1,38440,https://www.visitmiamiregion148.com,"https://www.google.com/maps/search/Afghanistan,CultureMiami+Region+148",Culture & Museums,Romantic,Food & Wine
City,"Florence Region 149, Italy",914804,Cfa,3,"March - May, September - November",A major global urban destination in Italy known for its tourism appeal.,21.48,"Florence Region 149, Italy",Yes,4.8,29805,https://www.visitflorenceregion149.com,"https://www.google.com/maps/search/Afghanistan,CultureFlorence+Region+149",Food & Wine,City Break,Nightlife
City,"Barcelona Region 150, Spain",913890,Csa,2,"April - June, September - October",A major global urban destination in Spain known for its tourism appeal.,21.65,"Barcelona Region 150, Spain",Yes,4.8,32450,https://www.visitbarcelonaregion150.com,"https://www.google.com/maps/search/Afghanistan,CultureBarcelona+Region+150",Nightlife,Culture & Museums,Food & Wine
City,"New York City Region 151, USA",912976,Cfa,4,"March - May, September - November",A major global urban destination in USA known for its tourism appeal.,16.68,"New York City Region 151, USA",No,3.8,24461,https://www.visitnewyorkcityregion151.com,"https://www.google.com/maps/search/Afghanistan,CultureNew+York+City+Region+151",Romantic,Nightlife,Family
City,"Hanoi Region 152, Vietnam",912063,Cwa,1,October - April,A major global urban destination in Vietnam known for its tourism appeal.,20.34,"Hanoi Region 152, Vietnam",Yes,4.5,33086,https://www.visithanoiregion152.com,"https://www.google.com/maps/search/Afghanistan,CultureHanoi+Region+152",Culture & Museums,City Break,Nightlife
City,"Mexico City Region 153, Mexico",911151,Cwb,1,April - October,A major global urban destination in Mexico known for its tourism appeal.,22.18,"Mexico City Region 153, Mexico",No,4.8,41716,https://www.visitmexicocityregion153.com,"https://www.google.com/maps/search/Afghanistan,CultureMexico+City+Region+153",Nightlife,Food & Wine,Family
City,"San Francisco Region 154, USA",910239,Csb,4,May - September,A major global urban destination in USA known for its tourism appeal.,18.41,"San Francisco Region 154, USA",No,4.1,30952,https://www.visitsanfranciscoregion154.com,"https://www.google.com/maps/search/Afghanistan,CultureSan+Francisco+Region+154",Culture & Museums,City Break,Family
City,"Barcelona Region 155, Spain",909329,Csa,2,"April - June, September - October",A major global urban destination in Spain known for its tourism appeal.,20.19,"Barcelona Region 155, Spain",Yes,4.4,38735,https://www.visitbarcelonaregion155.com,"https://www.google.com/maps/search/Afghanistan,CultureBarcelona+Region+155",Culture & Museums,Romantic,Nightlife
City,"Kyoto Region 156, Japan",908420,Cfa,2,"March - May, September - November",A major global urban destination in Japan known for its tourism appeal.,19.92,"Kyoto Region 156, Japan",No,4.4,33633,https://www.visitkyotoregion156.com,"https://www.google.com/maps/search/Afghanistan,CultureKyoto+Region+156",City Break,Culture & Museums,Romantic
City,"Vienna Region 157, Austria",907511,Cfb,3,June - August,A major global urban destination in Austria known for its tourism appeal.,21.11,"Vienna Region 157, Austria",Yes,4.7,30937,https://www.visitviennaregion157.com,"https://www.google.com/maps/search/Afghanistan,CultureVienna+Region+157",Family,Food & Wine,Romantic
City,"San Francisco Region 158, USA",906604,Csb,4,May - September,A major global urban destination in USA known for its tourism appeal.,21.56,"San Francisco Region 158, USA",No,4.8,30953,https://www.visitsanfranciscoregion158.com,"https://www.google.com/maps/search/Afghanistan,CultureSan+Francisco+Region+158",Romantic,Nightlife,Food & Wine
City,"Cape Town Region 159, South Africa",905697,Csb,2,May - September,A major global urban destination in South Africa known for its tourism appeal.,20.3,"Cape Town Region 159, South Africa",Yes,4.5,32413,https://www.visitcapetownregion159.com,"https://www.google.com/maps/search/Afghanistan,CultureCape+Town+Region+159",Nightlife,Romantic,Food & Wine
City,"Seoul Region 160, South Korea",904792,Dwa,2,May - October,A major global urban destination in South Korea known for its tourism appeal.,18.3,"Seoul Region 160, South Korea",Yes,4.5,11654,https://www.visitseoulregion160.com,"https://www.google.com/maps/search/Afghanistan,CultureSeoul+Region+160",City Break,Family,Culture & Museums
City,"Los Angeles Region 161, USA",903887,Csb,3,May - September,A major global urban destination in USA known for its tourism appeal.,19.98,"Los Angeles Region 161, USA",No,4.5,27510,https://www.visitlosangelesregion161.com,"https://www.google.com/maps/search/Afghanistan,CultureLos+Angeles+Region+161",Romantic,Food & Wine,Culture & Museums
City,"Seoul Region 162, South Korea",902983,Dwa,2,May - October,A major global urban destination in South Korea known for its tourism appeal.,20.23,"Seoul Region 162, South Korea",No,4.4,39692,https://www.visitseoulregion162.com,"https://www.google.com/maps/search/Afghanistan,CultureSeoul+Region+162",Romantic,Food & Wine,Family
City,"Copenhagen Region 163, Denmark",902080,Cfb,4,June - August,A major global urban destination in Denmark known for its tourism appeal.,17.22,"Copenhagen Region 163, Denmark",No,3.9,26046,https://www.visitcopenhagenregion163.com,"https://www.google.com/maps/search/Afghanistan,CultureCopenhagen+Region+163",Family,Romantic,Nightlife
City,"Pattaya Region 164, Thailand",901178,Aw,1,November - April,A major global urban destination in Thailand known for its tourism appeal.,19.46,"Pattaya Region 164, Thailand",Yes,4.2,43097,https://www.visitpattayaregion164.com,"https://www.google.com/maps/search/Afghanistan,CulturePattaya+Region+164",Nightlife,Romantic,Food & Wine
City,"Venice Region 165, Italy",900277,Cfa,3,"March - May, September - November",A major global urban destination in Italy known for its tourism appeal.,21.52,"Venice Region 165, Italy",Yes,4.9,24605,https://www.visitveniceregion165.com,"https://www.google.com/maps/search/Afghanistan,CultureVenice+Region+165",Romantic,Family,City Break
City,"Sydney Region 166, Australia",899376,Cfa,3,"March - May, September - November",A major global urban destination in Australia known for its tourism appeal.,21.86,"Sydney Region 166, Australia",Yes,4.9,28886,https://www.visitsydneyregion166.com,"https://www.google.com/maps/search/Afghanistan,CultureSydney+Region+166",Romantic,Nightlife,City Break
City,"Mecca Region 167, Saudi Arabia",898477,BWh,2,November - March,A major global urban destination in Saudi Arabia known for its tourism appeal.,22.02,"Mecca Region 167, Saudi Arabia",Yes,4.8,38654,https://www.visitmeccaregion167.com,"https://www.google.com/maps/search/Afghanistan,CultureMecca+Region+167",Family,Romantic,Food & Wine
City,"Phuket Region 168, Thailand",897579,Am,1,December - March,A major global urban destination in Thailand known for its tourism appeal.,21.3,"Phuket Region 168, Thailand",Yes,4.7,34000,https://www.visitphuketregion168.com,"https://www.google.com/maps/search/Afghanistan,CulturePhuket+Region+168",Romantic,Food & Wine,Family
City,"Hong Kong Region 169, China",896681,Cwa,3,October - April,A major global urban destination in China known for its tourism appeal.,21.95,"Hong Kong Region 169, China",Yes,4.8,37432,https://www.visithongkongregion169.com,"https://www.google.com/maps/search/Afghanistan,CultureHong+Kong+Region+169",Romantic,Food & Wine,Nightlife
City,"New York City Region 170, USA",895784,Cfa,4,"March - May, September - November",A major global urban destination in USA known for its tourism appeal.,18.94,"New York City Region 170, USA",Yes,4.1,41555,https://www.visitnewyorkcityregion170.com,"https://www.google.com/maps/search/Afghanistan,CultureNew+York+City+Region+170",Nightlife,City Break,Family
City,"Paris Region 171, France",894889,Cfb,3,June - August,A major global urban destination in France known for its tourism appeal.,20.81,"Paris Region 171, France",Yes,4.7,26719,https://www.visitparisregion171.com,"https://www.google.com/maps/search/Afghanistan,CultureParis+Region+171",Culture & Museums,City Break,Food & Wine
City,"Las Vegas Region 172, USA",893994,BWk,3,May - September,A major global urban destination in USA known for its tourism appeal.,21.08,"Las Vegas Region 172, USA",No,4.6,38323,https://www.visitlasvegasregion172.com,"https://www.google.com/maps/search/Afghanistan,CultureLas+Vegas+Region+172",City Break,Culture & Museums,Food & Wine
City,"Stockholm Region 173, Sweden",893100,Dfb,4,June - August,A major global urban destination in Sweden known for its tourism appeal.,18.04,"Stockholm Region 173, Sweden",Yes,3.9,42255,https://www.visitstockholmregion173.com,"https://www.google.com/maps/search/Afghanistan,CultureStockholm+Region+173",Nightlife,City Break,Food & Wine
City,"Bangalore Region 174, India",892207,Aw,1,November - April,A major global urban destination in India known for its tourism appeal.,20.23,"Bangalore Region 174, India",No,4.5,31295,https://www.visitbangaloreregion174.com,"https://www.google.com/maps/search/Afghanistan,CultureBangalore+Region+174",City Break,Food & Wine,Nightlife
City,"Istanbul Region 175, Turkey",891314,Csa,1,"April - June, September - October",A major global urban destination in Turkey known for its tourism appeal.,17.31,"Istanbul Region 175, Turkey",No,3.9,27459,https://www.visitistanbulregion175.com,"https://www.google.com/maps/search/Afghanistan,CultureIstanbul+Region+175",Food & Wine,Romantic,City Break
City,"Tokyo Region 176, Japan",890423,Cfa,3,"March - May, September - November",A major global urban destination in Japan known for its tourism appeal.,17.99,"Tokyo Region 176, Japan",Yes,4.2,19223,https://www.visittokyoregion176.com,"https://www.google.com/maps/search/Afghanistan,CultureTokyo+Region+176",Food & Wine,Nightlife,Romantic
City,"Jaipur Region 177, India",889533,BSh,1,October - March,A major global urban destination in India known for its tourism appeal.,19.13,"Jaipur Region 177, India",Yes,4.3,28125,https://www.visitjaipurregion177.com,"https://www.google.com/maps/search/Afghanistan,CultureJaipur+Region+177",Culture & Museums,Romantic,Nightlife
City,"Ho Chi Minh City Region 178, Vietnam",888643,Aw,1,November - April,A major global urban destination in Vietnam known for its tourism appeal.,17.17,"Ho Chi Minh City Region 178, Vietnam",Yes,4.2,12270,https://www.visithochiminhcityregion178.com,"https://www.google.com/maps/search/Afghanistan,CultureHo+Chi+Minh+City+Region+178",Romantic,Family,Nightlife
City,"Antalya Region 179, Turkey",887754,Csa,1,"April - June, September - October",A major global urban destination in Turkey known for its tourism appeal.,20.78,"Antalya Region 179, Turkey",Yes,4.6,32956,https://www.visitantalyaregion179.com,"https://www.google.com/maps/search/Afghanistan,CultureAntalya+Region+179",City Break,Romantic,Family
City,"Vienna Region 180, Austria",886867,Cfb,3,June - August,A major global urban destination in Austria known for its tourism appeal.,17.76,"Vienna Region 180, Austria",No,4.1,21411,https://www.visitviennaregion180.com,"https://www.google.com/maps/search/Afghanistan,CultureVienna+Region+180",City Break,Culture & Museums,Food & Wine
City,"Amsterdam Region 181, Netherlands",885980,Cfb,3,June - August,A major global urban destination in Netherlands known for its tourism appeal.,18.07,"Amsterdam Region 181, Netherlands",Yes,4.4,12812,https://www.visitamsterdamregion181.com,"https://www.google.com/maps/search/Afghanistan,CultureAmsterdam+Region+181",Food & Wine,Romantic,Culture & Museums
City,"Buenos Aires Region 182, Argentina",885094,Cfa,1,"March - May, September - November",A major global urban destination in Argentina known for its tourism appeal.,18.65,"Buenos Aires Region 182, Argentina",Yes,4.1,35390,https://www.visitbuenosairesregion182.com,"https://www.google.com/maps/search/Afghanistan,CultureBuenos+Aires+Region+182",Culture & Museums,City Break,Romantic
City,"New York City Region 183, USA",884209,Cfa,4,"March - May, September - November",A major global urban destination in USA known for its tourism appeal.,20.95,"New York City Region 183, USA",No,4.8,23152,https://www.visitnewyorkcityregion183.com,"https://www.google.com/maps/search/Afghanistan,CultureNew+York+City+Region+183",Culture & Museums,Romantic,Food & Wine
City,"Vienna Region 184, Austria",883325,Cfb,3,June - August,A major global urban destination in Austria known for its tourism appeal.,16.24,"Vienna Region 184, Austria",Yes,4.0,11471,https://www.visitviennaregion184.com,"https://www.google.com/maps/search/Afghanistan,CultureVienna+Region+184",City Break,Family,Nightlife
City,"Mecca Region 185, Saudi Arabia",882441,BWh,2,November - March,A major global urban destination in Saudi Arabia known for its tourism appeal.,18.36,"Mecca Region 185, Saudi Arabia",Yes,4.0,38983,https://www.visitmeccaregion185.com,"https://www.google.com/maps/search/Afghanistan,CultureMecca+Region+185",Food & Wine,City Break,Culture & Museums
City,"Miami Region 186, USA",881559,Am,3,December - March,A major global urban destination in USA known for its tourism appeal.,19.74,"Miami Region 186, USA",No,4.8,12946,https://www.visitmiamiregion186.com,"https://www.google.com/maps/search/Afghanistan,CultureMiami+Region+186",Family,Culture & Museums,City Break
City,"Amsterdam Region 187, Netherlands",880677,Cfb,3,June - August,A major global urban destination in Netherlands known for its tourism appeal.,20.44,"Amsterdam Region 187, Netherlands",Yes,4.5,34867,https://www.visitamsterdamregion187.com,"https://www.google.com/maps/search/Afghanistan,CultureAmsterdam+Region+187",Food & Wine,Nightlife,City Break
City,"Lisbon Region 188, Portugal",879797,Csa,2,"April - June, September - October",A major global urban destination in Portugal known for its tourism appeal.,19.06,"Lisbon Region 188, Portugal",No,4.5,17175,https://www.visitlisbonregion188.com,"https://www.google.com/maps/search/Afghanistan,CultureLisbon+Region+188",Nightlife,City Break,Romantic
City,"Florence Region 189, Italy",878917,Cfa,3,"March - May, September - November",A major global urban destination in Italy known for its tourism appeal.,18.49,"Florence Region 189, Italy",Yes,4.0,41972,https://www.visitflorenceregion189.com,"https://www.google.com/maps/search/Afghanistan,CultureFlorence+Region+189",Family,Food & Wine,Culture & Museums
City,"Vancouver Region 190, Canada",878038,Cfb,3,June - August,A major global urban destination in Canada known for its tourism appeal.,16.64,"Vancouver Region 190, Canada",No,4.1,11450,https://www.visitvancouverregion190.com,"https://www.google.com/maps/search/Afghanistan,CultureVancouver+Region+190",Food & Wine,Nightlife,City Break
City,"Istanbul Region 191, Turkey",877160,Csa,1,"April - June, September - October",A major global urban destination in Turkey known for its tourism appeal.,18.31,"Istanbul Region 191, Turkey",Yes,4.3,18104,https://www.visitistanbulregion191.com,"https://www.google.com/maps/search/Afghanistan,CultureIstanbul+Region+191",Romantic,City Break,Nightlife
City,"Phuket Region 192, Thailand",876283,Am,1,December - March,A major global urban destination in Thailand known for its tourism appeal.,21.61,"Phuket Region 192, Thailand",Yes,4.8,31815,https://www.visitphuketregion192.com,"https://www.google.com/maps/search/Afghanistan,CulturePhuket+Region+192",Food & Wine,City Break,Family
City,"Miami Region 193, USA",875406,Am,3,December - March,A major global urban destination in USA known for its tourism appeal.,21.91,"Miami Region 193, USA",No,4.8,36648,https://www.visitmiamiregion193.com,"https://www.google.com/maps/search/Afghanistan,CultureMiami+Region+193",Culture & Museums,City Break,Nightlife
City,"San Francisco Region 194, USA",874531,Csb,4,May - September,A major global urban destination in USA known for its tourism appeal.,17.04,"San Francisco Region 194, USA",Yes,4.1,14341,https://www.visitsanfranciscoregion194.com,"https://www.google.com/maps/search/Afghanistan,CultureSan+Francisco+Region+194",Nightlife,Family,Food & Wine
City,"New Delhi Region 195, India",873656,BSh,1,October - March,A major global urban destination in India known for its tourism appeal.,20.8,"New Delhi Region 195, India",No,4.7,26640,https://www.visitnewdelhiregion195.com,"https://www.google.com/maps/search/Afghanistan,CultureNew+Delhi+Region+195",Culture & Museums,City Break,Romantic
City,"Hong Kong Region 196, China",872783,Cwa,3,October - April,A major global urban destination in China known for its tourism appeal.,20.0,"Hong Kong Region 196, China",Yes,4.9,12040,https://www.visithongkongregion196.com,"https://www.google.com/maps/search/Afghanistan,CultureHong+Kong+Region+196",Culture & Museums,Nightlife,Food & Wine
City,"Pattaya Region 197, Thailand",871910,Aw,1,November - April,A major global urban destination in Thailand known for its tourism appeal.,17.46,"Pattaya Region 197, Thailand",Yes,3.8,39308,https://www.visitpattayaregion197.com,"https://www.google.com/maps/search/Afghanistan,CulturePattaya+Region+197",Food & Wine,Culture & Museums,City Break
City,"Cape Town Region 198, South Africa",871038,Csb,2,May - September,A major global urban destination in South Africa known for its tourism appeal.,18.41,"Cape Town Region 198, South Africa",Yes,4.1,30946,https://www.visitcapetownregion198.com,"https://www.google.com/maps/search/Afghanistan,CultureCape+Town+Region+198",Nightlife,Romantic,City Break
City,"Copenhagen Region 199, Denmark",870167,Cfb,4,June - August,A major global urban destination in Denmark known for its tourism appeal.,19.74,"Copenhagen Region 199, Denmark",No,4.6,19602,https://www.visitcopenhagenregion199.com,"https://www.google.com/maps/search/Afghanistan,CultureCopenhagen+Region+199",Food & Wine,Culture & Museums,Romantic
City,"Rome Region 200, Italy",869297,Csa,3,"April - June, September - October",A major global urban destination in Italy known for its tourism appeal.,18.17,"Rome Region 200, Italy",No,4.3,16842,https://www.visitromeregion200.com,"https://www.google.com/maps/search/Afghanistan,CultureRome+Region+200",City Break,Romantic,Culture & Museums
City,"Kyoto Region 201, Japan",868428,Cfa,2,"March - May, September - November",A major global urban destination in Japan known for its tourism appeal.,19.27,"Kyoto Region 201, Japan",Yes,4.4,24003,https://www.visitkyotoregion201.com,"https://www.google.com/maps/search/Afghanistan,CultureKyoto+Region+201",Romantic,Culture & Museums,City Break
City,"Miami Region 202, USA",867559,Am,3,December - March,A major global urban destination in USA known for its tourism appeal.,17.32,"Miami Region 202, USA",No,4.1,16772,https://www.visitmiamiregion202.com,"https://www.google.com/maps/search/Afghanistan,CultureMiami+Region+202",City Break,Romantic,Food & Wine
City,"Venice Region 203, Italy",866692,Cfa,3,"March - May, September - November",A major global urban destination in Italy known for its tourism appeal.,20.64,"Venice Region 203, Italy",No,4.6,30675,https://www.visitveniceregion203.com,"https://www.google.com/maps/search/Afghanistan,CultureVenice+Region+203",Romantic,City Break,Family
City,"New York City Region 204, USA",865825,Cfa,4,"March - May, September - November",A major global urban destination in USA known for its tourism appeal.,17.49,"New York City Region 204, USA",No,4.1,18485,https://www.visitnewyorkcityregion204.com,"https://www.google.com/maps/search/Afghanistan,CultureNew+York+City+Region+204",Romantic,City Break,Nightlife
City,"Vancouver Region 205, Canada",864959,Cfb,3,June - August,A major global urban destination in Canada known for its tourism appeal.,18.88,"Vancouver Region 205, Canada",Yes,4.1,40213,https://www.visitvancouverregion205.com,"https://www.google.com/maps/search/Afghanistan,CultureVancouver+Region+205",Family,Culture & Museums,City Break
City,"Mexico City Region 206, Mexico",864094,Cwb,1,April - October,A major global urban destination in Mexico known for its tourism appeal.,18.04,"Mexico City Region 206, Mexico",Yes,4.2,19755,https://www.visitmexicocityregion206.com,"https://www.google.com/maps/search/Afghanistan,CultureMexico+City+Region+206",Family,Food & Wine,City Break
City,"Venice Region 207, Italy",863230,Cfa,3,"March - May, September - November",A major global urban destination in Italy known for its tourism appeal.,21.01,"Venice Region 207, Italy",Yes,4.7,29597,https://www.visitveniceregion207.com,"https://www.google.com/maps/search/Afghanistan,CultureVenice+Region+207",City Break,Culture & Museums,Nightlife
City,"Los Angeles Region 208, USA",862367,Csb,3,May - September,A major global urban destination in USA known for its tourism appeal.,18.98,"Los Angeles Region 208, USA",Yes,4.1,42654,https://www.visitlosangelesregion208.com,"https://www.google.com/maps/search/Afghanistan,CultureLos+Angeles+Region+208",Romantic,Family,Culture & Museums
City,"Taipei Region 209, Taiwan",861504,Cfa,2,"March - May, September - November",A major global urban destination in Taiwan known for its tourism appeal.,19.0,"Taipei Region 209, Taiwan",Yes,4.4,20855,https://www.visittaipeiregion209.com,"https://www.google.com/maps/search/Afghanistan,CultureTaipei+Region+209",Romantic,City Break,Family
City,"Toronto Region 210, Canada",860643,Dfa,3,May - September,A major global urban destination in Canada known for its tourism appeal.,18.96,"Toronto Region 210, Canada",Yes,4.4,20367,https://www.visittorontoregion210.com,"https://www.google.com/maps/search/Afghanistan,CultureToronto+Region+210",City Break,Food & Wine,Culture & Museums
City,"Las Vegas Region 211, USA",859782,BWk,3,May - September,A major global urban destination in USA known for its tourism appeal.,18.89,"Las Vegas Region 211, USA",No,4.2,31378,https://www.visitlasvegasregion211.com,"https://www.google.com/maps/search/Afghanistan,CultureLas+Vegas+Region+211",City Break,Family,Culture & Museums
City,"Venice Region 212, Italy",858922,Cfa,3,"March - May, September - November",A major global urban destination in Italy known for its tourism appeal.,17.93,"Venice Region 212, Italy",No,3.9,39677,https://www.visitveniceregion212.com,"https://www.google.com/maps/search/Afghanistan,CultureVenice+Region+212",Nightlife,Romantic,City Break
City,"Barcelona Region 213, Spain",858064,Csa,2,"April - June, September - October",A major global urban destination in Spain known for its tourism appeal.,21.05,"Barcelona Region 213, Spain",No,4.6,37654,https://www.visitbarcelonaregion213.com,"https://www.google.com/maps/search/Afghanistan,CultureBarcelona+Region+213",Family,Romantic,City Break
City,"Prague Region 214, Czech Republic",857205,Cfb,2,June - August,A major global urban destination in Czech Republic known for its tourism appeal.,19.17,"Prague Region 214, Czech Republic",Yes,4.2,36585,https://www.visitpragueregion214.com,"https://www.google.com/maps/search/Afghanistan,CulturePrague+Region+214",Food & Wine,City Break,Romantic
City,"London Region 215, UK",856348,Cfb,4,June - August,A major global urban destination in UK known for its tourism appeal.,18.51,"London Region 215, UK",Yes,4.3,20156,https://www.visitlondonregion215.com,"https://www.google.com/maps/search/Afghanistan,CultureLondon+Region+215",Family,Nightlife,Romantic
City,"Jerusalem Region 216, Israel",855492,Csa,3,"April - June, September - October",A major global urban destination in Israel known for its tourism appeal.,16.74,"Jerusalem Region 216, Israel",No,4.2,9689,https://www.visitjerusalemregion216.com,"https://www.google.com/maps/search/Afghanistan,CultureJerusalem+Region+216",Culture & Museums,Family,Food & Wine
City,"Milan Region 217, Italy",854636,Cfa,3,"March - May, September - November",A major global urban destination in Italy known for its tourism appeal.,17.75,"Milan Region 217, Italy",Yes,4.2,16862,https://www.visitmilanregion217.com,"https://www.google.com/maps/search/Afghanistan,CultureMilan+Region+217",Culture & Museums,Romantic,Family
City,"Stockholm Region 218, Sweden",853782,Dfb,4,June - August,A major global urban destination in Sweden known for its tourism appeal.,18.11,"Stockholm Region 218, Sweden",No,4.1,26073,https://www.visitstockholmregion218.com,"https://www.google.com/maps/search/Afghanistan,CultureStockholm+Region+218",Culture & Museums,Nightlife,Food & Wine
City,"Rome Region 219, Italy",852928,Csa,3,"April - June, September - October",A major global urban destination in Italy known for its tourism appeal.,18.4,"Rome Region 219, Italy",No,4.3,19052,https://www.visitromeregion219.com,"https://www.google.com/maps/search/Afghanistan,CultureRome+Region+219",City Break,Nightlife,Food & Wine
City,"Vancouver Region 220, Canada",852075,Cfb,3,June - August,A major global urban destination in Canada known for its tourism appeal.,19.97,"Vancouver Region 220, Canada",No,4.6,21974,https://www.visitvancouverregion220.com,"https://www.google.com/maps/search/Afghanistan,CultureVancouver+Region+220",City Break,Nightlife,Food & Wine
City,"Stockholm Region 221, Sweden",851223,Dfb,4,June - August,A major global urban destination in Sweden known for its tourism appeal.,16.28,"Stockholm Region 221, Sweden",No,3.9,14922,https://www.visitstockholmregion221.com,"https://www.google.com/maps/search/Afghanistan,CultureStockholm+Region+221",Nightlife,Food & Wine,Family
City,"Antalya Region 222, Turkey",850372,Csa,1,"April - June, September - October",A major global urban destination in Turkey known for its tourism appeal.,18.57,"Antalya Region 222, Turkey",No,4.1,33858,https://www.visitantalyaregion222.com,"https://www.google.com/maps/search/Afghanistan,CultureAntalya+Region+222",Family,Food & Wine,Culture & Museums
City,"Mecca Region 223, Saudi Arabia",849521,BWh,2,November - March,A major global urban destination in Saudi Arabia known for its tourism appeal.,20.28,"Mecca Region 223, Saudi Arabia",No,4.4,40620,https://www.visitmeccaregion223.com,"https://www.google.com/maps/search/Afghanistan,CultureMecca+Region+223",Culture & Museums,City Break,Food & Wine
City,"Mexico City Region 224, Mexico",848672,Cwb,1,April - October,A major global urban destination in Mexico known for its tourism appeal.,18.93,"Mexico City Region 224, Mexico",No,4.1,41425,https://www.visitmexicocityregion224.com,"https://www.google.com/maps/search/Afghanistan,CultureMexico+City+Region+224",Culture & Museums,Romantic,Food & Wine
City,"Kuala Lumpur Region 225, Malaysia",847823,Af,1,Year Round,A major global urban destination in Malaysia known for its tourism appeal.,20.64,"Kuala Lumpur Region 225, Malaysia",Yes,4.5,38705,https://www.visitkualalumpurregion225.com,"https://www.google.com/maps/search/Afghanistan,CultureKuala+Lumpur+Region+225",City Break,Romantic,Culture & Museums
City,"Hong Kong Region 226, China",846975,Cwa,3,October - April,A major global urban destination in China known for its tourism appeal.,20.77,"Hong Kong Region 226, China",No,4.6,32774,https://www.visithongkongregion226.com,"https://www.google.com/maps/search/Afghanistan,CultureHong+Kong+Region+226",Nightlife,Food & Wine,Family
City,"Kuala Lumpur Region 227, Malaysia",846128,Af,1,Year Round,A major global urban destination in Malaysia known for its tourism appeal.,20.44,"Kuala Lumpur Region 227, Malaysia",No,4.6,27739,https://www.visitkualalumpurregion227.com,"https://www.google.com/maps/search/Afghanistan,CultureKuala+Lumpur+Region+227",Culture & Museums,Romantic,City Break
City,"New York City Region 228, USA",845282,Cfa,4,"March - May, September - November",A major global urban destination in USA known for its tourism appeal.,17.82,"New York City Region 228, USA",No,4.0,28469,https://www.visitnewyorkcityregion228.com,"https://www.google.com/maps/search/Afghanistan,CultureNew+York+City+Region+228",Food & Wine,Romantic,Nightlife
City,"Seoul Region 229, South Korea",844437,Dwa,2,May - October,A major global urban destination in South Korea known for its tourism appeal.,15.89,"Seoul Region 229, South Korea",Yes,3.9,11867,https://www.visitseoulregion229.com,"https://www.google.com/maps/search/Afghanistan,CultureSeoul+Region+229",City Break,Romantic,Family
City,"Cape Town Region 230, South Africa",843593,Csb,2,May - September,A major global urban destination in South Africa known for its tourism appeal.,19.06,"Cape Town Region 230, South Africa",Yes,4.2,34599,https://www.visitcapetownregion230.com,"https://www.google.com/maps/search/Afghanistan,CultureCape+Town+Region+230",City Break,Romantic,Food & Wine
City,"Bangalore Region 231, India",842749,Aw,1,November - April,A major global urban destination in India known for its tourism appeal.,18.97,"Bangalore Region 231, India",No,4.4,20493,https://www.visitbangaloreregion231.com,"https://www.google.com/maps/search/Afghanistan,CultureBangalore+Region+231",Nightlife,Romantic,City Break
City,"Phuket Region 232, Thailand",841906,Am,1,December - March,A major global urban destination in Thailand known for its tourism appeal.,21.5,"Phuket Region 232, Thailand",Yes,4.9,24443,https://www.visitphuketregion232.com,"https://www.google.com/maps/search/Afghanistan,CulturePhuket+Region+232",Nightlife,Culture & Museums,Romantic
City,"Bangkok Region 233, Thailand",841064,Aw,1,November - April,A major global urban destination in Thailand known for its tourism appeal.,16.89,"Bangkok Region 233, Thailand",No,3.9,21455,https://www.visitbangkokregion233.com,"https://www.google.com/maps/search/Afghanistan,CultureBangkok+Region+233",Family,Food & Wine,City Break
City,"Rio de Janeiro Region 234, Brazil",840223,Aw,1,November - April,A major global urban destination in Brazil known for its tourism appeal.,21.36,"Rio de Janeiro Region 234, Brazil",No,4.8,28164,https://www.visitriodejaneiroregion234.com,"https://www.google.com/maps/search/Afghanistan,CultureRio+de+Janeiro+Region+234",Romantic,Culture & Museums,City Break
City,"Istanbul Region 235, Turkey",839383,Csa,1,"April - June, September - October",A major global urban destination in Turkey known for its tourism appeal.,17.94,"Istanbul Region 235, Turkey",Yes,4.0,30634,https://www.visitistanbulregion235.com,"https://www.google.com/maps/search/Afghanistan,CultureIstanbul+Region+235",Culture & Museums,Romantic,City Break
City,"Stockholm Region 236, Sweden",838544,Dfb,4,June - August,A major global urban destination in Sweden known for its tourism appeal.,17.67,"Stockholm Region 236, Sweden",Yes,4.2,16109,https://www.visitstockholmregion236.com,"https://www.google.com/maps/search/Afghanistan,CultureStockholm+Region+236",Nightlife,Family,Food & Wine
City,"Vienna Region 237, Austria",837705,Cfb,3,June - August,A major global urban destination in Austria known for its tourism appeal.,18.71,"Vienna Region 237, Austria",Yes,4.1,36697,https://www.visitviennaregion237.com,"https://www.google.com/maps/search/Afghanistan,CultureVienna+Region+237",City Break,Culture & Museums,Food & Wine
City,"Madrid Region 238, Spain",836867,Csa,2,"April - June, September - October",A major global urban destination in Spain known for its tourism appeal.,16.52,"Madrid Region 238, Spain",Yes,4.1,10717,https://www.visitmadridregion238.com,"https://www.google.com/maps/search/Afghanistan,CultureMadrid+Region+238",Nightlife,Culture & Museums,City Break
City,"Buenos Aires Region 239, Argentina",836031,Cfa,1,"March - May, September - November",A major global urban destination in Argentina known for its tourism appeal.,18.35,"Buenos Aires Region 239, Argentina",Yes,4.1,29861,https://www.visitbuenosairesregion239.com,"https://www.google.com/maps/search/Afghanistan,CultureBuenos+Aires+Region+239",Food & Wine,Romantic,City Break
City,"Budapest Region 240, Hungary",835194,Cfb,2,June - August,A major global urban destination in Hungary known for its tourism appeal.,16.3,"Budapest Region 240, Hungary",Yes,4.1,9456,https://www.visitbudapestregion240.com,"https://www.google.com/maps/search/Afghanistan,CultureBudapest+Region+240",Family,Food & Wine,City Break
City,"Ho Chi Minh City Region 241, Vietnam",834359,Aw,1,November - April,A major global urban destination in Vietnam known for its tourism appeal.,18.93,"Ho Chi Minh City Region 241, Vietnam",No,4.1,41510,https://www.visithochiminhcityregion241.com,"https://www.google.com/maps/search/Afghanistan,CultureHo+Chi+Minh+City+Region+241",Family,Nightlife,Food & Wine
City,"Florence Region 242, Italy",833525,Cfa,3,"March - May, September - November",A major global urban destination in Italy known for its tourism appeal.,19.81,"Florence Region 242, Italy",No,4.8,13386,https://www.visitflorenceregion242.com,"https://www.google.com/maps/search/Afghanistan,CultureFlorence+Region+242",Food & Wine,City Break,Culture & Museums
City,"Buenos Aires Region 243, Argentina",832691,Cfa,1,"March - May, September - November",A major global urban destination in Argentina known for its tourism appeal.,20.0,"Buenos Aires Region 243, Argentina",No,4.8,14660,https://www.visitbuenosairesregion243.com,"https://www.google.com/maps/search/Afghanistan,CultureBuenos+Aires+Region+243",Food & Wine,Culture & Museums,Family
City,"Shanghai Region 244, China",831859,Cfa,2,"March - May, September - November",A major global urban destination in China known for its tourism appeal.,21.81,"Shanghai Region 244, China",Yes,4.9,28234,https://www.visitshanghairegion244.com,"https://www.google.com/maps/search/Afghanistan,CultureShanghai+Region+244",Family,City Break,Food & Wine
City,"Lisbon Region 245, Portugal",831027,Csa,2,"April - June, September - October",A major global urban destination in Portugal known for its tourism appeal.,21.97,"Lisbon Region 245, Portugal",Yes,4.8,37694,https://www.visitlisbonregion245.com,"https://www.google.com/maps/search/Afghanistan,CultureLisbon+Region+245",Culture & Museums,Romantic,Family
City,"Copenhagen Region 246, Denmark",830196,Cfb,4,June - August,A major global urban destination in Denmark known for its tourism appeal.,15.96,"Copenhagen Region 246, Denmark",Yes,3.8,15885,https://www.visitcopenhagenregion246.com,"https://www.google.com/maps/search/Afghanistan,CultureCopenhagen+Region+246",Romantic,Culture & Museums,City Break
City,"Phuket Region 247, Thailand",829366,Am,1,December - March,A major global urban destination in Thailand known for its tourism appeal.,22.59,"Phuket Region 247, Thailand",Yes,4.9,40748,https://www.visitphuketregion247.com,"https://www.google.com/maps/search/Afghanistan,CulturePhuket+Region+247",Nightlife,Family,City Break
City,"Sydney Region 248, Australia",828536,Cfa,3,"March - May, September - November",A major global urban destination in Australia known for its tourism appeal.,21.28,"Sydney Region 248, Australia",No,4.8,27121,https://www.visitsydneyregion248.com,"https://www.google.com/maps/search/Afghanistan,CultureSydney+Region+248",Food & Wine,Family,Culture & Museums
City,"Barcelona Region 249, Spain",827708,Csa,2,"April - June, September - October",A major global urban destination in Spain known for its tourism appeal.,20.3,"Barcelona Region 249, Spain",No,4.6,25869,https://www.visitbarcelonaregion249.com,"https://www.google.com/maps/search/Afghanistan,CultureBarcelona+Region+249",Food & Wine,Culture & Museums,Family
City,"Mecca Region 250, Saudi Arabia",826880,BWh,2,November - March,A major global urban destination in Saudi Arabia known for its tourism appeal.,19.81,"Mecca Region 250, Saudi Arabia",No,4.4,31758,https://www.visitmeccaregion250.com,"https://www.google.com/maps/search/Afghanistan,CultureMecca+Region+250",Food & Wine,Nightlife,Family
City,"New York City Region 251, USA",826053,Cfa,4,"March - May, September - November",A major global urban destination in USA known for its tourism appeal.,19.12,"New York City Region 251, USA",No,4.2,35579,https://www.visitnewyorkcityregion251.com,"https://www.google.com/maps/search/Afghanistan,CultureNew+York+City+Region+251",Family,Food & Wine,Culture & Museums
City,"Mexico City Region 252, Mexico",825227,Cwb,1,April - October,A major global urban destination in Mexico known for its tourism appeal.,18.5,"Mexico City Region 252, Mexico",No,4.3,20008,https://www.visitmexicocityregion252.com,"https://www.google.com/maps/search/Afghanistan,CultureMexico+City+Region+252",Nightlife,Culture & Museums,Family
City,"Shanghai Region 253, China",824402,Cfa,2,"March - May, September - November",A major global urban destination in China known for its tourism appeal.,21.08,"Shanghai Region 253, China",No,4.8,24600,https://www.visitshanghairegion253.com,"https://www.google.com/maps/search/Afghanistan,CultureShanghai+Region+253",Family,Romantic,Culture & Museums
City,"Jerusalem Region 254, Israel",823577,Csa,3,"April - June, September - October",A major global urban destination in Israel known for its tourism appeal.,17.33,"Jerusalem Region 254, Israel",Yes,3.8,36308,https://www.visitjerusalemregion254.com,"https://www.google.com/maps/search/Afghanistan,CultureJerusalem+Region+254",Food & Wine,Romantic,Nightlife
City,"Marrakech Region 255, Morocco",822754,BSh,1,October - March,A major global urban destination in Morocco known for its tourism appeal.,18.31,"Marrakech Region 255, Morocco",Yes,4.0,37724,https://www.visitmarrakechregion255.com,"https://www.google.com/maps/search/Afghanistan,CultureMarrakech+Region+255",Nightlife,Family,Culture & Museums
City,"Palma de Mallorca Region 256, Spain",821931,Csa,2,"April - June, September - October",A major global urban destination in Spain known for its tourism appeal.,18.14,"Palma de Mallorca Region 256, Spain",Yes,4.5,10756,https://www.visitpalmademallorcaregion256.com,"https://www.google.com/maps/search/Afghanistan,CulturePalma+de+Mallorca+Region+256",Food & Wine,Family,Romantic
City,"Osaka Region 257, Japan",821109,Cfa,2,"March - May, September - November",A major global urban destination in Japan known for its tourism appeal.,20.85,"Osaka Region 257, Japan",Yes,4.6,34144,https://www.visitosakaregion257.com,"https://www.google.com/maps/search/Afghanistan,CultureOsaka+Region+257",Nightlife,City Break,Culture & Museums
City,"Rio de Janeiro Region 258, Brazil",820288,Aw,1,November - April,A major global urban destination in Brazil known for its tourism appeal.,18.68,"Rio de Janeiro Region 258, Brazil",Yes,4.3,22038,https://www.visitriodejaneiroregion258.com,"https://www.google.com/maps/search/Afghanistan,CultureRio+de+Janeiro+Region+258",Romantic,Culture & Museums,Family
City,"Vienna Region 259, Austria",819468,Cfb,3,June - August,A major global urban destination in Austria known for its tourism appeal.,20.46,"Vienna Region 259, Austria",Yes,4.5,35247,https://www.visitviennaregion259.com,"https://www.google.com/maps/search/Afghanistan,CultureVienna+Region+259",City Break,Food & Wine,Romantic
City,"Bangkok Region 260, Thailand",818648,Aw,1,November - April,A major global urban destination in Thailand known for its tourism appeal.,21.1,"Bangkok Region 260, Thailand",No,4.7,30898,https://www.visitbangkokregion260.com,"https://www.google.com/maps/search/Afghanistan,CultureBangkok+Region+260",City Break,Family,Food & Wine
City,"Jaipur Region 261, India",817830,BSh,1,October - March,A major global urban destination in India known for its tourism appeal.,19.36,"Jaipur Region 261, India",Yes,4.3,31835,https://www.visitjaipurregion261.com,"https://www.google.com/maps/search/Afghanistan,CultureJaipur+Region+261",Romantic,City Break,Family
City,"Singapore Region 262, Singapore",817012,Af,4,Year Round,A major global urban destination in Singapore known for its tourism appeal.,17.93,"Singapore Region 262, Singapore",Yes,4.3,14822,https://www.visitsingaporeregion262.com,"https://www.google.com/maps/search/Afghanistan,CultureSingapore+Region+262",Family,City Break,Culture & Museums
City,"Taipei Region 263, Taiwan",816195,Cfa,2,"March - May, September - November",A major global urban destination in Taiwan known for its tourism appeal.,17.91,"Taipei Region 263, Taiwan",Yes,4.3,14656,https://www.visittaipeiregion263.com,"https://www.google.com/maps/search/Afghanistan,CultureTaipei+Region+263",Romantic,Food & Wine,City Break
City,"Mexico City Region 264, Mexico",815379,Cwb,1,April - October,A major global urban destination in Mexico known for its tourism appeal.,19.25,"Mexico City Region 264, Mexico",No,4.9,8486,https://www.visitmexicocityregion264.com,"https://www.google.com/maps/search/Afghanistan,CultureMexico+City+Region+264",Romantic,Family,City Break
City,"Marrakech Region 265, Morocco",814563,BSh,1,October - March,A major global urban destination in Morocco known for its tourism appeal.,17.1,"Marrakech Region 265, Morocco",No,4.1,14795,https://www.visitmarrakechregion265.com,"https://www.google.com/maps/search/Afghanistan,CultureMarrakech+Region+265",Romantic,Nightlife,City Break
City,"Las Vegas Region 266, USA",813749,BWk,3,May - September,A major global urban destination in USA known for its tourism appeal.,18.19,"Las Vegas Region 266, USA",Yes,4.2,21392,https://www.visitlasvegasregion266.com,"https://www.google.com/maps/search/Afghanistan,CultureLas+Vegas+Region+266",Romantic,City Break,Food & Wine
City,"Dublin Region 267, Ireland",812935,Cfb,3,June - August,A major global urban destination in Ireland known for its tourism appeal.,20.65,"Dublin Region 267, Ireland",Yes,4.6,30808,https://www.visitdublinregion267.com,"https://www.google.com/maps/search/Afghanistan,CultureDublin+Region+267",Nightlife,Food & Wine,Romantic
City,"Shanghai Region 268, China",812122,Cfa,2,"March - May, September - November",A major global urban destination in China known for its tourism appeal.,17.6,"Shanghai Region 268, China",Yes,4.2,15485,https://www.visitshanghairegion268.com,"https://www.google.com/maps/search/Afghanistan,CultureShanghai+Region+268",City Break,Family,Romantic
City,"Cairo Region 269, Egypt",811310,BWh,1,November - March,A major global urban destination in Egypt known for its tourism appeal.,20.38,"Cairo Region 269, Egypt",Yes,4.5,33879,https://www.visitcairoregion269.com,"https://www.google.com/maps/search/Afghanistan,CultureCairo+Region+269",City Break,Family,Culture & Museums
City,"Marrakech Region 270, Morocco",810499,BSh,1,October - March,A major global urban destination in Morocco known for its tourism appeal.,20.43,"Marrakech Region 270, Morocco",No,4.8,18018,https://www.visitmarrakechregion270.com,"https://www.google.com/maps/search/Afghanistan,CultureMarrakech+Region+270",City Break,Romantic,Food & Wine
City,"Palma de Mallorca Region 271, Spain",809688,Csa,2,"April - June, September - October",A major global urban destination in Spain known for its tourism appeal.,20.09,"Palma de Mallorca Region 271, Spain",Yes,4.5,29156,https://www.visitpalmademallorcaregion271.com,"https://www.google.com/maps/search/Afghanistan,CulturePalma+de+Mallorca+Region+271",Culture & Museums,Food & Wine,Nightlife
City,"Mexico City Region 272, Mexico",808878,Cwb,1,April - October,A major global urban destination in Mexico known for its tourism appeal.,17.52,"Mexico City Region 272, Mexico",No,4.2,14807,https://www.visitmexicocityregion272.com,"https://www.google.com/maps/search/Afghanistan,CultureMexico+City+Region+272",Romantic,City Break,Nightlife
City,"Madrid Region 273, Spain",808070,Csa,2,"April - June, September - October",A major global urban destination in Spain known for its tourism appeal.,21.34,"Madrid Region 273, Spain",Yes,4.7,34713,https://www.visitmadridregion273.com,"https://www.google.com/maps/search/Afghanistan,CultureMadrid+Region+273",Nightlife,Culture & Museums,Food & Wine
City,"Mumbai Region 274, India",807261,Aw,1,November - April,A major global urban destination in India known for its tourism appeal.,16.21,"Mumbai Region 274, India",Yes,4.0,11302,https://www.visitmumbairegion274.com,"https://www.google.com/maps/search/Afghanistan,CultureMumbai+Region+274",Romantic,Nightlife,City Break
City,"Vienna Region 275, Austria",806454,Cfb,3,June - August,A major global urban destination in Austria known for its tourism appeal.,17.88,"Vienna Region 275, Austria",No,4.0,29457,https://www.visitviennaregion275.com,"https://www.google.com/maps/search/Afghanistan,CultureVienna+Region+275",City Break,Family,Nightlife
City,"Cape Town Region 276, South Africa",805648,Csb,2,May - September,A major global urban destination in South Africa known for its tourism appeal.,19.88,"Cape Town Region 276, South Africa",No,4.5,26128,https://www.visitcapetownregion276.com,"https://www.google.com/maps/search/Afghanistan,CultureCape+Town+Region+276",Family,Romantic,Food & Wine
City,"Seoul Region 277, South Korea",804842,Dwa,2,May - October,A major global urban destination in South Korea known for its tourism appeal.,18.77,"Seoul Region 277, South Korea",Yes,4.6,12032,https://www.visitseoulregion277.com,"https://www.google.com/maps/search/Afghanistan,CultureSeoul+Region+277",Family,Culture & Museums,Nightlife
City,"Barcelona Region 278, Spain",804037,Csa,2,"April - June, September - October",A major global urban destination in Spain known for its tourism appeal.,15.9,"Barcelona Region 278, Spain",No,3.8,15296,https://www.visitbarcelonaregion278.com,"https://www.google.com/maps/search/Afghanistan,CultureBarcelona+Region+278",City Break,Culture & Museums,Family
City,"Amsterdam Region 279, Netherlands",803233,Cfb,3,June - August,A major global urban destination in Netherlands known for its tourism appeal.,17.84,"Amsterdam Region 279, Netherlands",Yes,3.9,37488,https://www.visitamsterdamregion279.com,"https://www.google.com/maps/search/Afghanistan,CultureAmsterdam+Region+279",Romantic,Food & Wine,Nightlife
City,"Hong Kong Region 280, China",802430,Cwa,3,October - April,A major global urban destination in China known for its tourism appeal.,19.6,"Hong Kong Region 280, China",Yes,4.4,28461,https://www.visithongkongregion280.com,"https://www.google.com/maps/search/Afghanistan,CultureHong+Kong+Region+280",Food & Wine,City Break,Family
City,"Buenos Aires Region 281, Argentina",801628,Cfa,1,"March - May, September - November",A major global urban destination in Argentina known for its tourism appeal.,17.49,"Buenos Aires Region 281, Argentina",Yes,4.0,23563,https://www.visitbuenosairesregion281.com,"https://www.google.com/maps/search/Afghanistan,CultureBuenos+Aires+Region+281",City Break,Romantic,Culture & Museums
City,"Bali Region 282, Indonesia",800826,Aw,1,November - April,A major global urban destination in Indonesia known for its tourism appeal.,20.25,"Bali Region 282, Indonesia",No,4.5,31592,https://www.visitbaliregion282.com,"https://www.google.com/maps/search/Afghanistan,CultureBali+Region+282",Food & Wine,Nightlife,City Break
City,"Marrakech Region 283, Morocco",800025,BSh,1,October - March,A major global urban destination in Morocco known for its tourism appeal.,19.55,"Marrakech Region 283, Morocco",No,4.3,35226,https://www.visitmarrakechregion283.com,"https://www.google.com/maps/search/Afghanistan,CultureMarrakech+Region+283",Culture & Museums,Family,Food & Wine
City,"Cairo Region 284, Egypt",799225,BWh,1,November - March,A major global urban destination in Egypt known for its tourism appeal.,17.99,"Cairo Region 284, Egypt",No,4.0,31491,https://www.visitcairoregion284.com,"https://www.google.com/maps/search/Afghanistan,CultureCairo+Region+284",Food & Wine,Family,Romantic
City,"Hanoi Region 285, Vietnam",798426,Cwa,1,October - April,A major global urban destination in Vietnam known for its tourism appeal.,20.99,"Hanoi Region 285, Vietnam",Yes,4.7,29307,https://www.visithanoiregion285.com,"https://www.google.com/maps/search/Afghanistan,CultureHanoi+Region+285",Romantic,Culture & Museums,Food & Wine
City,"Vienna Region 286, Austria",797627,Cfb,3,June - August,A major global urban destination in Austria known for its tourism appeal.,16.89,"Vienna Region 286, Austria",Yes,3.9,21399,https://www.visitviennaregion286.com,"https://www.google.com/maps/search/Afghanistan,CultureVienna+Region+286",Romantic,Culture & Museums,Family
City,"Madrid Region 287, Spain",796830,Csa,2,"April - June, September - October",A major global urban destination in Spain known for its tourism appeal.,18.13,"Madrid Region 287, Spain",No,4.0,34159,https://www.visitmadridregion287.com,"https://www.google.com/maps/search/Afghanistan,CultureMadrid+Region+287",City Break,Nightlife,Food & Wine
City,"Antalya Region 288, Turkey",796033,Csa,1,"April - June, September - October",A major global urban destination in Turkey known for its tourism appeal.,17.54,"Antalya Region 288, Turkey",No,4.4,9668,https://www.visitantalyaregion288.com,"https://www.google.com/maps/search/Afghanistan,CultureAntalya+Region+288",Culture & Museums,Romantic,Family
City,"Jerusalem Region 289, Israel",795237,Csa,3,"April - June, September - October",A major global urban destination in Israel known for its tourism appeal.,17.45,"Jerusalem Region 289, Israel",No,4.1,18063,https://www.visitjerusalemregion289.com,"https://www.google.com/maps/search/Afghanistan,CultureJerusalem+Region+289",Romantic,Nightlife,City Break
City,"Paris Region 290, France",794442,Cfb,3,June - August,A major global urban destination in France known for its tourism appeal.,17.17,"Paris Region 290, France",No,3.9,25307,https://www.visitparisregion290.com,"https://www.google.com/maps/search/Afghanistan,CultureParis+Region+290",Family,Culture & Museums,Nightlife
City,"Cape Town Region 291, South Africa",793647,Csb,2,May - September,A major global urban destination in South Africa known for its tourism appeal.,20.12,"Cape Town Region 291, South Africa",Yes,4.7,19130,https://www.visitcapetownregion291.com,"https://www.google.com/maps/search/Afghanistan,CultureCape+Town+Region+291",Romantic,Family,Food & Wine
City,"Bali Region 292, Indonesia",792854,Aw,1,November - April,A major global urban destination in Indonesia known for its tourism appeal.,19.42,"Bali Region 292, Indonesia",Yes,4.3,32860,https://www.visitbaliregion292.com,"https://www.google.com/maps/search/Afghanistan,CultureBali+Region+292",Nightlife,Food & Wine,Family
City,"Pattaya Region 293, Thailand",792061,Aw,1,November - April,A major global urban destination in Thailand known for its tourism appeal.,18.74,"Pattaya Region 293, Thailand",No,4.2,29042,https://www.visitpattayaregion293.com,"https://www.google.com/maps/search/Afghanistan,CulturePattaya+Region+293",Culture & Museums,Romantic,City Break
City,"Jaipur Region 294, India",791269,BSh,1,October - March,A major global urban destination in India known for its tourism appeal.,18.91,"Jaipur Region 294, India",No,4.4,19873,https://www.visitjaipurregion294.com,"https://www.google.com/maps/search/Afghanistan,CultureJaipur+Region+294",Nightlife,Family,Food & Wine
City,"Milan Region 295, Italy",790477,Cfa,3,"March - May, September - November",A major global urban destination in Italy known for its tourism appeal.,19.93,"Milan Region 295, Italy",No,4.5,26866,https://www.visitmilanregion295.com,"https://www.google.com/maps/search/Afghanistan,CultureMilan+Region+295",Culture & Museums,Family,Food & Wine
City,"Dublin Region 296, Ireland",789687,Cfb,3,June - August,A major global urban destination in Ireland known for its tourism appeal.,17.03,"Dublin Region 296, Ireland",Yes,4.1,14284,https://www.visitdublinregion296.com,"https://www.google.com/maps/search/Afghanistan,CultureDublin+Region+296",City Break,Romantic,Family
City,"London Region 297, UK",788897,Cfb,4,June - August,A major global urban destination in UK known for its tourism appeal.,20.97,"London Region 297, UK",Yes,4.6,36261,https://www.visitlondonregion297.com,"https://www.google.com/maps/search/Afghanistan,CultureLondon+Region+297",Culture & Museums,Family,City Break
City,"San Francisco Region 298, USA",788108,Csb,4,May - September,A major global urban destination in USA known for its tourism appeal.,19.88,"San Francisco Region 298, USA",No,4.8,13885,https://www.visitsanfranciscoregion298.com,"https://www.google.com/maps/search/Afghanistan,CultureSan+Francisco+Region+298",Nightlife,City Break,Family
City,"Sydney Region 299, Australia",787320,Cfa,3,"March - May, September - November",A major global urban destination in Australia known for its tourism appeal.,20.41,"Sydney Region 299, Australia",Yes,4.5,34375,https://www.visitsydneyregion299.com,"https://www.google.com/maps/search/Afghanistan,CultureSydney+Region+299",City Break,Romantic,Family
City,"London Region 300, UK",786533,Cfb,4,June - August,A major global urban destination in UK known for its tourism appeal.,17.24,"London Region 300, UK",No,4.4,8268,https://www.visitlondonregion300.com,"https://www.google.com/maps/search/Afghanistan,CultureLondon+Region+300",Family,Culture & Museums,Nightlife
City,"Rome Region 301, Italy",785746,Csa,3,"April - June, September - October",A major global urban destination in Italy known for its tourism appeal.,15.69,"Rome Region 301, Italy",No,4.0,8383,https://www.visitromeregion301.com,"https://www.google.com/maps/search/Afghanistan,CultureRome+Region+301",Nightlife,Romantic,Family
City,"Kuala Lumpur Region 302, Malaysia",784961,Af,1,Year Round,A major global urban destination in Malaysia known for its tourism appeal.,18.56,"Kuala Lumpur Region 302, Malaysia",Yes,4.4,16488,https://www.visitkualalumpurregion302.com,"https://www.google.com/maps/search/Afghanistan,CultureKuala+Lumpur+Region+302",Romantic,Food & Wine,Nightlife
City,"Lisbon Region 303, Portugal",784176,Csa,2,"April - June, September - October",A major global urban destination in Portugal known for its tourism appeal.,16.87,"Lisbon Region 303, Portugal",No,3.8,27532,https://www.visitlisbonregion303.com,"https://www.google.com/maps/search/Afghanistan,CultureLisbon+Region+303",Family,Nightlife,Culture & Museums
City,"Prague Region 304, Czech Republic",783391,Cfb,2,June - August,A major global urban destination in Czech Republic known for its tourism appeal.,18.27,"Prague Region 304, Czech Republic",Yes,4.1,28510,https://www.visitpragueregion304.com,"https://www.google.com/maps/search/Afghanistan,CulturePrague+Region+304",Food & Wine,City Break,Culture & Museums
City,"Tokyo Region 305, Japan",782608,Cfa,3,"March - May, September - November",A major global urban destination in Japan known for its tourism appeal.,20.1,"Tokyo Region 305, Japan",Yes,4.7,18929,https://www.visittokyoregion305.com,"https://www.google.com/maps/search/Afghanistan,CultureTokyo+Region+305",Romantic,Nightlife,Food & Wine
City,"Bangkok Region 306, Thailand",781825,Aw,1,November - April,A major global urban destination in Thailand known for its tourism appeal.,20.7,"Bangkok Region 306, Thailand",Yes,4.9,16797,https://www.visitbangkokregion306.com,"https://www.google.com/maps/search/Afghanistan,CultureBangkok+Region+306",Nightlife,Family,City Break
City,"Hanoi Region 307, Vietnam",781044,Cwa,1,October - April,A major global urban destination in Vietnam known for its tourism appeal.,22.24,"Hanoi Region 307, Vietnam",Yes,4.9,34603,https://www.visithanoiregion307.com,"https://www.google.com/maps/search/Afghanistan,CultureHanoi+Region+307",City Break,Nightlife,Culture & Museums
City,"Pattaya Region 308, Thailand",780263,Aw,1,November - April,A major global urban destination in Thailand known for its tourism appeal.,16.37,"Pattaya Region 308, Thailand",No,3.8,20362,https://www.visitpattayaregion308.com,"https://www.google.com/maps/search/Afghanistan,CulturePattaya+Region+308",Culture & Museums,Nightlife,Romantic
City,"Lisbon Region 309, Portugal",779482,Csa,2,"April - June, September - October",A major global urban destination in Portugal known for its tourism appeal.,17.65,"Lisbon Region 309, Portugal",No,3.9,33638,https://www.visitlisbonregion309.com,"https://www.google.com/maps/search/Afghanistan,CultureLisbon+Region+309",Culture & Museums,Family,Romantic
City,"Las Vegas Region 310, USA",778703,BWk,3,May - September,A major global urban destination in USA known for its tourism appeal.,20.12,"Las Vegas Region 310, USA",Yes,4.6,23600,https://www.visitlasvegasregion310.com,"https://www.google.com/maps/search/Afghanistan,CultureLas+Vegas+Region+310",City Break,Food & Wine,Culture & Museums
City,"Las Vegas Region 311, USA",777924,BWk,3,May - September,A major global urban destination in USA known for its tourism appeal.,16.61,"Las Vegas Region 311, USA",Yes,4.1,11222,https://www.visitlasvegasregion311.com,"https://www.google.com/maps/search/Afghanistan,CultureLas+Vegas+Region+311",Food & Wine,City Break,Romantic
City,"Miami Region 312, USA",777146,Am,3,December - March,A major global urban destination in USA known for its tourism appeal.,18.55,"Miami Region 312, USA",No,4.3,20626,https://www.visitmiamiregion312.com,"https://www.google.com/maps/search/Afghanistan,CultureMiami+Region+312",Family,Food & Wine,Culture & Museums
City,"Athens Region 313, Greece",776369,Csa,2,"April - June, September - October",A major global urban destination in Greece known for its tourism appeal.,19.87,"Athens Region 313, Greece",No,4.6,20901,https://www.visitathensregion313.com,"https://www.google.com/maps/search/Afghanistan,CultureAthens+Region+313",Romantic,Nightlife,Culture & Museums
City,"Amsterdam Region 314, Netherlands",775593,Cfb,3,June - August,A major global urban destination in Netherlands known for its tourism appeal.,16.72,"Amsterdam Region 314, Netherlands",No,4.0,15143,https://www.visitamsterdamregion314.com,"https://www.google.com/maps/search/Afghanistan,CultureAmsterdam+Region+314",Family,Romantic,Nightlife
City,"Buenos Aires Region 315, Argentina",774817,Cfa,1,"March - May, September - November",A major global urban destination in Argentina known for its tourism appeal.,18.54,"Buenos Aires Region 315, Argentina",No,4.2,25974,https://www.visitbuenosairesregion315.com,"https://www.google.com/maps/search/Afghanistan,CultureBuenos+Aires+Region+315",City Break,Culture & Museums,Nightlife
City,"Jerusalem Region 316, Israel",774042,Csa,3,"April - June, September - October",A major global urban destination in Israel known for its tourism appeal.,20.43,"Jerusalem Region 316, Israel",No,4.6,27689,https://www.visitjerusalemregion316.com,"https://www.google.com/maps/search/Afghanistan,CultureJerusalem+Region+316",Food & Wine,Romantic,Culture & Museums
City,"Kuala Lumpur Region 317, Malaysia",773268,Af,1,Year Round,A major global urban destination in Malaysia known for its tourism appeal.,19.22,"Kuala Lumpur Region 317, Malaysia",No,4.9,8378,https://www.visitkualalumpurregion317.com,"https://www.google.com/maps/search/Afghanistan,CultureKuala+Lumpur+Region+317",Food & Wine,Nightlife,Culture & Museums
City,"Hong Kong Region 318, China",772495,Cwa,3,October - April,A major global urban destination in China known for its tourism appeal.,18.29,"Hong Kong Region 318, China",Yes,4.4,14324,https://www.visithongkongregion318.com,"https://www.google.com/maps/search/Afghanistan,CultureHong+Kong+Region+318",Nightlife,Family,City Break
City,"Antalya Region 319, Turkey",771723,Csa,1,"April - June, September - October",A major global urban destination in Turkey known for its tourism appeal.,21.59,"Antalya Region 319, Turkey",No,4.9,25443,https://www.visitantalyaregion319.com,"https://www.google.com/maps/search/Afghanistan,CultureAntalya+Region+319",Romantic,Culture & Museums,Food & Wine
City,"Milan Region 320, Italy",770951,Cfa,3,"March - May, September - November",A major global urban destination in Italy known for its tourism appeal.,18.97,"Milan Region 320, Italy",Yes,4.3,25758,https://www.visitmilanregion320.com,"https://www.google.com/maps/search/Afghanistan,CultureMilan+Region+320",Romantic,Family,Nightlife
City,"Munich Region 321, Germany",770180,Cfb,3,June - August,A major global urban destination in Germany known for its tourism appeal.,16.48,"Munich Region 321, Germany",No,4.0,13175,https://www.visitmunichregion321.com,"https://www.google.com/maps/search/Afghanistan,CultureMunich+Region+321",Nightlife,Family,City Break
City,"Barcelona Region 322, Spain",769410,Csa,2,"April - June, September - October",A major global urban destination in Spain known for its tourism appeal.,17.87,"Barcelona Region 322, Spain",No,4.1,22776,https://www.visitbarcelonaregion322.com,"https://www.google.com/maps/search/Afghanistan,CultureBarcelona+Region+322",Family,Culture & Museums,Nightlife
City,"Toronto Region 323, Canada",768640,Dfa,3,May - September,A major global urban destination in Canada known for its tourism appeal.,19.44,"Toronto Region 323, Canada",No,4.4,26194,https://www.visittorontoregion323.com,"https://www.google.com/maps/search/Afghanistan,CultureToronto+Region+323",Culture & Museums,Food & Wine,Family
City,"Seoul Region 324, South Korea",767872,Dwa,2,May - October,A major global urban destination in South Korea known for its tourism appeal.,21.07,"Seoul Region 324, South Korea",Yes,4.6,37995,https://www.visitseoulregion324.com,"https://www.google.com/maps/search/Afghanistan,CultureSeoul+Region+324",Family,Romantic,Nightlife
City,"London Region 325, UK",767104,Cfb,4,June - August,A major global urban destination in UK known for its tourism appeal.,19.93,"London Region 325, UK",Yes,4.8,14191,https://www.visitlondonregion325.com,"https://www.google.com/maps/search/Afghanistan,CultureLondon+Region+325",Culture & Museums,Romantic,Family
City,"Palma de Mallorca Region 326, Spain",766337,Csa,2,"April - June, September - October",A major global urban destination in Spain known for its tourism appeal.,18.16,"Palma de Mallorca Region 326, Spain",Yes,4.0,34683,https://www.visitpalmademallorcaregion326.com,"https://www.google.com/maps/search/Afghanistan,CulturePalma+de+Mallorca+Region+326",Nightlife,City Break,Culture & Museums
City,"Phuket Region 327, Thailand",765570,Am,1,December - March,A major global urban destination in Thailand known for its tourism appeal.,20.48,"Phuket Region 327, Thailand",Yes,4.7,22745,https://www.visitphuketregion327.com,"https://www.google.com/maps/search/Afghanistan,CulturePhuket+Region+327",Family,Romantic,Nightlife
City,"Tokyo Region 328, Japan",764805,Cfa,3,"March - May, September - November",A major global urban destination in Japan known for its tourism appeal.,18.66,"Tokyo Region 328, Japan",No,4.2,27758,https://www.visittokyoregion328.com,"https://www.google.com/maps/search/Afghanistan,CultureTokyo+Region+328",City Break,Food & Wine,Family
City,"Madrid Region 329, Spain",764040,Csa,2,"April - June, September - October",A major global urban destination in Spain known for its tourism appeal.,20.86,"Madrid Region 329, Spain",Yes,4.8,22184,https://www.visitmadridregion329.com,"https://www.google.com/maps/search/Afghanistan,CultureMadrid+Region+329",Culture & Museums,Food & Wine,Romantic
City,"San Francisco Region 330, USA",763276,Csb,4,May - September,A major global urban destination in USA known for its tourism appeal.,21.2,"San Francisco Region 330, USA",Yes,4.8,26098,https://www.visitsanfranciscoregion330.com,"https://www.google.com/maps/search/Afghanistan,CultureSan+Francisco+Region+330",City Break,Romantic,Family
City,"Paris Region 331, France",762513,Cfb,3,June - August,A major global urban destination in France known for its tourism appeal.,18.05,"Paris Region 331, France",No,4.6,8387,https://www.visitparisregion331.com,"https://www.google.com/maps/search/Afghanistan,CultureParis+Region+331",Nightlife,Romantic,Culture & Museums
City,"Paris Region 332, France",761750,Cfb,3,June - August,A major global urban destination in France known for its tourism appeal.,16.95,"Paris Region 332, France",Yes,3.8,28896,https://www.visitparisregion332.com,"https://www.google.com/maps/search/Afghanistan,CultureParis+Region+332",Family,Romantic,City Break
City,"Warsaw Region 333, Poland",760988,Dfb,2,June - August,A major global urban destination in Poland known for its tourism appeal.,19.9,"Warsaw Region 333, Poland",Yes,4.4,33396,https://www.visitwarsawregion333.com,"https://www.google.com/maps/search/Afghanistan,CultureWarsaw+Region+333",Family,Romantic,Food & Wine
City,"Lisbon Region 334, Portugal",760227,Csa,2,"April - June, September - October",A major global urban destination in Portugal known for its tourism appeal.,18.13,"Lisbon Region 334, Portugal",No,4.2,20783,https://www.visitlisbonregion334.com,"https://www.google.com/maps/search/Afghanistan,CultureLisbon+Region+334",Culture & Museums,Nightlife,Romantic
City,"Buenos Aires Region 335, Argentina",759467,Cfa,1,"March - May, September - November",A major global urban destination in Argentina known for its tourism appeal.,17.35,"Buenos Aires Region 335, Argentina",Yes,4.4,8770,https://www.visitbuenosairesregion335.com,"https://www.google.com/maps/search/Afghanistan,CultureBuenos+Aires+Region+335",Nightlife,City Break,Food & Wine
City,"Florence Region 336, Italy",758708,Cfa,3,"March - May, September - November",A major global urban destination in Italy known for its tourism appeal.,20.05,"Florence Region 336, Italy",No,4.5,28497,https://www.visitflorenceregion336.com,"https://www.google.com/maps/search/Afghanistan,CultureFlorence+Region+336",Romantic,Culture & Museums,City Break
City,"Amsterdam Region 337, Netherlands",757949,Cfb,3,June - August,A major global urban destination in Netherlands known for its tourism appeal.,18.69,"Amsterdam Region 337, Netherlands",No,4.3,22159,https://www.visitamsterdamregion337.com,"https://www.google.com/maps/search/Afghanistan,CultureAmsterdam+Region+337",Family,Culture & Museums,City Break
City,"Berlin Region 338, Germany",757191,Cfb,2,June - August,A major global urban destination in Germany known for its tourism appeal.,20.27,"Berlin Region 338, Germany",Yes,4.5,32002,https://www.visitberlinregion338.com,"https://www.google.com/maps/search/Afghanistan,CultureBerlin+Region+338",Romantic,City Break,Food & Wine
City,"Palma de Mallorca Region 339, Spain",756434,Csa,2,"April - June, September - October",A major global urban destination in Spain known for its tourism appeal.,17.58,"Palma de Mallorca Region 339, Spain",No,3.9,32159,https://www.visitpalmademallorcaregion339.com,"https://www.google.com/maps/search/Afghanistan,CulturePalma+de+Mallorca+Region+339",Family,City Break,Food & Wine
City,"Mexico City Region 340, Mexico",755677,Cwb,1,April - October,A major global urban destination in Mexico known for its tourism appeal.,19.48,"Mexico City Region 340, Mexico",Yes,4.3,33946,https://www.visitmexicocityregion340.com,"https://www.google.com/maps/search/Afghanistan,CultureMexico+City+Region+340",Family,Romantic,Culture & Museums
City,"Ho Chi Minh City Region 341, Vietnam",754922,Aw,1,November - April,A major global urban destination in Vietnam known for its tourism appeal.,18.05,"Ho Chi Minh City Region 341, Vietnam",Yes,4.4,12658,https://www.visithochiminhcityregion341.com,"https://www.google.com/maps/search/Afghanistan,CultureHo+Chi+Minh+City+Region+341",Family,Food & Wine,City Break
City,"New Delhi Region 342, India",754167,BSh,1,October - March,A major global urban destination in India known for its tourism appeal.,17.55,"New Delhi Region 342, India",No,4.0,24351,https://www.visitnewdelhiregion342.com,"https://www.google.com/maps/search/Afghanistan,CultureNew+Delhi+Region+342",Nightlife,Family,Food & Wine
City,"Mumbai Region 343, India",753413,Aw,1,November - April,A major global urban destination in India known for its tourism appeal.,15.57,"Mumbai Region 343, India",Yes,4.0,7786,https://www.visitmumbairegion343.com,"https://www.google.com/maps/search/Afghanistan,CultureMumbai+Region+343",Romantic,Culture & Museums,Food & Wine
City,"Milan Region 344, Italy",752659,Cfa,3,"March - May, September - November",A major global urban destination in Italy known for its tourism appeal.,19.62,"Milan Region 344, Italy",Yes,4.5,22942,https://www.visitmilanregion344.com,"https://www.google.com/maps/search/Afghanistan,CultureMilan+Region+344",Food & Wine,Family,Culture & Museums
City,"Jaipur Region 345, India",751907,BSh,1,October - March,A major global urban destination in India known for its tourism appeal.,18.04,"Jaipur Region 345, India",Yes,4.5,10203,https://www.visitjaipurregion345.com,"https://www.google.com/maps/search/Afghanistan,CultureJaipur+Region+345",Culture & Museums,City Break,Romantic
City,"Bangalore Region 346, India",751155,Aw,1,November - April,A major global urban destination in India known for its tourism appeal.,16.41,"Bangalore Region 346, India",Yes,3.8,20838,https://www.visitbangaloreregion346.com,"https://www.google.com/maps/search/Afghanistan,CultureBangalore+Region+346",Family,Nightlife,Food & Wine
City,"Munich Region 347, Germany",750403,Cfb,3,June - August,A major global urban destination in Germany known for its tourism appeal.,19.53,"Munich Region 347, Germany",Yes,4.7,14281,https://www.visitmunichregion347.com,"https://www.google.com/maps/search/Afghanistan,CultureMunich+Region+347",Family,Food & Wine,Nightlife
City,"Mexico City Region 348, Mexico",749653,Cwb,1,April - October,A major global urban destination in Mexico known for its tourism appeal.,17.84,"Mexico City Region 348, Mexico",Yes,4.1,22509,https://www.visitmexicocityregion348.com,"https://www.google.com/maps/search/Afghanistan,CultureMexico+City+Region+348",Romantic,Food & Wine,Family
City,"Warsaw Region 349, Poland",748903,Dfb,2,June - August,A major global urban destination in Poland known for its tourism appeal.,17.32,"Warsaw Region 349, Poland",Yes,3.9,27653,https://www.visitwarsawregion349.com,"https://www.google.com/maps/search/Afghanistan,CultureWarsaw+Region+349",Nightlife,Romantic,City Break
City,"Phuket Region 350, Thailand",748155,Am,1,December - March,A major global urban destination in Thailand known for its tourism appeal.,17.52,"Phuket Region 350, Thailand",No,4.5,7818,https://www.visitphuketregion350.com,"https://www.google.com/maps/search/Afghanistan,CulturePhuket+Region+350",Nightlife,Family,Food & Wine
City,"New York City Region 351, USA",747406,Cfa,4,"March - May, September - November",A major global urban destination in USA known for its tourism appeal.,20.61,"New York City Region 351, USA",No,4.6,30276,https://www.visitnewyorkcityregion351.com,"https://www.google.com/maps/search/Afghanistan,CultureNew+York+City+Region+351",Culture & Museums,City Break,Romantic
City,"Kyoto Region 352, Japan",746659,Cfa,2,"March - May, September - November",A major global urban destination in Japan known for its tourism appeal.,20.25,"Kyoto Region 352, Japan",Yes,4.6,25183,https://www.visitkyotoregion352.com,"https://www.google.com/maps/search/Afghanistan,CultureKyoto+Region+352",Romantic,City Break,Family
City,"Jaipur Region 353, India",745912,BSh,1,October - March,A major global urban destination in India known for its tourism appeal.,16.3,"Jaipur Region 353, India",No,3.9,15080,https://www.visitjaipurregion353.com,"https://www.google.com/maps/search/Afghanistan,CultureJaipur+Region+353",Romantic,Culture & Museums,Family
City,"Istanbul Region 354, Turkey",745166,Csa,1,"April - June, September - October",A major global urban destination in Turkey known for its tourism appeal.,19.0,"Istanbul Region 354, Turkey",No,4.4,20845,https://www.visitistanbulregion354.com,"https://www.google.com/maps/search/Afghanistan,CultureIstanbul+Region+354",City Break,Family,Nightlife
City,"Dublin Region 355, Ireland",744421,Cfb,3,June - August,A major global urban destination in Ireland known for its tourism appeal.,18.69,"Dublin Region 355, Ireland",No,4.1,36262,https://www.visitdublinregion355.com,"https://www.google.com/maps/search/Afghanistan,CultureDublin+Region+355",Family,Culture & Museums,Nightlife
City,"Cape Town Region 356, South Africa",743677,Csb,2,May - September,A major global urban destination in South Africa known for its tourism appeal.,15.27,"Cape Town Region 356, South Africa",Yes,3.8,10429,https://www.visitcapetownregion356.com,"https://www.google.com/maps/search/Afghanistan,CultureCape+Town+Region+356",Romantic,Family,Culture & Museums
City,"Cape Town Region 357, South Africa",742933,Csb,2,May - September,A major global urban destination in South Africa known for its tourism appeal.,16.13,"Cape Town Region 357, South Africa",No,3.9,13664,https://www.visitcapetownregion357.com,"https://www.google.com/maps/search/Afghanistan,CultureCape+Town+Region+357",City Break,Family,Romantic
City,"Stockholm Region 358, Sweden",742190,Dfb,4,June - August,A major global urban destination in Sweden known for its tourism appeal.,16.25,"Stockholm Region 358, Sweden",No,3.9,14674,https://www.visitstockholmregion358.com,"https://www.google.com/maps/search/Afghanistan,CultureStockholm+Region+358",Nightlife,Culture & Museums,Food & Wine
City,"Las Vegas Region 359, USA",741448,BWk,3,May - September,A major global urban destination in USA known for its tourism appeal.,16.54,"Las Vegas Region 359, USA",No,4.1,10815,https://www.visitlasvegasregion359.com,"https://www.google.com/maps/search/Afghanistan,CultureLas+Vegas+Region+359",City Break,Romantic,Food & Wine
City,"Venice Region 360, Italy",740707,Cfa,3,"March - May, September - November",A major global urban destination in Italy known for its tourism appeal.,15.45,"Venice Region 360, Italy",No,3.9,9147,https://www.visitveniceregion360.com,"https://www.google.com/maps/search/Afghanistan,CultureVenice+Region+360",Culture & Museums,Family,Romantic
City,"Dubai Region 361, UAE",739966,BWh,4,November - March,A major global urban destination in UAE known for its tourism appeal.,19.71,"Dubai Region 361, UAE",Yes,4.4,30223,https://www.visitdubairegion361.com,"https://www.google.com/maps/search/Afghanistan,CultureDubai+Region+361",Family,Food & Wine,Culture & Museums
City,"Lisbon Region 362, Portugal",739226,Csa,2,"April - June, September - October",A major global urban destination in Portugal known for its tourism appeal.,17.8,"Lisbon Region 362, Portugal",Yes,4.0,28103,https://www.visitlisbonregion362.com,"https://www.google.com/maps/search/Afghanistan,CultureLisbon+Region+362",Romantic,Culture & Museums,Nightlife
City,"Miami Region 363, USA",738487,Am,3,December - March,A major global urban destination in USA known for its tourism appeal.,17.45,"Miami Region 363, USA",No,4.2,14291,https://www.visitmiamiregion363.com,"https://www.google.com/maps/search/Afghanistan,CultureMiami+Region+363",Nightlife,Family,Food & Wine
City,"Antalya Region 364, Turkey",737748,Csa,1,"April - June, September - October",A major global urban destination in Turkey known for its tourism appeal.,20.41,"Antalya Region 364, Turkey",Yes,4.9,14658,https://www.visitantalyaregion364.com,"https://www.google.com/maps/search/Afghanistan,CultureAntalya+Region+364",Family,Food & Wine,Nightlife
City,"Miami Region 365, USA",737010,Am,3,December - March,A major global urban destination in USA known for its tourism appeal.,19.36,"Miami Region 365, USA",Yes,4.4,25123,https://www.visitmiamiregion365.com,"https://www.google.com/maps/search/Afghanistan,CultureMiami+Region+365",City Break,Nightlife,Family
City,"Warsaw Region 366, Poland",736273,Dfb,2,June - August,A major global urban destination in Poland known for its tourism appeal.,20.93,"Warsaw Region 366, Poland",No,4.9,18667,https://www.visitwarsawregion366.com,"https://www.google.com/maps/search/Afghanistan,CultureWarsaw+Region+366",Family,City Break,Food & Wine
City,"Taipei Region 367, Taiwan",735537,Cfa,2,"March - May, September - November",A major global urban destination in Taiwan known for its tourism appeal.,21.53,"Taipei Region 367, Taiwan",Yes,4.9,24776,https://www.visittaipeiregion367.com,"https://www.google.com/maps/search/Afghanistan,CultureTaipei+Region+367",Romantic,City Break,Culture & Museums
City,"Stockholm Region 368, Sweden",734802,Dfb,4,June - August,A major global urban destination in Sweden known for its tourism appeal.,20.05,"Stockholm Region 368, Sweden",Yes,4.4,36091,https://www.visitstockholmregion368.com,"https://www.google.com/maps/search/Afghanistan,CultureStockholm+Region+368",Family,Romantic,Food & Wine
City,"Sydney Region 369, Australia",734067,Cfa,3,"March - May, September - November",A major global urban destination in Australia known for its tourism appeal.,18.57,"Sydney Region 369, Australia",No,4.1,33784,https://www.visitsydneyregion369.com,"https://www.google.com/maps/search/Afghanistan,CultureSydney+Region+369",Nightlife,City Break,Food & Wine
City,"Phuket Region 370, Thailand",733333,Am,1,December - March,A major global urban destination in Thailand known for its tourism appeal.,18.16,"Phuket Region 370, Thailand",Yes,4.2,21061,https://www.visitphuketregion370.com,"https://www.google.com/maps/search/Afghanistan,CulturePhuket+Region+370",Family,Culture & Museums,Nightlife
City,"Prague Region 371, Czech Republic",732599,Cfb,2,June - August,A major global urban destination in Czech Republic known for its tourism appeal.,21.37,"Prague Region 371, Czech Republic",Yes,4.9,22972,https://www.visitpragueregion371.com,"https://www.google.com/maps/search/Afghanistan,CulturePrague+Region+371",Romantic,Nightlife,Food & Wine
City,"Bangalore Region 372, India",731867,Aw,1,November - April,A major global urban destination in India known for its tourism appeal.,16.79,"Bangalore Region 372, India",No,4.2,9939,https://www.visitbangaloreregion372.com,"https://www.google.com/maps/search/Afghanistan,CultureBangalore+Region+372",Nightlife,Culture & Museums,Romantic
City,"Tokyo Region 373, Japan",731135,Cfa,3,"March - May, September - November",A major global urban destination in Japan known for its tourism appeal.,19.31,"Tokyo Region 373, Japan",Yes,4.4,24436,https://www.visittokyoregion373.com,"https://www.google.com/maps/search/Afghanistan,CultureTokyo+Region+373",Romantic,Family,Nightlife
City,"Toronto Region 374, Canada",730404,Dfa,3,May - September,A major global urban destination in Canada known for its tourism appeal.,21.0,"Toronto Region 374, Canada",No,4.7,29409,https://www.visittorontoregion374.com,"https://www.google.com/maps/search/Afghanistan,CultureToronto+Region+374",Nightlife,Family,City Break
City,"Antalya Region 375, Turkey",729673,Csa,1,"April - June, September - October",A major global urban destination in Turkey known for its tourism appeal.,21.09,"Antalya Region 375, Turkey",No,4.7,30749,https://www.visitantalyaregion375.com,"https://www.google.com/maps/search/Afghanistan,CultureAntalya+Region+375",Nightlife,Romantic,Culture & Museums
City,"Bangkok Region 376, Thailand",728944,Aw,1,November - April,A major global urban destination in Thailand known for its tourism appeal.,20.34,"Bangkok Region 376, Thailand",No,4.7,21248,https://www.visitbangkokregion376.com,"https://www.google.com/maps/search/Afghanistan,CultureBangkok+Region+376",Romantic,City Break,Family
City,"Phuket Region 377, Thailand",728215,Am,1,December - March,A major global urban destination in Thailand known for its tourism appeal.,18.99,"Phuket Region 377, Thailand",No,4.4,20710,https://www.visitphuketregion377.com,"https://www.google.com/maps/search/Afghanistan,CulturePhuket+Region+377",Romantic,City Break,Nightlife
City,"New Delhi Region 378, India",727487,BSh,1,October - March,A major global urban destination in India known for its tourism appeal.,19.2,"New Delhi Region 378, India",Yes,4.7,12185,https://www.visitnewdelhiregion378.com,"https://www.google.com/maps/search/Afghanistan,CultureNew+Delhi+Region+378",Nightlife,Culture & Museums,Family
City,"Shanghai Region 379, China",726759,Cfa,2,"March - May, September - November",A major global urban destination in China known for its tourism appeal.,18.99,"Shanghai Region 379, China",Yes,4.4,20712,https://www.visitshanghairegion379.com,"https://www.google.com/maps/search/Afghanistan,CultureShanghai+Region+379",Nightlife,Family,Food & Wine
City,"Lisbon Region 380, Portugal",726032,Csa,2,"April - June, September - October",A major global urban destination in Portugal known for its tourism appeal.,15.55,"Lisbon Region 380, Portugal",Yes,3.9,9719,https://www.visitlisbonregion380.com,"https://www.google.com/maps/search/Afghanistan,CultureLisbon+Region+380",Romantic,Family,Culture & Museums
City,"Barcelona Region 381, Spain",725306,Csa,2,"April - June, September - October",A major global urban destination in Spain known for its tourism appeal.,18.14,"Barcelona Region 381, Spain",Yes,4.4,13290,https://www.visitbarcelonaregion381.com,"https://www.google.com/maps/search/Afghanistan,CultureBarcelona+Region+381",City Break,Romantic,Family
City,"Lisbon Region 382, Portugal",724581,Csa,2,"April - June, September - October",A major global urban destination in Portugal known for its tourism appeal.,18.64,"Lisbon Region 382, Portugal",Yes,4.4,17255,https://www.visitlisbonregion382.com,"https://www.google.com/maps/search/Afghanistan,CultureLisbon+Region+382",Romantic,Food & Wine,Family
City,"New Delhi Region 383, India",723856,BSh,1,October - March,A major global urban destination in India known for its tourism appeal.,18.53,"New Delhi Region 383, India",Yes,4.3,20409,https://www.visitnewdelhiregion383.com,"https://www.google.com/maps/search/Afghanistan,CultureNew+Delhi+Region+383",Family,City Break,Nightlife
City,"Vienna Region 384, Austria",723133,Cfb,3,June - August,A major global urban destination in Austria known for its tourism appeal.,21.46,"Vienna Region 384, Austria",Yes,4.8,29611,https://www.visitviennaregion384.com,"https://www.google.com/maps/search/Afghanistan,CultureVienna+Region+384",City Break,Culture & Museums,Romantic
City,"Kyoto Region 385, Japan",722409,Cfa,2,"March - May, September - November",A major global urban destination in Japan known for its tourism appeal.,17.03,"Kyoto Region 385, Japan",Yes,4.3,9144,https://www.visitkyotoregion385.com,"https://www.google.com/maps/search/Afghanistan,CultureKyoto+Region+385",Nightlife,City Break,Romantic
City,"Singapore Region 386, Singapore",721687,Af,4,Year Round,A major global urban destination in Singapore known for its tourism appeal.,18.47,"Singapore Region 386, Singapore",No,4.1,31954,https://www.visitsingaporeregion386.com,"https://www.google.com/maps/search/Afghanistan,CultureSingapore+Region+386",Family,Nightlife,Food & Wine
City,"London Region 387, UK",720965,Cfb,4,June - August,A major global urban destination in UK known for its tourism appeal.,16.82,"London Region 387, UK",No,4.3,8158,https://www.visitlondonregion387.com,"https://www.google.com/maps/search/Afghanistan,CultureLondon+Region+387",Food & Wine,Nightlife,Family
City,"Mexico City Region 388, Mexico",720244,Cwb,1,April - October,A major global urban destination in Mexico known for its tourism appeal.,19.86,"Mexico City Region 388, Mexico",Yes,4.4,32692,https://www.visitmexicocityregion388.com,"https://www.google.com/maps/search/Afghanistan,CultureMexico+City+Region+388",Nightlife,Food & Wine,Culture & Museums
City,"Shanghai Region 389, China",719524,Cfa,2,"March - May, September - November",A major global urban destination in China known for its tourism appeal.,19.9,"Shanghai Region 389, China",No,4.7,17104,https://www.visitshanghairegion389.com,"https://www.google.com/maps/search/Afghanistan,CultureShanghai+Region+389",City Break,Nightlife,Culture & Museums
City,"Paris Region 390, France",718805,Cfb,3,June - August,A major global urban destination in France known for its tourism appeal.,20.96,"Paris Region 390, France",No,4.7,28846,https://www.visitparisregion390.com,"https://www.google.com/maps/search/Afghanistan,CultureParis+Region+390",Food & Wine,Family,Culture & Museums
City,"Mecca Region 391, Saudi Arabia",718086,BWh,2,November - March,A major global urban destination in Saudi Arabia known for its tourism appeal.,16.14,"Mecca Region 391, Saudi Arabia",No,3.8,17635,https://www.visitmeccaregion391.com,"https://www.google.com/maps/search/Afghanistan,CultureMecca+Region+391",Food & Wine,Nightlife,City Break
City,"Athens Region 392, Greece",717368,Csa,2,"April - June, September - October",A major global urban destination in Greece known for its tourism appeal.,15.19,"Athens Region 392, Greece",No,3.8,9961,https://www.visitathensregion392.com,"https://www.google.com/maps/search/Afghanistan,CultureAthens+Region+392",Nightlife,Romantic,Food & Wine
City,"Jaipur Region 393, India",716650,BSh,1,October - March,A major global urban destination in India known for its tourism appeal.,17.24,"Jaipur Region 393, India",Yes,3.8,34365,https://www.visitjaipurregion393.com,"https://www.google.com/maps/search/Afghanistan,CultureJaipur+Region+393",City Break,Nightlife,Food & Wine
City,"Las Vegas Region 394, USA",715934,BWk,3,May - September,A major global urban destination in USA known for its tourism appeal.,16.33,"Las Vegas Region 394, USA",Yes,4.0,12102,https://www.visitlasvegasregion394.com,"https://www.google.com/maps/search/Afghanistan,CultureLas+Vegas+Region+394",Culture & Museums,City Break,Nightlife
City,"Bangkok Region 395, Thailand",715218,Aw,1,November - April,A major global urban destination in Thailand known for its tourism appeal.,20.74,"Bangkok Region 395, Thailand",No,4.7,25913,https://www.visitbangkokregion395.com,"https://www.google.com/maps/search/Afghanistan,CultureBangkok+Region+395",Romantic,Nightlife,Family
City,"Marrakech Region 396, Morocco",714502,BSh,1,October - March,A major global urban destination in Morocco known for its tourism appeal.,16.9,"Marrakech Region 396, Morocco",Yes,4.0,16754,https://www.visitmarrakechregion396.com,"https://www.google.com/maps/search/Afghanistan,CultureMarrakech+Region+396",Culture & Museums,Food & Wine,Family
City,"Bangalore Region 397, India",713788,Aw,1,November - April,A major global urban destination in India known for its tourism appeal.,20.43,"Bangalore Region 397, India",No,4.9,14738,https://www.visitbangaloreregion397.com,"https://www.google.com/maps/search/Afghanistan,CultureBangalore+Region+397",Food & Wine,Nightlife,Romantic
City,"Venice Region 398, Italy",713074,Cfa,3,"March - May, September - November",A major global urban destination in Italy known for its tourism appeal.,20.84,"Venice Region 398, Italy",No,4.7,27113,https://www.visitveniceregion398.com,"https://www.google.com/maps/search/Afghanistan,CultureVenice+Region+398",Food & Wine,Family,Romantic
City,"Miami Region 399, USA",712361,Am,3,December - March,A major global urban destination in USA known for its tourism appeal.,19.5,"Miami Region 399, USA",Yes,4.3,34302,https://www.visitmiamiregion399.com,"https://www.google.com/maps/search/Afghanistan,CultureMiami+Region+399",Food & Wine,Nightlife,Family
City,"Miami Region 400, USA",711649,Am,3,December - March,A major global urban destination in USA known for its tourism appeal.,19.77,"Miami Region 400, USA",No,4.4,31105,https://www.visitmiamiregion400.com,"https://www.google.com/maps/search/Afghanistan,CultureMiami+Region+400",Family,Nightlife,Culture & Museums
City,"Marrakech Region 401, Morocco",710937,BSh,1,October - March,A major global urban destination in Morocco known for its tourism appeal.,19.26,"Marrakech Region 401, Morocco",No,4.4,23840,https://www.visitmarrakechregion401.com,"https://www.google.com/maps/search/Afghanistan,CultureMarrakech+Region+401",Food & Wine,City Break,Romantic
City,"Taipei Region 402, Taiwan",710226,Cfa,2,"March - May, September - November",A major global urban destination in Taiwan known for its tourism appeal.,17.45,"Taipei Region 402, Taiwan",No,4.3,11407,https://www.visittaipeiregion402.com,"https://www.google.com/maps/search/Afghanistan,CultureTaipei+Region+402",Food & Wine,Family,Romantic
City,"Budapest Region 403, Hungary",709516,Cfb,2,June - August,A major global urban destination in Hungary known for its tourism appeal.,21.47,"Budapest Region 403, Hungary",No,4.8,29702,https://www.visitbudapestregion403.com,"https://www.google.com/maps/search/Afghanistan,CultureBudapest+Region+403",Food & Wine,Romantic,Culture & Museums
City,"Cairo Region 404, Egypt",708806,BWh,1,November - March,A major global urban destination in Egypt known for its tourism appeal.,18.9,"Cairo Region 404, Egypt",Yes,4.5,15841,https://www.visitcairoregion404.com,"https://www.google.com/maps/search/Afghanistan,CultureCairo+Region+404",City Break,Culture & Museums,Family
City,"Amsterdam Region 405, Netherlands",708098,Cfb,3,June - August,A major global urban destination in Netherlands known for its tourism appeal.,17.18,"Amsterdam Region 405, Netherlands",Yes,3.9,25413,https://www.visitamsterdamregion405.com,"https://www.google.com/maps/search/Afghanistan,CultureAmsterdam+Region+405",Food & Wine,Culture & Museums,Family
City,"Palma de Mallorca Region 406, Spain",707390,Csa,2,"April - June, September - October",A major global urban destination in Spain known for its tourism appeal.,18.84,"Palma de Mallorca Region 406, Spain",Yes,4.3,24008,https://www.visitpalmademallorcaregion406.com,"https://www.google.com/maps/search/Afghanistan,CulturePalma+de+Mallorca+Region+406",Nightlife,City Break,Romantic
City,"Rio de Janeiro Region 407, Brazil",706682,Aw,1,November - April,A major global urban destination in Brazil known for its tourism appeal.,16.99,"Rio de Janeiro Region 407, Brazil",No,4.0,17710,https://www.visitriodejaneiroregion407.com,"https://www.google.com/maps/search/Afghanistan,CultureRio+de+Janeiro+Region+407",Culture & Museums,Nightlife,Romantic
City,"Rio de Janeiro Region 408, Brazil",705975,Aw,1,November - April,A major global urban destination in Brazil known for its tourism appeal.,21.47,"Rio de Janeiro Region 408, Brazil",No,4.8,29762,https://www.visitriodejaneiroregion408.com,"https://www.google.com/maps/search/Afghanistan,CultureRio+de+Janeiro+Region+408",Culture & Museums,Romantic,Family
City,"Lisbon Region 409, Portugal",705269,Csa,2,"April - June, September - October",A major global urban destination in Portugal known for its tourism appeal.,17.05,"Lisbon Region 409, Portugal",Yes,3.9,23483,https://www.visitlisbonregion409.com,"https://www.google.com/maps/search/Afghanistan,CultureLisbon+Region+409",City Break,Romantic,Family
City,"Warsaw Region 410, Poland",704564,Dfb,2,June - August,A major global urban destination in Poland known for its tourism appeal.,19.99,"Warsaw Region 410, Poland",No,4.6,22137,https://www.visitwarsawregion410.com,"https://www.google.com/maps/search/Afghanistan,CultureWarsaw+Region+410",City Break,Culture & Museums,Nightlife
City,"Venice Region 411, Italy",703860,Cfa,3,"March - May, September - November",A major global urban destination in Italy known for its tourism appeal.,16.86,"Venice Region 411, Italy",Yes,4.0,16394,https://www.visitveniceregion411.com,"https://www.google.com/maps/search/Afghanistan,CultureVenice+Region+411",Food & Wine,City Break,Culture & Museums
City,"Miami Region 412, USA",703156,Am,3,December - March,A major global urban destination in USA known for its tourism appeal.,18.61,"Miami Region 412, USA",No,4.3,21270,https://www.visitmiamiregion412.com,"https://www.google.com/maps/search/Afghanistan,CultureMiami+Region+412",Family,Romantic,Food & Wine
City,"Dubai Region 413, UAE",702453,BWh,4,November - March,A major global urban destination in UAE known for its tourism appeal.,20.15,"Dubai Region 413, UAE",Yes,4.5,30037,https://www.visitdubairegion413.com,"https://www.google.com/maps/search/Afghanistan,CultureDubai+Region+413",Family,Romantic,Nightlife
City,"Singapore Region 414, Singapore",701750,Af,4,Year Round,A major global urban destination in Singapore known for its tourism appeal.,19.78,"Singapore Region 414, Singapore",Yes,4.7,16196,https://www.visitsingaporeregion414.com,"https://www.google.com/maps/search/Afghanistan,CultureSingapore+Region+414",Nightlife,Romantic,City Break
City,"Prague Region 415, Czech Republic",701048,Cfb,2,June - August,A major global urban destination in Czech Republic known for its tourism appeal.,20.64,"Prague Region 415, Czech Republic",No,4.7,24607,https://www.visitpragueregion415.com,"https://www.google.com/maps/search/Afghanistan,CulturePrague+Region+415",Culture & Museums,City Break,Food & Wine
City,"Singapore Region 416, Singapore",700347,Af,4,Year Round,A major global urban destination in Singapore known for its tourism appeal.,16.59,"Singapore Region 416, Singapore",Yes,4.0,14072,https://www.visitsingaporeregion416.com,"https://www.google.com/maps/search/Afghanistan,CultureSingapore+Region+416",Nightlife,Culture & Museums,City Break
City,"Marrakech Region 417, Morocco",699647,BSh,1,October - March,A major global urban destination in Morocco known for its tourism appeal.,16.14,"Marrakech Region 417, Morocco",No,4.1,8665,https://www.visitmarrakechregion417.com,"https://www.google.com/maps/search/Afghanistan,CultureMarrakech+Region+417",Romantic,Family,Culture & Museums
City,"Palma de Mallorca Region 418, Spain",698947,Csa,2,"April - June, September - October",A major global urban destination in Spain known for its tourism appeal.,19.68,"Palma de Mallorca Region 418, Spain",Yes,4.8,12594,https://www.visitpalmademallorcaregion418.com,"https://www.google.com/maps/search/Afghanistan,CulturePalma+de+Mallorca+Region+418",Food & Wine,Romantic,Culture & Museums
City,"Barcelona Region 419, Spain",698248,Csa,2,"April - June, September - October",A major global urban destination in Spain known for its tourism appeal.,18.12,"Barcelona Region 419, Spain",Yes,4.2,20615,https://www.visitbarcelonaregion419.com,"https://www.google.com/maps/search/Afghanistan,CultureBarcelona+Region+419",Romantic,Food & Wine,Culture & Museums
City,"Toronto Region 420, Canada",697550,Dfa,3,May - September,A major global urban destination in Canada known for its tourism appeal.,21.0,"Toronto Region 420, Canada",No,4.7,29369,https://www.visittorontoregion420.com,"https://www.google.com/maps/search/Afghanistan,CultureToronto+Region+420",City Break,Family,Romantic
City,"Jerusalem Region 421, Israel",696853,Csa,3,"April - June, September - October",A major global urban destination in Israel known for its tourism appeal.,17.94,"Jerusalem Region 421, Israel",No,4.2,18713,https://www.visitjerusalemregion421.com,"https://www.google.com/maps/search/Afghanistan,CultureJerusalem+Region+421",Romantic,Family,Nightlife
City,"Pattaya Region 422, Thailand",696156,Aw,1,November - April,A major global urban destination in Thailand known for its tourism appeal.,21.39,"Pattaya Region 422, Thailand",No,4.8,28580,https://www.visitpattayaregion422.com,"https://www.google.com/maps/search/Afghanistan,CulturePattaya+Region+422",Family,Nightlife,Food & Wine
City,"Dubai Region 423, UAE",695460,BWh,4,November - March,A major global urban destination in UAE known for its tourism appeal.,15.52,"Dubai Region 423, UAE",No,3.9,9528,https://www.visitdubairegion423.com,"https://www.google.com/maps/search/Afghanistan,CultureDubai+Region+423",Food & Wine,Romantic,Nightlife
City,"New Delhi Region 424, India",694764,BSh,1,October - March,A major global urban destination in India known for its tourism appeal.,21.25,"New Delhi Region 424, India",No,4.8,26793,https://www.visitnewdelhiregion424.com,"https://www.google.com/maps/search/Afghanistan,CultureNew+Delhi+Region+424",Nightlife,City Break,Family
City,"Sydney Region 425, Australia",694069,Cfa,3,"March - May, September - November",A major global urban destination in Australia known for its tourism appeal.,20.66,"Sydney Region 425, Australia",No,4.7,24892,https://www.visitsydneyregion425.com,"https://www.google.com/maps/search/Afghanistan,CultureSydney+Region+425",Culture & Museums,Family,City Break
City,"Copenhagen Region 426, Denmark",693375,Cfb,4,June - August,A major global urban destination in Denmark known for its tourism appeal.,19.49,"Copenhagen Region 426, Denmark",No,4.4,26902,https://www.visitcopenhagenregion426.com,"https://www.google.com/maps/search/Afghanistan,CultureCopenhagen+Region+426",Romantic,Food & Wine,Culture & Museums
City,"Antalya Region 427, Turkey",692682,Csa,1,"April - June, September - October",A major global urban destination in Turkey known for its tourism appeal.,19.12,"Antalya Region 427, Turkey",No,4.6,14370,https://www.visitantalyaregion427.com,"https://www.google.com/maps/search/Afghanistan,CultureAntalya+Region+427",Food & Wine,Romantic,Family
City,"Kyoto Region 428, Japan",691989,Cfa,2,"March - May, September - November",A major global urban destination in Japan known for its tourism appeal.,19.44,"Kyoto Region 428, Japan",No,4.4,26228,https://www.visitkyotoregion428.com,"https://www.google.com/maps/search/Afghanistan,CultureKyoto+Region+428",Food & Wine,Romantic,Culture & Museums
City,"Jaipur Region 429, India",691297,BSh,1,October - March,A major global urban destination in India known for its tourism appeal.,15.36,"Jaipur Region 429, India",No,3.9,8682,https://www.visitjaipurregion429.com,"https://www.google.com/maps/search/Afghanistan,CultureJaipur+Region+429",Romantic,Nightlife,Culture & Museums
City,"Lisbon Region 430, Portugal",690606,Csa,2,"April - June, September - October",A major global urban destination in Portugal known for its tourism appeal.,20.19,"Lisbon Region 430, Portugal",No,4.7,19801,https://www.visitlisbonregion430.com,"https://www.google.com/maps/search/Afghanistan,CultureLisbon+Region+430",Family,Culture & Museums,Food & Wine
City,"Jerusalem Region 431, Israel",689915,Csa,3,"April - June, September - October",A major global urban destination in Israel known for its tourism appeal.,16.64,"Jerusalem Region 431, Israel",No,4.0,14447,https://www.visitjerusalemregion431.com,"https://www.google.com/maps/search/Afghanistan,CultureJerusalem+Region+431",City Break,Culture & Museums,Family
City,"Cairo Region 432, Egypt",689225,BWh,1,November - March,A major global urban destination in Egypt known for its tourism appeal.,17.97,"Cairo Region 432, Egypt",No,4.5,9868,https://www.visitcairoregion432.com,"https://www.google.com/maps/search/Afghanistan,CultureCairo+Region+432",Culture & Museums,Family,Food & Wine
City,"Kyoto Region 433, Japan",688536,Cfa,2,"March - May, September - November",A major global urban destination in Japan known for its tourism appeal.,18.18,"Kyoto Region 433, Japan",Yes,4.5,10969,https://www.visitkyotoregion433.com,"https://www.google.com/maps/search/Afghanistan,CultureKyoto+Region+433",Romantic,City Break,Family
City,"Barcelona Region 434, Spain",687848,Csa,2,"April - June, September - October",A major global urban destination in Spain known for its tourism appeal.,18.74,"Barcelona Region 434, Spain",No,4.4,18116,https://www.visitbarcelonaregion434.com,"https://www.google.com/maps/search/Afghanistan,CultureBarcelona+Region+434",City Break,Nightlife,Culture & Museums
City,"Jaipur Region 435, India",687160,BSh,1,October - March,A major global urban destination in India known for its tourism appeal.,18.84,"Jaipur Region 435, India",No,4.8,8433,https://www.visitjaipurregion435.com,"https://www.google.com/maps/search/Afghanistan,CultureJaipur+Region+435",Family,City Break,Culture & Museums
City,"Madrid Region 436, Spain",686473,Csa,2,"April - June, September - October",A major global urban destination in Spain known for its tourism appeal.,18.83,"Madrid Region 436, Spain",No,4.3,23994,https://www.visitmadridregion436.com,"https://www.google.com/maps/search/Afghanistan,CultureMadrid+Region+436",Family,Nightlife,Culture & Museums
City,"Taipei Region 437, Taiwan",685786,Cfa,2,"March - May, September - November",A major global urban destination in Taiwan known for its tourism appeal.,19.28,"Taipei Region 437, Taiwan",No,4.5,19228,https://www.visittaipeiregion437.com,"https://www.google.com/maps/search/Afghanistan,CultureTaipei+Region+437",City Break,Romantic,Culture & Museums
City,"Palma de Mallorca Region 438, Spain",685100,Csa,2,"April - June, September - October",A major global urban destination in Spain known for its tourism appeal.,16.51,"Palma de Mallorca Region 438, Spain",No,4.3,6896,https://www.visitpalmademallorcaregion438.com,"https://www.google.com/maps/search/Afghanistan,CulturePalma+de+Mallorca+Region+438",Nightlife,Food & Wine,Culture & Museums
City,"Venice Region 439, Italy",684415,Cfa,3,"March - May, September - November",A major global urban destination in Italy known for its tourism appeal.,20.45,"Venice Region 439, Italy",No,4.8,18228,https://www.visitveniceregion439.com,"https://www.google.com/maps/search/Afghanistan,CultureVenice+Region+439",City Break,Nightlife,Romantic
City,"Istanbul Region 440, Turkey",683731,Csa,1,"April - June, September - October",A major global urban destination in Turkey known for its tourism appeal.,17.25,"Istanbul Region 440, Turkey",No,4.2,12832,https://www.visitistanbulregion440.com,"https://www.google.com/maps/search/Afghanistan,CultureIstanbul+Region+440",Culture & Museums,Romantic,Nightlife
City,"Cairo Region 441, Egypt",683047,BWh,1,November - March,A major global urban destination in Egypt known for its tourism appeal.,17.57,"Cairo Region 441, Egypt",No,3.9,32044,https://www.visitcairoregion441.com,"https://www.google.com/maps/search/Afghanistan,CultureCairo+Region+441",Food & Wine,Culture & Museums,Family
City,"New York City Region 442, USA",682364,Cfa,4,"March - May, September - November",A major global urban destination in USA known for its tourism appeal.,19.95,"New York City Region 442, USA",Yes,4.5,27080,https://www.visitnewyorkcityregion442.com,"https://www.google.com/maps/search/Afghanistan,CultureNew+York+City+Region+442",Romantic,Culture & Museums,Food & Wine
City,"San Francisco Region 443, USA",681682,Csb,4,May - September,A major global urban destination in USA known for its tourism appeal.,17.59,"San Francisco Region 443, USA",No,4.4,9923,https://www.visitsanfranciscoregion443.com,"https://www.google.com/maps/search/Afghanistan,CultureSan+Francisco+Region+443",Romantic,Nightlife,City Break
City,"Pattaya Region 444, Thailand",681000,Aw,1,November - April,A major global urban destination in Thailand known for its tourism appeal.,18.35,"Pattaya Region 444, Thailand",Yes,4.1,29817,https://www.visitpattayaregion444.com,"https://www.google.com/maps/search/Afghanistan,CulturePattaya+Region+444",Nightlife,Food & Wine,Culture & Museums
City,"Cape Town Region 445, South Africa",680319,Csb,2,May - September,A major global urban destination in South Africa known for its tourism appeal.,17.13,"Cape Town Region 445, South Africa",Yes,3.8,32211,https://www.visitcapetownregion445.com,"https://www.google.com/maps/search/Afghanistan,CultureCape+Town+Region+445",Romantic,Food & Wine,Nightlife
City,"Milan Region 446, Italy",679639,Cfa,3,"March - May, September - November",A major global urban destination in Italy known for its tourism appeal.,17.26,"Milan Region 446, Italy",Yes,4.1,16213,https://www.visitmilanregion446.com,"https://www.google.com/maps/search/Afghanistan,CultureMilan+Region+446",Nightlife,Family,Food & Wine
City,"Mecca Region 447, Saudi Arabia",678959,BWh,2,November - March,A major global urban destination in Saudi Arabia known for its tourism appeal.,18.9,"Mecca Region 447, Saudi Arabia",Yes,4.3,24846,https://www.visitmeccaregion447.com,"https://www.google.com/maps/search/Afghanistan,CultureMecca+Region+447",Family,Romantic,Food & Wine
City,"Ho Chi Minh City Region 448, Vietnam",678280,Aw,1,November - April,A major global urban destination in Vietnam known for its tourism appeal.,20.45,"Ho Chi Minh City Region 448, Vietnam",Yes,4.9,14883,https://www.visithochiminhcityregion448.com,"https://www.google.com/maps/search/Afghanistan,CultureHo+Chi+Minh+City+Region+448",City Break,Family,Nightlife
City,"Hanoi Region 449, Vietnam",677602,Cwa,1,October - April,A major global urban destination in Vietnam known for its tourism appeal.,18.04,"Hanoi Region 449, Vietnam",No,4.3,15652,https://www.visithanoiregion449.com,"https://www.google.com/maps/search/Afghanistan,CultureHanoi+Region+449",Food & Wine,Nightlife,City Break
City,"Cairo Region 450, Egypt",676924,BWh,1,November - March,A major global urban destination in Egypt known for its tourism appeal.,16.41,"Cairo Region 450, Egypt",Yes,4.1,10067,https://www.visitcairoregion450.com,"https://www.google.com/maps/search/Afghanistan,CultureCairo+Region+450",Nightlife,City Break,Romantic
City,"Cape Town Region 451, South Africa",676247,Csb,2,May - September,A major global urban destination in South Africa known for its tourism appeal.,17.36,"Cape Town Region 451, South Africa",Yes,4.0,21820,https://www.visitcapetownregion451.com,"https://www.google.com/maps/search/Afghanistan,CultureCape+Town+Region+451",Culture & Museums,Food & Wine,Nightlife
City,"Pattaya Region 452, Thailand",675571,Aw,1,November - April,A major global urban destination in Thailand known for its tourism appeal.,19.07,"Pattaya Region 452, Thailand",No,4.3,27260,https://www.visitpattayaregion452.com,"https://www.google.com/maps/search/Afghanistan,CulturePattaya+Region+452",Romantic,Culture & Museums,City Break
City,"Istanbul Region 453, Turkey",674896,Csa,1,"April - June, September - October",A major global urban destination in Turkey known for its tourism appeal.,21.7,"Istanbul Region 453, Turkey",No,4.9,26878,https://www.visitistanbulregion453.com,"https://www.google.com/maps/search/Afghanistan,CultureIstanbul+Region+453",Romantic,Family,Nightlife
City,"Rio de Janeiro Region 454, Brazil",674221,Aw,1,November - April,A major global urban destination in Brazil known for its tourism appeal.,21.01,"Rio de Janeiro Region 454, Brazil",Yes,4.7,29458,https://www.visitriodejaneiroregion454.com,"https://www.google.com/maps/search/Afghanistan,CultureRio+de+Janeiro+Region+454",Culture & Museums,City Break,Food & Wine
City,"Toronto Region 455, Canada",673546,Dfa,3,May - September,A major global urban destination in Canada known for its tourism appeal.,19.5,"Toronto Region 455, Canada",Yes,4.5,21529,https://www.visittorontoregion455.com,"https://www.google.com/maps/search/Afghanistan,CultureToronto+Region+455",Culture & Museums,City Break,Family
City,"Rome Region 456, Italy",672873,Csa,3,"April - June, September - October",A major global urban destination in Italy known for its tourism appeal.,17.39,"Rome Region 456, Italy",Yes,3.9,28732,https://www.visitromeregion456.com,"https://www.google.com/maps/search/Afghanistan,CultureRome+Region+456",Culture & Museums,Nightlife,Food & Wine
City,"Dublin Region 457, Ireland",672200,Cfb,3,June - August,A major global urban destination in Ireland known for its tourism appeal.,16.01,"Dublin Region 457, Ireland",No,3.9,12767,https://www.visitdublinregion457.com,"https://www.google.com/maps/search/Afghanistan,CultureDublin+Region+457",Nightlife,Food & Wine,Family
City,"Bali Region 458, Indonesia",671528,Aw,1,November - April,A major global urban destination in Indonesia known for its tourism appeal.,19.48,"Bali Region 458, Indonesia",Yes,4.4,26745,https://www.visitbaliregion458.com,"https://www.google.com/maps/search/Afghanistan,CultureBali+Region+458",Food & Wine,Culture & Museums,Family
City,"Bangalore Region 459, India",670856,Aw,1,November - April,A major global urban destination in India known for its tourism appeal.,16.08,"Bangalore Region 459, India",No,3.9,13289,https://www.visitbangaloreregion459.com,"https://www.google.com/maps/search/Afghanistan,CultureBangalore+Region+459",Family,Romantic,Culture & Museums
City,"Osaka Region 460, Japan",670185,Cfa,2,"March - May, September - November",A major global urban destination in Japan known for its tourism appeal.,20.15,"Osaka Region 460, Japan",No,4.5,30034,https://www.visitosakaregion460.com,"https://www.google.com/maps/search/Afghanistan,CultureOsaka+Region+460",Culture & Museums,Romantic,Family
City,"Venice Region 461, Italy",669515,Cfa,3,"March - May, September - November",A major global urban destination in Italy known for its tourism appeal.,19.31,"Venice Region 461, Italy",No,4.3,30879,https://www.visitveniceregion461.com,"https://www.google.com/maps/search/Afghanistan,CultureVenice+Region+461",City Break,Family,Romantic
City,"Prague Region 462, Czech Republic",668846,Cfb,2,June - August,A major global urban destination in Czech Republic known for its tourism appeal.,17.57,"Prague Region 462, Czech Republic",No,4.0,24643,https://www.visitpragueregion462.com,"https://www.google.com/maps/search/Afghanistan,CulturePrague+Region+462",Nightlife,Food & Wine,Family
City,"Bali Region 463, Indonesia",668177,Aw,1,November - April,A major global urban destination in Indonesia known for its tourism appeal.,16.23,"Bali Region 463, Indonesia",No,4.2,7299,https://www.visitbaliregion463.com,"https://www.google.com/maps/search/Afghanistan,CultureBali+Region+463",Food & Wine,Family,Romantic
City,"San Francisco Region 464, USA",667509,Csb,4,May - September,A major global urban destination in USA known for its tourism appeal.,17.26,"San Francisco Region 464, USA",No,4.4,8359,https://www.visitsanfranciscoregion464.com,"https://www.google.com/maps/search/Afghanistan,CultureSan+Francisco+Region+464",Nightlife,Family,City Break
City,"Mumbai Region 465, India",666841,Aw,1,November - April,A major global urban destination in India known for its tourism appeal.,19.44,"Mumbai Region 465, India",No,4.5,20889,https://www.visitmumbairegion465.com,"https://www.google.com/maps/search/Afghanistan,CultureMumbai+Region+465",Romantic,Family,City Break
City,"Bangalore Region 466, India",666174,Aw,1,November - April,A major global urban destination in India known for its tourism appeal.,20.95,"Bangalore Region 466, India",Yes,4.7,28720,https://www.visitbangaloreregion466.com,"https://www.google.com/maps/search/Afghanistan,CultureBangalore+Region+466",Romantic,Family,City Break
City,"New York City Region 467, USA",665508,Cfa,4,"March - May, September - November",A major global urban destination in USA known for its tourism appeal.,20.06,"New York City Region 467, USA",No,4.6,22994,https://www.visitnewyorkcityregion467.com,"https://www.google.com/maps/search/Afghanistan,CultureNew+York+City+Region+467",City Break,Nightlife,Romantic
City,"Amsterdam Region 468, Netherlands",664843,Cfb,3,June - August,A major global urban destination in Netherlands known for its tourism appeal.,16.29,"Amsterdam Region 468, Netherlands",Yes,4.0,11816,https://www.visitamsterdamregion468.com,"https://www.google.com/maps/search/Afghanistan,CultureAmsterdam+Region+468",Food & Wine,Nightlife,Family
City,"Florence Region 469, Italy",664178,Cfa,3,"March - May, September - November",A major global urban destination in Italy known for its tourism appeal.,20.14,"Florence Region 469, Italy",Yes,4.7,19250,https://www.visitflorenceregion469.com,"https://www.google.com/maps/search/Afghanistan,CultureFlorence+Region+469",Culture & Museums,Family,Food & Wine
City,"Barcelona Region 470, Spain",663514,Csa,2,"April - June, September - October",A major global urban destination in Spain known for its tourism appeal.,18.06,"Barcelona Region 470, Spain",No,4.6,8425,https://www.visitbarcelonaregion470.com,"https://www.google.com/maps/search/Afghanistan,CultureBarcelona+Region+470",Food & Wine,Family,Nightlife
City,"Kyoto Region 471, Japan",662850,Cfa,2,"March - May, September - November",A major global urban destination in Japan known for its tourism appeal.,16.6,"Kyoto Region 471, Japan",No,4.2,8983,https://www.visitkyotoregion471.com,"https://www.google.com/maps/search/Afghanistan,CultureKyoto+Region+471",City Break,Culture & Museums,Family
City,"San Francisco Region 472, USA",662187,Csb,4,May - September,A major global urban destination in USA known for its tourism appeal.,15.23,"San Francisco Region 472, USA",Yes,3.8,10186,https://www.visitsanfranciscoregion472.com,"https://www.google.com/maps/search/Afghanistan,CultureSan+Francisco+Region+472",Food & Wine,Culture & Museums,Family
City,"Bali Region 473, Indonesia",661525,Aw,1,November - April,A major global urban destination in Indonesia known for its tourism appeal.,19.77,"Bali Region 473, Indonesia",No,4.4,31109,https://www.visitbaliregion473.com,"https://www.google.com/maps/search/Afghanistan,CultureBali+Region+473",Nightlife,City Break,Culture & Museums
City,"Rio de Janeiro Region 474, Brazil",660864,Aw,1,November - April,A major global urban destination in Brazil known for its tourism appeal.,18.92,"Rio de Janeiro Region 474, Brazil",Yes,4.2,31931,https://www.visitriodejaneiroregion474.com,"https://www.google.com/maps/search/Afghanistan,CultureRio+de+Janeiro+Region+474",Family,City Break,Food & Wine
City,"Florence Region 475, Italy",660203,Cfa,3,"March - May, September - November",A major global urban destination in Italy known for its tourism appeal.,20.54,"Florence Region 475, Italy",No,4.6,29195,https://www.visitflorenceregion475.com,"https://www.google.com/maps/search/Afghanistan,CultureFlorence+Region+475",Nightlife,Family,Culture & Museums
City,"Zurich Region 476, Switzerland",659542,Cfb,4,June - August,A major global urban destination in Switzerland known for its tourism appeal.,19.98,"Zurich Region 476, Switzerland",No,4.7,17870,https://www.visitzurichregion476.com,"https://www.google.com/maps/search/Afghanistan,CultureZurich+Region+476",Family,Romantic,Nightlife
City,"New York City Region 477, USA",658883,Cfa,4,"March - May, September - November",A major global urban destination in USA known for its tourism appeal.,21.23,"New York City Region 477, USA",No,4.8,26542,https://www.visitnewyorkcityregion477.com,"https://www.google.com/maps/search/Afghanistan,CultureNew+York+City+Region+477",City Break,Culture & Museums,Romantic
City,"Bangkok Region 478, Thailand",658224,Aw,1,November - April,A major global urban destination in Thailand known for its tourism appeal.,16.68,"Bangkok Region 478, Thailand",No,4.2,9362,https://www.visitbangkokregion478.com,"https://www.google.com/maps/search/Afghanistan,CultureBangkok+Region+478",Food & Wine,Family,Romantic
City,"Florence Region 479, Italy",657566,Cfa,3,"March - May, September - November",A major global urban destination in Italy known for its tourism appeal.,19.03,"Florence Region 479, Italy",Yes,4.5,16925,https://www.visitflorenceregion479.com,"https://www.google.com/maps/search/Afghanistan,CultureFlorence+Region+479",Food & Wine,Nightlife,Family
City,"Istanbul Region 480, Turkey",656908,Csa,1,"April - June, September - October",A major global urban destination in Turkey known for its tourism appeal.,16.28,"Istanbul Region 480, Turkey",No,3.9,14941,https://www.visitistanbulregion480.com,"https://www.google.com/maps/search/Afghanistan,CultureIstanbul+Region+480",Romantic,City Break,Food & Wine
City,"Budapest Region 481, Hungary",656251,Cfb,2,June - August,A major global urban destination in Hungary known for its tourism appeal.,16.91,"Budapest Region 481, Hungary",Yes,4.4,6979,https://www.visitbudapestregion481.com,"https://www.google.com/maps/search/Afghanistan,CultureBudapest+Region+481",City Break,Romantic,Family
City,"Amsterdam Region 482, Netherlands",655595,Cfb,3,June - August,A major global urban destination in Netherlands known for its tourism appeal.,17.98,"Amsterdam Region 482, Netherlands",No,4.1,24291,https://www.visitamsterdamregion482.com,"https://www.google.com/maps/search/Afghanistan,CultureAmsterdam+Region+482",Family,Romantic,Nightlife
City,"Mexico City Region 483, Mexico",654940,Cwb,1,April - October,A major global urban destination in Mexico known for its tourism appeal.,19.61,"Mexico City Region 483, Mexico",No,4.6,18285,https://www.visitmexicocityregion483.com,"https://www.google.com/maps/search/Afghanistan,CultureMexico+City+Region+483",Nightlife,Family,Romantic
City,"Cape Town Region 484, South Africa",654285,Csb,2,May - September,A major global urban destination in South Africa known for its tourism appeal.,16.99,"Cape Town Region 484, South Africa",No,4.1,13932,https://www.visitcapetownregion484.com,"https://www.google.com/maps/search/Afghanistan,CultureCape+Town+Region+484",Culture & Museums,Romantic,City Break
City,"Budapest Region 485, Hungary",653630,Cfb,2,June - August,A major global urban destination in Hungary known for its tourism appeal.,18.27,"Budapest Region 485, Hungary",No,4.6,9374,https://www.visitbudapestregion485.com,"https://www.google.com/maps/search/Afghanistan,CultureBudapest+Region+485",City Break,Culture & Museums,Family
City,"Milan Region 486, Italy",652977,Cfa,3,"March - May, September - November",A major global urban destination in Italy known for its tourism appeal.,18.11,"Milan Region 486, Italy",Yes,4.7,7132,https://www.visitmilanregion486.com,"https://www.google.com/maps/search/Afghanistan,CultureMilan+Region+486",Romantic,City Break,Food & Wine
City,"Budapest Region 487, Hungary",652324,Cfb,2,June - August,A major global urban destination in Hungary known for its tourism appeal.,21.21,"Budapest Region 487, Hungary",No,4.7,32523,https://www.visitbudapestregion487.com,"https://www.google.com/maps/search/Afghanistan,CultureBudapest+Region+487",Nightlife,Culture & Museums,Food & Wine
City,"Stockholm Region 488, Sweden",651671,Dfb,4,June - August,A major global urban destination in Sweden known for its tourism appeal.,16.61,"Stockholm Region 488, Sweden",Yes,3.8,23496,https://www.visitstockholmregion488.com,"https://www.google.com/maps/search/Afghanistan,CultureStockholm+Region+488",Romantic,Family,Nightlife
City,"Istanbul Region 489, Turkey",651020,Csa,1,"April - June, September - October",A major global urban destination in Turkey known for its tourism appeal.,18.44,"Istanbul Region 489, Turkey",No,4.8,6929,https://www.visitistanbulregion489.com,"https://www.google.com/maps/search/Afghanistan,CultureIstanbul+Region+489",Family,Culture & Museums,City Break
City,"Munich Region 490, Germany",650369,Cfb,3,June - August,A major global urban destination in Germany known for its tourism appeal.,17.46,"Munich Region 490, Germany",Yes,4.4,9276,https://www.visitmunichregion490.com,"https://www.google.com/maps/search/Afghanistan,CultureMunich+Region+490",Romantic,Culture & Museums,City Break
City,"Palma de Mallorca Region 491, Spain",649718,Csa,2,"April - June, September - October",A major global urban destination in Spain known for its tourism appeal.,19.11,"Palma de Mallorca Region 491, Spain",No,4.7,11668,https://www.visitpalmademallorcaregion491.com,"https://www.google.com/maps/search/Afghanistan,CulturePalma+de+Mallorca+Region+491",Family,Food & Wine,Romantic
City,"Barcelona Region 492, Spain",649069,Csa,2,"April - June, September - October",A major global urban destination in Spain known for its tourism appeal.,18.44,"Barcelona Region 492, Spain",No,4.7,8397,https://www.visitbarcelonaregion492.com,"https://www.google.com/maps/search/Afghanistan,CultureBarcelona+Region+492",Nightlife,Culture & Museums,Food & Wine
City,"Marrakech Region 493, Morocco",648419,BSh,1,October - March,A major global urban destination in Morocco known for its tourism appeal.,18.76,"Marrakech Region 493, Morocco",No,4.5,14742,https://www.visitmarrakechregion493.com,"https://www.google.com/maps/search/Afghanistan,CultureMarrakech+Region+493",Nightlife,City Break,Romantic
City,"Milan Region 494, Italy",647771,Cfa,3,"March - May, September - November",A major global urban destination in Italy known for its tourism appeal.,18.82,"Milan Region 494, Italy",Yes,4.5,15249,https://www.visitmilanregion494.com,"https://www.google.com/maps/search/Afghanistan,CultureMilan+Region+494",Family,Food & Wine,City Break
City,"Paris Region 495, France",647123,Cfb,3,June - August,A major global urban destination in France known for its tourism appeal.,16.38,"Paris Region 495, France",Yes,4.0,12450,https://www.visitparisregion495.com,"https://www.google.com/maps/search/Afghanistan,CultureParis+Region+495",Romantic,Culture & Museums,Food & Wine
City,"Rome Region 496, Italy",646476,Csa,3,"April - June, September - October",A major global urban destination in Italy known for its tourism appeal.,19.01,"Rome Region 496, Italy",Yes,4.3,26394,https://www.visitromeregion496.com,"https://www.google.com/maps/search/Afghanistan,CultureRome+Region+496",Culture & Museums,Romantic,Nightlife
City,"Ho Chi Minh City Region 497, Vietnam",645830,Aw,1,November - April,A major global urban destination in Vietnam known for its tourism appeal.,17.23,"Ho Chi Minh City Region 497, Vietnam",No,4.2,12646,https://www.visithochiminhcityregion497.com,"https://www.google.com/maps/search/Afghanistan,CultureHo+Chi+Minh+City+Region+497",Family,Food & Wine,Romantic
City,"Pattaya Region 498, Thailand",645184,Aw,1,November - April,A major global urban destination in Thailand known for its tourism appeal.,18.63,"Pattaya Region 498, Thailand",No,4.8,7592,https://www.visitpattayaregion498.com,"https://www.google.com/maps/search/Afghanistan,CulturePattaya+Region+498",City Break,Romantic,Food & Wine
City,"London Region 499, UK",644539,Cfb,4,June - August,A major global urban destination in UK known for its tourism appeal.,20.26,"London Region 499, UK",Yes,4.5,31826,https://www.visitlondonregion499.com,"https://www.google.com/maps/search/Afghanistan,CultureLondon+Region+499",Family,Food & Wine,City Break
City,"Miami Region 500, USA",643894,Am,3,December - March,A major global urban destination in USA known for its tourism appeal.,18.36,"Miami Region 500, USA",No,4.3,18593,https://www.visitmiamiregion500.com,"https://www.google.com/maps/search/Afghanistan,CultureMiami+Region+500",Nightlife,Culture & Museums,Romantic
City,"Madrid Region 501, Spain",643250,Csa,2,"April - June, September - October",A major global urban destination in Spain known for its tourism appeal.,19.67,"Madrid Region 501, Spain",Yes,4.4,29536,https://www.visitmadridregion501.com,"https://www.google.com/maps/search/Afghanistan,CultureMadrid+Region+501",Culture & Museums,Romantic,City Break
City,"Los Angeles Region 502, USA",642607,Csb,3,May - September,A major global urban destination in USA known for its tourism appeal.,17.87,"Los Angeles Region 502, USA",No,4.2,17969,https://www.visitlosangelesregion502.com,"https://www.google.com/maps/search/Afghanistan,CultureLos+Angeles+Region+502",Culture & Museums,Family,Nightlife
City,"Berlin Region 503, Germany",641964,Cfb,2,June - August,A major global urban destination in Germany known for its tourism appeal.,18.12,"Berlin Region 503, Germany",Yes,4.1,26259,https://www.visitberlinregion503.com,"https://www.google.com/maps/search/Afghanistan,CultureBerlin+Region+503",Romantic,Family,Food & Wine
City,"Jaipur Region 504, India",641322,BSh,1,October - March,A major global urban destination in India known for its tourism appeal.,20.08,"Jaipur Region 504, India",Yes,4.6,23233,https://www.visitjaipurregion504.com,"https://www.google.com/maps/search/Afghanistan,CultureJaipur+Region+504",Culture & Museums,City Break,Food & Wine
City,"Sydney Region 505, Australia",640681,Cfa,3,"March - May, September - November",A major global urban destination in Australia known for its tourism appeal.,18.56,"Sydney Region 505, Australia",Yes,4.2,26180,https://www.visitsydneyregion505.com,"https://www.google.com/maps/search/Afghanistan,CultureSydney+Region+505",Nightlife,Food & Wine,City Break
City,"Mumbai Region 506, India",640040,Aw,1,November - April,A major global urban destination in India known for its tourism appeal.,19.63,"Mumbai Region 506, India",No,4.7,14994,https://www.visitmumbairegion506.com,"https://www.google.com/maps/search/Afghanistan,CultureMumbai+Region+506",Romantic,Food & Wine,Nightlife
City,"New York City Region 507, USA",639400,Cfa,4,"March - May, September - November",A major global urban destination in USA known for its tourism appeal.,18.44,"New York City Region 507, USA",No,4.6,10215,https://www.visitnewyorkcityregion507.com,"https://www.google.com/maps/search/Afghanistan,CultureNew+York+City+Region+507",Romantic,City Break,Food & Wine
City,"Rome Region 508, Italy",638761,Csa,3,"April - June, September - October",A major global urban destination in Italy known for its tourism appeal.,17.45,"Rome Region 508, Italy",Yes,4.1,18078,https://www.visitromeregion508.com,"https://www.google.com/maps/search/Afghanistan,CultureRome+Region+508",Family,Food & Wine,Nightlife
City,"Jerusalem Region 509, Israel",638122,Csa,3,"April - June, September - October",A major global urban destination in Israel known for its tourism appeal.,21.13,"Jerusalem Region 509, Israel",Yes,4.7,31356,https://www.visitjerusalemregion509.com,"https://www.google.com/maps/search/Afghanistan,CultureJerusalem+Region+509",Food & Wine,Romantic,Culture & Museums
City,"Athens Region 510, Greece",637484,Csa,2,"April - June, September - October",A major global urban destination in Greece known for its tourism appeal.,17.27,"Athens Region 510, Greece",No,4.1,16307,https://www.visitathensregion510.com,"https://www.google.com/maps/search/Afghanistan,CultureAthens+Region+510",Culture & Museums,Romantic,Nightlife
City,"Vienna Region 511, Austria",636847,Cfb,3,June - August,A major global urban destination in Austria known for its tourism appeal.,18.22,"Vienna Region 511, Austria",No,4.6,9124,https://www.visitviennaregion511.com,"https://www.google.com/maps/search/Afghanistan,CultureVienna+Region+511",City Break,Culture & Museums,Family
City,"Mexico City Region 512, Mexico",636210,Cwb,1,April - October,A major global urban destination in Mexico known for its tourism appeal.,19.84,"Mexico City Region 512, Mexico",Yes,4.5,25664,https://www.visitmexicocityregion512.com,"https://www.google.com/maps/search/Afghanistan,CultureMexico+City+Region+512",Nightlife,Food & Wine,Romantic
City,"Ho Chi Minh City Region 513, Vietnam",635574,Aw,1,November - April,A major global urban destination in Vietnam known for its tourism appeal.,16.28,"Ho Chi Minh City Region 513, Vietnam",Yes,4.2,7539,https://www.visithochiminhcityregion513.com,"https://www.google.com/maps/search/Afghanistan,CultureHo+Chi+Minh+City+Region+513",City Break,Romantic,Food & Wine
City,"Prague Region 514, Czech Republic",634938,Cfb,2,June - August,A major global urban destination in Czech Republic known for its tourism appeal.,19.25,"Prague Region 514, Czech Republic",No,4.4,23739,https://www.visitpragueregion514.com,"https://www.google.com/maps/search/Afghanistan,CulturePrague+Region+514",Culture & Museums,Food & Wine,Nightlife
City,"Bali Region 515, Indonesia",634303,Aw,1,November - April,A major global urban destination in Indonesia known for its tourism appeal.,20.65,"Bali Region 515, Indonesia",No,4.9,16355,https://www.visitbaliregion515.com,"https://www.google.com/maps/search/Afghanistan,CultureBali+Region+515",City Break,Food & Wine,Romantic
City,"Stockholm Region 516, Sweden",633669,Dfb,4,June - August,A major global urban destination in Sweden known for its tourism appeal.,15.57,"Stockholm Region 516, Sweden",No,3.9,9818,https://www.visitstockholmregion516.com,"https://www.google.com/maps/search/Afghanistan,CultureStockholm+Region+516",Culture & Museums,City Break,Romantic
City,"Berlin Region 517, Germany",633035,Cfb,2,June - August,A major global urban destination in Germany known for its tourism appeal.,18.58,"Berlin Region 517, Germany",No,4.6,10938,https://www.visitberlinregion517.com,"https://www.google.com/maps/search/Afghanistan,CultureBerlin+Region+517",Romantic,Nightlife,Family
City,"Vancouver Region 518, Canada",632402,Cfb,3,June - August,A major global urban destination in Canada known for its tourism appeal.,18.78,"Vancouver Region 518, Canada",Yes,4.3,23361,https://www.visitvancouverregion518.com,"https://www.google.com/maps/search/Afghanistan,CultureVancouver+Region+518",Romantic,City Break,Nightlife
City,"Shanghai Region 519, China",631770,Cfa,2,"March - May, September - November",A major global urban destination in China known for its tourism appeal.,17.01,"Shanghai Region 519, China",Yes,3.9,23057,https://www.visitshanghairegion519.com,"https://www.google.com/maps/search/Afghanistan,CultureShanghai+Region+519",Family,Food & Wine,Romantic
City,"Mecca Region 520, Saudi Arabia",631138,BWh,2,November - March,A major global urban destination in Saudi Arabia known for its tourism appeal.,17.49,"Mecca Region 520, Saudi Arabia",No,3.9,30558,https://www.visitmeccaregion520.com,"https://www.google.com/maps/search/Afghanistan,CultureMecca+Region+520",Family,Nightlife,Culture & Museums
City,"Copenhagen Region 521, Denmark",630507,Cfb,4,June - August,A major global urban destination in Denmark known for its tourism appeal.,18.3,"Copenhagen Region 521, Denmark",Yes,4.1,29009,https://www.visitcopenhagenregion521.com,"https://www.google.com/maps/search/Afghanistan,CultureCopenhagen+Region+521",Nightlife,Family,Food & Wine
City,"Singapore Region 522, Singapore",629876,Af,4,Year Round,A major global urban destination in Singapore known for its tourism appeal.,20.36,"Singapore Region 522, Singapore",No,4.7,21444,https://www.visitsingaporeregion522.com,"https://www.google.com/maps/search/Afghanistan,CultureSingapore+Region+522",Culture & Museums,Nightlife,City Break
City,"Hanoi Region 523, Vietnam",629246,Cwa,1,October - April,A major global urban destination in Vietnam known for its tourism appeal.,19.31,"Hanoi Region 523, Vietnam",Yes,4.8,10542,https://www.visithanoiregion523.com,"https://www.google.com/maps/search/Afghanistan,CultureHanoi+Region+523",Culture & Museums,Family,Nightlife
City,"Ho Chi Minh City Region 524, Vietnam",628617,Aw,1,November - April,A major global urban destination in Vietnam known for its tourism appeal.,21.33,"Ho Chi Minh City Region 524, Vietnam",No,4.9,22527,https://www.visithochiminhcityregion524.com,"https://www.google.com/maps/search/Afghanistan,CultureHo+Chi+Minh+City+Region+524",City Break,Family,Culture & Museums
City,"Madrid Region 525, Spain",627988,Csa,2,"April - June, September - October",A major global urban destination in Spain known for its tourism appeal.,17.92,"Madrid Region 525, Spain",Yes,4.7,6487,https://www.visitmadridregion525.com,"https://www.google.com/maps/search/Afghanistan,CultureMadrid+Region+525",City Break,Food & Wine,Culture & Museums
City,"Kuala Lumpur Region 526, Malaysia",627360,Af,1,Year Round,A major global urban destination in Malaysia known for its tourism appeal.,20.02,"Kuala Lumpur Region 526, Malaysia",No,4.8,14853,https://www.visitkualalumpurregion526.com,"https://www.google.com/maps/search/Afghanistan,CultureKuala+Lumpur+Region+526",Romantic,Food & Wine,Nightlife
City,"San Francisco Region 527, USA",626733,Csb,4,May - September,A major global urban destination in USA known for its tourism appeal.,16.6,"San Francisco Region 527, USA",Yes,4.2,8943,https://www.visitsanfranciscoregion527.com,"https://www.google.com/maps/search/Afghanistan,CultureSan+Francisco+Region+527",Romantic,Nightlife,Culture & Museums
City,"Osaka Region 528, Japan",626106,Cfa,2,"March - May, September - November",A major global urban destination in Japan known for its tourism appeal.,15.33,"Osaka Region 528, Japan",No,3.9,8532,https://www.visitosakaregion528.com,"https://www.google.com/maps/search/Afghanistan,CultureOsaka+Region+528",Romantic,City Break,Family
City,"Los Angeles Region 529, USA",625480,Csb,3,May - September,A major global urban destination in USA known for its tourism appeal.,18.7,"Los Angeles Region 529, USA",No,4.4,17748,https://www.visitlosangelesregion529.com,"https://www.google.com/maps/search/Afghanistan,CultureLos+Angeles+Region+529",Family,Culture & Museums,Food & Wine
City,"Buenos Aires Region 530, Argentina",624855,Cfa,1,"March - May, September - November",A major global urban destination in Argentina known for its tourism appeal.,17.12,"Buenos Aires Region 530, Argentina",Yes,4.0,19051,https://www.visitbuenosairesregion530.com,"https://www.google.com/maps/search/Afghanistan,CultureBuenos+Aires+Region+530",City Break,Nightlife,Family
City,"Phuket Region 531, Thailand",624230,Am,1,December - March,A major global urban destination in Thailand known for its tourism appeal.,17.54,"Phuket Region 531, Thailand",No,4.0,24285,https://www.visitphuketregion531.com,"https://www.google.com/maps/search/Afghanistan,CulturePhuket+Region+531",Romantic,Family,Culture & Museums
City,"Bangkok Region 532, Thailand",623606,Aw,1,November - April,A major global urban destination in Thailand known for its tourism appeal.,19.4,"Bangkok Region 532, Thailand",No,4.4,25593,https://www.visitbangkokregion532.com,"https://www.google.com/maps/search/Afghanistan,CultureBangkok+Region+532",Family,Nightlife,Romantic
City,"Cairo Region 533, Egypt",622982,BWh,1,November - March,A major global urban destination in Egypt known for its tourism appeal.,17.4,"Cairo Region 533, Egypt",No,4.1,17507,https://www.visitcairoregion533.com,"https://www.google.com/maps/search/Afghanistan,CultureCairo+Region+533",City Break,Culture & Museums,Nightlife
City,"Singapore Region 534, Singapore",622359,Af,4,Year Round,A major global urban destination in Singapore known for its tourism appeal.,19.03,"Singapore Region 534, Singapore",Yes,4.6,13739,https://www.visitsingaporeregion534.com,"https://www.google.com/maps/search/Afghanistan,CultureSingapore+Region+534",Romantic,Food & Wine,Nightlife
City,"Mecca Region 535, Saudi Arabia",621737,BWh,2,November - March,A major global urban destination in Saudi Arabia known for its tourism appeal.,20.6,"Mecca Region 535, Saudi Arabia",No,4.9,16020,https://www.visitmeccaregion535.com,"https://www.google.com/maps/search/Afghanistan,CultureMecca+Region+535",City Break,Food & Wine,Nightlife
City,"Tokyo Region 536, Japan",621115,Cfa,3,"March - May, September - November",A major global urban destination in Japan known for its tourism appeal.,17.16,"Tokyo Region 536, Japan",No,4.2,12161,https://www.visittokyoregion536.com,"https://www.google.com/maps/search/Afghanistan,CultureTokyo+Region+536",City Break,Food & Wine,Nightlife
City,"Singapore Region 537, Singapore",620494,Af,4,Year Round,A major global urban destination in Singapore known for its tourism appeal.,16.25,"Singapore Region 537, Singapore",Yes,3.8,18907,https://www.visitsingaporeregion537.com,"https://www.google.com/maps/search/Afghanistan,CultureSingapore+Region+537",Romantic,Culture & Museums,Nightlife
City,"Los Angeles Region 538, USA",619873,Csb,3,May - September,A major global urban destination in USA known for its tourism appeal.,16.04,"Los Angeles Region 538, USA",Yes,4.1,8154,https://www.visitlosangelesregion538.com,"https://www.google.com/maps/search/Afghanistan,CultureLos+Angeles+Region+538",Nightlife,Culture & Museums,Family
City,"Cairo Region 539, Egypt",619254,BWh,1,November - March,A major global urban destination in Egypt known for its tourism appeal.,19.16,"Cairo Region 539, Egypt",No,4.6,14624,https://www.visitcairoregion539.com,"https://www.google.com/maps/search/Afghanistan,CultureCairo+Region+539",Romantic,Family,City Break
City,"Dubai Region 540, UAE",618634,BWh,4,November - March,A major global urban destination in UAE known for its tourism appeal.,19.61,"Dubai Region 540, UAE",No,4.8,12168,https://www.visitdubairegion540.com,"https://www.google.com/maps/search/Afghanistan,CultureDubai+Region+540",Nightlife,Family,Romantic
City,"Shanghai Region 541, China",618016,Cfa,2,"March - May, September - November",A major global urban destination in China known for its tourism appeal.,21.05,"Shanghai Region 541, China",Yes,4.8,24334,https://www.visitshanghairegion541.com,"https://www.google.com/maps/search/Afghanistan,CultureShanghai+Region+541",Culture & Museums,Nightlife,City Break
City,"Phuket Region 542, Thailand",617398,Am,1,December - March,A major global urban destination in Thailand known for its tourism appeal.,17.49,"Phuket Region 542, Thailand",No,4.1,18438,https://www.visitphuketregion542.com,"https://www.google.com/maps/search/Afghanistan,CulturePhuket+Region+542",City Break,Nightlife,Romantic
City,"Lisbon Region 543, Portugal",616780,Csa,2,"April - June, September - October",A major global urban destination in Portugal known for its tourism appeal.,20.47,"Lisbon Region 543, Portugal",No,4.7,22710,https://www.visitlisbonregion543.com,"https://www.google.com/maps/search/Afghanistan,CultureLisbon+Region+543",Food & Wine,Culture & Museums,Romantic
City,"Jaipur Region 544, India",616163,BSh,1,October - March,A major global urban destination in India known for its tourism appeal.,16.44,"Jaipur Region 544, India",No,4.1,10223,https://www.visitjaipurregion544.com,"https://www.google.com/maps/search/Afghanistan,CultureJaipur+Region+544",City Break,Food & Wine,Culture & Museums
City,"Rome Region 545, Italy",615547,Csa,3,"April - June, September - October",A major global urban destination in Italy known for its tourism appeal.,21.46,"Rome Region 545, Italy",No,4.8,29572,https://www.visitromeregion545.com,"https://www.google.com/maps/search/Afghanistan,CultureRome+Region+545",Nightlife,Culture & Museums,City Break
City,"Buenos Aires Region 546, Argentina",614932,Cfa,1,"March - May, September - November",A major global urban destination in Argentina known for its tourism appeal.,15.36,"Buenos Aires Region 546, Argentina",No,3.8,11015,https://www.visitbuenosairesregion546.com,"https://www.google.com/maps/search/Afghanistan,CultureBuenos+Aires+Region+546",Nightlife,Family,City Break
City,"Venice Region 547, Italy",614317,Cfa,3,"March - May, September - November",A major global urban destination in Italy known for its tourism appeal.,17.37,"Venice Region 547, Italy",Yes,4.3,10937,https://www.visitveniceregion547.com,"https://www.google.com/maps/search/Afghanistan,CultureVenice+Region+547",Food & Wine,Culture & Museums,City Break
City,"New Delhi Region 548, India",613703,BSh,1,October - March,A major global urban destination in India known for its tourism appeal.,17.36,"New Delhi Region 548, India",No,4.1,17170,https://www.visitnewdelhiregion548.com,"https://www.google.com/maps/search/Afghanistan,CultureNew+Delhi+Region+548",Romantic,Food & Wine,Culture & Museums
City,"Istanbul Region 549, Turkey",613089,Csa,1,"April - June, September - October",A major global urban destination in Turkey known for its tourism appeal.,17.24,"Istanbul Region 549, Turkey",Yes,3.9,26373,https://www.visitistanbulregion549.com,"https://www.google.com/maps/search/Afghanistan,CultureIstanbul+Region+549",Romantic,Culture & Museums,City Break
City,"Kyoto Region 550, Japan",612476,Cfa,2,"March - May, September - November",A major global urban destination in Japan known for its tourism appeal.,19.11,"Kyoto Region 550, Japan",No,4.6,14256,https://www.visitkyotoregion550.com,"https://www.google.com/maps/search/Afghanistan,CultureKyoto+Region+550",City Break,Nightlife,Romantic
City,"Vancouver Region 551, Canada",611863,Cfb,3,June - August,A major global urban destination in Canada known for its tourism appeal.,20.43,"Vancouver Region 551, Canada",Yes,4.6,27638,https://www.visitvancouverregion551.com,"https://www.google.com/maps/search/Afghanistan,CultureVancouver+Region+551",Nightlife,Romantic,Family
City,"Osaka Region 552, Japan",611251,Cfa,2,"March - May, September - November",A major global urban destination in Japan known for its tourism appeal.,19.45,"Osaka Region 552, Japan",No,4.5,21002,https://www.visitosakaregion552.com,"https://www.google.com/maps/search/Afghanistan,CultureOsaka+Region+552",Romantic,City Break,Food & Wine
City,"Vancouver Region 553, Canada",610640,Cfb,3,June - August,A major global urban destination in Canada known for its tourism appeal.,17.32,"Vancouver Region 553, Canada",No,3.9,27653,https://www.visitvancouverregion553.com,"https://www.google.com/maps/search/Afghanistan,CultureVancouver+Region+553",Romantic,Family,Food & Wine
City,"Florence Region 554, Italy",610029,Cfa,3,"March - May, September - November",A major global urban destination in Italy known for its tourism appeal.,17.27,"Florence Region 554, Italy",Yes,4.1,16276,https://www.visitflorenceregion554.com,"https://www.google.com/maps/search/Afghanistan,CultureFlorence+Region+554",Culture & Museums,Food & Wine,Family
City,"San Francisco Region 555, USA",609419,Csb,4,May - September,A major global urban destination in USA known for its tourism appeal.,21.62,"San Francisco Region 555, USA",Yes,4.9,25809,https://www.visitsanfranciscoregion555.com,"https://www.google.com/maps/search/Afghanistan,CultureSan+Francisco+Region+555",Romantic,Culture & Museums,Food & Wine
City,"Kyoto Region 556, Japan",608810,Cfa,2,"March - May, September - November",A major global urban destination in Japan known for its tourism appeal.,19.42,"Kyoto Region 556, Japan",No,4.5,20709,https://www.visitkyotoregion556.com,"https://www.google.com/maps/search/Afghanistan,CultureKyoto+Region+556",Culture & Museums,Food & Wine,City Break
City,"San Francisco Region 557, USA",608201,Csb,4,May - September,A major global urban destination in USA known for its tourism appeal.,18.83,"San Francisco Region 557, USA",No,4.4,19038,https://www.visitsanfranciscoregion557.com,"https://www.google.com/maps/search/Afghanistan,CultureSan+Francisco+Region+557",Nightlife,City Break,Culture & Museums
City,"Stockholm Region 558, Sweden",607593,Dfb,4,June - August,A major global urban destination in Sweden known for its tourism appeal.,17.66,"Stockholm Region 558, Sweden",No,4.4,10326,https://www.visitstockholmregion558.com,"https://www.google.com/maps/search/Afghanistan,CultureStockholm+Region+558",Family,City Break,Food & Wine
City,"London Region 559, UK",606985,Cfb,4,June - August,A major global urban destination in UK known for its tourism appeal.,17.89,"London Region 559, UK",Yes,4.4,11666,https://www.visitlondonregion559.com,"https://www.google.com/maps/search/Afghanistan,CultureLondon+Region+559",City Break,Nightlife,Family
City,"Seoul Region 560, South Korea",606378,Dwa,2,May - October,A major global urban destination in South Korea known for its tourism appeal.,16.14,"Seoul Region 560, South Korea",No,4.1,8631,https://www.visitseoulregion560.com,"https://www.google.com/maps/search/Afghanistan,CultureSeoul+Region+560",City Break,Nightlife,Food & Wine
City,"London Region 561, UK",605772,Cfb,4,June - August,A major global urban destination in UK known for its tourism appeal.,19.14,"London Region 561, UK",No,4.6,14506,https://www.visitlondonregion561.com,"https://www.google.com/maps/search/Afghanistan,CultureLondon+Region+561",Nightlife,City Break,Romantic
City,"Barcelona Region 562, Spain",605166,Csa,2,"April - June, September - October",A major global urban destination in Spain known for its tourism appeal.,16.3,"Barcelona Region 562, Spain",No,4.2,7619,https://www.visitbarcelonaregion562.com,"https://www.google.com/maps/search/Afghanistan,CultureBarcelona+Region+562",Nightlife,Food & Wine,City Break
City,"Bangkok Region 563, Thailand",604561,Aw,1,November - April,A major global urban destination in Thailand known for its tourism appeal.,17.75,"Bangkok Region 563, Thailand",No,4.4,10814,https://www.visitbangkokregion563.com,"https://www.google.com/maps/search/Afghanistan,CultureBangkok+Region+563",Family,Romantic,Food & Wine
City,"Copenhagen Region 564, Denmark",603957,Cfb,4,June - August,A major global urban destination in Denmark known for its tourism appeal.,17.89,"Copenhagen Region 564, Denmark",Yes,4.2,18193,https://www.visitcopenhagenregion564.com,"https://www.google.com/maps/search/Afghanistan,CultureCopenhagen+Region+564",Family,Culture & Museums,City Break
City,"Warsaw Region 565, Poland",603353,Dfb,2,June - August,A major global urban destination in Poland known for its tourism appeal.,18.16,"Warsaw Region 565, Poland",No,4.4,13407,https://www.visitwarsawregion565.com,"https://www.google.com/maps/search/Afghanistan,CultureWarsaw+Region+565",Food & Wine,Nightlife,Family
City,"Milan Region 566, Italy",602749,Cfa,3,"March - May, September - November",A major global urban destination in Italy known for its tourism appeal.,18.46,"Milan Region 566, Italy",Yes,4.7,8450,https://www.visitmilanregion566.com,"https://www.google.com/maps/search/Afghanistan,CultureMilan+Region+566",Family,Culture & Museums,Nightlife
City,"Bali Region 567, Indonesia",602147,Aw,1,November - April,A major global urban destination in Indonesia known for its tourism appeal.,20.75,"Bali Region 567, Indonesia",Yes,4.8,21037,https://www.visitbaliregion567.com,"https://www.google.com/maps/search/Afghanistan,CultureBali+Region+567",Family,City Break,Food & Wine
City,"Zurich Region 568, Switzerland",601544,Cfb,4,June - August,A major global urban destination in Switzerland known for its tourism appeal.,15.98,"Zurich Region 568, Switzerland",Yes,4.2,6373,https://www.visitzurichregion568.com,"https://www.google.com/maps/search/Afghanistan,CultureZurich+Region+568",Culture & Museums,City Break,Family
City,"Phuket Region 569, Thailand",600943,Am,1,December - March,A major global urban destination in Thailand known for its tourism appeal.,16.65,"Phuket Region 569, Thailand",No,3.8,24137,https://www.visitphuketregion569.com,"https://www.google.com/maps/search/Afghanistan,CulturePhuket+Region+569",Romantic,City Break,Nightlife
City,"Shanghai Region 570, China",600342,Cfa,2,"March - May, September - November",A major global urban destination in China known for its tourism appeal.,19.7,"Shanghai Region 570, China",Yes,4.7,15532,https://www.visitshanghairegion570.com,"https://www.google.com/maps/search/Afghanistan,CultureShanghai+Region+570",City Break,Nightlife,Food & Wine
City,"Hanoi Region 571, Vietnam",599742,Cwa,1,October - April,A major global urban destination in Vietnam known for its tourism appeal.,16.86,"Hanoi Region 571, Vietnam",Yes,4.0,16395,https://www.visithanoiregion571.com,"https://www.google.com/maps/search/Afghanistan,CultureHanoi+Region+571",City Break,Romantic,Culture & Museums
City,"Vancouver Region 572, Canada",599142,Cfb,3,June - August,A major global urban destination in Canada known for its tourism appeal.,17.35,"Vancouver Region 572, Canada",No,3.9,28102,https://www.visitvancouverregion572.com,"https://www.google.com/maps/search/Afghanistan,CultureVancouver+Region+572",Family,City Break,Nightlife
City,"Buenos Aires Region 573, Argentina",598543,Cfa,1,"March - May, September - November",A major global urban destination in Argentina known for its tourism appeal.,17.7,"Buenos Aires Region 573, Argentina",No,4.1,20750,https://www.visitbuenosairesregion573.com,"https://www.google.com/maps/search/Afghanistan,CultureBuenos+Aires+Region+573",Food & Wine,Family,Culture & Museums
City,"Hanoi Region 574, Vietnam",597944,Cwa,1,October - April,A major global urban destination in Vietnam known for its tourism appeal.,17.22,"Hanoi Region 574, Vietnam",No,4.0,20161,https://www.visithanoiregion574.com,"https://www.google.com/maps/search/Afghanistan,CultureHanoi+Region+574",Nightlife,Food & Wine,Culture & Museums
City,"Munich Region 575, Germany",597346,Cfb,3,June - August,A major global urban destination in Germany known for its tourism appeal.,21.13,"Munich Region 575, Germany",No,4.8,25226,https://www.visitmunichregion575.com,"https://www.google.com/maps/search/Afghanistan,CultureMunich+Region+575",Romantic,Food & Wine,Nightlife
City,"Kyoto Region 576, Japan",596749,Cfa,2,"March - May, September - November",A major global urban destination in Japan known for its tourism appeal.,19.15,"Kyoto Region 576, Japan",No,4.4,22480,https://www.visitkyotoregion576.com,"https://www.google.com/maps/search/Afghanistan,CultureKyoto+Region+576",Nightlife,Romantic,Culture & Museums
City,"Zurich Region 577, Switzerland",596152,Cfb,4,June - August,A major global urban destination in Switzerland known for its tourism appeal.,19.73,"Zurich Region 577, Switzerland",No,4.9,10645,https://www.visitzurichregion577.com,"https://www.google.com/maps/search/Afghanistan,CultureZurich+Region+577",Food & Wine,Culture & Museums,Family
City,"Venice Region 578, Italy",595556,Cfa,3,"March - May, September - November",A major global urban destination in Italy known for its tourism appeal.,20.82,"Venice Region 578, Italy",Yes,4.7,26881,https://www.visitveniceregion578.com,"https://www.google.com/maps/search/Afghanistan,CultureVenice+Region+578",Family,City Break,Culture & Museums
City,"Istanbul Region 579, Turkey",594960,Csa,1,"April - June, September - October",A major global urban destination in Turkey known for its tourism appeal.,17.8,"Istanbul Region 579, Turkey",No,4.0,28193,https://www.visitistanbulregion579.com,"https://www.google.com/maps/search/Afghanistan,CultureIstanbul+Region+579",City Break,Food & Wine,Romantic
City,"Palma de Mallorca Region 580, Spain",594365,Csa,2,"April - June, September - October",A major global urban destination in Spain known for its tourism appeal.,20.33,"Palma de Mallorca Region 580, Spain",Yes,4.6,26218,https://www.visitpalmademallorcaregion580.com,"https://www.google.com/maps/search/Afghanistan,CulturePalma+de+Mallorca+Region+580",Romantic,Food & Wine,City Break
City,"San Francisco Region 581, USA",593771,Csb,4,May - September,A major global urban destination in USA known for its tourism appeal.,20.45,"San Francisco Region 581, USA",No,4.6,27942,https://www.visitsanfranciscoregion581.com,"https://www.google.com/maps/search/Afghanistan,CultureSan+Francisco+Region+581",City Break,Food & Wine,Nightlife
City,"Mexico City Region 582, Mexico",593177,Cwb,1,April - October,A major global urban destination in Mexico known for its tourism appeal.,18.43,"Mexico City Region 582, Mexico",Yes,4.3,19287,https://www.visitmexicocityregion582.com,"https://www.google.com/maps/search/Afghanistan,CultureMexico+City+Region+582",Culture & Museums,Family,Food & Wine
City,"Florence Region 583, Italy",592584,Cfa,3,"March - May, September - November",A major global urban destination in Italy known for its tourism appeal.,18.77,"Florence Region 583, Italy",No,4.8,8149,https://www.visitflorenceregion583.com,"https://www.google.com/maps/search/Afghanistan,CultureFlorence+Region+583",Romantic,Food & Wine,Culture & Museums
City,"Paris Region 584, France",591991,Cfb,3,June - August,A major global urban destination in France known for its tourism appeal.,18.6,"Paris Region 584, France",No,4.6,11040,https://www.visitparisregion584.com,"https://www.google.com/maps/search/Afghanistan,CultureParis+Region+584",Nightlife,Culture & Museums,Food & Wine
City,"Amsterdam Region 585, Netherlands",591399,Cfb,3,June - August,A major global urban destination in Netherlands known for its tourism appeal.,20.47,"Amsterdam Region 585, Netherlands",No,4.8,18369,https://www.visitamsterdamregion585.com,"https://www.google.com/maps/search/Afghanistan,CultureAmsterdam+Region+585",Food & Wine,Romantic,Nightlife
City,"Ho Chi Minh City Region 586, Vietnam",590808,Aw,1,November - April,A major global urban destination in Vietnam known for its tourism appeal.,19.3,"Ho Chi Minh City Region 586, Vietnam",Yes,4.7,12785,https://www.visithochiminhcityregion586.com,"https://www.google.com/maps/search/Afghanistan,CultureHo+Chi+Minh+City+Region+586",Nightlife,City Break,Romantic
City,"Sydney Region 587, Australia",590217,Cfa,3,"March - May, September - November",A major global urban destination in Australia known for its tourism appeal.,16.83,"Sydney Region 587, Australia",Yes,3.8,26835,https://www.visitsydneyregion587.com,"https://www.google.com/maps/search/Afghanistan,CultureSydney+Region+587",Romantic,Culture & Museums,City Break
City,"Tokyo Region 588, Japan",589627,Cfa,3,"March - May, September - November",A major global urban destination in Japan known for its tourism appeal.,17.79,"Tokyo Region 588, Japan",No,4.1,21851,https://www.visittokyoregion588.com,"https://www.google.com/maps/search/Afghanistan,CultureTokyo+Region+588",Food & Wine,City Break,Nightlife
City,"Toronto Region 589, Canada",589037,Dfa,3,May - September,A major global urban destination in Canada known for its tourism appeal.,17.16,"Toronto Region 589, Canada",No,3.9,25140,https://www.visittorontoregion589.com,"https://www.google.com/maps/search/Afghanistan,CultureToronto+Region+589",Nightlife,Culture & Museums,Romantic
City,"Jerusalem Region 590, Israel",588448,Csa,3,"April - June, September - October",A major global urban destination in Israel known for its tourism appeal.,17.27,"Jerusalem Region 590, Israel",Yes,3.9,26747,https://www.visitjerusalemregion590.com,"https://www.google.com/maps/search/Afghanistan,CultureJerusalem+Region+590",Culture & Museums,Family,Romantic
City,"Marrakech Region 591, Morocco",587860,BSh,1,October - March,A major global urban destination in Morocco known for its tourism appeal.,17.92,"Marrakech Region 591, Morocco",Yes,4.2,18450,https://www.visitmarrakechregion591.com,"https://www.google.com/maps/search/Afghanistan,CultureMarrakech+Region+591",City Break,Nightlife,Food & Wine
City,"Zurich Region 592, Switzerland",587272,Cfb,4,June - August,A major global urban destination in Switzerland known for its tourism appeal.,17.33,"Zurich Region 592, Switzerland",Yes,4.3,10697,https://www.visitzurichregion592.com,"https://www.google.com/maps/search/Afghanistan,CultureZurich+Region+592",Food & Wine,Nightlife,City Break
City,"New York City Region 593, USA",586685,Cfa,4,"March - May, September - November",A major global urban destination in USA known for its tourism appeal.,15.61,"New York City Region 593, USA",Yes,4.0,7999,https://www.visitnewyorkcityregion593.com,"https://www.google.com/maps/search/Afghanistan,CultureNew+York+City+Region+593",Culture & Museums,Family,Romantic
City,"Florence Region 594, Italy",586098,Cfa,3,"March - May, September - November",A major global urban destination in Italy known for its tourism appeal.,16.61,"Florence Region 594, Italy",No,3.9,18152,https://www.visitflorenceregion594.com,"https://www.google.com/maps/search/Afghanistan,CultureFlorence+Region+594",Family,Nightlife,City Break
City,"Cape Town Region 595, South Africa",585512,Csb,2,May - September,A major global urban destination in South Africa known for its tourism appeal.,20.4,"Cape Town Region 595, South Africa",Yes,4.9,14584,https://www.visitcapetownregion595.com,"https://www.google.com/maps/search/Afghanistan,CultureCape+Town+Region+595",City Break,Family,Nightlife
City,"Seoul Region 596, South Korea",584927,Dwa,2,May - October,A major global urban destination in South Korea known for its tourism appeal.,19.48,"Seoul Region 596, South Korea",No,4.8,11447,https://www.visitseoulregion596.com,"https://www.google.com/maps/search/Afghanistan,CultureSeoul+Region+596",Nightlife,City Break,Romantic
City,"Palma de Mallorca Region 597, Spain",584342,Csa,2,"April - June, September - October",A major global urban destination in Spain known for its tourism appeal.,18.77,"Palma de Mallorca Region 597, Spain",Yes,4.3,23147,https://www.visitpalmademallorcaregion597.com,"https://www.google.com/maps/search/Afghanistan,CulturePalma+de+Mallorca+Region+597",Family,City Break,Food & Wine
City,"Ho Chi Minh City Region 598, Vietnam",583757,Aw,1,November - April,A major global urban destination in Vietnam known for its tourism appeal.,17.61,"Ho Chi Minh City Region 598, Vietnam",Yes,4.0,25237,https://www.visithochiminhcityregion598.com,"https://www.google.com/maps/search/Afghanistan,CultureHo+Chi+Minh+City+Region+598",Romantic,Family,Culture & Museums
City,"Paris Region 599, France",583174,Cfb,3,June - August,A major global urban destination in France known for its tourism appeal.,19.48,"Paris Region 599, France",Yes,4.4,26700,https://www.visitparisregion599.com,"https://www.google.com/maps/search/Afghanistan,CultureParis+Region+599",Romantic,Culture & Museums,City Break
City,"Rome Region 600, Italy",582590,Csa,3,"April - June, September - October",A major global urban destination in Italy known for its tourism appeal.,18.58,"Rome Region 600, Italy",No,4.3,20899,https://www.visitromeregion600.com,"https://www.google.com/maps/search/Afghanistan,CultureRome+Region+600",Nightlife,Food & Wine,Culture & Museums
City,"Cairo Region 601, Egypt",582008,BWh,1,November - March,A major global urban destination in Egypt known for its tourism appeal.,17.48,"Cairo Region 601, Egypt",No,4.2,14488,https://www.visitcairoregion601.com,"https://www.google.com/maps/search/Afghanistan,CultureCairo+Region+601",Family,Nightlife,Food & Wine
City,"Ho Chi Minh City Region 602, Vietnam",581426,Aw,1,November - April,A major global urban destination in Vietnam known for its tourism appeal.,19.04,"Ho Chi Minh City Region 602, Vietnam",No,4.6,13773,https://www.visithochiminhcityregion602.com,"https://www.google.com/maps/search/Afghanistan,CultureHo+Chi+Minh+City+Region+602",Romantic,Food & Wine,Nightlife
City,"Vancouver Region 603, Canada",580844,Cfb,3,June - August,A major global urban destination in Canada known for its tourism appeal.,17.34,"Vancouver Region 603, Canada",No,4.1,16965,https://www.visitvancouverregion603.com,"https://www.google.com/maps/search/Afghanistan,CultureVancouver+Region+603",City Break,Family,Culture & Museums
City,"Ho Chi Minh City Region 604, Vietnam",580263,Aw,1,November - April,A major global urban destination in Vietnam known for its tourism appeal.,19.27,"Ho Chi Minh City Region 604, Vietnam",No,4.4,23984,https://www.visithochiminhcityregion604.com,"https://www.google.com/maps/search/Afghanistan,CultureHo+Chi+Minh+City+Region+604",Culture & Museums,Romantic,Family
City,"Hanoi Region 605, Vietnam",579683,Cwa,1,October - April,A major global urban destination in Vietnam known for its tourism appeal.,18.63,"Hanoi Region 605, Vietnam",Yes,4.5,13832,https://www.visithanoiregion605.com,"https://www.google.com/maps/search/Afghanistan,CultureHanoi+Region+605",City Break,Romantic,Nightlife
City,"Prague Region 606, Czech Republic",579104,Cfb,2,June - August,A major global urban destination in Czech Republic known for its tourism appeal.,17.24,"Prague Region 606, Czech Republic",No,4.1,16012,https://www.visitpragueregion606.com,"https://www.google.com/maps/search/Afghanistan,CulturePrague+Region+606",Family,Romantic,City Break
City,"Munich Region 607, Germany",578524,Cfb,3,June - August,A major global urban destination in Germany known for its tourism appeal.,17.29,"Munich Region 607, Germany",Yes,3.9,27113,https://www.visitmunichregion607.com,"https://www.google.com/maps/search/Afghanistan,CultureMunich+Region+607",Family,Nightlife,Food & Wine
City,"Amsterdam Region 608, Netherlands",577946,Cfb,3,June - August,A major global urban destination in Netherlands known for its tourism appeal.,17.87,"Amsterdam Region 608, Netherlands",No,4.1,22850,https://www.visitamsterdamregion608.com,"https://www.google.com/maps/search/Afghanistan,CultureAmsterdam+Region+608",Food & Wine,City Break,Family
City,"Kuala Lumpur Region 609, Malaysia",577368,Af,1,Year Round,A major global urban destination in Malaysia known for its tourism appeal.,20.34,"Kuala Lumpur Region 609, Malaysia",Yes,4.6,26471,https://www.visitkualalumpurregion609.com,"https://www.google.com/maps/search/Afghanistan,CultureKuala+Lumpur+Region+609",Culture & Museums,Food & Wine,Family
City,"Phuket Region 610, Thailand",576791,Am,1,December - March,A major global urban destination in Thailand known for its tourism appeal.,20.39,"Phuket Region 610, Thailand",No,4.7,21804,https://www.visitphuketregion610.com,"https://www.google.com/maps/search/Afghanistan,CulturePhuket+Region+610",City Break,Family,Nightlife
City,"Mumbai Region 611, India",576214,Aw,1,November - April,A major global urban destination in India known for its tourism appeal.,16.73,"Mumbai Region 611, India",No,4.0,15216,https://www.visitmumbairegion611.com,"https://www.google.com/maps/search/Afghanistan,CultureMumbai+Region+611",Family,Food & Wine,City Break
City,"Sydney Region 612, Australia",575638,Cfa,3,"March - May, September - November",A major global urban destination in Australia known for its tourism appeal.,14.78,"Sydney Region 612, Australia",No,3.8,7773,https://www.visitsydneyregion612.com,"https://www.google.com/maps/search/Afghanistan,CultureSydney+Region+612",Food & Wine,Nightlife,Family
City,"Antalya Region 613, Turkey",575062,Csa,1,"April - June, September - October",A major global urban destination in Turkey known for its tourism appeal.,18.94,"Antalya Region 613, Turkey",Yes,4.4,20194,https://www.visitantalyaregion613.com,"https://www.google.com/maps/search/Afghanistan,CultureAntalya+Region+613",Romantic,Nightlife,Family
City,"Toronto Region 614, Canada",574487,Dfa,3,May - September,A major global urban destination in Canada known for its tourism appeal.,17.85,"Toronto Region 614, Canada",Yes,4.5,9248,https://www.visittorontoregion614.com,"https://www.google.com/maps/search/Afghanistan,CultureToronto+Region+614",Food & Wine,Family,Culture & Museums
City,"Copenhagen Region 615, Denmark",573912,Cfb,4,June - August,A major global urban destination in Denmark known for its tourism appeal.,16.87,"Copenhagen Region 615, Denmark",Yes,3.9,21137,https://www.visitcopenhagenregion615.com,"https://www.google.com/maps/search/Afghanistan,CultureCopenhagen+Region+615",Romantic,Culture & Museums,City Break
City,"Hanoi Region 616, Vietnam",573338,Cwa,1,October - April,A major global urban destination in Vietnam known for its tourism appeal.,19.52,"Hanoi Region 616, Vietnam",Yes,4.7,14222,https://www.visithanoiregion616.com,"https://www.google.com/maps/search/Afghanistan,CultureHanoi+Region+616",Food & Wine,Nightlife,Romantic
City,"Cape Town Region 617, South Africa",572765,Csb,2,May - September,A major global urban destination in South Africa known for its tourism appeal.,21.27,"Cape Town Region 617, South Africa",Yes,4.8,27015,https://www.visitcapetownregion617.com,"https://www.google.com/maps/search/Afghanistan,CultureCape+Town+Region+617",Culture & Museums,Food & Wine,Family
City,"Mumbai Region 618, India",572192,Aw,1,November - April,A major global urban destination in India known for its tourism appeal.,19.49,"Mumbai Region 618, India",Yes,4.7,13990,https://www.visitmumbairegion618.com,"https://www.google.com/maps/search/Afghanistan,CultureMumbai+Region+618",Nightlife,City Break,Family
City,"Madrid Region 619, Spain",571620,Csa,2,"April - June, September - October",A major global urban destination in Spain known for its tourism appeal.,18.79,"Madrid Region 619, Spain",No,4.4,18669,https://www.visitmadridregion619.com,"https://www.google.com/maps/search/Afghanistan,CultureMadrid+Region+619",Romantic,Food & Wine,Nightlife
City,"Warsaw Region 620, Poland",571049,Dfb,2,June - August,A major global urban destination in Poland known for its tourism appeal.,21.15,"Warsaw Region 620, Poland",No,4.9,20681,https://www.visitwarsawregion620.com,"https://www.google.com/maps/search/Afghanistan,CultureWarsaw+Region+620",Food & Wine,Romantic,Culture & Museums
City,"New York City Region 621, USA",570477,Cfa,4,"March - May, September - November",A major global urban destination in USA known for its tourism appeal.,16.68,"New York City Region 621, USA",No,3.8,24506,https://www.visitnewyorkcityregion621.com,"https://www.google.com/maps/search/Afghanistan,CultureNew+York+City+Region+621",Culture & Museums,Family,Romantic
City,"Osaka Region 622, Japan",569907,Cfa,2,"March - May, September - November",A major global urban destination in Japan known for its tourism appeal.,18.05,"Osaka Region 622, Japan",No,4.1,25296,https://www.visitosakaregion622.com,"https://www.google.com/maps/search/Afghanistan,CultureOsaka+Region+622",Romantic,Culture & Museums,Family
City,"Tokyo Region 623, Japan",569337,Cfa,3,"March - May, September - November",A major global urban destination in Japan known for its tourism appeal.,17.36,"Tokyo Region 623, Japan",No,4.0,21826,https://www.visittokyoregion623.com,"https://www.google.com/maps/search/Afghanistan,CultureTokyo+Region+623",Family,Nightlife,Romantic
City,"Istanbul Region 624, Turkey",568768,Csa,1,"April - June, September - October",A major global urban destination in Turkey known for its tourism appeal.,21.0,"Istanbul Region 624, Turkey",Yes,4.8,23712,https://www.visitistanbulregion624.com,"https://www.google.com/maps/search/Afghanistan,CultureIstanbul+Region+624",Family,Romantic,Nightlife
City,"Toronto Region 625, Canada",568199,Dfa,3,May - September,A major global urban destination in Canada known for its tourism appeal.,20.2,"Toronto Region 625, Canada",No,4.6,24642,https://www.visittorontoregion625.com,"https://www.google.com/maps/search/Afghanistan,CultureToronto+Region+625",Food & Wine,Romantic,Culture & Museums
City,"Vienna Region 626, Austria",567631,Cfb,3,June - August,A major global urban destination in Austria known for its tourism appeal.,20.25,"Vienna Region 626, Austria",Yes,4.6,25305,https://www.visitviennaregion626.com,"https://www.google.com/maps/search/Afghanistan,CultureVienna+Region+626",Food & Wine,Family,Culture & Museums
City,"Prague Region 627, Czech Republic",567063,Cfb,2,June - August,A major global urban destination in Czech Republic known for its tourism appeal.,15.45,"Prague Region 627, Czech Republic",Yes,3.8,11623,https://www.visitpragueregion627.com,"https://www.google.com/maps/search/Afghanistan,CulturePrague+Region+627",Culture & Museums,Nightlife,City Break
City,"Kuala Lumpur Region 628, Malaysia",566496,Af,1,Year Round,A major global urban destination in Malaysia known for its tourism appeal.,20.92,"Kuala Lumpur Region 628, Malaysia",No,4.7,28258,https://www.visitkualalumpurregion628.com,"https://www.google.com/maps/search/Afghanistan,CultureKuala+Lumpur+Region+628",Family,Food & Wine,Romantic
City,"Copenhagen Region 629, Denmark",565930,Cfb,4,June - August,A major global urban destination in Denmark known for its tourism appeal.,18.85,"Copenhagen Region 629, Denmark",No,4.6,12534,https://www.visitcopenhagenregion629.com,"https://www.google.com/maps/search/Afghanistan,CultureCopenhagen+Region+629",City Break,Food & Wine,Culture & Museums
City,"Bangkok Region 630, Thailand",565364,Aw,1,November - April,A major global urban destination in Thailand known for its tourism appeal.,19.53,"Bangkok Region 630, Thailand",Yes,4.4,27465,https://www.visitbangkokregion630.com,"https://www.google.com/maps/search/Afghanistan,CultureBangkok+Region+630",Romantic,Food & Wine,Family
City,"Dubai Region 631, UAE",564798,BWh,4,November - March,A major global urban destination in UAE known for its tourism appeal.,15.6,"Dubai Region 631, UAE",No,4.1,6378,https://www.visitdubairegion631.com,"https://www.google.com/maps/search/Afghanistan,CultureDubai+Region+631",Family,City Break,Nightlife
City,"Rome Region 632, Italy",564234,Csa,3,"April - June, September - October",A major global urban destination in Italy known for its tourism appeal.,17.6,"Rome Region 632, Italy",Yes,4.2,15536,https://www.visitromeregion632.com,"https://www.google.com/maps/search/Afghanistan,CultureRome+Region+632",Romantic,Nightlife,Family
City,"Milan Region 633, Italy",563669,Cfa,3,"March - May, September - November",A major global urban destination in Italy known for its tourism appeal.,17.59,"Milan Region 633, Italy",Yes,4.3,12311,https://www.visitmilanregion633.com,"https://www.google.com/maps/search/Afghanistan,CultureMilan+Region+633",Romantic,Food & Wine,Family
City,"Copenhagen Region 634, Denmark",563106,Cfb,4,June - August,A major global urban destination in Denmark known for its tourism appeal.,19.33,"Copenhagen Region 634, Denmark",Yes,4.5,19775,https://www.visitcopenhagenregion634.com,"https://www.google.com/maps/search/Afghanistan,CultureCopenhagen+Region+634",Culture & Museums,Romantic,Food & Wine
City,"Vancouver Region 635, Canada",562543,Cfb,3,June - August,A major global urban destination in Canada known for its tourism appeal.,20.78,"Vancouver Region 635, Canada",No,4.9,17420,https://www.visitvancouverregion635.com,"https://www.google.com/maps/search/Afghanistan,CultureVancouver+Region+635",Nightlife,Family,Romantic
City,"Amsterdam Region 636, Netherlands",561980,Cfb,3,June - August,A major global urban destination in Netherlands known for its tourism appeal.,16.08,"Amsterdam Region 636, Netherlands",Yes,4.1,8338,https://www.visitamsterdamregion636.com,"https://www.google.com/maps/search/Afghanistan,CultureAmsterdam+Region+636",Culture & Museums,Nightlife,Food & Wine
City,"Rio de Janeiro Region 637, Brazil",561418,Aw,1,November - April,A major global urban destination in Brazil known for its tourism appeal.,20.08,"Rio de Janeiro Region 637, Brazil",Yes,4.7,18762,https://www.visitriodejaneiroregion637.com,"https://www.google.com/maps/search/Afghanistan,CultureRio+de+Janeiro+Region+637",Nightlife,Food & Wine,Family
City,"Antalya Region 638, Turkey",560857,Csa,1,"April - June, September - October",A major global urban destination in Turkey known for its tourism appeal.,16.63,"Antalya Region 638, Turkey",Yes,3.8,23804,https://www.visitantalyaregion638.com,"https://www.google.com/maps/search/Afghanistan,CultureAntalya+Region+638",Culture & Museums,Nightlife,Family
City,"Vancouver Region 639, Canada",560296,Cfb,3,June - August,A major global urban destination in Canada known for its tourism appeal.,17.58,"Vancouver Region 639, Canada",Yes,4.0,24857,https://www.visitvancouverregion639.com,"https://www.google.com/maps/search/Afghanistan,CultureVancouver+Region+639",City Break,Culture & Museums,Nightlife
City,"Toronto Region 640, Canada",559735,Dfa,3,May - September,A major global urban destination in Canada known for its tourism appeal.,19.98,"Toronto Region 640, Canada",Yes,4.8,14529,https://www.visittorontoregion640.com,"https://www.google.com/maps/search/Afghanistan,CultureToronto+Region+640",Culture & Museums,Nightlife,Family
City,"Zurich Region 641, Switzerland",559176,Cfb,4,June - August,A major global urban destination in Switzerland known for its tourism appeal.,19.64,"Zurich Region 641, Switzerland",Yes,4.6,18589,https://www.visitzurichregion641.com,"https://www.google.com/maps/search/Afghanistan,CultureZurich+Region+641",Family,Nightlife,Food & Wine
City,"Seoul Region 642, South Korea",558616,Dwa,2,May - October,A major global urban destination in South Korea known for its tourism appeal.,19.86,"Seoul Region 642, South Korea",No,4.7,16772,https://www.visitseoulregion642.com,"https://www.google.com/maps/search/Afghanistan,CultureSeoul+Region+642",Nightlife,Food & Wine,City Break
City,"San Francisco Region 643, USA",558058,Csb,4,May - September,A major global urban destination in USA known for its tourism appeal.,19.84,"San Francisco Region 643, USA",No,4.5,25662,https://www.visitsanfranciscoregion643.com,"https://www.google.com/maps/search/Afghanistan,CultureSan+Francisco+Region+643",Romantic,City Break,Culture & Museums
City,"Athens Region 644, Greece",557500,Csa,2,"April - June, September - October",A major global urban destination in Greece known for its tourism appeal.,21.24,"Athens Region 644, Greece",Yes,4.8,26628,https://www.visitathensregion644.com,"https://www.google.com/maps/search/Afghanistan,CultureAthens+Region+644",Family,Food & Wine,Nightlife
City,"Singapore Region 645, Singapore",556942,Af,4,Year Round,A major global urban destination in Singapore known for its tourism appeal.,17.84,"Singapore Region 645, Singapore",Yes,4.3,14101,https://www.visitsingaporeregion645.com,"https://www.google.com/maps/search/Afghanistan,CultureSingapore+Region+645",Family,Culture & Museums,Romantic
City,"Mexico City Region 646, Mexico",556385,Cwb,1,April - October,A major global urban destination in Mexico known for its tourism appeal.,18.43,"Mexico City Region 646, Mexico",Yes,4.3,19352,https://www.visitmexicocityregion646.com,"https://www.google.com/maps/search/Afghanistan,CultureMexico+City+Region+646",Culture & Museums,Family,Food & Wine
City,"Cairo Region 647, Egypt",555829,BWh,1,November - March,A major global urban destination in Egypt known for its tourism appeal.,15.77,"Cairo Region 647, Egypt",Yes,4.2,5693,https://www.visitcairoregion647.com,"https://www.google.com/maps/search/Afghanistan,CultureCairo+Region+647",Family,Romantic,Culture & Museums
City,"Shanghai Region 648, China",555273,Cfa,2,"March - May, September - November",A major global urban destination in China known for its tourism appeal.,17.33,"Shanghai Region 648, China",No,4.1,16818,https://www.visitshanghairegion648.com,"https://www.google.com/maps/search/Afghanistan,CultureShanghai+Region+648",Romantic,Food & Wine,Family
City,"Hong Kong Region 649, China",554718,Cwa,3,October - April,A major global urban destination in China known for its tourism appeal.,18.62,"Hong Kong Region 649, China",Yes,4.8,7564,https://www.visithongkongregion649.com,"https://www.google.com/maps/search/Afghanistan,CultureHong+Kong+Region+649",Romantic,Nightlife,Culture & Museums
City,"Phuket Region 650, Thailand",554163,Am,1,December - March,A major global urban destination in Thailand known for its tourism appeal.,20.54,"Phuket Region 650, Thailand",Yes,4.9,15522,https://www.visitphuketregion650.com,"https://www.google.com/maps/search/Afghanistan,CulturePhuket+Region+650",City Break,Food & Wine,Romantic
City,"Las Vegas Region 651, USA",553609,BWk,3,May - September,A major global urban destination in USA known for its tourism appeal.,18.99,"Las Vegas Region 651, USA",No,4.6,13413,https://www.visitlasvegasregion651.com,"https://www.google.com/maps/search/Afghanistan,CultureLas+Vegas+Region+651",Culture & Museums,Family,Food & Wine
City,"New York City Region 652, USA",553055,Cfa,4,"March - May, September - November",A major global urban destination in USA known for its tourism appeal.,20.63,"New York City Region 652, USA",Yes,4.7,24508,https://www.visitnewyorkcityregion652.com,"https://www.google.com/maps/search/Afghanistan,CultureNew+York+City+Region+652",City Break,Culture & Museums,Romantic
City,"Budapest Region 653, Hungary",552502,Cfb,2,June - August,A major global urban destination in Hungary known for its tourism appeal.,18.07,"Budapest Region 653, Hungary",No,4.6,8492,https://www.visitbudapestregion653.com,"https://www.google.com/maps/search/Afghanistan,CultureBudapest+Region+653",City Break,Culture & Museums,Romantic
City,"Palma de Mallorca Region 654, Spain",551950,Csa,2,"April - June, September - October",A major global urban destination in Spain known for its tourism appeal.,20.08,"Palma de Mallorca Region 654, Spain",Yes,4.8,15230,https://www.visitpalmademallorcaregion654.com,"https://www.google.com/maps/search/Afghanistan,CulturePalma+de+Mallorca+Region+654",City Break,Food & Wine,Nightlife
City,"Los Angeles Region 655, USA",551398,Csb,3,May - September,A major global urban destination in USA known for its tourism appeal.,20.16,"Los Angeles Region 655, USA",Yes,4.8,15853,https://www.visitlosangelesregion655.com,"https://www.google.com/maps/search/Afghanistan,CultureLos+Angeles+Region+655",Nightlife,City Break,Culture & Museums
City,"Copenhagen Region 656, Denmark",550846,Cfb,4,June - August,A major global urban destination in Denmark known for its tourism appeal.,18.66,"Copenhagen Region 656, Denmark",No,4.8,7719,https://www.visitcopenhagenregion656.com,"https://www.google.com/maps/search/Afghanistan,CultureCopenhagen+Region+656",Nightlife,City Break,Food & Wine
City,"Zurich Region 657, Switzerland",550296,Cfb,4,June - August,A major global urban destination in Switzerland known for its tourism appeal.,16.71,"Zurich Region 657, Switzerland",Yes,4.0,15014,https://www.visitzurichregion657.com,"https://www.google.com/maps/search/Afghanistan,CultureZurich+Region+657",City Break,Nightlife,Family
City,"Munich Region 658, Germany",549745,Cfb,3,June - August,A major global urban destination in Germany known for its tourism appeal.,16.77,"Munich Region 658, Germany",Yes,4.1,12308,https://www.visitmunichregion658.com,"https://www.google.com/maps/search/Afghanistan,CultureMunich+Region+658",Family,Food & Wine,City Break
City,"Cairo Region 659, Egypt",549196,BWh,1,November - March,A major global urban destination in Egypt known for its tourism appeal.,18.77,"Cairo Region 659, Egypt",Yes,4.5,14824,https://www.visitcairoregion659.com,"https://www.google.com/maps/search/Afghanistan,CultureCairo+Region+659",Food & Wine,City Break,Nightlife
City,"Jerusalem Region 660, Israel",548646,Csa,3,"April - June, September - October",A major global urban destination in Israel known for its tourism appeal.,16.54,"Jerusalem Region 660, Israel",Yes,3.8,22583,https://www.visitjerusalemregion660.com,"https://www.google.com/maps/search/Afghanistan,CultureJerusalem+Region+660",City Break,Food & Wine,Family
City,"Vancouver Region 661, Canada",548098,Cfb,3,June - August,A major global urban destination in Canada known for its tourism appeal.,16.77,"Vancouver Region 661, Canada",No,4.2,9841,https://www.visitvancouverregion661.com,"https://www.google.com/maps/search/Afghanistan,CultureVancouver+Region+661",Nightlife,City Break,Family
City,"Hanoi Region 662, Vietnam",547550,Cwa,1,October - April,A major global urban destination in Vietnam known for its tourism appeal.,18.75,"Hanoi Region 662, Vietnam",No,4.5,14699,https://www.visithanoiregion662.com,"https://www.google.com/maps/search/Afghanistan,CultureHanoi+Region+662",Food & Wine,Family,City Break
City,"Hanoi Region 663, Vietnam",547002,Cwa,1,October - April,A major global urban destination in Vietnam known for its tourism appeal.,18.59,"Hanoi Region 663, Vietnam",Yes,4.3,21105,https://www.visithanoiregion663.com,"https://www.google.com/maps/search/Afghanistan,CultureHanoi+Region+663",Nightlife,City Break,Food & Wine
City,"Buenos Aires Region 664, Argentina",546455,Cfa,1,"March - May, September - November",A major global urban destination in Argentina known for its tourism appeal.,21.08,"Buenos Aires Region 664, Argentina",No,4.9,20044,https://www.visitbuenosairesregion664.com,"https://www.google.com/maps/search/Afghanistan,CultureBuenos+Aires+Region+664",Family,Food & Wine,Culture & Museums
City,"Lisbon Region 665, Portugal",545909,Csa,2,"April - June, September - October",A major global urban destination in Portugal known for its tourism appeal.,21.73,"Lisbon Region 665, Portugal",No,4.9,27151,https://www.visitlisbonregion665.com,"https://www.google.com/maps/search/Afghanistan,CultureLisbon+Region+665",Romantic,Food & Wine,City Break
City,"Kuala Lumpur Region 666, Malaysia",545363,Af,1,Year Round,A major global urban destination in Malaysia known for its tourism appeal.,17.98,"Kuala Lumpur Region 666, Malaysia",No,4.3,15206,https://www.visitkualalumpurregion666.com,"https://www.google.com/maps/search/Afghanistan,CultureKuala+Lumpur+Region+666",Romantic,City Break,Food & Wine
City,"Prague Region 667, Czech Republic",544817,Cfb,2,June - August,A major global urban destination in Czech Republic known for its tourism appeal.,21.07,"Prague Region 667, Czech Republic",No,4.8,24491,https://www.visitpragueregion667.com,"https://www.google.com/maps/search/Afghanistan,CulturePrague+Region+667",Food & Wine,Culture & Museums,Family
City,"Kuala Lumpur Region 668, Malaysia",544273,Af,1,Year Round,A major global urban destination in Malaysia known for its tourism appeal.,21.56,"Kuala Lumpur Region 668, Malaysia",No,4.9,25149,https://www.visitkualalumpurregion668.com,"https://www.google.com/maps/search/Afghanistan,CultureKuala+Lumpur+Region+668",Family,Romantic,City Break
City,"Jerusalem Region 669, Israel",543728,Csa,3,"April - June, September - October",A major global urban destination in Israel known for its tourism appeal.,21.39,"Jerusalem Region 669, Israel",No,4.9,23212,https://www.visitjerusalemregion669.com,"https://www.google.com/maps/search/Afghanistan,CultureJerusalem+Region+669",Family,Food & Wine,Culture & Museums
City,"Hong Kong Region 670, China",543185,Cwa,3,October - April,A major global urban destination in China known for its tourism appeal.,17.34,"Hong Kong Region 670, China",No,4.1,16910,https://www.visithongkongregion670.com,"https://www.google.com/maps/search/Afghanistan,CultureHong+Kong+Region+670",Nightlife,Romantic,Family
City,"Dublin Region 671, Ireland",542641,Cfb,3,June - August,A major global urban destination in Ireland known for its tourism appeal.,18.09,"Dublin Region 671, Ireland",No,4.3,16064,https://www.visitdublinregion671.com,"https://www.google.com/maps/search/Afghanistan,CultureDublin+Region+671",Nightlife,Family,Romantic
City,"Marrakech Region 672, Morocco",542099,BSh,1,October - March,A major global urban destination in Morocco known for its tourism appeal.,16.78,"Marrakech Region 672, Morocco",No,3.9,20077,https://www.visitmarrakechregion672.com,"https://www.google.com/maps/search/Afghanistan,CultureMarrakech+Region+672",Romantic,Family,Food & Wine
City,"Vienna Region 673, Austria",541557,Cfb,3,June - August,A major global urban destination in Austria known for its tourism appeal.,16.85,"Vienna Region 673, Austria",Yes,3.9,20952,https://www.visitviennaregion673.com,"https://www.google.com/maps/search/Afghanistan,CultureVienna+Region+673",City Break,Food & Wine,Nightlife
City,"Munich Region 674, Germany",541015,Cfb,3,June - August,A major global urban destination in Germany known for its tourism appeal.,17.78,"Munich Region 674, Germany",No,4.1,21648,https://www.visitmunichregion674.com,"https://www.google.com/maps/search/Afghanistan,CultureMunich+Region+674",Culture & Museums,City Break,Food & Wine
City,"Pattaya Region 675, Thailand",540474,Aw,1,November - April,A major global urban destination in Thailand known for its tourism appeal.,16.36,"Pattaya Region 675, Thailand",Yes,3.8,20151,https://www.visitpattayaregion675.com,"https://www.google.com/maps/search/Afghanistan,CulturePattaya+Region+675",City Break,Culture & Museums,Food & Wine
City,"Osaka Region 676, Japan",539934,Cfa,2,"March - May, September - November",A major global urban destination in Japan known for its tourism appeal.,17.15,"Osaka Region 676, Japan",Yes,4.1,15266,https://www.visitosakaregion676.com,"https://www.google.com/maps/search/Afghanistan,CultureOsaka+Region+676",Family,Nightlife,City Break
City,"Shanghai Region 677, China",539394,Cfa,2,"March - May, September - November",A major global urban destination in China known for its tourism appeal.,18.06,"Shanghai Region 677, China",No,4.6,8447,https://www.visitshanghairegion677.com,"https://www.google.com/maps/search/Afghanistan,CultureShanghai+Region+677",Culture & Museums,Family,Romantic
City,"Berlin Region 678, Germany",538854,Cfb,2,June - August,A major global urban destination in Germany known for its tourism appeal.,20.64,"Berlin Region 678, Germany",Yes,4.7,24626,https://www.visitberlinregion678.com,"https://www.google.com/maps/search/Afghanistan,CultureBerlin+Region+678",City Break,Food & Wine,Family
City,"Athens Region 679, Greece",538315,Csa,2,"April - June, September - October",A major global urban destination in Greece known for its tourism appeal.,16.04,"Athens Region 679, Greece",No,4.0,10253,https://www.visitathensregion679.com,"https://www.google.com/maps/search/Afghanistan,CultureAthens+Region+679",Culture & Museums,Food & Wine,Family
City,"Cape Town Region 680, South Africa",537777,Csb,2,May - September,A major global urban destination in South Africa known for its tourism appeal.,17.7,"Cape Town Region 680, South Africa",Yes,4.0,26680,https://www.visitcapetownregion680.com,"https://www.google.com/maps/search/Afghanistan,CultureCape+Town+Region+680",Nightlife,Romantic,Family
City,"Shanghai Region 681, China",537239,Cfa,2,"March - May, September - November",A major global urban destination in China known for its tourism appeal.,16.52,"Shanghai Region 681, China",No,4.1,10715,https://www.visitshanghairegion681.com,"https://www.google.com/maps/search/Afghanistan,CultureShanghai+Region+681",Culture & Museums,City Break,Family
City,"Kuala Lumpur Region 682, Malaysia",536702,Af,1,Year Round,A major global urban destination in Malaysia known for its tourism appeal.,17.27,"Kuala Lumpur Region 682, Malaysia",No,4.4,8421,https://www.visitkualalumpurregion682.com,"https://www.google.com/maps/search/Afghanistan,CultureKuala+Lumpur+Region+682",Family,Romantic,Nightlife
City,"Taipei Region 683, Taiwan",536165,Cfa,2,"March - May, September - November",A major global urban destination in Taiwan known for its tourism appeal.,17.57,"Taipei Region 683, Taiwan",Yes,4.4,9830,https://www.visittaipeiregion683.com,"https://www.google.com/maps/search/Afghanistan,CultureTaipei+Region+683",Culture & Museums,Food & Wine,City Break
City,"Jaipur Region 684, India",535629,BSh,1,October - March,A major global urban destination in India known for its tourism appeal.,17.61,"Jaipur Region 684, India",Yes,4.2,15626,https://www.visitjaipurregion684.com,"https://www.google.com/maps/search/Afghanistan,CultureJaipur+Region+684",Culture & Museums,City Break,Romantic
City,"Amsterdam Region 685, Netherlands",535094,Cfb,3,June - August,A major global urban destination in Netherlands known for its tourism appeal.,19.89,"Amsterdam Region 685, Netherlands",No,4.6,21109,https://www.visitamsterdamregion685.com,"https://www.google.com/maps/search/Afghanistan,CultureAmsterdam+Region+685",Family,Culture & Museums,Nightlife
City,"Venice Region 686, Italy",534558,Cfa,3,"March - May, September - November",A major global urban destination in Italy known for its tourism appeal.,18.37,"Venice Region 686, Italy",No,4.3,18717,https://www.visitveniceregion686.com,"https://www.google.com/maps/search/Afghanistan,CultureVenice+Region+686",Food & Wine,Nightlife,Romantic
City,"Bangkok Region 687, Thailand",534024,Aw,1,November - April,A major global urban destination in Thailand known for its tourism appeal.,15.89,"Bangkok Region 687, Thailand",Yes,3.9,11876,https://www.visitbangkokregion687.com,"https://www.google.com/maps/search/Afghanistan,CultureBangkok+Region+687",Romantic,Family,Food & Wine
City,"Lisbon Region 688, Portugal",533490,Csa,2,"April - June, September - October",A major global urban destination in Portugal known for its tourism appeal.,21.19,"Lisbon Region 688, Portugal",No,4.8,25997,https://www.visitlisbonregion688.com,"https://www.google.com/maps/search/Afghanistan,CultureLisbon+Region+688",Culture & Museums,Family,Nightlife
City,"Cairo Region 689, Egypt",532956,BWh,1,November - March,A major global urban destination in Egypt known for its tourism appeal.,18.84,"Cairo Region 689, Egypt",No,4.8,8430,https://www.visitcairoregion689.com,"https://www.google.com/maps/search/Afghanistan,CultureCairo+Region+689",Family,City Break,Romantic
City,"Budapest Region 690, Hungary",532423,Cfb,2,June - August,A major global urban destination in Hungary known for its tourism appeal.,18.09,"Budapest Region 690, Hungary",Yes,4.2,20265,https://www.visitbudapestregion690.com,"https://www.google.com/maps/search/Afghanistan,CultureBudapest+Region+690",Nightlife,Food & Wine,City Break
City,"Los Angeles Region 691, USA",531891,Csb,3,May - September,A major global urban destination in USA known for its tourism appeal.,16.95,"Los Angeles Region 691, USA",No,4.1,13654,https://www.visitlosangelesregion691.com,"https://www.google.com/maps/search/Afghanistan,CultureLos+Angeles+Region+691",Food & Wine,Nightlife,Family
City,"Copenhagen Region 692, Denmark",531359,Cfb,4,June - August,A major global urban destination in Denmark known for its tourism appeal.,19.28,"Copenhagen Region 692, Denmark",Yes,4.7,12633,https://www.visitcopenhagenregion692.com,"https://www.google.com/maps/search/Afghanistan,CultureCopenhagen+Region+692",Culture & Museums,Food & Wine,City Break
City,"Prague Region 693, Czech Republic",530828,Cfb,2,June - August,A major global urban destination in Czech Republic known for its tourism appeal.,18.47,"Prague Region 693, Czech Republic",Yes,4.6,10361,https://www.visitpragueregion693.com,"https://www.google.com/maps/search/Afghanistan,CulturePrague+Region+693",Nightlife,Romantic,Family
City,"Sydney Region 694, Australia",530297,Cfa,3,"March - May, September - November",A major global urban destination in Australia known for its tourism appeal.,19.76,"Sydney Region 694, Australia",No,4.6,19737,https://www.visitsydneyregion694.com,"https://www.google.com/maps/search/Afghanistan,CultureSydney+Region+694",Nightlife,Family,Romantic
City,"Kuala Lumpur Region 695, Malaysia",529767,Af,1,Year Round,A major global urban destination in Malaysia known for its tourism appeal.,19.01,"Kuala Lumpur Region 695, Malaysia",No,4.7,11099,https://www.visitkualalumpurregion695.com,"https://www.google.com/maps/search/Afghanistan,CultureKuala+Lumpur+Region+695",Nightlife,Culture & Museums,Family
City,"Seoul Region 696, South Korea",529237,Dwa,2,May - October,A major global urban destination in South Korea known for its tourism appeal.,16.71,"Seoul Region 696, South Korea",Yes,3.9,19205,https://www.visitseoulregion696.com,"https://www.google.com/maps/search/Afghanistan,CultureSeoul+Region+696",Family,Food & Wine,Nightlife
City,"Tokyo Region 697, Japan",528708,Cfa,3,"March - May, September - November",A major global urban destination in Japan known for its tourism appeal.,16.19,"Tokyo Region 697, Japan",Yes,3.9,14202,https://www.visittokyoregion697.com,"https://www.google.com/maps/search/Afghanistan,CultureTokyo+Region+697",Nightlife,Family,Romantic
City,"Bali Region 698, Indonesia",528179,Aw,1,November - April,A major global urban destination in Indonesia known for its tourism appeal.,18.77,"Bali Region 698, Indonesia",No,4.4,18422,https://www.visitbaliregion698.com,"https://www.google.com/maps/search/Afghanistan,CultureBali+Region+698",Food & Wine,Nightlife,Romantic
City,"Bali Region 699, Indonesia",527651,Aw,1,November - April,A major global urban destination in Indonesia known for its tourism appeal.,18.44,"Bali Region 699, Indonesia",No,4.2,24520,https://www.visitbaliregion699.com,"https://www.google.com/maps/search/Afghanistan,CultureBali+Region+699",Romantic,Family,Nightlife
City,"Stockholm Region 700, Sweden",527123,Dfb,4,June - August,A major global urban destination in Sweden known for its tourism appeal.,19.72,"Stockholm Region 700, Sweden",Yes,4.6,19375,https://www.visitstockholmregion700.com,"https://www.google.com/maps/search/Afghanistan,CultureStockholm+Region+700",City Break,Food & Wine,Romantic
City,"Dubai Region 701, UAE",526596,BWh,4,November - March,A major global urban destination in UAE known for its tourism appeal.,17.2,"Dubai Region 701, UAE",Yes,4.0,19972,https://www.visitdubairegion701.com,"https://www.google.com/maps/search/Afghanistan,CultureDubai+Region+701",Romantic,Food & Wine,City Break
City,"Cairo Region 702, Egypt",526069,BWh,1,November - March,A major global urban destination in Egypt known for its tourism appeal.,17.02,"Cairo Region 702, Egypt",Yes,4.1,14171,https://www.visitcairoregion702.com,"https://www.google.com/maps/search/Afghanistan,CultureCairo+Region+702",Family,Culture & Museums,City Break
City,"Mecca Region 703, Saudi Arabia",525543,BWh,2,November - March,A major global urban destination in Saudi Arabia known for its tourism appeal.,17.94,"Mecca Region 703, Saudi Arabia",No,4.2,18715,https://www.visitmeccaregion703.com,"https://www.google.com/maps/search/Afghanistan,CultureMecca+Region+703",Culture & Museums,Family,City Break
City,"Dubai Region 704, UAE",525018,BWh,4,November - March,A major global urban destination in UAE known for its tourism appeal.,15.35,"Dubai Region 704, UAE",No,4.1,5535,https://www.visitdubairegion704.com,"https://www.google.com/maps/search/Afghanistan,CultureDubai+Region+704",Nightlife,Family,Culture & Museums
City,"Lisbon Region 705, Portugal",524493,Csa,2,"April - June, September - October",A major global urban destination in Portugal known for its tourism appeal.,18.05,"Lisbon Region 705, Portugal",Yes,4.1,25316,https://www.visitlisbonregion705.com,"https://www.google.com/maps/search/Afghanistan,CultureLisbon+Region+705",Romantic,Nightlife,Family
City,"Florence Region 706, Italy",523968,Cfa,3,"March - May, September - November",A major global urban destination in Italy known for its tourism appeal.,20.31,"Florence Region 706, Italy",Yes,4.8,16995,https://www.visitflorenceregion706.com,"https://www.google.com/maps/search/Afghanistan,CultureFlorence+Region+706",Food & Wine,Romantic,City Break
City,"Seoul Region 707, South Korea",523444,Dwa,2,May - October,A major global urban destination in South Korea known for its tourism appeal.,20.2,"Seoul Region 707, South Korea",No,4.6,24562,https://www.visitseoulregion707.com,"https://www.google.com/maps/search/Afghanistan,CultureSeoul+Region+707",Nightlife,Culture & Museums,Food & Wine
City,"Bangalore Region 708, India",522921,Aw,1,November - April,A major global urban destination in India known for its tourism appeal.,20.13,"Bangalore Region 708, India",Yes,4.6,23738,https://www.visitbangaloreregion708.com,"https://www.google.com/maps/search/Afghanistan,CultureBangalore+Region+708",Romantic,Culture & Museums,Nightlife
City,"Mumbai Region 709, India",522398,Aw,1,November - April,A major global urban destination in India known for its tourism appeal.,17.06,"Mumbai Region 709, India",No,4.2,11516,https://www.visitmumbairegion709.com,"https://www.google.com/maps/search/Afghanistan,CultureMumbai+Region+709",Culture & Museums,City Break,Family
City,"Barcelona Region 710, Spain",521876,Csa,2,"April - June, September - October",A major global urban destination in Spain known for its tourism appeal.,17.48,"Barcelona Region 710, Spain",No,4.5,7678,https://www.visitbarcelonaregion710.com,"https://www.google.com/maps/search/Afghanistan,CultureBarcelona+Region+710",Culture & Museums,Family,Food & Wine
City,"Paris Region 711, France",521354,Cfb,3,June - August,A major global urban destination in France known for its tourism appeal.,16.32,"Paris Region 711, France",Yes,4.0,12051,https://www.visitparisregion711.com,"https://www.google.com/maps/search/Afghanistan,CultureParis+Region+711",City Break,Culture & Museums,Romantic
City,"Miami Region 712, USA",520832,Am,3,December - March,A major global urban destination in USA known for its tourism appeal.,16.05,"Miami Region 712, USA",No,3.9,13074,https://www.visitmiamiregion712.com,"https://www.google.com/maps/search/Afghanistan,CultureMiami+Region+712",Nightlife,City Break,Family
City,"Kyoto Region 713, Japan",520311,Cfa,2,"March - May, September - November",A major global urban destination in Japan known for its tourism appeal.,20.01,"Kyoto Region 713, Japan",No,4.6,22380,https://www.visitkyotoregion713.com,"https://www.google.com/maps/search/Afghanistan,CultureKyoto+Region+713",Food & Wine,Romantic,Nightlife
City,"Barcelona Region 714, Spain",519791,Csa,2,"April - June, September - October",A major global urban destination in Spain known for its tourism appeal.,17.31,"Barcelona Region 714, Spain",No,4.2,13206,https://www.visitbarcelonaregion714.com,"https://www.google.com/maps/search/Afghanistan,CultureBarcelona+Region+714",Family,Nightlife,Culture & Museums
City,"Athens Region 715, Greece",519271,Csa,2,"April - June, September - October",A major global urban destination in Greece known for its tourism appeal.,16.93,"Athens Region 715, Greece",Yes,3.9,21922,https://www.visitathensregion715.com,"https://www.google.com/maps/search/Afghanistan,CultureAthens+Region+715",Food & Wine,Family,Nightlife
City,"Warsaw Region 716, Poland",518752,Dfb,2,June - August,A major global urban destination in Poland known for its tourism appeal.,18.62,"Warsaw Region 716, Poland",Yes,4.3,21427,https://www.visitwarsawregion716.com,"https://www.google.com/maps/search/Afghanistan,CultureWarsaw+Region+716",Food & Wine,City Break,Culture & Museums
City,"London Region 717, UK",518233,Cfb,4,June - August,A major global urban destination in UK known for its tourism appeal.,20.15,"London Region 717, UK",No,4.6,24015,https://www.visitlondonregion717.com,"https://www.google.com/maps/search/Afghanistan,CultureLondon+Region+717",City Break,Romantic,Nightlife
City,"Tokyo Region 718, Japan",517715,Cfa,3,"March - May, September - November",A major global urban destination in Japan known for its tourism appeal.,15.03,"Tokyo Region 718, Japan",No,4.0,5708,https://www.visittokyoregion718.com,"https://www.google.com/maps/search/Afghanistan,CultureTokyo+Region+718",Romantic,City Break,Nightlife
City,"Prague Region 719, Czech Republic",517197,Cfb,2,June - August,A major global urban destination in Czech Republic known for its tourism appeal.,20.76,"Prague Region 719, Czech Republic",Yes,4.9,17259,https://www.visitpragueregion719.com,"https://www.google.com/maps/search/Afghanistan,CulturePrague+Region+719",City Break,Food & Wine,Nightlife
City,"Toronto Region 720, Canada",516680,Dfa,3,May - September,A major global urban destination in Canada known for its tourism appeal.,18.41,"Toronto Region 720, Canada",Yes,4.6,10051,https://www.visittorontoregion720.com,"https://www.google.com/maps/search/Afghanistan,CultureToronto+Region+720",Culture & Museums,Romantic,Family
City,"Kuala Lumpur Region 721, Malaysia",516164,Af,1,Year Round,A major global urban destination in Malaysia known for its tourism appeal.,20.57,"Kuala Lumpur Region 721, Malaysia",Yes,4.7,23767,https://www.visitkualalumpurregion721.com,"https://www.google.com/maps/search/Afghanistan,CultureKuala+Lumpur+Region+721",Nightlife,Food & Wine,Family
City,"Ho Chi Minh City Region 722, Vietnam",515647,Aw,1,November - April,A major global urban destination in Vietnam known for its tourism appeal.,16.15,"Ho Chi Minh City Region 722, Vietnam",No,4.1,8694,https://www.visithochiminhcityregion722.com,"https://www.google.com/maps/search/Afghanistan,CultureHo+Chi+Minh+City+Region+722",City Break,Family,Romantic
City,"Dubai Region 723, UAE",515132,BWh,4,November - March,A major global urban destination in UAE known for its tourism appeal.,16.82,"Dubai Region 723, UAE",No,3.9,20604,https://www.visitdubairegion723.com,"https://www.google.com/maps/search/Afghanistan,CultureDubai+Region+723",Family,Culture & Museums,City Break
City,"Istanbul Region 724, Turkey",514617,Csa,1,"April - June, September - October",A major global urban destination in Turkey known for its tourism appeal.,14.8,"Istanbul Region 724, Turkey",Yes,3.9,6241,https://www.visitistanbulregion724.com,"https://www.google.com/maps/search/Afghanistan,CultureIstanbul+Region+724",Nightlife,City Break,Family
City,"Kyoto Region 725, Japan",514102,Cfa,2,"March - May, September - November",A major global urban destination in Japan known for its tourism appeal.,17.89,"Kyoto Region 725, Japan",No,4.2,18172,https://www.visitkyotoregion725.com,"https://www.google.com/maps/search/Afghanistan,CultureKyoto+Region+725",Culture & Museums,Food & Wine,Family
City,"Buenos Aires Region 726, Argentina",513588,Cfa,1,"March - May, September - November",A major global urban destination in Argentina known for its tourism appeal.,17.98,"Buenos Aires Region 726, Argentina",Yes,4.4,12210,https://www.visitbuenosairesregion726.com,"https://www.google.com/maps/search/Afghanistan,CultureBuenos+Aires+Region+726",Family,City Break,Nightlife
City,"Dublin Region 727, Ireland",513074,Cfb,3,June - August,A major global urban destination in Ireland known for its tourism appeal.,16.27,"Dublin Region 727, Ireland",No,4.1,9275,https://www.visitdublinregion727.com,"https://www.google.com/maps/search/Afghanistan,CultureDublin+Region+727",Food & Wine,City Break,Culture & Museums
City,"Stockholm Region 728, Sweden",512561,Dfb,4,June - August,A major global urban destination in Sweden known for its tourism appeal.,21.47,"Stockholm Region 728, Sweden",No,4.9,24101,https://www.visitstockholmregion728.com,"https://www.google.com/maps/search/Afghanistan,CultureStockholm+Region+728",Food & Wine,City Break,Romantic
City,"Stockholm Region 729, Sweden",512049,Dfb,4,June - August,A major global urban destination in Sweden known for its tourism appeal.,18.35,"Stockholm Region 729, Sweden",Yes,4.5,11966,https://www.visitstockholmregion729.com,"https://www.google.com/maps/search/Afghanistan,CultureStockholm+Region+729",Food & Wine,Family,Nightlife
City,"Jerusalem Region 730, Israel",511537,Csa,3,"April - June, September - October",A major global urban destination in Israel known for its tourism appeal.,20.85,"Jerusalem Region 730, Israel",No,4.8,22066,https://www.visitjerusalemregion730.com,"https://www.google.com/maps/search/Afghanistan,CultureJerusalem+Region+730",Culture & Museums,Food & Wine,Romantic
City,"Toronto Region 731, Canada",511025,Dfa,3,May - September,A major global urban destination in Canada known for its tourism appeal.,19.17,"Toronto Region 731, Canada",No,4.4,22753,https://www.visittorontoregion731.com,"https://www.google.com/maps/search/Afghanistan,CultureToronto+Region+731",Culture & Museums,City Break,Food & Wine
City,"Jaipur Region 732, India",510514,BSh,1,October - March,A major global urban destination in India known for its tourism appeal.,17.88,"Jaipur Region 732, India",Yes,4.2,18102,https://www.visitjaipurregion732.com,"https://www.google.com/maps/search/Afghanistan,CultureJaipur+Region+732",Culture & Museums,City Break,Nightlife
City,"Mumbai Region 733, India",510003,Aw,1,November - April,A major global urban destination in India known for its tourism appeal.,16.8,"Mumbai Region 733, India",Yes,4.1,12525,https://www.visitmumbairegion733.com,"https://www.google.com/maps/search/Afghanistan,CultureMumbai+Region+733",Food & Wine,Nightlife,City Break
City,"Buenos Aires Region 734, Argentina",509493,Cfa,1,"March - May, September - November",A major global urban destination in Argentina known for its tourism appeal.,19.21,"Buenos Aires Region 734, Argentina",No,4.6,14997,https://www.visitbuenosairesregion734.com,"https://www.google.com/maps/search/Afghanistan,CultureBuenos+Aires+Region+734",Culture & Museums,Family,Romantic
City,"Kuala Lumpur Region 735, Malaysia",508984,Af,1,Year Round,A major global urban destination in Malaysia known for its tourism appeal.,21.29,"Kuala Lumpur Region 735, Malaysia",No,4.9,22077,https://www.visitkualalumpurregion735.com,"https://www.google.com/maps/search/Afghanistan,CultureKuala+Lumpur+Region+735",Culture & Museums,Family,Food & Wine
City,"Venice Region 736, Italy",508475,Cfa,3,"March - May, September - November",A major global urban destination in Italy known for its tourism appeal.,17.38,"Venice Region 736, Italy",No,4.2,13762,https://www.visitveniceregion736.com,"https://www.google.com/maps/search/Afghanistan,CultureVenice+Region+736",Romantic,City Break,Family
City,"Venice Region 737, Italy",507967,Cfa,3,"March - May, September - November",A major global urban destination in Italy known for its tourism appeal.,16.73,"Venice Region 737, Italy",No,3.8,25217,https://www.visitveniceregion737.com,"https://www.google.com/maps/search/Afghanistan,CultureVenice+Region+737",Food & Wine,Culture & Museums,City Break
City,"London Region 738, UK",507459,Cfb,4,June - August,A major global urban destination in UK known for its tourism appeal.,15.64,"London Region 738, UK",Yes,4.1,6520,https://www.visitlondonregion738.com,"https://www.google.com/maps/search/Afghanistan,CultureLondon+Region+738",Nightlife,Romantic,City Break
City,"Dublin Region 739, Ireland",506951,Cfb,3,June - August,A major global urban destination in Ireland known for its tourism appeal.,16.96,"Dublin Region 739, Ireland",No,3.9,22309,https://www.visitdublinregion739.com,"https://www.google.com/maps/search/Afghanistan,CultureDublin+Region+739",City Break,Culture & Museums,Romantic
City,"Prague Region 740, Czech Republic",506444,Cfb,2,June - August,A major global urban destination in Czech Republic known for its tourism appeal.,15.59,"Prague Region 740, Czech Republic",No,4.0,7875,https://www.visitpragueregion740.com,"https://www.google.com/maps/search/Afghanistan,CulturePrague+Region+740",Culture & Museums,City Break,Family
City,"San Francisco Region 741, USA",505938,Csb,4,May - September,A major global urban destination in USA known for its tourism appeal.,18.03,"San Francisco Region 741, USA",Yes,4.7,6874,https://www.visitsanfranciscoregion741.com,"https://www.google.com/maps/search/Afghanistan,CultureSan+Francisco+Region+741",Culture & Museums,Nightlife,Family
City,"Bangkok Region 742, Thailand",505432,Aw,1,November - April,A major global urban destination in Thailand known for its tourism appeal.,19.19,"Bangkok Region 742, Thailand",No,4.4,22977,https://www.visitbangkokregion742.com,"https://www.google.com/maps/search/Afghanistan,CultureBangkok+Region+742",Family,Romantic,Culture & Museums
City,"Pattaya Region 743, Thailand",504926,Aw,1,November - April,A major global urban destination in Thailand known for its tourism appeal.,14.89,"Pattaya Region 743, Thailand",Yes,3.9,6567,https://www.visitpattayaregion743.com,"https://www.google.com/maps/search/Afghanistan,CulturePattaya+Region+743",City Break,Romantic,Nightlife
City,"Jerusalem Region 744, Israel",504421,Csa,3,"April - June, September - October",A major global urban destination in Israel known for its tourism appeal.,16.54,"Jerusalem Region 744, Israel",Yes,3.8,22526,https://www.visitjerusalemregion744.com,"https://www.google.com/maps/search/Afghanistan,CultureJerusalem+Region+744",Culture & Museums,Romantic,Family
City,"Florence Region 745, Italy",503917,Cfa,3,"March - May, September - November",A major global urban destination in Italy known for its tourism appeal.,17.83,"Florence Region 745, Italy",Yes,4.5,9151,https://www.visitflorenceregion745.com,"https://www.google.com/maps/search/Afghanistan,CultureFlorence+Region+745",Romantic,Culture & Museums,City Break
City,"Lisbon Region 746, Portugal",503413,Csa,2,"April - June, September - October",A major global urban destination in Portugal known for its tourism appeal.,16.51,"Lisbon Region 746, Portugal",Yes,3.9,17077,https://www.visitlisbonregion746.com,"https://www.google.com/maps/search/Afghanistan,CultureLisbon+Region+746",Romantic,Food & Wine,City Break
City,"Los Angeles Region 747, USA",502910,Csb,3,May - September,A major global urban destination in USA known for its tourism appeal.,18.68,"Los Angeles Region 747, USA",No,4.3,22124,https://www.visitlosangelesregion747.com,"https://www.google.com/maps/search/Afghanistan,CultureLos+Angeles+Region+747",Nightlife,Culture & Museums,Food & Wine
City,"Taipei Region 748, Taiwan",502407,Cfa,2,"March - May, September - November",A major global urban destination in Taiwan known for its tourism appeal.,16.23,"Taipei Region 748, Taiwan",Yes,4.0,11437,https://www.visittaipeiregion748.com,"https://www.google.com/maps/search/Afghanistan,CultureTaipei+Region+748",Culture & Museums,Family,Romantic
City,"Buenos Aires Region 749, Argentina",501904,Cfa,1,"March - May, September - November",A major global urban destination in Argentina known for its tourism appeal.,18.27,"Buenos Aires Region 749, Argentina",No,4.7,7728,https://www.visitbuenosairesregion749.com,"https://www.google.com/maps/search/Afghanistan,CultureBuenos+Aires+Region+749",Nightlife,Culture & Museums,Romantic
City,"Budapest Region 750, Hungary",501402,Cfb,2,June - August,A major global urban destination in Hungary known for its tourism appeal.,16.21,"Budapest Region 750, Hungary",No,3.9,14310,https://www.visitbudapestregion750.com,"https://www.google.com/maps/search/Afghanistan,CultureBudapest+Region+750",Family,Romantic,Food & Wine
City,"Buenos Aires Region 751, Argentina",500901,Cfa,1,"March - May, September - November",A major global urban destination in Argentina known for its tourism appeal.,20.96,"Buenos Aires Region 751, Argentina",Yes,4.9,18988,https://www.visitbuenosairesregion751.com,"https://www.google.com/maps/search/Afghanistan,CultureBuenos+Aires+Region+751",City Break,Nightlife,Romantic
City,"Shanghai Region 752, China",500400,Cfa,2,"March - May, September - November",A major global urban destination in China known for its tourism appeal.,17.5,"Shanghai Region 752, China",Yes,4.2,14674,https://www.visitshanghairegion752.com,"https://www.google.com/maps/search/Afghanistan,CultureShanghai+Region+752",Nightlife,City Break,Family
City,"Istanbul Region 753, Turkey",499900,Csa,1,"April - June, September - October",A major global urban destination in Turkey known for its tourism appeal.,16.59,"Istanbul Region 753, Turkey",Yes,4.0,14045,https://www.visitistanbulregion753.com,"https://www.google.com/maps/search/Afghanistan,CultureIstanbul+Region+753",City Break,Nightlife,Food & Wine
City,"Las Vegas Region 754, USA",499400,BWk,3,May - September,A major global urban destination in USA known for its tourism appeal.,19.34,"Las Vegas Region 754, USA",Yes,4.4,24834,https://www.visitlasvegasregion754.com,"https://www.google.com/maps/search/Afghanistan,CultureLas+Vegas+Region+754",Family,City Break,Food & Wine
City,"Paris Region 755, France",498900,Cfb,3,June - August,A major global urban destination in France known for its tourism appeal.,17.42,"Paris Region 755, France",No,4.6,6137,https://www.visitparisregion755.com,"https://www.google.com/maps/search/Afghanistan,CultureParis+Region+755",City Break,Culture & Museums,Food & Wine
City,"Ho Chi Minh City Region 756, Vietnam",498402,Aw,1,November - April,A major global urban destination in Vietnam known for its tourism appeal.,20.88,"Ho Chi Minh City Region 756, Vietnam",Yes,4.8,22352,https://www.visithochiminhcityregion756.com,"https://www.google.com/maps/search/Afghanistan,CultureHo+Chi+Minh+City+Region+756",Food & Wine,Family,Culture & Museums
City,"Florence Region 757, Italy",497903,Cfa,3,"March - May, September - November",A major global urban destination in Italy known for its tourism appeal.,17.87,"Florence Region 757, Italy",No,4.4,11523,https://www.visitflorenceregion757.com,"https://www.google.com/maps/search/Afghanistan,CultureFlorence+Region+757",Culture & Museums,Food & Wine,Nightlife
City,"Stockholm Region 758, Sweden",497405,Dfb,4,June - August,A major global urban destination in Sweden known for its tourism appeal.,17.19,"Stockholm Region 758, Sweden",No,4.4,8070,https://www.visitstockholmregion758.com,"https://www.google.com/maps/search/Afghanistan,CultureStockholm+Region+758",Nightlife,City Break,Family
City,"Milan Region 759, Italy",496908,Cfa,3,"March - May, September - November",A major global urban destination in Italy known for its tourism appeal.,18.22,"Milan Region 759, Italy",Yes,4.3,17243,https://www.visitmilanregion759.com,"https://www.google.com/maps/search/Afghanistan,CultureMilan+Region+759",Food & Wine,Romantic,City Break
City,"Shanghai Region 760, China",496411,Cfa,2,"March - May, September - November",A major global urban destination in China known for its tourism appeal.,18.8,"Shanghai Region 760, China",Yes,4.3,23524,https://www.visitshanghairegion760.com,"https://www.google.com/maps/search/Afghanistan,CultureShanghai+Region+760",Family,Romantic,Nightlife
City,"Sydney Region 761, Australia",495915,Cfa,3,"March - May, September - November",A major global urban destination in Australia known for its tourism appeal.,18.78,"Sydney Region 761, Australia",No,4.5,14912,https://www.visitsydneyregion761.com,"https://www.google.com/maps/search/Afghanistan,CultureSydney+Region+761",Family,Romantic,City Break
City,"Cairo Region 762, Egypt",495419,BWh,1,November - March,A major global urban destination in Egypt known for its tourism appeal.,17.17,"Cairo Region 762, Egypt",Yes,4.2,12245,https://www.visitcairoregion762.com,"https://www.google.com/maps/search/Afghanistan,CultureCairo+Region+762",City Break,Culture & Museums,Nightlife
City,"Dubai Region 763, UAE",494923,BWh,4,November - March,A major global urban destination in UAE known for its tourism appeal.,19.21,"Dubai Region 763, UAE",Yes,4.5,18577,https://www.visitdubairegion763.com,"https://www.google.com/maps/search/Afghanistan,CultureDubai+Region+763",City Break,Food & Wine,Culture & Museums
City,"Vienna Region 764, Austria",494428,Cfb,3,June - August,A major global urban destination in Austria known for its tourism appeal.,20.33,"Vienna Region 764, Austria",Yes,4.7,21145,https://www.visitviennaregion764.com,"https://www.google.com/maps/search/Afghanistan,CultureVienna+Region+764",Family,Nightlife,Culture & Museums
City,"Madrid Region 765, Spain",493934,Csa,2,"April - June, September - October",A major global urban destination in Spain known for its tourism appeal.,18.73,"Madrid Region 765, Spain",No,4.4,18101,https://www.visitmadridregion765.com,"https://www.google.com/maps/search/Afghanistan,CultureMadrid+Region+765",Culture & Museums,Nightlife,Family
City,"Athens Region 766, Greece",493440,Csa,2,"April - June, September - October",A major global urban destination in Greece known for its tourism appeal.,17.32,"Athens Region 766, Greece",Yes,4.4,8617,https://www.visitathensregion766.com,"https://www.google.com/maps/search/Afghanistan,CultureAthens+Region+766",Family,City Break,Culture & Museums
City,"Taipei Region 767, Taiwan",492946,Cfa,2,"March - May, September - November",A major global urban destination in Taiwan known for its tourism appeal.,19.18,"Taipei Region 767, Taiwan",No,4.4,22877,https://www.visittaipeiregion767.com,"https://www.google.com/maps/search/Afghanistan,CultureTaipei+Region+767",Family,Culture & Museums,Romantic
City,"Dubai Region 768, UAE",492453,BWh,4,November - March,A major global urban destination in UAE known for its tourism appeal.,19.94,"Dubai Region 768, UAE",No,4.8,14256,https://www.visitdubairegion768.com,"https://www.google.com/maps/search/Afghanistan,CultureDubai+Region+768",Nightlife,City Break,Family
City,"Mumbai Region 769, India",491961,Aw,1,November - April,A major global urban destination in India known for its tourism appeal.,17.52,"Mumbai Region 769, India",No,4.1,18809,https://www.visitmumbairegion769.com,"https://www.google.com/maps/search/Afghanistan,CultureMumbai+Region+769",Food & Wine,Romantic,Nightlife
City,"London Region 770, UK",491469,Cfb,4,June - August,A major global urban destination in UK known for its tourism appeal.,19.56,"London Region 770, UK",No,4.5,22214,https://www.visitlondonregion770.com,"https://www.google.com/maps/search/Afghanistan,CultureLondon+Region+770",Nightlife,Culture & Museums,Family
City,"Berlin Region 771, Germany",490978,Cfb,2,June - August,A major global urban destination in Germany known for its tourism appeal.,18.54,"Berlin Region 771, Germany",Yes,4.6,10709,https://www.visitberlinregion771.com,"https://www.google.com/maps/search/Afghanistan,CultureBerlin+Region+771",Food & Wine,Culture & Museums,Nightlife
City,"New Delhi Region 772, India",490487,BSh,1,October - March,A major global urban destination in India known for its tourism appeal.,18.43,"New Delhi Region 772, India",Yes,4.2,24473,https://www.visitnewdelhiregion772.com,"https://www.google.com/maps/search/Afghanistan,CultureNew+Delhi+Region+772",Nightlife,City Break,Food & Wine
City,"Seoul Region 773, South Korea",489996,Dwa,2,May - October,A major global urban destination in South Korea known for its tourism appeal.,18.32,"Seoul Region 773, South Korea",No,4.3,18208,https://www.visitseoulregion773.com,"https://www.google.com/maps/search/Afghanistan,CultureSeoul+Region+773",Romantic,Food & Wine,City Break
City,"Kyoto Region 774, Japan",489506,Cfa,2,"March - May, September - November",A major global urban destination in Japan known for its tourism appeal.,17.14,"Kyoto Region 774, Japan",No,4.5,6430,https://www.visitkyotoregion774.com,"https://www.google.com/maps/search/Afghanistan,CultureKyoto+Region+774",Food & Wine,Culture & Museums,Family
City,"Rome Region 775, Italy",489017,Csa,3,"April - June, September - October",A major global urban destination in Italy known for its tourism appeal.,19.99,"Rome Region 775, Italy",No,4.8,14619,https://www.visitromeregion775.com,"https://www.google.com/maps/search/Afghanistan,CultureRome+Region+775",Food & Wine,City Break,Family
City,"Jaipur Region 776, India",488528,BSh,1,October - March,A major global urban destination in India known for its tourism appeal.,19.35,"Jaipur Region 776, India",No,4.9,8910,https://www.visitjaipurregion776.com,"https://www.google.com/maps/search/Afghanistan,CultureJaipur+Region+776",Food & Wine,Nightlife,Culture & Museums
City,"Prague Region 777, Czech Republic",488039,Cfb,2,June - August,A major global urban destination in Czech Republic known for its tourism appeal.,17.88,"Prague Region 777, Czech Republic",Yes,4.2,18061,https://www.visitpragueregion777.com,"https://www.google.com/maps/search/Afghanistan,CulturePrague+Region+777",Culture & Museums,Family,Nightlife
City,"Zurich Region 778, Switzerland",487551,Cfb,4,June - August,A major global urban destination in Switzerland known for its tourism appeal.,18.3,"Zurich Region 778, Switzerland",No,4.5,11685,https://www.visitzurichregion778.com,"https://www.google.com/maps/search/Afghanistan,CultureZurich+Region+778",Nightlife,Romantic,Food & Wine
City,"Singapore Region 779, Singapore",487064,Af,4,Year Round,A major global urban destination in Singapore known for its tourism appeal.,17.94,"Singapore Region 779, Singapore",Yes,4.2,18683,https://www.visitsingaporeregion779.com,"https://www.google.com/maps/search/Afghanistan,CultureSingapore+Region+779",Culture & Museums,City Break,Food & Wine
City,"Toronto Region 780, Canada",486576,Dfa,3,May - September,A major global urban destination in Canada known for its tourism appeal.,19.43,"Toronto Region 780, Canada",No,4.5,20816,https://www.visittorontoregion780.com,"https://www.google.com/maps/search/Afghanistan,CultureToronto+Region+780",City Break,Family,Nightlife
City,"Bali Region 781, Indonesia",486090,Aw,1,November - April,A major global urban destination in Indonesia known for its tourism appeal.,20.32,"Bali Region 781, Indonesia",No,4.9,14003,https://www.visitbaliregion781.com,"https://www.google.com/maps/search/Afghanistan,CultureBali+Region+781",Romantic,Family,Nightlife
City,"Istanbul Region 782, Turkey",485604,Csa,1,"April - June, September - October",A major global urban destination in Turkey known for its tourism appeal.,18.71,"Istanbul Region 782, Turkey",No,4.6,11707,https://www.visitistanbulregion782.com,"https://www.google.com/maps/search/Afghanistan,CultureIstanbul+Region+782",City Break,Romantic,Culture & Museums
City,"Antalya Region 783, Turkey",485118,Csa,1,"April - June, September - October",A major global urban destination in Turkey known for its tourism appeal.,18.6,"Antalya Region 783, Turkey",Yes,4.3,21193,https://www.visitantalyaregion783.com,"https://www.google.com/maps/search/Afghanistan,CultureAntalya+Region+783",Culture & Museums,Family,Nightlife
City,"Mumbai Region 784, India",484633,Aw,1,November - April,A major global urban destination in India known for its tourism appeal.,17.06,"Mumbai Region 784, India",No,4.2,11551,https://www.visitmumbairegion784.com,"https://www.google.com/maps/search/Afghanistan,CultureMumbai+Region+784",City Break,Food & Wine,Culture & Museums
City,"Venice Region 785, Italy",484148,Cfa,3,"March - May, September - November",A major global urban destination in Italy known for its tourism appeal.,18.86,"Venice Region 785, Italy",No,4.7,10282,https://www.visitveniceregion785.com,"https://www.google.com/maps/search/Afghanistan,CultureVenice+Region+785",Family,City Break,Nightlife
City,"Vienna Region 786, Austria",483664,Cfb,3,June - August,A major global urban destination in Austria known for its tourism appeal.,18.49,"Vienna Region 786, Austria",Yes,4.4,15948,https://www.visitviennaregion786.com,"https://www.google.com/maps/search/Afghanistan,CultureVienna+Region+786",City Break,Nightlife,Food & Wine
City,"Las Vegas Region 787, USA",483181,BWk,3,May - September,A major global urban destination in USA known for its tourism appeal.,20.08,"Las Vegas Region 787, USA",No,4.6,23155,https://www.visitlasvegasregion787.com,"https://www.google.com/maps/search/Afghanistan,CultureLas+Vegas+Region+787",Family,City Break,Nightlife
City,"Bangalore Region 788, India",482697,Aw,1,November - April,A major global urban destination in India known for its tourism appeal.,17.08,"Bangalore Region 788, India",Yes,4.5,6233,https://www.visitbangaloreregion788.com,"https://www.google.com/maps/search/Afghanistan,CultureBangalore+Region+788",City Break,Nightlife,Family
City,"Ho Chi Minh City Region 789, Vietnam",482215,Aw,1,November - April,A major global urban destination in Vietnam known for its tourism appeal.,17.39,"Ho Chi Minh City Region 789, Vietnam",No,4.6,6025,https://www.visithochiminhcityregion789.com,"https://www.google.com/maps/search/Afghanistan,CultureHo+Chi+Minh+City+Region+789",Family,City Break,Food & Wine
City,"Vancouver Region 790, Canada",481733,Cfb,3,June - August,A major global urban destination in Canada known for its tourism appeal.,15.17,"Vancouver Region 790, Canada",Yes,4.1,5005,https://www.visitvancouverregion790.com,"https://www.google.com/maps/search/Afghanistan,CultureVancouver+Region+790",Family,Nightlife,Culture & Museums
City,"Hanoi Region 791, Vietnam",481251,Cwa,1,October - April,A major global urban destination in Vietnam known for its tourism appeal.,19.51,"Hanoi Region 791, Vietnam",Yes,4.5,21630,https://www.visithanoiregion791.com,"https://www.google.com/maps/search/Afghanistan,CultureHanoi+Region+791",Culture & Museums,Family,Food & Wine
City,"Toronto Region 792, Canada",480770,Dfa,3,May - September,A major global urban destination in Canada known for its tourism appeal.,16.48,"Toronto Region 792, Canada",No,4.1,10438,https://www.visittorontoregion792.com,"https://www.google.com/maps/search/Afghanistan,CultureToronto+Region+792",City Break,Food & Wine,Romantic
City,"Istanbul Region 793, Turkey",480289,Csa,1,"April - June, September - October",A major global urban destination in Turkey known for its tourism appeal.,18.55,"Istanbul Region 793, Turkey",No,4.3,20614,https://www.visitistanbulregion793.com,"https://www.google.com/maps/search/Afghanistan,CultureIstanbul+Region+793",Nightlife,Romantic,Family
City,"Rome Region 794, Italy",479808,Csa,3,"April - June, September - October",A major global urban destination in Italy known for its tourism appeal.,17.25,"Rome Region 794, Italy",Yes,4.3,10264,https://www.visitromeregion794.com,"https://www.google.com/maps/search/Afghanistan,CultureRome+Region+794",Nightlife,Food & Wine,Culture & Museums
City,"Barcelona Region 795, Spain",479329,Csa,2,"April - June, September - October",A major global urban destination in Spain known for its tourism appeal.,20.46,"Barcelona Region 795, Spain",Yes,4.9,14988,https://www.visitbarcelonaregion795.com,"https://www.google.com/maps/search/Afghanistan,CultureBarcelona+Region+795",Romantic,Food & Wine,Family
City,"Mumbai Region 796, India",478849,Aw,1,November - April,A major global urban destination in India known for its tourism appeal.,18.43,"Mumbai Region 796, India",Yes,4.8,6928,https://www.visitmumbairegion796.com,"https://www.google.com/maps/search/Afghanistan,CultureMumbai+Region+796",Food & Wine,Nightlife,Romantic
City,"Amsterdam Region 797, Netherlands",478370,Cfb,3,June - August,A major global urban destination in Netherlands known for its tourism appeal.,16.84,"Amsterdam Region 797, Netherlands",No,4.0,16222,https://www.visitamsterdamregion797.com,"https://www.google.com/maps/search/Afghanistan,CultureAmsterdam+Region+797",City Break,Family,Culture & Museums
City,"Istanbul Region 798, Turkey",477892,Csa,1,"April - June, September - October",A major global urban destination in Turkey known for its tourism appeal.,15.82,"Istanbul Region 798, Turkey",Yes,4.1,7214,https://www.visitistanbulregion798.com,"https://www.google.com/maps/search/Afghanistan,CultureIstanbul+Region+798",City Break,Family,Food & Wine
City,"Mexico City Region 799, Mexico",477414,Cwb,1,April - October,A major global urban destination in Mexico known for its tourism appeal.,16.84,"Mexico City Region 799, Mexico",Yes,4.1,12820,https://www.visitmexicocityregion799.com,"https://www.google.com/maps/search/Afghanistan,CultureMexico+City+Region+799",Romantic,Nightlife,Culture & Museums
City,"Osaka Region 800, Japan",476937,Cfa,2,"March - May, September - November",A major global urban destination in Japan known for its tourism appeal.,17.93,"Osaka Region 800, Japan",No,4.2,18562,https://www.visitosakaregion800.com,"https://www.google.com/maps/search/Afghanistan,CultureOsaka+Region+800",Culture & Museums,Family,City Break
City,"Cairo Region 801, Egypt",476460,BWh,1,November - March,A major global urban destination in Egypt known for its tourism appeal.,20.89,"Cairo Region 801, Egypt",No,4.8,22476,https://www.visitcairoregion801.com,"https://www.google.com/maps/search/Afghanistan,CultureCairo+Region+801",Family,Romantic,Culture & Museums
City,"New Delhi Region 802, India",475983,BSh,1,October - March,A major global urban destination in India known for its tourism appeal.,15.86,"New Delhi Region 802, India",Yes,4.1,7392,https://www.visitnewdelhiregion802.com,"https://www.google.com/maps/search/Afghanistan,CultureNew+Delhi+Region+802",City Break,Culture & Museums,Nightlife
City,"Ho Chi Minh City Region 803, Vietnam",475507,Aw,1,November - April,A major global urban destination in Vietnam known for its tourism appeal.,16.52,"Ho Chi Minh City Region 803, Vietnam",No,4.0,13472,https://www.visithochiminhcityregion803.com,"https://www.google.com/maps/search/Afghanistan,CultureHo+Chi+Minh+City+Region+803",Nightlife,City Break,Family
City,"Palma de Mallorca Region 804, Spain",475032,Csa,2,"April - June, September - October",A major global urban destination in Spain known for its tourism appeal.,18.01,"Palma de Mallorca Region 804, Spain",No,4.7,6780,https://www.visitpalmademallorcaregion804.com,"https://www.google.com/maps/search/Afghanistan,CulturePalma+de+Mallorca+Region+804",Food & Wine,Culture & Museums,Romantic
City,"Dublin Region 805, Ireland",474557,Cfb,3,June - August,A major global urban destination in Ireland known for its tourism appeal.,15.85,"Dublin Region 805, Ireland",No,3.8,14784,https://www.visitdublinregion805.com,"https://www.google.com/maps/search/Afghanistan,CultureDublin+Region+805",Family,Nightlife,Romantic
City,"Kyoto Region 806, Japan",474082,Cfa,2,"March - May, September - November",A major global urban destination in Japan known for its tourism appeal.,16.3,"Kyoto Region 806, Japan",Yes,4.1,9440,https://www.visitkyotoregion806.com,"https://www.google.com/maps/search/Afghanistan,CultureKyoto+Region+806",Food & Wine,Culture & Museums,Romantic
City,"Zurich Region 807, Switzerland",473608,Cfb,4,June - August,A major global urban destination in Switzerland known for its tourism appeal.,17.58,"Zurich Region 807, Switzerland",Yes,4.2,15345,https://www.visitzurichregion807.com,"https://www.google.com/maps/search/Afghanistan,CultureZurich+Region+807",City Break,Family,Food & Wine
City,"Istanbul Region 808, Turkey",473135,Csa,1,"April - June, September - October",A major global urban destination in Turkey known for its tourism appeal.,18.07,"Istanbul Region 808, Turkey",No,4.3,15914,https://www.visitistanbulregion808.com,"https://www.google.com/maps/search/Afghanistan,CultureIstanbul+Region+808",Culture & Museums,Family,City Break
City,"Athens Region 809, Greece",472661,Csa,2,"April - June, September - October",A major global urban destination in Greece known for its tourism appeal.,18.3,"Athens Region 809, Greece",No,4.8,6495,https://www.visitathensregion809.com,"https://www.google.com/maps/search/Afghanistan,CultureAthens+Region+809",Food & Wine,Romantic,Nightlife
City,"Zurich Region 810, Switzerland",472189,Cfb,4,June - August,A major global urban destination in Switzerland known for its tourism appeal.,20.21,"Zurich Region 810, Switzerland",Yes,4.8,16226,https://www.visitzurichregion810.com,"https://www.google.com/maps/search/Afghanistan,CultureZurich+Region+810",Romantic,Family,Nightlife
City,"Bangalore Region 811, India",471717,Aw,1,November - April,A major global urban destination in India known for its tourism appeal.,15.72,"Bangalore Region 811, India",Yes,3.8,13700,https://www.visitbangaloreregion811.com,"https://www.google.com/maps/search/Afghanistan,CultureBangalore+Region+811",Family,Romantic,Nightlife
City,"Miami Region 812, USA",471245,Am,3,December - March,A major global urban destination in USA known for its tourism appeal.,16.79,"Miami Region 812, USA",No,4.0,15788,https://www.visitmiamiregion812.com,"https://www.google.com/maps/search/Afghanistan,CultureMiami+Region+812",Food & Wine,City Break,Romantic
City,"Pattaya Region 813, Thailand",470774,Aw,1,November - April,A major global urban destination in Thailand known for its tourism appeal.,20.28,"Pattaya Region 813, Thailand",Yes,4.9,13760,https://www.visitpattayaregion813.com,"https://www.google.com/maps/search/Afghanistan,CulturePattaya+Region+813",Culture & Museums,Romantic,City Break
City,"Rome Region 814, Italy",470303,Csa,3,"April - June, September - October",A major global urban destination in Italy known for its tourism appeal.,17.97,"Rome Region 814, Italy",Yes,4.6,8053,https://www.visitromeregion814.com,"https://www.google.com/maps/search/Afghanistan,CultureRome+Region+814",Family,Romantic,Culture & Museums
City,"Hong Kong Region 815, China",469833,Cwa,3,October - April,A major global urban destination in China known for its tourism appeal.,17.64,"Hong Kong Region 815, China",Yes,4.2,15891,https://www.visithongkongregion815.com,"https://www.google.com/maps/search/Afghanistan,CultureHong+Kong+Region+815",Food & Wine,Family,Culture & Museums
City,"Mecca Region 816, Saudi Arabia",469363,BWh,2,November - March,A major global urban destination in Saudi Arabia known for its tourism appeal.,20.59,"Mecca Region 816, Saudi Arabia",No,4.8,19505,https://www.visitmeccaregion816.com,"https://www.google.com/maps/search/Afghanistan,CultureMecca+Region+816",Culture & Museums,Family,Romantic
City,"Phuket Region 817, Thailand",468893,Am,1,December - March,A major global urban destination in Thailand known for its tourism appeal.,19.65,"Phuket Region 817, Thailand",Yes,4.7,15138,https://www.visitphuketregion817.com,"https://www.google.com/maps/search/Afghanistan,CulturePhuket+Region+817",Nightlife,Culture & Museums,Food & Wine
City,"Rio de Janeiro Region 818, Brazil",468425,Aw,1,November - April,A major global urban destination in Brazil known for its tourism appeal.,17.37,"Rio de Janeiro Region 818, Brazil",Yes,4.3,10957,https://www.visitriodejaneiroregion818.com,"https://www.google.com/maps/search/Afghanistan,CultureRio+de+Janeiro+Region+818",Family,Romantic,Culture & Museums
City,"Ho Chi Minh City Region 819, Vietnam",467956,Aw,1,November - April,A major global urban destination in Vietnam known for its tourism appeal.,17.19,"Ho Chi Minh City Region 819, Vietnam",No,4.3,9922,https://www.visithochiminhcityregion819.com,"https://www.google.com/maps/search/Afghanistan,CultureHo+Chi+Minh+City+Region+819",City Break,Nightlife,Family
City,"Istanbul Region 820, Turkey",467488,Csa,1,"April - June, September - October",A major global urban destination in Turkey known for its tourism appeal.,16.78,"Istanbul Region 820, Turkey",No,4.0,15640,https://www.visitistanbulregion820.com,"https://www.google.com/maps/search/Afghanistan,CultureIstanbul+Region+820",Nightlife,Culture & Museums,Food & Wine
City,"Hanoi Region 821, Vietnam",467021,Cwa,1,October - April,A major global urban destination in Vietnam known for its tourism appeal.,17.94,"Hanoi Region 821, Vietnam",Yes,4.2,18703,https://www.visithanoiregion821.com,"https://www.google.com/maps/search/Afghanistan,CultureHanoi+Region+821",Nightlife,Culture & Museums,Food & Wine
City,"Warsaw Region 822, Poland",466554,Dfb,2,June - August,A major global urban destination in Poland known for its tourism appeal.,18.48,"Warsaw Region 822, Poland",Yes,4.4,15863,https://www.visitwarsawregion822.com,"https://www.google.com/maps/search/Afghanistan,CultureWarsaw+Region+822",Romantic,Nightlife,Family
City,"Berlin Region 823, Germany",466087,Cfb,2,June - August,A major global urban destination in Germany known for its tourism appeal.,17.03,"Berlin Region 823, Germany",No,3.9,23220,https://www.visitberlinregion823.com,"https://www.google.com/maps/search/Afghanistan,CultureBerlin+Region+823",Food & Wine,Family,Nightlife
City,"Palma de Mallorca Region 824, Spain",465621,Csa,2,"April - June, September - October",A major global urban destination in Spain known for its tourism appeal.,18.21,"Palma de Mallorca Region 824, Spain",Yes,4.4,13762,https://www.visitpalmademallorcaregion824.com,"https://www.google.com/maps/search/Afghanistan,CulturePalma+de+Mallorca+Region+824",Culture & Museums,Romantic,Nightlife
City,"Cape Town Region 825, South Africa",465155,Csb,2,May - September,A major global urban destination in South Africa known for its tourism appeal.,16.49,"Cape Town Region 825, South Africa",No,4.2,8451,https://www.visitcapetownregion825.com,"https://www.google.com/maps/search/Afghanistan,CultureCape+Town+Region+825",Romantic,City Break,Family
City,"Cape Town Region 826, South Africa",464690,Csb,2,May - September,A major global urban destination in South Africa known for its tourism appeal.,19.42,"Cape Town Region 826, South Africa",Yes,4.9,9175,https://www.visitcapetownregion826.com,"https://www.google.com/maps/search/Afghanistan,CultureCape+Town+Region+826",Food & Wine,Nightlife,Culture & Museums
City,"Venice Region 827, Italy",464226,Cfa,3,"March - May, September - November",A major global urban destination in Italy known for its tourism appeal.,19.51,"Venice Region 827, Italy",Yes,4.9,9591,https://www.visitveniceregion827.com,"https://www.google.com/maps/search/Afghanistan,CultureVenice+Region+827",Romantic,City Break,Food & Wine
City,"Berlin Region 828, Germany",463761,Cfb,2,June - August,A major global urban destination in Germany known for its tourism appeal.,16.66,"Berlin Region 828, Germany",No,4.2,9242,https://www.visitberlinregion828.com,"https://www.google.com/maps/search/Afghanistan,CultureBerlin+Region+828",Romantic,Culture & Museums,Food & Wine
City,"Los Angeles Region 829, USA",463298,Csb,3,May - September,A major global urban destination in USA known for its tourism appeal.,17.93,"Los Angeles Region 829, USA",No,4.3,14757,https://www.visitlosangelesregion829.com,"https://www.google.com/maps/search/Afghanistan,CultureLos+Angeles+Region+829",Food & Wine,Romantic,Culture & Museums
City,"New York City Region 830, USA",462834,Cfa,4,"March - May, September - November",A major global urban destination in USA known for its tourism appeal.,18.61,"New York City Region 830, USA",Yes,4.6,11114,https://www.visitnewyorkcityregion830.com,"https://www.google.com/maps/search/Afghanistan,CultureNew+York+City+Region+830",Romantic,Family,Food & Wine
City,"Cape Town Region 831, South Africa",462371,Csb,2,May - September,A major global urban destination in South Africa known for its tourism appeal.,18.92,"Cape Town Region 831, South Africa",No,4.7,10596,https://www.visitcapetownregion831.com,"https://www.google.com/maps/search/Afghanistan,CultureCape+Town+Region+831",Romantic,Nightlife,City Break
City,"Rome Region 832, Italy",461909,Csa,3,"April - June, September - October",A major global urban destination in Italy known for its tourism appeal.,15.6,"Rome Region 832, Italy",No,3.9,10002,https://www.visitromeregion832.com,"https://www.google.com/maps/search/Afghanistan,CultureRome+Region+832",Culture & Museums,Romantic,Nightlife
City,"Kuala Lumpur Region 833, Malaysia",461447,Af,1,Year Round,A major global urban destination in Malaysia known for its tourism appeal.,15.87,"Kuala Lumpur Region 833, Malaysia",No,4.2,6008,https://www.visitkualalumpurregion833.com,"https://www.google.com/maps/search/Afghanistan,CultureKuala+Lumpur+Region+833",Romantic,Nightlife,Culture & Museums
City,"London Region 834, UK",460986,Cfb,4,June - August,A major global urban destination in UK known for its tourism appeal.,19.55,"London Region 834, UK",No,4.6,17740,https://www.visitlondonregion834.com,"https://www.google.com/maps/search/Afghanistan,CultureLondon+Region+834",Romantic,Culture & Museums,Nightlife
City,"Mumbai Region 835, India",460525,Aw,1,November - April,A major global urban destination in India known for its tourism appeal.,19.89,"Mumbai Region 835, India",No,4.7,17036,https://www.visitmumbairegion835.com,"https://www.google.com/maps/search/Afghanistan,CultureMumbai+Region+835",Family,Culture & Museums,Romantic
City,"Sydney Region 836, Australia",460064,Cfa,3,"March - May, September - November",A major global urban destination in Australia known for its tourism appeal.,16.9,"Sydney Region 836, Australia",Yes,4.2,10538,https://www.visitsydneyregion836.com,"https://www.google.com/maps/search/Afghanistan,CultureSydney+Region+836",Nightlife,Food & Wine,City Break
City,"Singapore Region 837, Singapore",459604,Af,4,Year Round,A major global urban destination in Singapore known for its tourism appeal.,18.15,"Singapore Region 837, Singapore",Yes,4.2,20929,https://www.visitsingaporeregion837.com,"https://www.google.com/maps/search/Afghanistan,CultureSingapore+Region+837",Culture & Museums,Romantic,Food & Wine
City,"Dubai Region 838, UAE",459144,BWh,4,November - March,A major global urban destination in UAE known for its tourism appeal.,18.44,"Dubai Region 838, UAE",Yes,4.8,6951,https://www.visitdubairegion838.com,"https://www.google.com/maps/search/Afghanistan,CultureDubai+Region+838",Family,Food & Wine,Culture & Museums
City,"Venice Region 839, Italy",458685,Cfa,3,"March - May, September - November",A major global urban destination in Italy known for its tourism appeal.,18.38,"Venice Region 839, Italy",Yes,4.3,18784,https://www.visitveniceregion839.com,"https://www.google.com/maps/search/Afghanistan,CultureVenice+Region+839",City Break,Family,Culture & Museums
City,"Seoul Region 840, South Korea",458227,Dwa,2,May - October,A major global urban destination in South Korea known for its tourism appeal.,20.1,"Seoul Region 840, South Korea",No,4.8,15432,https://www.visitseoulregion840.com,"https://www.google.com/maps/search/Afghanistan,CultureSeoul+Region+840",Culture & Museums,Family,Food & Wine
City,"Lisbon Region 841, Portugal",457768,Csa,2,"April - June, September - October",A major global urban destination in Portugal known for its tourism appeal.,18.33,"Lisbon Region 841, Portugal",Yes,4.3,18329,https://www.visitlisbonregion841.com,"https://www.google.com/maps/search/Afghanistan,CultureLisbon+Region+841",Romantic,Nightlife,Culture & Museums
City,"Prague Region 842, Czech Republic",457311,Cfb,2,June - August,A major global urban destination in Czech Republic known for its tourism appeal.,17.01,"Prague Region 842, Czech Republic",No,4.1,14105,https://www.visitpragueregion842.com,"https://www.google.com/maps/search/Afghanistan,CulturePrague+Region+842",Nightlife,Family,City Break
City,"Jerusalem Region 843, Israel",456853,Csa,3,"April - June, September - October",A major global urban destination in Israel known for its tourism appeal.,15.83,"Jerusalem Region 843, Israel",No,3.8,14659,https://www.visitjerusalemregion843.com,"https://www.google.com/maps/search/Afghanistan,CultureJerusalem+Region+843",Family,City Break,Food & Wine
City,"Copenhagen Region 844, Denmark",456396,Cfb,4,June - August,A major global urban destination in Denmark known for its tourism appeal.,16.9,"Copenhagen Region 844, Denmark",No,4.1,13245,https://www.visitcopenhagenregion844.com,"https://www.google.com/maps/search/Afghanistan,CultureCopenhagen+Region+844",City Break,Food & Wine,Romantic
City,"Rio de Janeiro Region 845, Brazil",455940,Aw,1,November - April,A major global urban destination in Brazil known for its tourism appeal.,17.71,"Rio de Janeiro Region 845, Brazil",Yes,4.3,13164,https://www.visitriodejaneiroregion845.com,"https://www.google.com/maps/search/Afghanistan,CultureRio+de+Janeiro+Region+845",Food & Wine,Family,City Break
City,"Toronto Region 846, Canada",455484,Dfa,3,May - September,A major global urban destination in Canada known for its tourism appeal.,17.19,"Toronto Region 846, Canada",No,4.6,5467,https://www.visittorontoregion846.com,"https://www.google.com/maps/search/Afghanistan,CultureToronto+Region+846",Family,City Break,Culture & Museums
City,"Pattaya Region 847, Thailand",455029,Aw,1,November - April,A major global urban destination in Thailand known for its tourism appeal.,18.24,"Pattaya Region 847, Thailand",Yes,4.6,9214,https://www.visitpattayaregion847.com,"https://www.google.com/maps/search/Afghanistan,CulturePattaya+Region+847",City Break,Culture & Museums,Nightlife
City,"Barcelona Region 848, Spain",454574,Csa,2,"April - June, September - October",A major global urban destination in Spain known for its tourism appeal.,16.43,"Barcelona Region 848, Spain",Yes,4.3,6636,https://www.visitbarcelonaregion848.com,"https://www.google.com/maps/search/Afghanistan,CultureBarcelona+Region+848",Family,Nightlife,Culture & Museums
City,"Ho Chi Minh City Region 849, Vietnam",454119,Aw,1,November - April,A major global urban destination in Vietnam known for its tourism appeal.,19.91,"Ho Chi Minh City Region 849, Vietnam",Yes,4.8,14077,https://www.visithochiminhcityregion849.com,"https://www.google.com/maps/search/Afghanistan,CultureHo+Chi+Minh+City+Region+849",Romantic,Nightlife,Culture & Museums
City,"Berlin Region 850, Germany",453665,Cfb,2,June - August,A major global urban destination in Germany known for its tourism appeal.,20.35,"Berlin Region 850, Germany",No,4.9,14223,https://www.visitberlinregion850.com,"https://www.google.com/maps/search/Afghanistan,CultureBerlin+Region+850",Culture & Museums,Food & Wine,Romantic
City,"Barcelona Region 851, Spain",453211,Csa,2,"April - June, September - October",A major global urban destination in Spain known for its tourism appeal.,16.85,"Barcelona Region 851, Spain",No,4.0,16353,https://www.visitbarcelonaregion851.com,"https://www.google.com/maps/search/Afghanistan,CultureBarcelona+Region+851",Family,Culture & Museums,City Break
City,"Bangkok Region 852, Thailand",452758,Aw,1,November - April,A major global urban destination in Thailand known for its tourism appeal.,16.16,"Bangkok Region 852, Thailand",No,3.9,13901,https://www.visitbangkokregion852.com,"https://www.google.com/maps/search/Afghanistan,CultureBangkok+Region+852",Food & Wine,Romantic,Culture & Museums
City,"Tokyo Region 853, Japan",452305,Cfa,3,"March - May, September - November",A major global urban destination in Japan known for its tourism appeal.,15.93,"Tokyo Region 853, Japan",Yes,4.1,7673,https://www.visittokyoregion853.com,"https://www.google.com/maps/search/Afghanistan,CultureTokyo+Region+853",City Break,Romantic,Culture & Museums
City,"Phuket Region 854, Thailand",451853,Am,1,December - March,A major global urban destination in Thailand known for its tourism appeal.,14.63,"Phuket Region 854, Thailand",Yes,3.8,7073,https://www.visitphuketregion854.com,"https://www.google.com/maps/search/Afghanistan,CulturePhuket+Region+854",Food & Wine,Culture & Museums,Nightlife
City,"Zurich Region 855, Switzerland",451401,Cfb,4,June - August,A major global urban destination in Switzerland known for its tourism appeal.,17.37,"Zurich Region 855, Switzerland",Yes,4.2,13704,https://www.visitzurichregion855.com,"https://www.google.com/maps/search/Afghanistan,CultureZurich+Region+855",City Break,Romantic,Culture & Museums
City,"Copenhagen Region 856, Denmark",450950,Cfb,4,June - August,A major global urban destination in Denmark known for its tourism appeal.,18.12,"Copenhagen Region 856, Denmark",Yes,4.5,10656,https://www.visitcopenhagenregion856.com,"https://www.google.com/maps/search/Afghanistan,CultureCopenhagen+Region+856",Romantic,Family,Culture & Museums
City,"Marrakech Region 857, Morocco",450499,BSh,1,October - March,A major global urban destination in Morocco known for its tourism appeal.,18.07,"Marrakech Region 857, Morocco",No,4.8,5804,https://www.visitmarrakechregion857.com,"https://www.google.com/maps/search/Afghanistan,CultureMarrakech+Region+857",Family,Nightlife,City Break
City,"Kyoto Region 858, Japan",450048,Cfa,2,"March - May, September - November",A major global urban destination in Japan known for its tourism appeal.,16.68,"Kyoto Region 858, Japan",No,4.4,6185,https://www.visitkyotoregion858.com,"https://www.google.com/maps/search/Afghanistan,CultureKyoto+Region+858",Food & Wine,Nightlife,City Break
City,"Bangalore Region 859, India",449598,Aw,1,November - April,A major global urban destination in India known for its tourism appeal.,16.39,"Bangalore Region 859, India",No,3.8,20594,https://www.visitbangaloreregion859.com,"https://www.google.com/maps/search/Afghanistan,CultureBangalore+Region+859",Romantic,Family,City Break
City,"Vancouver Region 860, Canada",449149,Cfb,3,June - August,A major global urban destination in Canada known for its tourism appeal.,17.26,"Vancouver Region 860, Canada",Yes,4.0,20619,https://www.visitvancouverregion860.com,"https://www.google.com/maps/search/Afghanistan,CultureVancouver+Region+860",Culture & Museums,Family,Food & Wine
City,"Munich Region 861, Germany",448699,Cfb,3,June - August,A major global urban destination in Germany known for its tourism appeal.,18.96,"Munich Region 861, Germany",No,4.4,20349,https://www.visitmunichregion861.com,"https://www.google.com/maps/search/Afghanistan,CultureMunich+Region+861",Food & Wine,Nightlife,Romantic
City,"Hong Kong Region 862, China",448251,Cwa,3,October - April,A major global urban destination in China known for its tourism appeal.,16.7,"Hong Kong Region 862, China",Yes,4.2,9444,https://www.visithongkongregion862.com,"https://www.google.com/maps/search/Afghanistan,CultureHong+Kong+Region+862",Romantic,Family,Nightlife
City,"Madrid Region 863, Spain",447803,Csa,2,"April - June, September - October",A major global urban destination in Spain known for its tourism appeal.,19.07,"Madrid Region 863, Spain",Yes,4.8,9409,https://www.visitmadridregion863.com,"https://www.google.com/maps/search/Afghanistan,CultureMadrid+Region+863",Romantic,Nightlife,Culture & Museums
City,"Mecca Region 864, Saudi Arabia",447355,BWh,2,November - March,A major global urban destination in Saudi Arabia known for its tourism appeal.,16.53,"Mecca Region 864, Saudi Arabia",No,3.9,17333,https://www.visitmeccaregion864.com,"https://www.google.com/maps/search/Afghanistan,CultureMecca+Region+864",Family,Nightlife,Food & Wine
City,"Stockholm Region 865, Sweden",446907,Dfb,4,June - August,A major global urban destination in Sweden known for its tourism appeal.,17.57,"Stockholm Region 865, Sweden",Yes,4.1,19255,https://www.visitstockholmregion865.com,"https://www.google.com/maps/search/Afghanistan,CultureStockholm+Region+865",Food & Wine,Nightlife,City Break
City,"Rio de Janeiro Region 866, Brazil",446460,Aw,1,November - April,A major global urban destination in Brazil known for its tourism appeal.,18.68,"Rio de Janeiro Region 866, Brazil",Yes,4.4,17562,https://www.visitriodejaneiroregion866.com,"https://www.google.com/maps/search/Afghanistan,CultureRio+de+Janeiro+Region+866",Culture & Museums,Food & Wine,Romantic
City,"Osaka Region 867, Japan",446014,Cfa,2,"March - May, September - November",A major global urban destination in Japan known for its tourism appeal.,18.23,"Osaka Region 867, Japan",No,4.4,13902,https://www.visitosakaregion867.com,"https://www.google.com/maps/search/Afghanistan,CultureOsaka+Region+867",Nightlife,Food & Wine,Romantic
City,"Mexico City Region 868, Mexico",445568,Cwb,1,April - October,A major global urban destination in Mexico known for its tourism appeal.,17.26,"Mexico City Region 868, Mexico",No,4.0,20600,https://www.visitmexicocityregion868.com,"https://www.google.com/maps/search/Afghanistan,CultureMexico+City+Region+868",Nightlife,City Break,Food & Wine
City,"London Region 869, UK",445122,Cfb,4,June - August,A major global urban destination in UK known for its tourism appeal.,15.73,"London Region 869, UK",Yes,3.9,10772,https://www.visitlondonregion869.com,"https://www.google.com/maps/search/Afghanistan,CultureLondon+Region+869",Culture & Museums,Romantic,City Break
City,"Athens Region 870, Greece",444677,Csa,2,"April - June, September - October",A major global urban destination in Greece known for its tourism appeal.,19.1,"Athens Region 870, Greece",Yes,4.4,21942,https://www.visitathensregion870.com,"https://www.google.com/maps/search/Afghanistan,CultureAthens+Region+870",Romantic,Food & Wine,City Break
City,"Mexico City Region 871, Mexico",444233,Cwb,1,April - October,A major global urban destination in Mexico known for its tourism appeal.,16.46,"Mexico City Region 871, Mexico",No,4.2,8316,https://www.visitmexicocityregion871.com,"https://www.google.com/maps/search/Afghanistan,CultureMexico+City+Region+871",Culture & Museums,Food & Wine,Romantic
City,"Phuket Region 872, Thailand",443788,Am,1,December - March,A major global urban destination in Thailand known for its tourism appeal.,19.55,"Phuket Region 872, Thailand",No,4.7,14464,https://www.visitphuketregion872.com,"https://www.google.com/maps/search/Afghanistan,CulturePhuket+Region+872",Family,Nightlife,Romantic
City,"Toronto Region 873, Canada",443345,Dfa,3,May - September,A major global urban destination in Canada known for its tourism appeal.,16.89,"Toronto Region 873, Canada",Yes,3.9,21406,https://www.visittorontoregion873.com,"https://www.google.com/maps/search/Afghanistan,CultureToronto+Region+873",Romantic,City Break,Food & Wine
City,"Antalya Region 874, Turkey",442901,Csa,1,"April - June, September - October",A major global urban destination in Turkey known for its tourism appeal.,16.55,"Antalya Region 874, Turkey",No,3.9,17541,https://www.visitantalyaregion874.com,"https://www.google.com/maps/search/Afghanistan,CultureAntalya+Region+874",Nightlife,Food & Wine,City Break
City,"New Delhi Region 875, India",442458,BSh,1,October - March,A major global urban destination in India known for its tourism appeal.,19.66,"New Delhi Region 875, India",No,4.8,12464,https://www.visitnewdelhiregion875.com,"https://www.google.com/maps/search/Afghanistan,CultureNew+Delhi+Region+875",City Break,Culture & Museums,Family
City,"Budapest Region 876, Hungary",442016,Cfb,2,June - August,A major global urban destination in Hungary known for its tourism appeal.,19.56,"Budapest Region 876, Hungary",Yes,4.6,17894,https://www.visitbudapestregion876.com,"https://www.google.com/maps/search/Afghanistan,CultureBudapest+Region+876",City Break,Culture & Museums,Family
City,"New Delhi Region 877, India",441574,BSh,1,October - March,A major global urban destination in India known for its tourism appeal.,16.69,"New Delhi Region 877, India",Yes,3.9,18995,https://www.visitnewdelhiregion877.com,"https://www.google.com/maps/search/Afghanistan,CultureNew+Delhi+Region+877",City Break,Culture & Museums,Family
City,"Munich Region 878, Germany",441132,Cfb,3,June - August,A major global urban destination in Germany known for its tourism appeal.,18.35,"Munich Region 878, Germany",No,4.3,18518,https://www.visitmunichregion878.com,"https://www.google.com/maps/search/Afghanistan,CultureMunich+Region+878",Family,Romantic,Nightlife
City,"Dubai Region 879, UAE",440691,BWh,4,November - March,A major global urban destination in UAE known for its tourism appeal.,16.01,"Dubai Region 879, UAE",No,4.2,6469,https://www.visitdubairegion879.com,"https://www.google.com/maps/search/Afghanistan,CultureDubai+Region+879",Culture & Museums,Romantic,City Break
City,"Palma de Mallorca Region 880, Spain",440250,Csa,2,"April - June, September - October",A major global urban destination in Spain known for its tourism appeal.,18.56,"Palma de Mallorca Region 880, Spain",Yes,4.4,16493,https://www.visitpalmademallorcaregion880.com,"https://www.google.com/maps/search/Afghanistan,CulturePalma+de+Mallorca+Region+880",City Break,Nightlife,Culture & Museums
City,"Buenos Aires Region 881, Argentina",439810,Cfa,1,"March - May, September - November",A major global urban destination in Argentina known for its tourism appeal.,19.75,"Buenos Aires Region 881, Argentina",No,4.6,19672,https://www.visitbuenosairesregion881.com,"https://www.google.com/maps/search/Afghanistan,CultureBuenos+Aires+Region+881",Family,Food & Wine,Culture & Museums
City,"Taipei Region 882, Taiwan",439370,Cfa,2,"March - May, September - November",A major global urban destination in Taiwan known for its tourism appeal.,18.29,"Taipei Region 882, Taiwan",Yes,4.3,17961,https://www.visittaipeiregion882.com,"https://www.google.com/maps/search/Afghanistan,CultureTaipei+Region+882",City Break,Nightlife,Romantic
City,"Lisbon Region 883, Portugal",438931,Csa,2,"April - June, September - October",A major global urban destination in Portugal known for its tourism appeal.,17.03,"Lisbon Region 883, Portugal",Yes,4.1,14214,https://www.visitlisbonregion883.com,"https://www.google.com/maps/search/Afghanistan,CultureLisbon+Region+883",Culture & Museums,Nightlife,Food & Wine
City,"Buenos Aires Region 884, Argentina",438492,Cfa,1,"March - May, September - November",A major global urban destination in Argentina known for its tourism appeal.,18.44,"Buenos Aires Region 884, Argentina",No,4.3,19474,https://www.visitbuenosairesregion884.com,"https://www.google.com/maps/search/Afghanistan,CultureBuenos+Aires+Region+884",Food & Wine,City Break,Family
City,"Hong Kong Region 885, China",438054,Cwa,3,October - April,A major global urban destination in China known for its tourism appeal.,17.3,"Hong Kong Region 885, China",Yes,4.0,21187,https://www.visithongkongregion885.com,"https://www.google.com/maps/search/Afghanistan,CultureHong+Kong+Region+885",Culture & Museums,Family,Romantic
City,"Copenhagen Region 886, Denmark",437616,Cfb,4,June - August,A major global urban destination in Denmark known for its tourism appeal.,20.39,"Copenhagen Region 886, Denmark",Yes,4.8,17726,https://www.visitcopenhagenregion886.com,"https://www.google.com/maps/search/Afghanistan,CultureCopenhagen+Region+886",Romantic,Culture & Museums,Food & Wine
City,"Hong Kong Region 887, China",437178,Cwa,3,October - April,A major global urban destination in China known for its tourism appeal.,19.72,"Hong Kong Region 887, China",Yes,4.9,10578,https://www.visithongkongregion887.com,"https://www.google.com/maps/search/Afghanistan,CultureHong+Kong+Region+887",Culture & Museums,Romantic,Family
City,"Barcelona Region 888, Spain",436741,Csa,2,"April - June, September - October",A major global urban destination in Spain known for its tourism appeal.,18.76,"Barcelona Region 888, Spain",Yes,4.8,8096,https://www.visitbarcelonaregion888.com,"https://www.google.com/maps/search/Afghanistan,CultureBarcelona+Region+888",Food & Wine,Romantic,Culture & Museums
City,"Venice Region 889, Italy",436304,Cfa,3,"March - May, September - November",A major global urban destination in Italy known for its tourism appeal.,20.73,"Venice Region 889, Italy",Yes,4.8,20864,https://www.visitveniceregion889.com,"https://www.google.com/maps/search/Afghanistan,CultureVenice+Region+889",Romantic,Nightlife,Family
City,"Phuket Region 890, Thailand",435868,Am,1,December - March,A major global urban destination in Thailand known for its tourism appeal.,18.97,"Phuket Region 890, Thailand",No,4.6,13293,https://www.visitphuketregion890.com,"https://www.google.com/maps/search/Afghanistan,CulturePhuket+Region+890",Food & Wine,Romantic,Family
City,"Kuala Lumpur Region 891, Malaysia",435432,Af,1,Year Round,A major global urban destination in Malaysia known for its tourism appeal.,15.5,"Kuala Lumpur Region 891, Malaysia",No,4.0,7482,https://www.visitkualalumpurregion891.com,"https://www.google.com/maps/search/Afghanistan,CultureKuala+Lumpur+Region+891",Romantic,Culture & Museums,Food & Wine
City,"Bali Region 892, Indonesia",434996,Aw,1,November - April,A major global urban destination in Indonesia known for its tourism appeal.,17.94,"Bali Region 892, Indonesia",No,4.2,18669,https://www.visitbaliregion892.com,"https://www.google.com/maps/search/Afghanistan,CultureBali+Region+892",Family,Romantic,Culture & Museums
City,"Rome Region 893, Italy",434561,Csa,3,"April - June, September - October",A major global urban destination in Italy known for its tourism appeal.,16.5,"Rome Region 893, Italy",No,4.0,13336,https://www.visitromeregion893.com,"https://www.google.com/maps/search/Afghanistan,CultureRome+Region+893",City Break,Romantic,Culture & Museums
City,"Vancouver Region 894, Canada",434127,Cfb,3,June - August,A major global urban destination in Canada known for its tourism appeal.,20.22,"Vancouver Region 894, Canada",No,4.7,20015,https://www.visitvancouverregion894.com,"https://www.google.com/maps/search/Afghanistan,CultureVancouver+Region+894",Romantic,Culture & Museums,Food & Wine
City,"Bangalore Region 895, India",433693,Aw,1,November - April,A major global urban destination in India known for its tourism appeal.,15.84,"Bangalore Region 895, India",No,4.0,9146,https://www.visitbangaloreregion895.com,"https://www.google.com/maps/search/Afghanistan,CultureBangalore+Region+895",Culture & Museums,Romantic,City Break
City,"Warsaw Region 896, Poland",433259,Dfb,2,June - August,A major global urban destination in Poland known for its tourism appeal.,18.16,"Warsaw Region 896, Poland",Yes,4.5,10831,https://www.visitwarsawregion896.com,"https://www.google.com/maps/search/Afghanistan,CultureWarsaw+Region+896",Food & Wine,City Break,Romantic
City,"Palma de Mallorca Region 897, Spain",432826,Csa,2,"April - June, September - October",A major global urban destination in Spain known for its tourism appeal.,17.24,"Palma de Mallorca Region 897, Spain",No,4.6,5590,https://www.visitpalmademallorcaregion897.com,"https://www.google.com/maps/search/Afghanistan,CulturePalma+de+Mallorca+Region+897",Family,Food & Wine,Culture & Museums
City,"Vancouver Region 898, Canada",432393,Cfb,3,June - August,A major global urban destination in Canada known for its tourism appeal.,19.73,"Vancouver Region 898, Canada",No,4.6,19501,https://www.visitvancouverregion898.com,"https://www.google.com/maps/search/Afghanistan,CultureVancouver+Region+898",Romantic,Nightlife,Culture & Museums
City,"Phuket Region 899, Thailand",431961,Am,1,December - March,A major global urban destination in Thailand known for its tourism appeal.,17.79,"Phuket Region 899, Thailand",Yes,4.4,11060,https://www.visitphuketregion899.com,"https://www.google.com/maps/search/Afghanistan,CulturePhuket+Region+899",Nightlife,City Break,Romantic
City,"Cape Town Region 900, South Africa",431529,Csb,2,May - September,A major global urban destination in South Africa known for its tourism appeal.,19.6,"Cape Town Region 900, South Africa",Yes,4.9,9996,https://www.visitcapetownregion900.com,"https://www.google.com/maps/search/Afghanistan,CultureCape+Town+Region+900",Family,Culture & Museums,City Break
City,"Florence Region 901, Italy",431097,Cfa,3,"March - May, September - November",A major global urban destination in Italy known for its tourism appeal.,19.18,"Florence Region 901, Italy",No,4.8,9890,https://www.visitflorenceregion901.com,"https://www.google.com/maps/search/Afghanistan,CultureFlorence+Region+901",Culture & Museums,Food & Wine,Family
City,"Kyoto Region 902, Japan",430666,Cfa,2,"March - May, September - November",A major global urban destination in Japan known for its tourism appeal.,17.1,"Kyoto Region 902, Japan",No,4.1,14794,https://www.visitkyotoregion902.com,"https://www.google.com/maps/search/Afghanistan,CultureKyoto+Region+902",City Break,Food & Wine,Family
City,"Jaipur Region 903, India",430235,BSh,1,October - March,A major global urban destination in India known for its tourism appeal.,16.26,"Jaipur Region 903, India",Yes,3.8,19014,https://www.visitjaipurregion903.com,"https://www.google.com/maps/search/Afghanistan,CultureJaipur+Region+903",City Break,Romantic,Nightlife
City,"Istanbul Region 904, Turkey",429805,Csa,1,"April - June, September - October",A major global urban destination in Turkey known for its tourism appeal.,20.17,"Istanbul Region 904, Turkey",No,4.8,15947,https://www.visitistanbulregion904.com,"https://www.google.com/maps/search/Afghanistan,CultureIstanbul+Region+904",Family,City Break,Romantic
City,"Budapest Region 905, Hungary",429375,Cfb,2,June - August,A major global urban destination in Hungary known for its tourism appeal.,19.85,"Budapest Region 905, Hungary",Yes,4.6,20632,https://www.visitbudapestregion905.com,"https://www.google.com/maps/search/Afghanistan,CultureBudapest+Region+905",City Break,Romantic,Culture & Museums
City,"Rio de Janeiro Region 906, Brazil",428946,Aw,1,November - April,A major global urban destination in Brazil known for its tourism appeal.,15.64,"Rio de Janeiro Region 906, Brazil",No,3.8,13023,https://www.visitriodejaneiroregion906.com,"https://www.google.com/maps/search/Afghanistan,CultureRio+de+Janeiro+Region+906",Food & Wine,Culture & Museums,City Break
City,"Toronto Region 907, Canada",428517,Dfa,3,May - September,A major global urban destination in Canada known for its tourism appeal.,17.64,"Toronto Region 907, Canada",No,4.1,20088,https://www.visittorontoregion907.com,"https://www.google.com/maps/search/Afghanistan,CultureToronto+Region+907",City Break,Food & Wine,Nightlife
City,"Kuala Lumpur Region 908, Malaysia",428088,Af,1,Year Round,A major global urban destination in Malaysia known for its tourism appeal.,17.54,"Kuala Lumpur Region 908, Malaysia",No,4.7,5398,https://www.visitkualalumpurregion908.com,"https://www.google.com/maps/search/Afghanistan,CultureKuala+Lumpur+Region+908",Family,Romantic,Culture & Museums
City,"Barcelona Region 909, Spain",427660,Csa,2,"April - June, September - October",A major global urban destination in Spain known for its tourism appeal.,20.73,"Barcelona Region 909, Spain",Yes,4.9,17016,https://www.visitbarcelonaregion909.com,"https://www.google.com/maps/search/Afghanistan,CultureBarcelona+Region+909",Nightlife,Romantic,Food & Wine
City,"Kuala Lumpur Region 910, Malaysia",427233,Af,1,Year Round,A major global urban destination in Malaysia known for its tourism appeal.,17.9,"Kuala Lumpur Region 910, Malaysia",Yes,4.7,6430,https://www.visitkualalumpurregion910.com,"https://www.google.com/maps/search/Afghanistan,CultureKuala+Lumpur+Region+910",Nightlife,Romantic,City Break
City,"Milan Region 911, Italy",426805,Cfa,3,"March - May, September - November",A major global urban destination in Italy known for its tourism appeal.,18.03,"Milan Region 911, Italy",No,4.4,12539,https://www.visitmilanregion911.com,"https://www.google.com/maps/search/Afghanistan,CultureMilan+Region+911",Culture & Museums,City Break,Romantic
City,"Osaka Region 912, Japan",426379,Cfa,2,"March - May, September - November",A major global urban destination in Japan known for its tourism appeal.,17.82,"Osaka Region 912, Japan",Yes,4.7,6181,https://www.visitosakaregion912.com,"https://www.google.com/maps/search/Afghanistan,CultureOsaka+Region+912",Culture & Museums,Nightlife,Food & Wine
City,"Palma de Mallorca Region 913, Spain",425952,Csa,2,"April - June, September - October",A major global urban destination in Spain known for its tourism appeal.,17.55,"Palma de Mallorca Region 913, Spain",Yes,4.1,19052,https://www.visitpalmademallorcaregion913.com,"https://www.google.com/maps/search/Afghanistan,CulturePalma+de+Mallorca+Region+913",City Break,Romantic,Food & Wine
City,"Venice Region 914, Italy",425526,Cfa,3,"March - May, September - November",A major global urban destination in Italy known for its tourism appeal.,18.1,"Venice Region 914, Italy",No,4.3,16196,https://www.visitveniceregion914.com,"https://www.google.com/maps/search/Afghanistan,CultureVenice+Region+914",Food & Wine,Family,City Break
City,"Taipei Region 915, Taiwan",425101,Cfa,2,"March - May, September - November",A major global urban destination in Taiwan known for its tourism appeal.,17.44,"Taipei Region 915, Taiwan",Yes,4.3,11369,https://www.visittaipeiregion915.com,"https://www.google.com/maps/search/Afghanistan,CultureTaipei+Region+915",Nightlife,Family,Food & Wine
City,"Ho Chi Minh City Region 916, Vietnam",424676,Aw,1,November - April,A major global urban destination in Vietnam known for its tourism appeal.,18.96,"Ho Chi Minh City Region 916, Vietnam",Yes,4.8,8892,https://www.visithochiminhcityregion916.com,"https://www.google.com/maps/search/Afghanistan,CultureHo+Chi+Minh+City+Region+916",Food & Wine,Nightlife,Romantic
City,"San Francisco Region 917, USA",424251,Csb,4,May - September,A major global urban destination in USA known for its tourism appeal.,19.14,"San Francisco Region 917, USA",Yes,4.8,9718,https://www.visitsanfranciscoregion917.com,"https://www.google.com/maps/search/Afghanistan,CultureSan+Francisco+Region+917",City Break,Romantic,Nightlife
City,"Dublin Region 918, Ireland",423827,Cfb,3,June - August,A major global urban destination in Ireland known for its tourism appeal.,20.7,"Dublin Region 918, Ireland",No,4.8,20502,https://www.visitdublinregion918.com,"https://www.google.com/maps/search/Afghanistan,CultureDublin+Region+918",Romantic,Food & Wine,Nightlife
City,"Barcelona Region 919, Spain",423403,Csa,2,"April - June, September - October",A major global urban destination in Spain known for its tourism appeal.,16.2,"Barcelona Region 919, Spain",No,3.9,14217,https://www.visitbarcelonaregion919.com,"https://www.google.com/maps/search/Afghanistan,CultureBarcelona+Region+919",City Break,Nightlife,Romantic
City,"Kyoto Region 920, Japan",422980,Cfa,2,"March - May, September - November",A major global urban destination in Japan known for its tourism appeal.,19.45,"Kyoto Region 920, Japan",No,4.5,20958,https://www.visitkyotoregion920.com,"https://www.google.com/maps/search/Afghanistan,CultureKyoto+Region+920",Romantic,Family,Food & Wine
City,"Mecca Region 921, Saudi Arabia",422557,BWh,2,November - March,A major global urban destination in Saudi Arabia known for its tourism appeal.,19.13,"Mecca Region 921, Saudi Arabia",Yes,4.5,17861,https://www.visitmeccaregion921.com,"https://www.google.com/maps/search/Afghanistan,CultureMecca+Region+921",Nightlife,Culture & Museums,Food & Wine
City,"Amsterdam Region 922, Netherlands",422134,Cfb,3,June - August,A major global urban destination in Netherlands known for its tourism appeal.,17.2,"Amsterdam Region 922, Netherlands",No,4.1,15653,https://www.visitamsterdamregion922.com,"https://www.google.com/maps/search/Afghanistan,CultureAmsterdam+Region+922",Family,Nightlife,Food & Wine
City,"San Francisco Region 923, USA",421712,Csb,4,May - September,A major global urban destination in USA known for its tourism appeal.,17.45,"San Francisco Region 923, USA",Yes,4.5,7551,https://www.visitsanfranciscoregion923.com,"https://www.google.com/maps/search/Afghanistan,CultureSan+Francisco+Region+923",Culture & Museums,Food & Wine,Family
City,"Warsaw Region 924, Poland",421290,Dfb,2,June - August,A major global urban destination in Poland known for its tourism appeal.,18.34,"Warsaw Region 924, Poland",No,4.5,11927,https://www.visitwarsawregion924.com,"https://www.google.com/maps/search/Afghanistan,CultureWarsaw+Region+924",Culture & Museums,Food & Wine,Nightlife
City,"Marrakech Region 925, Morocco",420869,BSh,1,October - March,A major global urban destination in Morocco known for its tourism appeal.,17.17,"Marrakech Region 925, Morocco",Yes,4.1,15398,https://www.visitmarrakechregion925.com,"https://www.google.com/maps/search/Afghanistan,CultureMarrakech+Region+925",City Break,Romantic,Culture & Museums
City,"London Region 926, UK",420448,Cfb,4,June - August,A major global urban destination in UK known for its tourism appeal.,16.93,"London Region 926, UK",Yes,4.4,7050,https://www.visitlondonregion926.com,"https://www.google.com/maps/search/Afghanistan,CultureLondon+Region+926",City Break,Food & Wine,Romantic
City,"Phuket Region 927, Thailand",420028,Am,1,December - March,A major global urban destination in Thailand known for its tourism appeal.,16.4,"Phuket Region 927, Thailand",Yes,4.0,12619,https://www.visitphuketregion927.com,"https://www.google.com/maps/search/Afghanistan,CulturePhuket+Region+927",Romantic,Family,City Break
City,"Toronto Region 928, Canada",419608,Dfa,3,May - September,A major global urban destination in Canada known for its tourism appeal.,17.22,"Toronto Region 928, Canada",No,4.0,20206,https://www.visittorontoregion928.com,"https://www.google.com/maps/search/Afghanistan,CultureToronto+Region+928",Romantic,Culture & Museums,City Break
City,"Milan Region 929, Italy",419188,Cfa,3,"March - May, September - November",A major global urban destination in Italy known for its tourism appeal.,16.77,"Milan Region 929, Italy",Yes,4.0,15601,https://www.visitmilanregion929.com,"https://www.google.com/maps/search/Afghanistan,CultureMilan+Region+929",Nightlife,Romantic,Culture & Museums
City,"Los Angeles Region 930, USA",418769,Csb,3,May - September,A major global urban destination in USA known for its tourism appeal.,18.75,"Los Angeles Region 930, USA",No,4.7,9777,https://www.visitlosangelesregion930.com,"https://www.google.com/maps/search/Afghanistan,CultureLos+Angeles+Region+930",Nightlife,Culture & Museums,Romantic
City,"Barcelona Region 931, Spain",418350,Csa,2,"April - June, September - October",A major global urban destination in Spain known for its tourism appeal.,18.66,"Barcelona Region 931, Spain",Yes,4.5,14005,https://www.visitbarcelonaregion931.com,"https://www.google.com/maps/search/Afghanistan,CultureBarcelona+Region+931",Food & Wine,Romantic,Family
City,"Vienna Region 932, Austria",417932,Cfb,3,June - August,A major global urban destination in Austria known for its tourism appeal.,16.04,"Vienna Region 932, Austria",Yes,4.0,10206,https://www.visitviennaregion932.com,"https://www.google.com/maps/search/Afghanistan,CultureVienna+Region+932",Food & Wine,Family,City Break
City,"Mexico City Region 933, Mexico",417514,Cwb,1,April - October,A major global urban destination in Mexico known for its tourism appeal.,17.07,"Mexico City Region 933, Mexico",Yes,4.1,14603,https://www.visitmexicocityregion933.com,"https://www.google.com/maps/search/Afghanistan,CultureMexico+City+Region+933",Food & Wine,Family,City Break
City,"Hanoi Region 934, Vietnam",417096,Cwa,1,October - April,A major global urban destination in Vietnam known for its tourism appeal.,19.32,"Hanoi Region 934, Vietnam",No,4.5,19691,https://www.visithanoiregion934.com,"https://www.google.com/maps/search/Afghanistan,CultureHanoi+Region+934",Romantic,City Break,Culture & Museums
City,"Taipei Region 935, Taiwan",416679,Cfa,2,"March - May, September - November",A major global urban destination in Taiwan known for its tourism appeal.,16.66,"Taipei Region 935, Taiwan",Yes,4.1,11565,https://www.visittaipeiregion935.com,"https://www.google.com/maps/search/Afghanistan,CultureTaipei+Region+935",Family,City Break,Nightlife
City,"Cape Town Region 936, South Africa",416262,Csb,2,May - September,A major global urban destination in South Africa known for its tourism appeal.,19.54,"Cape Town Region 936, South Africa",Yes,4.6,17670,https://www.visitcapetownregion936.com,"https://www.google.com/maps/search/Afghanistan,CultureCape+Town+Region+936",Culture & Museums,Food & Wine,Nightlife
City,"Hanoi Region 937, Vietnam",415846,Cwa,1,October - April,A major global urban destination in Vietnam known for its tourism appeal.,17.79,"Hanoi Region 937, Vietnam",Yes,4.7,6104,https://www.visithanoiregion937.com,"https://www.google.com/maps/search/Afghanistan,CultureHanoi+Region+937",Culture & Museums,City Break,Food & Wine
City,"New Delhi Region 938, India",415430,BSh,1,October - March,A major global urban destination in India known for its tourism appeal.,19.45,"New Delhi Region 938, India",Yes,4.9,9305,https://www.visitnewdelhiregion938.com,"https://www.google.com/maps/search/Afghanistan,CultureNew+Delhi+Region+938",Nightlife,Romantic,Family
City,"Mecca Region 939, Saudi Arabia",415015,BWh,2,November - March,A major global urban destination in Saudi Arabia known for its tourism appeal.,17.74,"Mecca Region 939, Saudi Arabia",No,4.5,8738,https://www.visitmeccaregion939.com,"https://www.google.com/maps/search/Afghanistan,CultureMecca+Region+939",Culture & Museums,Family,Romantic
City,"Istanbul Region 940, Turkey",414600,Csa,1,"April - June, September - October",A major global urban destination in Turkey known for its tourism appeal.,16.32,"Istanbul Region 940, Turkey",Yes,4.0,11994,https://www.visitistanbulregion940.com,"https://www.google.com/maps/search/Afghanistan,CultureIstanbul+Region+940",City Break,Romantic,Nightlife
City,"Toronto Region 941, Canada",414185,Dfa,3,May - September,A major global urban destination in Canada known for its tourism appeal.,15.78,"Toronto Region 941, Canada",Yes,4.0,8793,https://www.visittorontoregion941.com,"https://www.google.com/maps/search/Afghanistan,CultureToronto+Region+941",Family,Romantic,Nightlife
City,"New Delhi Region 942, India",413771,BSh,1,October - March,A major global urban destination in India known for its tourism appeal.,17.55,"New Delhi Region 942, India",No,4.6,6523,https://www.visitnewdelhiregion942.com,"https://www.google.com/maps/search/Afghanistan,CultureNew+Delhi+Region+942",Culture & Museums,Romantic,Nightlife
City,"Prague Region 943, Czech Republic",413357,Cfb,2,June - August,A major global urban destination in Czech Republic known for its tourism appeal.,18.84,"Prague Region 943, Czech Republic",Yes,4.5,15360,https://www.visitpragueregion943.com,"https://www.google.com/maps/search/Afghanistan,CulturePrague+Region+943",Family,City Break,Romantic
City,"Singapore Region 944, Singapore",412944,Af,4,Year Round,A major global urban destination in Singapore known for its tourism appeal.,19.41,"Singapore Region 944, Singapore",Yes,4.5,20592,https://www.visitsingaporeregion944.com,"https://www.google.com/maps/search/Afghanistan,CultureSingapore+Region+944",Culture & Museums,Romantic,City Break
City,"London Region 945, UK",412531,Cfb,4,June - August,A major global urban destination in UK known for its tourism appeal.,15.79,"London Region 945, UK",No,3.9,11196,https://www.visitlondonregion945.com,"https://www.google.com/maps/search/Afghanistan,CultureLondon+Region+945",Family,City Break,Culture & Museums
City,"Mexico City Region 946, Mexico",412118,Cwb,1,April - October,A major global urban destination in Mexico known for its tourism appeal.,17.39,"Mexico City Region 946, Mexico",Yes,4.5,7308,https://www.visitmexicocityregion946.com,"https://www.google.com/maps/search/Afghanistan,CultureMexico+City+Region+946",Culture & Museums,Nightlife,Romantic
City,"Marrakech Region 947, Morocco",411706,BSh,1,October - March,A major global urban destination in Morocco known for its tourism appeal.,17.53,"Marrakech Region 947, Morocco",Yes,4.7,5362,https://www.visitmarrakechregion947.com,"https://www.google.com/maps/search/Afghanistan,CultureMarrakech+Region+947",Romantic,Nightlife,Family
City,"Shanghai Region 948, China",411295,Cfa,2,"March - May, September - November",A major global urban destination in China known for its tourism appeal.,16.53,"Shanghai Region 948, China",Yes,3.9,17318,https://www.visitshanghairegion948.com,"https://www.google.com/maps/search/Afghanistan,CultureShanghai+Region+948",Romantic,City Break,Nightlife
City,"Lisbon Region 949, Portugal",410883,Csa,2,"April - June, September - October",A major global urban destination in Portugal known for its tourism appeal.,16.59,"Lisbon Region 949, Portugal",No,3.9,17931,https://www.visitlisbonregion949.com,"https://www.google.com/maps/search/Afghanistan,CultureLisbon+Region+949",Nightlife,Romantic,Culture & Museums
City,"Kyoto Region 950, Japan",410472,Cfa,2,"March - May, September - November",A major global urban destination in Japan known for its tourism appeal.,17.51,"Kyoto Region 950, Japan",No,4.8,4445,https://www.visitkyotoregion950.com,"https://www.google.com/maps/search/Afghanistan,CultureKyoto+Region+950",Culture & Museums,Family,City Break
City,"Mecca Region 951, Saudi Arabia",410062,BWh,2,November - March,A major global urban destination in Saudi Arabia known for its tourism appeal.,17.21,"Mecca Region 951, Saudi Arabia",Yes,4.5,6674,https://www.visitmeccaregion951.com,"https://www.google.com/maps/search/Afghanistan,CultureMecca+Region+951",Food & Wine,Family,Culture & Museums
City,"Toronto Region 952, Canada",409652,Dfa,3,May - September,A major global urban destination in Canada known for its tourism appeal.,17.34,"Toronto Region 952, Canada",Yes,4.4,8713,https://www.visittorontoregion952.com,"https://www.google.com/maps/search/Afghanistan,CultureToronto+Region+952",City Break,Nightlife,Culture & Museums
City,"Shanghai Region 953, China",409242,Cfa,2,"March - May, September - November",A major global urban destination in China known for its tourism appeal.,20.07,"Shanghai Region 953, China",Yes,4.8,15182,https://www.visitshanghairegion953.com,"https://www.google.com/maps/search/Afghanistan,CultureShanghai+Region+953",Food & Wine,City Break,Romantic
City,"New Delhi Region 954, India",408833,BSh,1,October - March,A major global urban destination in India known for its tourism appeal.,17.65,"New Delhi Region 954, India",Yes,4.1,20176,https://www.visitnewdelhiregion954.com,"https://www.google.com/maps/search/Afghanistan,CultureNew+Delhi+Region+954",Culture & Museums,City Break,Nightlife
City,"Vancouver Region 955, Canada",408424,Cfb,3,June - August,A major global urban destination in Canada known for its tourism appeal.,17.63,"Vancouver Region 955, Canada",Yes,4.6,6798,https://www.visitvancouverregion955.com,"https://www.google.com/maps/search/Afghanistan,CultureVancouver+Region+955",Nightlife,Family,Food & Wine
City,"Bali Region 956, Indonesia",408016,Aw,1,November - April,A major global urban destination in Indonesia known for its tourism appeal.,19.27,"Bali Region 956, Indonesia",Yes,4.6,15430,https://www.visitbaliregion956.com,"https://www.google.com/maps/search/Afghanistan,CultureBali+Region+956",Romantic,Food & Wine,Culture & Museums
City,"Hong Kong Region 957, China",407608,Cwa,3,October - April,A major global urban destination in China known for its tourism appeal.,20.4,"Hong Kong Region 957, China",No,4.8,17753,https://www.visithongkongregion957.com,"https://www.google.com/maps/search/Afghanistan,CultureHong+Kong+Region+957",Food & Wine,Romantic,City Break
City,"New York City Region 958, USA",407200,Cfa,4,"March - May, September - November",A major global urban destination in USA known for its tourism appeal.,19.58,"New York City Region 958, USA",Yes,4.8,12005,https://www.visitnewyorkcityregion958.com,"https://www.google.com/maps/search/Afghanistan,CultureNew+York+City+Region+958",Romantic,Culture & Museums,City Break
City,"Osaka Region 959, Japan",406793,Cfa,2,"March - May, September - November",A major global urban destination in Japan known for its tourism appeal.,18.13,"Osaka Region 959, Japan",No,4.3,16462,https://www.visitosakaregion959.com,"https://www.google.com/maps/search/Afghanistan,CultureOsaka+Region+959",City Break,Family,Romantic
City,"Seoul Region 960, South Korea",406386,Dwa,2,May - October,A major global urban destination in South Korea known for its tourism appeal.,17.06,"Seoul Region 960, South Korea",No,4.1,14496,https://www.visitseoulregion960.com,"https://www.google.com/maps/search/Afghanistan,CultureSeoul+Region+960",Culture & Museums,Food & Wine,City Break
City,"Ho Chi Minh City Region 961, Vietnam",405980,Aw,1,November - April,A major global urban destination in Vietnam known for its tourism appeal.,19.6,"Ho Chi Minh City Region 961, Vietnam",Yes,4.7,14811,https://www.visithochiminhcityregion961.com,"https://www.google.com/maps/search/Afghanistan,CultureHo+Chi+Minh+City+Region+961",Culture & Museums,Nightlife,City Break
City,"Kyoto Region 962, Japan",405574,Cfa,2,"March - May, September - November",A major global urban destination in Japan known for its tourism appeal.,19.76,"Kyoto Region 962, Japan",Yes,4.6,19799,https://www.visitkyotoregion962.com,"https://www.google.com/maps/search/Afghanistan,CultureKyoto+Region+962",Family,Nightlife,City Break
City,"Hanoi Region 963, Vietnam",405168,Cwa,1,October - April,A major global urban destination in Vietnam known for its tourism appeal.,20.63,"Hanoi Region 963, Vietnam",No,4.8,19860,https://www.visithanoiregion963.com,"https://www.google.com/maps/search/Afghanistan,CultureHanoi+Region+963",Nightlife,Romantic,Culture & Museums
City,"Cape Town Region 964, South Africa",404763,Csb,2,May - September,A major global urban destination in South Africa known for its tourism appeal.,16.3,"Cape Town Region 964, South Africa",No,4.0,11856,https://www.visitcapetownregion964.com,"https://www.google.com/maps/search/Afghanistan,CultureCape+Town+Region+964",Nightlife,Romantic,Family
City,"Tokyo Region 965, Japan",404358,Cfa,3,"March - May, September - November",A major global urban destination in Japan known for its tourism appeal.,15.84,"Tokyo Region 965, Japan",Yes,4.0,9101,https://www.visittokyoregion965.com,"https://www.google.com/maps/search/Afghanistan,CultureTokyo+Region+965",Culture & Museums,City Break,Romantic
City,"Berlin Region 966, Germany",403954,Cfb,2,June - August,A major global urban destination in Germany known for its tourism appeal.,17.34,"Berlin Region 966, Germany",Yes,4.5,7137,https://www.visitberlinregion966.com,"https://www.google.com/maps/search/Afghanistan,CultureBerlin+Region+966",Romantic,Culture & Museums,Nightlife
City,"Hanoi Region 967, Vietnam",403550,Cwa,1,October - April,A major global urban destination in Vietnam known for its tourism appeal.,18.9,"Hanoi Region 967, Vietnam",Yes,4.4,19728,https://www.visithanoiregion967.com,"https://www.google.com/maps/search/Afghanistan,CultureHanoi+Region+967",Family,Nightlife,Culture & Museums
City,"Prague Region 968, Czech Republic",403146,Cfb,2,June - August,A major global urban destination in Czech Republic known for its tourism appeal.,19.04,"Prague Region 968, Czech Republic",Yes,4.6,13787,https://www.visitpragueregion968.com,"https://www.google.com/maps/search/Afghanistan,CulturePrague+Region+968",Family,Romantic,Culture & Museums
City,"Budapest Region 969, Hungary",402743,Cfb,2,June - August,A major global urban destination in Hungary known for its tourism appeal.,16.83,"Budapest Region 969, Hungary",Yes,4.1,12718,https://www.visitbudapestregion969.com,"https://www.google.com/maps/search/Afghanistan,CultureBudapest+Region+969",Romantic,Culture & Museums,Family
City,"Tokyo Region 970, Japan",402340,Cfa,3,"March - May, September - November",A major global urban destination in Japan known for its tourism appeal.,18.42,"Tokyo Region 970, Japan",Yes,4.6,10097,https://www.visittokyoregion970.com,"https://www.google.com/maps/search/Afghanistan,CultureTokyo+Region+970",City Break,Family,Food & Wine
City,"Ho Chi Minh City Region 971, Vietnam",401938,Aw,1,November - April,A major global urban destination in Vietnam known for its tourism appeal.,18.51,"Ho Chi Minh City Region 971, Vietnam",No,4.5,12995,https://www.visithochiminhcityregion971.com,"https://www.google.com/maps/search/Afghanistan,CultureHo+Chi+Minh+City+Region+971",Family,Culture & Museums,Nightlife
City,"Hong Kong Region 972, China",401536,Cwa,3,October - April,A major global urban destination in China known for its tourism appeal.,18.06,"Hong Kong Region 972, China",No,4.4,12701,https://www.visithongkongregion972.com,"https://www.google.com/maps/search/Afghanistan,CultureHong+Kong+Region+972",Romantic,City Break,Food & Wine
City,"Vancouver Region 973, Canada",401135,Cfb,3,June - August,A major global urban destination in Canada known for its tourism appeal.,18.94,"Vancouver Region 973, Canada",Yes,4.7,10685,https://www.visitvancouverregion973.com,"https://www.google.com/maps/search/Afghanistan,CultureVancouver+Region+973",Culture & Museums,Family,Nightlife
City,"Stockholm Region 974, Sweden",400734,Dfb,4,June - August,A major global urban destination in Sweden known for its tourism appeal.,19.86,"Stockholm Region 974, Sweden",No,4.8,13726,https://www.visitstockholmregion974.com,"https://www.google.com/maps/search/Afghanistan,CultureStockholm+Region+974",Family,Culture & Museums,Food & Wine
City,"Marrakech Region 975, Morocco",400333,BSh,1,October - March,A major global urban destination in Morocco known for its tourism appeal.,15.45,"Marrakech Region 975, Morocco",Yes,3.9,9177,https://www.visitmarrakechregion975.com,"https://www.google.com/maps/search/Afghanistan,CultureMarrakech+Region+975",Romantic,Nightlife,Family
City,"Mexico City Region 976, Mexico",399932,Cwb,1,April - October,A major global urban destination in Mexico known for its tourism appeal.,18.7,"Mexico City Region 976, Mexico",Yes,4.6,11621,https://www.visitmexicocityregion976.com,"https://www.google.com/maps/search/Afghanistan,CultureMexico+City+Region+976",Culture & Museums,Romantic,City Break
City,"Sydney Region 977, Australia",399533,Cfa,3,"March - May, September - November",A major global urban destination in Australia known for its tourism appeal.,19.42,"Sydney Region 977, Australia",Yes,4.6,16683,https://www.visitsydneyregion977.com,"https://www.google.com/maps/search/Afghanistan,CultureSydney+Region+977",Nightlife,City Break,Family
City,"Kyoto Region 978, Japan",399133,Cfa,2,"March - May, September - November",A major global urban destination in Japan known for its tourism appeal.,19.03,"Kyoto Region 978, Japan",Yes,4.7,11219,https://www.visitkyotoregion978.com,"https://www.google.com/maps/search/Afghanistan,CultureKyoto+Region+978",Culture & Museums,Romantic,City Break
City,"San Francisco Region 979, USA",398734,Csb,4,May - September,A major global urban destination in USA known for its tourism appeal.,17.46,"San Francisco Region 979, USA",No,4.1,18120,https://www.visitsanfranciscoregion979.com,"https://www.google.com/maps/search/Afghanistan,CultureSan+Francisco+Region+979",Nightlife,Culture & Museums,City Break
City,"Kyoto Region 980, Japan",398335,Cfa,2,"March - May, September - November",A major global urban destination in Japan known for its tourism appeal.,16.06,"Kyoto Region 980, Japan",No,3.8,16861,https://www.visitkyotoregion980.com,"https://www.google.com/maps/search/Afghanistan,CultureKyoto+Region+980",Food & Wine,Family,City Break
City,"Miami Region 981, USA",397937,Am,3,December - March,A major global urban destination in USA known for its tourism appeal.,17.94,"Miami Region 981, USA",Yes,4.5,9718,https://www.visitmiamiregion981.com,"https://www.google.com/maps/search/Afghanistan,CultureMiami+Region+981",City Break,Food & Wine,Family
City,"Phuket Region 982, Thailand",397539,Am,1,December - March,A major global urban destination in Thailand known for its tourism appeal.,17.54,"Phuket Region 982, Thailand",Yes,4.4,9716,https://www.visitphuketregion982.com,"https://www.google.com/maps/search/Afghanistan,CulturePhuket+Region+982",City Break,Nightlife,Romantic
City,"Marrakech Region 983, Morocco",397141,BSh,1,October - March,A major global urban destination in Morocco known for its tourism appeal.,18.93,"Marrakech Region 983, Morocco",No,4.8,8775,https://www.visitmarrakechregion983.com,"https://www.google.com/maps/search/Afghanistan,CultureMarrakech+Region+983",Culture & Museums,Food & Wine,City Break
City,"Dublin Region 984, Ireland",396744,Cfb,3,June - August,A major global urban destination in Ireland known for its tourism appeal.,14.83,"Dublin Region 984, Ireland",No,4.0,5098,https://www.visitdublinregion984.com,"https://www.google.com/maps/search/Afghanistan,CultureDublin+Region+984",Family,Culture & Museums,Nightlife
City,"Toronto Region 985, Canada",396347,Dfa,3,May - September,A major global urban destination in Canada known for its tourism appeal.,17.21,"Toronto Region 985, Canada",Yes,4.1,15774,https://www.visittorontoregion985.com,"https://www.google.com/maps/search/Afghanistan,CultureToronto+Region+985",Family,Nightlife,Food & Wine
City,"Milan Region 986, Italy",395951,Cfa,3,"March - May, September - November",A major global urban destination in Italy known for its tourism appeal.,17.19,"Milan Region 986, Italy",No,4.7,4553,https://www.visitmilanregion986.com,"https://www.google.com/maps/search/Afghanistan,CultureMilan+Region+986",Romantic,Culture & Museums,City Break
City,"Toronto Region 987, Canada",395555,Dfa,3,May - September,A major global urban destination in Canada known for its tourism appeal.,17.79,"Toronto Region 987, Canada",Yes,4.2,17247,https://www.visittorontoregion987.com,"https://www.google.com/maps/search/Afghanistan,CultureToronto+Region+987",Nightlife,Romantic,Family
City,"Bali Region 988, Indonesia",395160,Aw,1,November - April,A major global urban destination in Indonesia known for its tourism appeal.,19.94,"Bali Region 988, Indonesia",No,4.7,17438,https://www.visitbaliregion988.com,"https://www.google.com/maps/search/Afghanistan,CultureBali+Region+988",City Break,Family,Culture & Museums
City,"Milan Region 989, Italy",394764,Cfa,3,"March - May, September - November",A major global urban destination in Italy known for its tourism appeal.,15.51,"Milan Region 989, Italy",Yes,4.2,4937,https://www.visitmilanregion989.com,"https://www.google.com/maps/search/Afghanistan,CultureMilan+Region+989",City Break,Romantic,Culture & Museums
City,"Madrid Region 990, Spain",394370,Csa,2,"April - June, September - October",A major global urban destination in Spain known for its tourism appeal.,19.8,"Madrid Region 990, Spain",Yes,4.8,13305,https://www.visitmadridregion990.com,"https://www.google.com/maps/search/Afghanistan,CultureMadrid+Region+990",Food & Wine,Nightlife,Family
City,"Ho Chi Minh City Region 991, Vietnam",393975,Aw,1,November - April,A major global urban destination in Vietnam known for its tourism appeal.,15.15,"Ho Chi Minh City Region 991, Vietnam",No,4.0,6137,https://www.visithochiminhcityregion991.com,"https://www.google.com/maps/search/Afghanistan,CultureHo+Chi+Minh+City+Region+991",Food & Wine,Romantic,Nightlife
City,"Antalya Region 992, Turkey",393581,Csa,1,"April - June, September - October",A major global urban destination in Turkey known for its tourism appeal.,17.55,"Antalya Region 992, Turkey",No,4.2,15093,https://www.visitantalyaregion992.com,"https://www.google.com/maps/search/Afghanistan,CultureAntalya+Region+992",Romantic,Nightlife,Food & Wine
City,"Antalya Region 993, Turkey",393188,Csa,1,"April - June, September - October",A major global urban destination in Turkey known for its tourism appeal.,18.75,"Antalya Region 993, Turkey",No,4.4,18273,https://www.visitantalyaregion993.com,"https://www.google.com/maps/search/Afghanistan,CultureAntalya+Region+993",Nightlife,Family,City Break
City,"Bangkok Region 994, Thailand",392795,Aw,1,November - April,A major global urban destination in Thailand known for its tourism appeal.,16.56,"Bangkok Region 994, Thailand",Yes,3.9,17643,https://www.visitbangkokregion994.com,"https://www.google.com/maps/search/Afghanistan,CultureBangkok+Region+994",Family,Culture & Museums,Romantic
City,"Istanbul Region 995, Turkey",392402,Csa,1,"April - June, September - October",A major global urban destination in Turkey known for its tourism appeal.,19.21,"Istanbul Region 995, Turkey",No,4.6,15017,https://www.visitistanbulregion995.com,"https://www.google.com/maps/search/Afghanistan,CultureIstanbul+Region+995",Nightlife,Family,Romantic
City,"Miami Region 996, USA",392009,Am,3,December - March,A major global urban destination in USA known for its tourism appeal.,17.72,"Miami Region 996, USA",No,4.3,13178,https://www.visitmiamiregion996.com,"https://www.google.com/maps/search/Afghanistan,CultureMiami+Region+996",Family,Culture & Museums,City Break
City,"Rome Region 997, Italy",391617,Csa,3,"April - June, September - October",A major global urban destination in Italy known for its tourism appeal.,17.69,"Rome Region 997, Italy",No,4.3,13029,https://www.visitromeregion997.com,"https://www.google.com/maps/search/Afghanistan,CultureRome+Region+997",Culture & Museums,Food & Wine,City Break
City,"Marrakech Region 998, Morocco",391226,BSh,1,October - March,A major global urban destination in Morocco known for its tourism appeal.,17.14,"Marrakech Region 998, Morocco",Yes,4.0,19315,https://www.visitmarrakechregion998.com,"https://www.google.com/maps/search/Afghanistan,CultureMarrakech+Region+998",City Break,Culture & Museums,Romantic
City,"Jerusalem Region 999, Israel",390834,Csa,3,"April - June, September - October",A major global urban destination in Israel known for its tourism appeal.,17.68,"Jerusalem Region 999, Israel",No,4.2,16177,https://www.visitjerusalemregion999.com,"https://www.google.com/maps/search/Afghanistan,CultureJerusalem+Region+999",Food & Wine,Culture & Museums,Nightlife
City,"Madrid Region 1000, Spain",390444,Csa,2,"April - June, September - October",A major global urban destination in Spain known for its tourism appeal.,20.42,"Madrid Region 1000, Spain",No,4.9,14707,https://www.visitmadridregion1000.com,"https://www.google.com/maps/search/Afghanistan,CultureMadrid+Region+1000",Food & Wine,Culture & Museums,Nightlife
City,"Lisbon Region 1001, Portugal",390053,Csa,2,"April - June, September - October",A major global urban destination in Portugal known for its tourism appeal.,17.7,"Lisbon Region 1001, Portugal",No,4.7,5840,https://www.visitlisbonregion1001.com,"https://www.google.com/maps/search/Afghanistan,CultureLisbon+Region+1001",Family,City Break,Romantic
City,"Paris Region 1002, France",389663,Cfb,3,June - August,A major global urban destination in France known for its tourism appeal.,17.09,"Paris Region 1002, France",Yes,4.2,11736,https://www.visitparisregion1002.com,"https://www.google.com/maps/search/Afghanistan,CultureParis+Region+1002",Family,Food & Wine,Culture & Museums
City,"Budapest Region 1003, Hungary",389273,Cfb,2,June - August,A major global urban destination in Hungary known for its tourism appeal.,19.52,"Budapest Region 1003, Hungary",Yes,4.7,14205,https://www.visitbudapestregion1003.com,"https://www.google.com/maps/search/Afghanistan,CultureBudapest+Region+1003",Romantic,Food & Wine,Nightlife
City,"Jerusalem Region 1004, Israel",388884,Csa,3,"April - June, September - October",A major global urban destination in Israel known for its tourism appeal.,18.78,"Jerusalem Region 1004, Israel",Yes,4.9,6804,https://www.visitjerusalemregion1004.com,"https://www.google.com/maps/search/Afghanistan,CultureJerusalem+Region+1004",Food & Wine,City Break,Romantic
City,"Bangalore Region 1005, India",388495,Aw,1,November - April,A major global urban destination in India known for its tourism appeal.,15.02,"Bangalore Region 1005, India",No,3.9,7081,https://www.visitbangaloreregion1005.com,"https://www.google.com/maps/search/Afghanistan,CultureBangalore+Region+1005",Nightlife,City Break,Food & Wine
City,"Istanbul Region 1006, Turkey",388107,Csa,1,"April - June, September - October",A major global urban destination in Turkey known for its tourism appeal.,18.44,"Istanbul Region 1006, Turkey",Yes,4.8,6936,https://www.visitistanbulregion1006.com,"https://www.google.com/maps/search/Afghanistan,CultureIstanbul+Region+1006",Food & Wine,City Break,Romantic
City,"Istanbul Region 1007, Turkey",387719,Csa,1,"April - June, September - October",A major global urban destination in Turkey known for its tourism appeal.,20.38,"Istanbul Region 1007, Turkey",Yes,4.8,17604,https://www.visitistanbulregion1007.com,"https://www.google.com/maps/search/Afghanistan,CultureIstanbul+Region+1007",Family,Nightlife,City Break
City,"Mecca Region 1008, Saudi Arabia",387331,BWh,2,November - March,A major global urban destination in Saudi Arabia known for its tourism appeal.,20.14,"Mecca Region 1008, Saudi Arabia",Yes,4.8,15701,https://www.visitmeccaregion1008.com,"https://www.google.com/maps/search/Afghanistan,CultureMecca+Region+1008",Culture & Museums,Romantic,Nightlife
City,"Amsterdam Region 1009, Netherlands",386944,Cfb,3,June - August,A major global urban destination in Netherlands known for its tourism appeal.,16.02,"Amsterdam Region 1009, Netherlands",Yes,3.9,12846,https://www.visitamsterdamregion1009.com,"https://www.google.com/maps/search/Afghanistan,CultureAmsterdam+Region+1009",Romantic,Food & Wine,Nightlife
City,"Munich Region 1010, Germany",386557,Cfb,3,June - August,A major global urban destination in Germany known for its tourism appeal.,17.3,"Munich Region 1010, Germany",No,4.2,13156,https://www.visitmunichregion1010.com,"https://www.google.com/maps/search/Afghanistan,CultureMunich+Region+1010",Culture & Museums,Food & Wine,City Break
City,"Buenos Aires Region 1011, Argentina",386170,Cfa,1,"March - May, September - November",A major global urban destination in Argentina known for its tourism appeal.,18.08,"Buenos Aires Region 1011, Argentina",Yes,4.9,4897,https://www.visitbuenosairesregion1011.com,"https://www.google.com/maps/search/Afghanistan,CultureBuenos+Aires+Region+1011",Nightlife,Culture & Museums,City Break
City,"Bangkok Region 1012, Thailand",385784,Aw,1,November - April,A major global urban destination in Thailand known for its tourism appeal.,18.35,"Bangkok Region 1012, Thailand",No,4.3,18468,https://www.visitbangkokregion1012.com,"https://www.google.com/maps/search/Afghanistan,CultureBangkok+Region+1012",Food & Wine,Nightlife,Family
City,"Mexico City Region 1013, Mexico",385398,Cwb,1,April - October,A major global urban destination in Mexico known for its tourism appeal.,17.06,"Mexico City Region 1013, Mexico",No,4.1,14495,https://www.visitmexicocityregion1013.com,"https://www.google.com/maps/search/Afghanistan,CultureMexico+City+Region+1013",Family,Food & Wine,City Break
City,"Cape Town Region 1014, South Africa",385013,Csb,2,May - September,A major global urban destination in South Africa known for its tourism appeal.,19.66,"Cape Town Region 1014, South Africa",No,4.6,18754,https://www.visitcapetownregion1014.com,"https://www.google.com/maps/search/Afghanistan,CultureCape+Town+Region+1014",Culture & Museums,Nightlife,City Break
City,"Vancouver Region 1015, Canada",384628,Cfb,3,June - August,A major global urban destination in Canada known for its tourism appeal.,18.24,"Vancouver Region 1015, Canada",No,4.6,9242,https://www.visitvancouverregion1015.com,"https://www.google.com/maps/search/Afghanistan,CultureVancouver+Region+1015",City Break,Culture & Museums,Food & Wine
City,"Pattaya Region 1016, Thailand",384243,Aw,1,November - April,A major global urban destination in Thailand known for its tourism appeal.,18.34,"Pattaya Region 1016, Thailand",Yes,4.3,18401,https://www.visitpattayaregion1016.com,"https://www.google.com/maps/search/Afghanistan,CulturePattaya+Region+1016",Romantic,Food & Wine,Family
City,"Istanbul Region 1017, Turkey",383859,Csa,1,"April - June, September - October",A major global urban destination in Turkey known for its tourism appeal.,17.83,"Istanbul Region 1017, Turkey",No,4.2,17629,https://www.visitistanbulregion1017.com,"https://www.google.com/maps/search/Afghanistan,CultureIstanbul+Region+1017",Romantic,Nightlife,Food & Wine
City,"Bali Region 1018, Indonesia",383475,Aw,1,November - April,A major global urban destination in Indonesia known for its tourism appeal.,14.88,"Bali Region 1018, Indonesia",No,3.9,6543,https://www.visitbaliregion1018.com,"https://www.google.com/maps/search/Afghanistan,CultureBali+Region+1018",Family,City Break,Food & Wine
City,"Osaka Region 1019, Japan",383092,Cfa,2,"March - May, September - November",A major global urban destination in Japan known for its tourism appeal.,17.32,"Osaka Region 1019, Japan",Yes,4.3,10642,https://www.visitosakaregion1019.com,"https://www.google.com/maps/search/Afghanistan,CultureOsaka+Region+1019",Culture & Museums,Nightlife,City Break
City,"Sydney Region 1020, Australia",382709,Cfa,3,"March - May, September - November",A major global urban destination in Australia known for its tourism appeal.,15.8,"Sydney Region 1020, Australia",Yes,3.9,11253,https://www.visitsydneyregion1020.com,"https://www.google.com/maps/search/Afghanistan,CultureSydney+Region+1020",Nightlife,Family,Culture & Museums
City,"Warsaw Region 1021, Poland",382326,Dfb,2,June - August,A major global urban destination in Poland known for its tourism appeal.,16.52,"Warsaw Region 1021, Poland",No,4.3,6959,https://www.visitwarsawregion1021.com,"https://www.google.com/maps/search/Afghanistan,CultureWarsaw+Region+1021",Culture & Museums,Food & Wine,City Break
City,"Barcelona Region 1022, Spain",381943,Csa,2,"April - June, September - October",A major global urban destination in Spain known for its tourism appeal.,19.58,"Barcelona Region 1022, Spain",No,4.7,14681,https://www.visitbarcelonaregion1022.com,"https://www.google.com/maps/search/Afghanistan,CultureBarcelona+Region+1022",Culture & Museums,Food & Wine,Family
City,"Amsterdam Region 1023, Netherlands",381562,Cfb,3,June - August,A major global urban destination in Netherlands known for its tourism appeal.,16.96,"Amsterdam Region 1023, Netherlands",Yes,4.1,13676,https://www.visitamsterdamregion1023.com,"https://www.google.com/maps/search/Afghanistan,CultureAmsterdam+Region+1023",Family,Culture & Museums,Food & Wine
City,"Vienna Region 1024, Austria",381180,Cfb,3,June - August,A major global urban destination in Austria known for its tourism appeal.,17.16,"Vienna Region 1024, Austria",No,4.4,7945,https://www.visitviennaregion1024.com,"https://www.google.com/maps/search/Afghanistan,CultureVienna+Region+1024",Romantic,Family,Culture & Museums
City,"Phuket Region 1025, Thailand",380799,Am,1,December - March,A major global urban destination in Thailand known for its tourism appeal.,18.56,"Phuket Region 1025, Thailand",No,4.7,8876,https://www.visitphuketregion1025.com,"https://www.google.com/maps/search/Afghanistan,CulturePhuket+Region+1025",Food & Wine,City Break,Nightlife
City,"Rome Region 1026, Italy",380418,Csa,3,"April - June, September - October",A major global urban destination in Italy known for its tourism appeal.,17.59,"Rome Region 1026, Italy",Yes,4.3,12339,https://www.visitromeregion1026.com,"https://www.google.com/maps/search/Afghanistan,CultureRome+Region+1026",Culture & Museums,Romantic,City Break
City,"Rome Region 1027, Italy",380038,Csa,3,"April - June, September - October",A major global urban destination in Italy known for its tourism appeal.,18.98,"Rome Region 1027, Italy",Yes,4.9,7461,https://www.visitromeregion1027.com,"https://www.google.com/maps/search/Afghanistan,CultureRome+Region+1027",Family,City Break,Nightlife
City,"Cape Town Region 1028, South Africa",379658,Csb,2,May - September,A major global urban destination in South Africa known for its tourism appeal.,19.02,"Cape Town Region 1028, South Africa",No,4.6,13631,https://www.visitcapetownregion1028.com,"https://www.google.com/maps/search/Afghanistan,CultureCape+Town+Region+1028",Nightlife,Culture & Museums,Romantic
City,"Rio de Janeiro Region 1029, Brazil",379278,Aw,1,November - April,A major global urban destination in Brazil known for its tourism appeal.,14.39,"Rio de Janeiro Region 1029, Brazil",Yes,3.9,4890,https://www.visitriodejaneiroregion1029.com,"https://www.google.com/maps/search/Afghanistan,CultureRio+de+Janeiro+Region+1029",Nightlife,Family,Food & Wine
City,"Madrid Region 1030, Spain",378899,Csa,2,"April - June, September - October",A major global urban destination in Spain known for its tourism appeal.,20.58,"Madrid Region 1030, Spain",Yes,4.9,15817,https://www.visitmadridregion1030.com,"https://www.google.com/maps/search/Afghanistan,CultureMadrid+Region+1030",Culture & Museums,City Break,Romantic
City,"Cairo Region 1031, Egypt",378520,BWh,1,November - March,A major global urban destination in Egypt known for its tourism appeal.,17.13,"Cairo Region 1031, Egypt",Yes,4.4,7829,https://www.visitcairoregion1031.com,"https://www.google.com/maps/search/Afghanistan,CultureCairo+Region+1031",Culture & Museums,City Break,Nightlife
City,"Vienna Region 1032, Austria",378141,Cfb,3,June - August,A major global urban destination in Austria known for its tourism appeal.,18.13,"Vienna Region 1032, Austria",Yes,4.3,16484,https://www.visitviennaregion1032.com,"https://www.google.com/maps/search/Afghanistan,CultureVienna+Region+1032",Food & Wine,Romantic,Nightlife
City,"Berlin Region 1033, Germany",377763,Cfb,2,June - August,A major global urban destination in Germany known for its tourism appeal.,15.12,"Berlin Region 1033, Germany",No,4.1,4867,https://www.visitberlinregion1033.com,"https://www.google.com/maps/search/Afghanistan,CultureBerlin+Region+1033",Family,Romantic,Culture & Museums
City,"Munich Region 1034, Germany",377385,Cfb,3,June - August,A major global urban destination in Germany known for its tourism appeal.,17.33,"Munich Region 1034, Germany",No,4.5,7108,https://www.visitmunichregion1034.com,"https://www.google.com/maps/search/Afghanistan,CultureMunich+Region+1034",Culture & Museums,Family,Food & Wine
City,"Bangkok Region 1035, Thailand",377008,Aw,1,November - April,A major global urban destination in Thailand known for its tourism appeal.,16.28,"Bangkok Region 1035, Thailand",No,4.3,6113,https://www.visitbangkokregion1035.com,"https://www.google.com/maps/search/Afghanistan,CultureBangkok+Region+1035",Culture & Museums,Nightlife,City Break
City,"Bali Region 1036, Indonesia",376631,Aw,1,November - April,A major global urban destination in Indonesia known for its tourism appeal.,19.44,"Bali Region 1036, Indonesia",Yes,4.7,13701,https://www.visitbaliregion1036.com,"https://www.google.com/maps/search/Afghanistan,CultureBali+Region+1036",Nightlife,Family,City Break
City,"New York City Region 1037, USA",376254,Cfa,4,"March - May, September - November",A major global urban destination in USA known for its tourism appeal.,18.6,"New York City Region 1037, USA",No,4.5,13615,https://www.visitnewyorkcityregion1037.com,"https://www.google.com/maps/search/Afghanistan,CultureNew+York+City+Region+1037",Nightlife,Family,Culture & Museums
City,"Amsterdam Region 1038, Netherlands",375878,Cfb,3,June - August,A major global urban destination in Netherlands known for its tourism appeal.,18.42,"Amsterdam Region 1038, Netherlands",No,4.4,15336,https://www.visitamsterdamregion1038.com,"https://www.google.com/maps/search/Afghanistan,CultureAmsterdam+Region+1038",Romantic,Food & Wine,City Break
City,"Kuala Lumpur Region 1039, Malaysia",375502,Af,1,Year Round,A major global urban destination in Malaysia known for its tourism appeal.,17.33,"Kuala Lumpur Region 1039, Malaysia",Yes,4.3,10703,https://www.visitkualalumpurregion1039.com,"https://www.google.com/maps/search/Afghanistan,CultureKuala+Lumpur+Region+1039",Nightlife,Romantic,Food & Wine
City,"Budapest Region 1040, Hungary",375127,Cfb,2,June - August,A major global urban destination in Hungary known for its tourism appeal.,20.91,"Budapest Region 1040, Hungary",No,4.9,18480,https://www.visitbudapestregion1040.com,"https://www.google.com/maps/search/Afghanistan,CultureBudapest+Region+1040",Romantic,City Break,Family
City,"Kuala Lumpur Region 1041, Malaysia",374751,Af,1,Year Round,A major global urban destination in Malaysia known for its tourism appeal.,20.9,"Kuala Lumpur Region 1041, Malaysia",Yes,4.9,18396,https://www.visitkualalumpurregion1041.com,"https://www.google.com/maps/search/Afghanistan,CultureKuala+Lumpur+Region+1041",Romantic,Nightlife,Culture & Museums
City,"New Delhi Region 1042, India",374377,BSh,1,October - March,A major global urban destination in India known for its tourism appeal.,17.35,"New Delhi Region 1042, India",Yes,4.3,10861,https://www.visitnewdelhiregion1042.com,"https://www.google.com/maps/search/Afghanistan,CultureNew+Delhi+Region+1042",Nightlife,Culture & Museums,Family
City,"New York City Region 1043, USA",374002,Cfa,4,"March - May, September - November",A major global urban destination in USA known for its tourism appeal.,17.8,"New York City Region 1043, USA",Yes,4.2,17255,https://www.visitnewyorkcityregion1043.com,"https://www.google.com/maps/search/Afghanistan,CultureNew+York+City+Region+1043",City Break,Culture & Museums,Family
City,"Dublin Region 1044, Ireland",373628,Cfb,3,June - August,A major global urban destination in Ireland known for its tourism appeal.,16.88,"Dublin Region 1044, Ireland",Yes,4.4,6857,https://www.visitdublinregion1044.com,"https://www.google.com/maps/search/Afghanistan,CultureDublin+Region+1044",Family,Romantic,Culture & Museums
City,"Berlin Region 1045, Germany",373255,Cfb,2,June - August,A major global urban destination in Germany known for its tourism appeal.,16.46,"Berlin Region 1045, Germany",Yes,3.9,16578,https://www.visitberlinregion1045.com,"https://www.google.com/maps/search/Afghanistan,CultureBerlin+Region+1045",Romantic,Family,Nightlife
City,"New York City Region 1046, USA",372881,Cfa,4,"March - May, September - November",A major global urban destination in USA known for its tourism appeal.,18.44,"New York City Region 1046, USA",No,4.5,12503,https://www.visitnewyorkcityregion1046.com,"https://www.google.com/maps/search/Afghanistan,CultureNew+York+City+Region+1046",City Break,Family,Culture & Museums
City,"Berlin Region 1047, Germany",372509,Cfb,2,June - August,A major global urban destination in Germany known for its tourism appeal.,17.25,"Berlin Region 1047, Germany",Yes,4.3,10281,https://www.visitberlinregion1047.com,"https://www.google.com/maps/search/Afghanistan,CultureBerlin+Region+1047",Food & Wine,Family,Romantic
City,"Mumbai Region 1048, India",372136,Aw,1,November - April,A major global urban destination in India known for its tourism appeal.,18.18,"Mumbai Region 1048, India",Yes,4.6,8949,https://www.visitmumbairegion1048.com,"https://www.google.com/maps/search/Afghanistan,CultureMumbai+Region+1048",Romantic,Nightlife,Culture & Museums
City,"Osaka Region 1049, Japan",371764,Cfa,2,"March - May, September - November",A major global urban destination in Japan known for its tourism appeal.,17.55,"Osaka Region 1049, Japan",No,4.3,12039,https://www.visitosakaregion1049.com,"https://www.google.com/maps/search/Afghanistan,CultureOsaka+Region+1049",Family,City Break,Food & Wine
City,"Seoul Region 1050, South Korea",371392,Dwa,2,May - October,A major global urban destination in South Korea known for its tourism appeal.,16.83,"Seoul Region 1050, South Korea",Yes,4.0,16089,https://www.visitseoulregion1050.com,"https://www.google.com/maps/search/Afghanistan,CultureSeoul+Region+1050",Culture & Museums,Nightlife,Family
City,"Osaka Region 1051, Japan",371021,Cfa,2,"March - May, September - November",A major global urban destination in Japan known for its tourism appeal.,16.02,"Osaka Region 1051, Japan",No,4.1,8067,https://www.visitosakaregion1051.com,"https://www.google.com/maps/search/Afghanistan,CultureOsaka+Region+1051",Nightlife,City Break,Romantic
City,"Copenhagen Region 1052, Denmark",370650,Cfb,4,June - August,A major global urban destination in Denmark known for its tourism appeal.,17.06,"Copenhagen Region 1052, Denmark",Yes,4.5,6172,https://www.visitcopenhagenregion1052.com,"https://www.google.com/maps/search/Afghanistan,CultureCopenhagen+Region+1052",City Break,Romantic,Culture & Museums
City,"Paris Region 1053, France",370279,Cfb,3,June - August,A major global urban destination in France known for its tourism appeal.,15.88,"Paris Region 1053, France",No,4.0,9318,https://www.visitparisregion1053.com,"https://www.google.com/maps/search/Afghanistan,CultureParis+Region+1053",City Break,Romantic,Culture & Museums
City,"Shanghai Region 1054, China",369909,Cfa,2,"March - May, September - November",A major global urban destination in China known for its tourism appeal.,15.99,"Shanghai Region 1054, China",No,4.2,6405,https://www.visitshanghairegion1054.com,"https://www.google.com/maps/search/Afghanistan,CultureShanghai+Region+1054",Nightlife,Culture & Museums,Family
City,"Rio de Janeiro Region 1055, Brazil",369539,Aw,1,November - April,A major global urban destination in Brazil known for its tourism appeal.,17.64,"Rio de Janeiro Region 1055, Brazil",No,4.7,5669,https://www.visitriodejaneiroregion1055.com,"https://www.google.com/maps/search/Afghanistan,CultureRio+de+Janeiro+Region+1055",Culture & Museums,Food & Wine,Nightlife
City,"Ho Chi Minh City Region 1056, Vietnam",369169,Aw,1,November - April,A major global urban destination in Vietnam known for its tourism appeal.,20.33,"Ho Chi Minh City Region 1056, Vietnam",No,4.8,17161,https://www.visithochiminhcityregion1056.com,"https://www.google.com/maps/search/Afghanistan,CultureHo+Chi+Minh+City+Region+1056",Food & Wine,Culture & Museums,Romantic
City,"Paris Region 1057, France",368800,Cfb,3,June - August,A major global urban destination in France known for its tourism appeal.,18.95,"Paris Region 1057, France",Yes,4.5,16300,https://www.visitparisregion1057.com,"https://www.google.com/maps/search/Afghanistan,CultureParis+Region+1057",Romantic,Food & Wine,Family
City,"Rio de Janeiro Region 1058, Brazil",368431,Aw,1,November - April,A major global urban destination in Brazil known for its tourism appeal.,16.73,"Rio de Janeiro Region 1058, Brazil",No,4.2,9608,https://www.visitriodejaneiroregion1058.com,"https://www.google.com/maps/search/Afghanistan,CultureRio+de+Janeiro+Region+1058",City Break,Nightlife,Romantic
City,"Budapest Region 1059, Hungary",368063,Cfb,2,June - August,A major global urban destination in Hungary known for its tourism appeal.,16.35,"Budapest Region 1059, Hungary",Yes,3.9,15591,https://www.visitbudapestregion1059.com,"https://www.google.com/maps/search/Afghanistan,CultureBudapest+Region+1059",Food & Wine,Family,City Break
City,"Florence Region 1060, Italy",367695,Cfa,3,"March - May, September - November",A major global urban destination in Italy known for its tourism appeal.,16.71,"Florence Region 1060, Italy",No,4.0,15077,https://www.visitflorenceregion1060.com,"https://www.google.com/maps/search/Afghanistan,CultureFlorence+Region+1060",Food & Wine,Family,Culture & Museums
City,"Toronto Region 1061, Canada",367327,Dfa,3,May - September,A major global urban destination in Canada known for its tourism appeal.,15.81,"Toronto Region 1061, Canada",No,4.0,8966,https://www.visittorontoregion1061.com,"https://www.google.com/maps/search/Afghanistan,CultureToronto+Region+1061",Family,Romantic,City Break
City,"Singapore Region 1062, Singapore",366960,Af,4,Year Round,A major global urban destination in Singapore known for its tourism appeal.,18.45,"Singapore Region 1062, Singapore",Yes,4.4,15641,https://www.visitsingaporeregion1062.com,"https://www.google.com/maps/search/Afghanistan,CultureSingapore+Region+1062",Family,Romantic,Culture & Museums
City,"Kuala Lumpur Region 1063, Malaysia",366593,Af,1,Year Round,A major global urban destination in Malaysia known for its tourism appeal.,19.83,"Kuala Lumpur Region 1063, Malaysia",Yes,4.8,13503,https://www.visitkualalumpurregion1063.com,"https://www.google.com/maps/search/Afghanistan,CultureKuala+Lumpur+Region+1063",Nightlife,Food & Wine,Romantic
City,"Seoul Region 1064, South Korea",366226,Dwa,2,May - October,A major global urban destination in South Korea known for its tourism appeal.,19.06,"Seoul Region 1064, South Korea",No,4.6,13902,https://www.visitseoulregion1064.com,"https://www.google.com/maps/search/Afghanistan,CultureSeoul+Region+1064",Food & Wine,Culture & Museums,City Break
City,"Phuket Region 1065, Thailand",365860,Am,1,December - March,A major global urban destination in Thailand known for its tourism appeal.,19.49,"Phuket Region 1065, Thailand",No,4.7,14043,https://www.visitphuketregion1065.com,"https://www.google.com/maps/search/Afghanistan,CulturePhuket+Region+1065",City Break,Romantic,Culture & Museums
City,"Cairo Region 1066, Egypt",365494,BWh,1,November - March,A major global urban destination in Egypt known for its tourism appeal.,15.69,"Cairo Region 1066, Egypt",No,4.2,5430,https://www.visitcairoregion1066.com,"https://www.google.com/maps/search/Afghanistan,CultureCairo+Region+1066",Family,Romantic,Culture & Museums
City,"Rio de Janeiro Region 1067, Brazil",365129,Aw,1,November - April,A major global urban destination in Brazil known for its tourism appeal.,16.62,"Rio de Janeiro Region 1067, Brazil",No,3.9,18241,https://www.visitriodejaneiroregion1067.com,"https://www.google.com/maps/search/Afghanistan,CultureRio+de+Janeiro+Region+1067",City Break,Nightlife,Culture & Museums
City,"Jerusalem Region 1068, Israel",364764,Csa,3,"April - June, September - October",A major global urban destination in Israel known for its tourism appeal.,17.11,"Jerusalem Region 1068, Israel",Yes,4.2,11862,https://www.visitjerusalemregion1068.com,"https://www.google.com/maps/search/Afghanistan,CultureJerusalem+Region+1068",Romantic,Nightlife,Food & Wine
City,"London Region 1069, UK",364399,Cfb,4,June - August,A major global urban destination in UK known for its tourism appeal.,16.97,"London Region 1069, UK",Yes,4.7,4084,https://www.visitlondonregion1069.com,"https://www.google.com/maps/search/Afghanistan,CultureLondon+Region+1069",Food & Wine,City Break,Nightlife
City,"Toronto Region 1070, Canada",364034,Dfa,3,May - September,A major global urban destination in Canada known for its tourism appeal.,17.89,"Toronto Region 1070, Canada",No,4.2,18134,https://www.visittorontoregion1070.com,"https://www.google.com/maps/search/Afghanistan,CultureToronto+Region+1070",City Break,Family,Food & Wine
City,"Cairo Region 1071, Egypt",363670,BWh,1,November - March,A major global urban destination in Egypt known for its tourism appeal.,19.44,"Cairo Region 1071, Egypt",Yes,4.7,13664,https://www.visitcairoregion1071.com,"https://www.google.com/maps/search/Afghanistan,CultureCairo+Region+1071",Food & Wine,Nightlife,Romantic
City,"New Delhi Region 1072, India",363307,BSh,1,October - March,A major global urban destination in India known for its tourism appeal.,14.87,"New Delhi Region 1072, India",Yes,3.9,6484,https://www.visitnewdelhiregion1072.com,"https://www.google.com/maps/search/Afghanistan,CultureNew+Delhi+Region+1072",Culture & Museums,Food & Wine,Nightlife
City,"Osaka Region 1073, Japan",362943,Cfa,2,"March - May, September - November",A major global urban destination in Japan known for its tourism appeal.,16.28,"Osaka Region 1073, Japan",No,4.1,9324,https://www.visitosakaregion1073.com,"https://www.google.com/maps/search/Afghanistan,CultureOsaka+Region+1073",Culture & Museums,Nightlife,Food & Wine
City,"Kuala Lumpur Region 1074, Malaysia",362581,Af,1,Year Round,A major global urban destination in Malaysia known for its tourism appeal.,14.96,"Kuala Lumpur Region 1074, Malaysia",Yes,3.8,8643,https://www.visitkualalumpurregion1074.com,"https://www.google.com/maps/search/Afghanistan,CultureKuala+Lumpur+Region+1074",Nightlife,Food & Wine,City Break
City,"Vienna Region 1075, Austria",362218,Cfb,3,June - August,A major global urban destination in Austria known for its tourism appeal.,20.39,"Vienna Region 1075, Austria",No,4.8,17692,https://www.visitviennaregion1075.com,"https://www.google.com/maps/search/Afghanistan,CultureVienna+Region+1075",Food & Wine,Romantic,Nightlife
City,"Florence Region 1076, Italy",361856,Cfa,3,"March - May, September - November",A major global urban destination in Italy known for its tourism appeal.,16.27,"Florence Region 1076, Italy",No,4.3,6093,https://www.visitflorenceregion1076.com,"https://www.google.com/maps/search/Afghanistan,CultureFlorence+Region+1076",Culture & Museums,Nightlife,City Break
City,"Phuket Region 1077, Thailand",361494,Am,1,December - March,A major global urban destination in Thailand known for its tourism appeal.,18.15,"Phuket Region 1077, Thailand",No,4.4,13348,https://www.visitphuketregion1077.com,"https://www.google.com/maps/search/Afghanistan,CulturePhuket+Region+1077",Culture & Museums,City Break,Food & Wine
City,"Tokyo Region 1078, Japan",361132,Cfa,3,"March - May, September - November",A major global urban destination in Japan known for its tourism appeal.,16.85,"Tokyo Region 1078, Japan",Yes,4.0,16332,https://www.visittokyoregion1078.com,"https://www.google.com/maps/search/Afghanistan,CultureTokyo+Region+1078",Food & Wine,Family,Nightlife
City,"Taipei Region 1079, Taiwan",360771,Cfa,2,"March - May, September - November",A major global urban destination in Taiwan known for its tourism appeal.,18.21,"Taipei Region 1079, Taiwan",Yes,4.3,17156,https://www.visittaipeiregion1079.com,"https://www.google.com/maps/search/Afghanistan,CultureTaipei+Region+1079",Romantic,Food & Wine,Nightlife
City,"Dubai Region 1080, UAE",360410,BWh,4,November - March,A major global urban destination in UAE known for its tourism appeal.,17.07,"Dubai Region 1080, UAE",No,4.6,5146,https://www.visitdubairegion1080.com,"https://www.google.com/maps/search/Afghanistan,CultureDubai+Region+1080",Family,Nightlife,Romantic
City,"Dublin Region 1081, Ireland",360050,Cfb,3,June - August,A major global urban destination in Ireland known for its tourism appeal.,17.23,"Dublin Region 1081, Ireland",Yes,4.5,6737,https://www.visitdublinregion1081.com,"https://www.google.com/maps/search/Afghanistan,CultureDublin+Region+1081",Romantic,Nightlife,Food & Wine
City,"London Region 1082, UK",359690,Cfb,4,June - August,A major global urban destination in UK known for its tourism appeal.,19.49,"London Region 1082, UK",Yes,4.6,17274,https://www.visitlondonregion1082.com,"https://www.google.com/maps/search/Afghanistan,CultureLondon+Region+1082",Culture & Museums,City Break,Nightlife
City,"Marrakech Region 1083, Morocco",359330,BSh,1,October - March,A major global urban destination in Morocco known for its tourism appeal.,17.53,"Marrakech Region 1083, Morocco",Yes,4.3,11947,https://www.visitmarrakechregion1083.com,"https://www.google.com/maps/search/Afghanistan,CultureMarrakech+Region+1083",Romantic,Nightlife,Culture & Museums
City,"Budapest Region 1084, Hungary",358971,Cfb,2,June - August,A major global urban destination in Hungary known for its tourism appeal.,16.18,"Budapest Region 1084, Hungary",Yes,4.2,7120,https://www.visitbudapestregion1084.com,"https://www.google.com/maps/search/Afghanistan,CultureBudapest+Region+1084",Nightlife,Food & Wine,Romantic
City,"Ho Chi Minh City Region 1085, Vietnam",358612,Aw,1,November - April,A major global urban destination in Vietnam known for its tourism appeal.,17.97,"Ho Chi Minh City Region 1085, Vietnam",No,4.5,9836,https://www.visithochiminhcityregion1085.com,"https://www.google.com/maps/search/Afghanistan,CultureHo+Chi+Minh+City+Region+1085",Nightlife,City Break,Family
City,"Phuket Region 1086, Thailand",358253,Am,1,December - March,A major global urban destination in Thailand known for its tourism appeal.,18.67,"Phuket Region 1086, Thailand",No,4.4,17499,https://www.visitphuketregion1086.com,"https://www.google.com/maps/search/Afghanistan,CulturePhuket+Region+1086",Romantic,Nightlife,Food & Wine
City,"Rio de Janeiro Region 1087, Brazil",357895,Aw,1,November - April,A major global urban destination in Brazil known for its tourism appeal.,13.92,"Rio de Janeiro Region 1087, Brazil",No,3.8,4617,https://www.visitriodejaneiroregion1087.com,"https://www.google.com/maps/search/Afghanistan,CultureRio+de+Janeiro+Region+1087",City Break,Food & Wine,Family
City,"Copenhagen Region 1088, Denmark",357537,Cfb,4,June - August,A major global urban destination in Denmark known for its tourism appeal.,18.09,"Copenhagen Region 1088, Denmark",No,4.6,8542,https://www.visitcopenhagenregion1088.com,"https://www.google.com/maps/search/Afghanistan,CultureCopenhagen+Region+1088",Nightlife,Family,Food & Wine
City,"Palma de Mallorca Region 1089, Spain",357180,Csa,2,"April - June, September - October",A major global urban destination in Spain known for its tourism appeal.,18.56,"Palma de Mallorca Region 1089, Spain",No,4.6,10829,https://www.visitpalmademallorcaregion1089.com,"https://www.google.com/maps/search/Afghanistan,CulturePalma+de+Mallorca+Region+1089",City Break,Romantic,Food & Wine
City,"Mecca Region 1090, Saudi Arabia",356823,BWh,2,November - March,A major global urban destination in Saudi Arabia known for its tourism appeal.,18.94,"Mecca Region 1090, Saudi Arabia",Yes,4.5,16181,https://www.visitmeccaregion1090.com,"https://www.google.com/maps/search/Afghanistan,CultureMecca+Region+1090",Food & Wine,Culture & Museums,Nightlife
City,"Toronto Region 1091, Canada",356466,Dfa,3,May - September,A major global urban destination in Canada known for its tourism appeal.,17.76,"Toronto Region 1091, Canada",Yes,4.3,13475,https://www.visittorontoregion1091.com,"https://www.google.com/maps/search/Afghanistan,CultureToronto+Region+1091",Romantic,Family,City Break
City,"Hong Kong Region 1092, China",356109,Cwa,3,October - April,A major global urban destination in China known for its tourism appeal.,18.22,"Hong Kong Region 1092, China",No,4.5,11196,https://www.visithongkongregion1092.com,"https://www.google.com/maps/search/Afghanistan,CultureHong+Kong+Region+1092",Food & Wine,Nightlife,Family
City,"Taipei Region 1093, Taiwan",355753,Cfa,2,"March - May, September - November",A major global urban destination in Taiwan known for its tourism appeal.,18.98,"Taipei Region 1093, Taiwan",No,4.6,13346,https://www.visittaipeiregion1093.com,"https://www.google.com/maps/search/Afghanistan,CultureTaipei+Region+1093",City Break,Food & Wine,Culture & Museums
City,"Lisbon Region 1094, Portugal",355397,Csa,2,"April - June, September - October",A major global urban destination in Portugal known for its tourism appeal.,18.45,"Lisbon Region 1094, Portugal",Yes,4.5,12569,https://www.visitlisbonregion1094.com,"https://www.google.com/maps/search/Afghanistan,CultureLisbon+Region+1094",Family,Culture & Museums,Romantic
City,"Cape Town Region 1095, South Africa",355042,Csb,2,May - September,A major global urban destination in South Africa known for its tourism appeal.,17.66,"Cape Town Region 1095, South Africa",No,4.4,10316,https://www.visitcapetownregion1095.com,"https://www.google.com/maps/search/Afghanistan,CultureCape+Town+Region+1095",Romantic,Nightlife,Culture & Museums
City,"Stockholm Region 1096, Sweden",354687,Dfb,4,June - August,A major global urban destination in Sweden known for its tourism appeal.,16.72,"Stockholm Region 1096, Sweden",Yes,4.1,11946,https://www.visitstockholmregion1096.com,"https://www.google.com/maps/search/Afghanistan,CultureStockholm+Region+1096",Culture & Museums,Food & Wine,Family
City,"Cape Town Region 1097, South Africa",354332,Csb,2,May - September,A major global urban destination in South Africa known for its tourism appeal.,14.77,"Cape Town Region 1097, South Africa",Yes,4.0,4916,https://www.visitcapetownregion1097.com,"https://www.google.com/maps/search/Afghanistan,CultureCape+Town+Region+1097",Nightlife,City Break,Culture & Museums
City,"Venice Region 1098, Italy",353978,Cfa,3,"March - May, September - November",A major global urban destination in Italy known for its tourism appeal.,16.25,"Venice Region 1098, Italy",Yes,4.3,6024,https://www.visitveniceregion1098.com,"https://www.google.com/maps/search/Afghanistan,CultureVenice+Region+1098",Romantic,Nightlife,City Break
City,"Osaka Region 1099, Japan",353624,Cfa,2,"March - May, September - November",A major global urban destination in Japan known for its tourism appeal.,17.43,"Osaka Region 1099, Japan",Yes,4.3,11320,https://www.visitosakaregion1099.com,"https://www.google.com/maps/search/Afghanistan,CultureOsaka+Region+1099",Food & Wine,Romantic,Family
City,"Bangalore Region 1100, India",353270,Aw,1,November - April,A major global urban destination in India known for its tourism appeal.,16.62,"Bangalore Region 1100, India",Yes,4.0,14315,https://www.visitbangaloreregion1100.com,"https://www.google.com/maps/search/Afghanistan,CultureBangalore+Region+1100",Nightlife,Family,Romantic
City,"New York City Region 1101, USA",352917,Cfa,4,"March - May, September - November",A major global urban destination in USA known for its tourism appeal.,15.68,"New York City Region 1101, USA",No,3.8,13339,https://www.visitnewyorkcityregion1101.com,"https://www.google.com/maps/search/Afghanistan,CultureNew+York+City+Region+1101",Culture & Museums,Family,Food & Wine
City,"Bangkok Region 1102, Thailand",352564,Aw,1,November - April,A major global urban destination in Thailand known for its tourism appeal.,15.16,"Bangkok Region 1102, Thailand",No,3.8,9771,https://www.visitbangkokregion1102.com,"https://www.google.com/maps/search/Afghanistan,CultureBangkok+Region+1102",Family,City Break,Culture & Museums
City,"Bali Region 1103, Indonesia",352212,Aw,1,November - April,A major global urban destination in Indonesia known for its tourism appeal.,16.84,"Bali Region 1103, Indonesia",No,4.4,6726,https://www.visitbaliregion1103.com,"https://www.google.com/maps/search/Afghanistan,CultureBali+Region+1103",City Break,Food & Wine,Romantic
City,"Antalya Region 1104, Turkey",351859,Csa,1,"April - June, September - October",A major global urban destination in Turkey known for its tourism appeal.,17.27,"Antalya Region 1104, Turkey",No,4.4,8415,https://www.visitantalyaregion1104.com,"https://www.google.com/maps/search/Afghanistan,CultureAntalya+Region+1104",Nightlife,Culture & Museums,Food & Wine
City,"Cape Town Region 1105, South Africa",351507,Csb,2,May - September,A major global urban destination in South Africa known for its tourism appeal.,18.96,"Cape Town Region 1105, South Africa",No,4.5,16371,https://www.visitcapetownregion1105.com,"https://www.google.com/maps/search/Afghanistan,CultureCape+Town+Region+1105",Culture & Museums,Nightlife,Romantic
City,"Rome Region 1106, Italy",351156,Csa,3,"April - June, September - October",A major global urban destination in Italy known for its tourism appeal.,18.62,"Rome Region 1106, Italy",Yes,4.6,11162,https://www.visitromeregion1106.com,"https://www.google.com/maps/search/Afghanistan,CultureRome+Region+1106",Romantic,Nightlife,Culture & Museums
City,"New York City Region 1107, USA",350805,Cfa,4,"March - May, September - November",A major global urban destination in USA known for its tourism appeal.,19.14,"New York City Region 1107, USA",Yes,4.8,9696,https://www.visitnewyorkcityregion1107.com,"https://www.google.com/maps/search/Afghanistan,CultureNew+York+City+Region+1107",Culture & Museums,Romantic,City Break
City,"Jerusalem Region 1108, Israel",350454,Csa,3,"April - June, September - October",A major global urban destination in Israel known for its tourism appeal.,15.43,"Jerusalem Region 1108, Israel",No,3.8,11527,https://www.visitjerusalemregion1108.com,"https://www.google.com/maps/search/Afghanistan,CultureJerusalem+Region+1108",Food & Wine,Nightlife,Romantic
City,"Jaipur Region 1109, India",350104,BSh,1,October - March,A major global urban destination in India known for its tourism appeal.,15.28,"Jaipur Region 1109, India",No,4.3,3585,https://www.visitjaipurregion1109.com,"https://www.google.com/maps/search/Afghanistan,CultureJaipur+Region+1109",City Break,Family,Nightlife
City,"Dubai Region 1110, UAE",349753,BWh,4,November - March,A major global urban destination in UAE known for its tourism appeal.,16.29,"Dubai Region 1110, UAE",Yes,4.5,4171,https://www.visitdubairegion1110.com,"https://www.google.com/maps/search/Afghanistan,CultureDubai+Region+1110",Family,Food & Wine,Romantic
City,"Mumbai Region 1111, India",349404,Aw,1,November - April,A major global urban destination in India known for its tourism appeal.,17.77,"Mumbai Region 1111, India",Yes,4.9,4224,https://www.visitmumbairegion1111.com,"https://www.google.com/maps/search/Afghanistan,CultureMumbai+Region+1111",Culture & Museums,City Break,Romantic
City,"Antalya Region 1112, Turkey",349054,Csa,1,"April - June, September - October",A major global urban destination in Turkey known for its tourism appeal.,15.86,"Antalya Region 1112, Turkey",No,4.0,9230,https://www.visitantalyaregion1112.com,"https://www.google.com/maps/search/Afghanistan,CultureAntalya+Region+1112",Romantic,Food & Wine,Family
City,"Paris Region 1113, France",348705,Cfb,3,June - August,A major global urban destination in France known for its tourism appeal.,17.64,"Paris Region 1113, France",Yes,4.4,10230,https://www.visitparisregion1113.com,"https://www.google.com/maps/search/Afghanistan,CultureParis+Region+1113",Nightlife,Romantic,City Break
City,"Cape Town Region 1114, South Africa",348357,Csb,2,May - September,A major global urban destination in South Africa known for its tourism appeal.,16.73,"Cape Town Region 1114, South Africa",Yes,4.5,5223,https://www.visitcapetownregion1114.com,"https://www.google.com/maps/search/Afghanistan,CultureCape+Town+Region+1114",Food & Wine,Culture & Museums,Family
City,"Bangalore Region 1115, India",348008,Aw,1,November - April,A major global urban destination in India known for its tourism appeal.,14.84,"Bangalore Region 1115, India",Yes,3.9,6369,https://www.visitbangaloreregion1115.com,"https://www.google.com/maps/search/Afghanistan,CultureBangalore+Region+1115",Family,Nightlife,City Break
City,"Zurich Region 1116, Switzerland",347660,Cfb,4,June - August,A major global urban destination in Switzerland known for its tourism appeal.,17.22,"Zurich Region 1116, Switzerland",No,4.6,5544,https://www.visitzurichregion1116.com,"https://www.google.com/maps/search/Afghanistan,CultureZurich+Region+1116",Nightlife,Romantic,City Break
City,"Seoul Region 1117, South Korea",347313,Dwa,2,May - October,A major global urban destination in South Korea known for its tourism appeal.,16.06,"Seoul Region 1117, South Korea",Yes,4.2,6662,https://www.visitseoulregion1117.com,"https://www.google.com/maps/search/Afghanistan,CultureSeoul+Region+1117",Food & Wine,City Break,Family
City,"Cairo Region 1118, Egypt",346965,BWh,1,November - March,A major global urban destination in Egypt known for its tourism appeal.,17.35,"Cairo Region 1118, Egypt",No,4.3,10808,https://www.visitcairoregion1118.com,"https://www.google.com/maps/search/Afghanistan,CultureCairo+Region+1118",Family,City Break,Culture & Museums
City,"Sydney Region 1119, Australia",346618,Cfa,3,"March - May, September - November",A major global urban destination in Australia known for its tourism appeal.,14.77,"Sydney Region 1119, Australia",Yes,3.8,7707,https://www.visitsydneyregion1119.com,"https://www.google.com/maps/search/Afghanistan,CultureSydney+Region+1119",Culture & Museums,Nightlife,Family
City,"Lisbon Region 1120, Portugal",346272,Csa,2,"April - June, September - October",A major global urban destination in Portugal known for its tourism appeal.,18.03,"Lisbon Region 1120, Portugal",No,4.4,12501,https://www.visitlisbonregion1120.com,"https://www.google.com/maps/search/Afghanistan,CultureLisbon+Region+1120",Romantic,Culture & Museums,Nightlife
City,"Jerusalem Region 1121, Israel",345925,Csa,3,"April - June, September - October",A major global urban destination in Israel known for its tourism appeal.,18.62,"Jerusalem Region 1121, Israel",Yes,4.6,11157,https://www.visitjerusalemregion1121.com,"https://www.google.com/maps/search/Afghanistan,CultureJerusalem+Region+1121",Family,Culture & Museums,Food & Wine
City,"Milan Region 1122, Italy",345579,Cfa,3,"March - May, September - November",A major global urban destination in Italy known for its tourism appeal.,15.5,"Milan Region 1122, Italy",Yes,4.2,4905,https://www.visitmilanregion1122.com,"https://www.google.com/maps/search/Afghanistan,CultureMilan+Region+1122",Romantic,Food & Wine,Nightlife
City,"Buenos Aires Region 1123, Argentina",345234,Cfa,1,"March - May, September - November",A major global urban destination in Argentina known for its tourism appeal.,17.78,"Buenos Aires Region 1123, Argentina",Yes,4.3,13623,https://www.visitbuenosairesregion1123.com,"https://www.google.com/maps/search/Afghanistan,CultureBuenos+Aires+Region+1123",Culture & Museums,Romantic,City Break
City,"Dublin Region 1124, Ireland",344889,Cfb,3,June - August,A major global urban destination in Ireland known for its tourism appeal.,17.96,"Dublin Region 1124, Ireland",No,4.5,9805,https://www.visitdublinregion1124.com,"https://www.google.com/maps/search/Afghanistan,CultureDublin+Region+1124",Nightlife,City Break,Culture & Museums
City,"Vienna Region 1125, Austria",344544,Cfb,3,June - August,A major global urban destination in Austria known for its tourism appeal.,18.92,"Vienna Region 1125, Austria",No,4.5,16008,https://www.visitviennaregion1125.com,"https://www.google.com/maps/search/Afghanistan,CultureVienna+Region+1125",Family,Romantic,Nightlife
City,"Budapest Region 1126, Hungary",344199,Cfb,2,June - August,A major global urban destination in Hungary known for its tourism appeal.,18.07,"Budapest Region 1126, Hungary",No,4.8,5817,https://www.visitbudapestregion1126.com,"https://www.google.com/maps/search/Afghanistan,CultureBudapest+Region+1126",Food & Wine,City Break,Culture & Museums
City,"New Delhi Region 1127, India",343855,BSh,1,October - March,A major global urban destination in India known for its tourism appeal.,19.0,"New Delhi Region 1127, India",No,4.5,16644,https://www.visitnewdelhiregion1127.com,"https://www.google.com/maps/search/Afghanistan,CultureNew+Delhi+Region+1127",Family,City Break,Food & Wine
City,"Copenhagen Region 1128, Denmark",343511,Cfb,4,June - August,A major global urban destination in Denmark known for its tourism appeal.,19.3,"Copenhagen Region 1128, Denmark",Yes,4.8,10487,https://www.visitcopenhagenregion1128.com,"https://www.google.com/maps/search/Afghanistan,CultureCopenhagen+Region+1128",City Break,Romantic,Nightlife
City,"Dublin Region 1129, Ireland",343168,Cfb,3,June - August,A major global urban destination in Ireland known for its tourism appeal.,16.4,"Dublin Region 1129, Ireland",No,3.9,16083,https://www.visitdublinregion1129.com,"https://www.google.com/maps/search/Afghanistan,CultureDublin+Region+1129",Family,City Break,Food & Wine
City,"Stockholm Region 1130, Sweden",342824,Dfb,4,June - August,A major global urban destination in Sweden known for its tourism appeal.,14.61,"Stockholm Region 1130, Sweden",No,4.1,3655,https://www.visitstockholmregion1130.com,"https://www.google.com/maps/search/Afghanistan,CultureStockholm+Region+1130",Nightlife,Family,Romantic
City,"Phuket Region 1131, Thailand",342482,Am,1,December - March,A major global urban destination in Thailand known for its tourism appeal.,18.47,"Phuket Region 1131, Thailand",Yes,4.7,8509,https://www.visitphuketregion1131.com,"https://www.google.com/maps/search/Afghanistan,CulturePhuket+Region+1131",Culture & Museums,Family,Romantic
City,"Munich Region 1132, Germany",342139,Cfb,3,June - August,A major global urban destination in Germany known for its tourism appeal.,18.37,"Munich Region 1132, Germany",Yes,4.7,8096,https://www.visitmunichregion1132.com,"https://www.google.com/maps/search/Afghanistan,CultureMunich+Region+1132",Family,City Break,Food & Wine
City,"Munich Region 1133, Germany",341797,Cfb,3,June - August,A major global urban destination in Germany known for its tourism appeal.,14.47,"Munich Region 1133, Germany",Yes,3.9,5120,https://www.visitmunichregion1133.com,"https://www.google.com/maps/search/Afghanistan,CultureMunich+Region+1133",Culture & Museums,Family,City Break
City,"Venice Region 1134, Italy",341455,Cfa,3,"March - May, September - November",A major global urban destination in Italy known for its tourism appeal.,15.02,"Venice Region 1134, Italy",No,4.1,4606,https://www.visitveniceregion1134.com,"https://www.google.com/maps/search/Afghanistan,CultureVenice+Region+1134",City Break,Culture & Museums,Family
City,"Ho Chi Minh City Region 1135, Vietnam",341114,Aw,1,November - April,A major global urban destination in Vietnam known for its tourism appeal.,16.19,"Ho Chi Minh City Region 1135, Vietnam",Yes,3.9,14159,https://www.visithochiminhcityregion1135.com,"https://www.google.com/maps/search/Afghanistan,CultureHo+Chi+Minh+City+Region+1135",Nightlife,Romantic,Culture & Museums
City,"Las Vegas Region 1136, USA",340773,BWk,3,May - September,A major global urban destination in USA known for its tourism appeal.,19.52,"Las Vegas Region 1136, USA",Yes,4.9,9622,https://www.visitlasvegasregion1136.com,"https://www.google.com/maps/search/Afghanistan,CultureLas+Vegas+Region+1136",Nightlife,Romantic,City Break
City,"Copenhagen Region 1137, Denmark",340432,Cfb,4,June - August,A major global urban destination in Denmark known for its tourism appeal.,18.88,"Copenhagen Region 1137, Denmark",No,4.6,12695,https://www.visitcopenhagenregion1137.com,"https://www.google.com/maps/search/Afghanistan,CultureCopenhagen+Region+1137",Family,City Break,Nightlife
City,"Mexico City Region 1138, Mexico",340091,Cwb,1,April - October,A major global urban destination in Mexico known for its tourism appeal.,16.01,"Mexico City Region 1138, Mexico",Yes,4.3,5276,https://www.visitmexicocityregion1138.com,"https://www.google.com/maps/search/Afghanistan,CultureMexico+City+Region+1138",Romantic,Food & Wine,Family
City,"Tokyo Region 1139, Japan",339751,Cfa,3,"March - May, September - November",A major global urban destination in Japan known for its tourism appeal.,15.54,"Tokyo Region 1139, Japan",No,3.9,9657,https://www.visittokyoregion1139.com,"https://www.google.com/maps/search/Afghanistan,CultureTokyo+Region+1139",Romantic,City Break,Food & Wine
City,"Pattaya Region 1140, Thailand",339412,Aw,1,November - April,A major global urban destination in Thailand known for its tourism appeal.,16.84,"Pattaya Region 1140, Thailand",Yes,4.0,16190,https://www.visitpattayaregion1140.com,"https://www.google.com/maps/search/Afghanistan,CulturePattaya+Region+1140",Family,Culture & Museums,Nightlife
City,"Amsterdam Region 1141, Netherlands",339072,Cfb,3,June - August,A major global urban destination in Netherlands known for its tourism appeal.,15.99,"Amsterdam Region 1141, Netherlands",No,4.3,5222,https://www.visitamsterdamregion1141.com,"https://www.google.com/maps/search/Afghanistan,CultureAmsterdam+Region+1141",Family,Nightlife,Culture & Museums
City,"Osaka Region 1142, Japan",338733,Cfa,2,"March - May, September - November",A major global urban destination in Japan known for its tourism appeal.,17.51,"Osaka Region 1142, Japan",Yes,4.2,14720,https://www.visitosakaregion1142.com,"https://www.google.com/maps/search/Afghanistan,CultureOsaka+Region+1142",City Break,Romantic,Nightlife
City,"Sydney Region 1143, Australia",338394,Cfa,3,"March - May, September - November",A major global urban destination in Australia known for its tourism appeal.,15.2,"Sydney Region 1143, Australia",No,4.2,4153,https://www.visitsydneyregion1143.com,"https://www.google.com/maps/search/Afghanistan,CultureSydney+Region+1143",City Break,Culture & Museums,Food & Wine
City,"Rome Region 1144, Italy",338056,Csa,3,"April - June, September - October",A major global urban destination in Italy known for its tourism appeal.,19.62,"Rome Region 1144, Italy",No,4.7,14929,https://www.visitromeregion1144.com,"https://www.google.com/maps/search/Afghanistan,CultureRome+Region+1144",Family,Culture & Museums,Food & Wine
City,"Rio de Janeiro Region 1145, Brazil",337718,Aw,1,November - April,A major global urban destination in Brazil known for its tourism appeal.,15.44,"Rio de Janeiro Region 1145, Brazil",No,3.9,9076,https://www.visitriodejaneiroregion1145.com,"https://www.google.com/maps/search/Afghanistan,CultureRio+de+Janeiro+Region+1145",City Break,Culture & Museums,Romantic
City,"Ho Chi Minh City Region 1146, Vietnam",337380,Aw,1,November - April,A major global urban destination in Vietnam known for its tourism appeal.,19.42,"Ho Chi Minh City Region 1146, Vietnam",No,4.6,16699,https://www.visithochiminhcityregion1146.com,"https://www.google.com/maps/search/Afghanistan,CultureHo+Chi+Minh+City+Region+1146",Family,City Break,Food & Wine
City,"London Region 1147, UK",337043,Cfb,4,June - August,A major global urban destination in UK known for its tourism appeal.,16.85,"London Region 1147, UK",No,4.1,12898,https://www.visitlondonregion1147.com,"https://www.google.com/maps/search/Afghanistan,CultureLondon+Region+1147",Food & Wine,Nightlife,City Break
City,"San Francisco Region 1148, USA",336706,Csb,4,May - September,A major global urban destination in USA known for its tourism appeal.,18.15,"San Francisco Region 1148, USA",Yes,4.3,16672,https://www.visitsanfranciscoregion1148.com,"https://www.google.com/maps/search/Afghanistan,CultureSan+Francisco+Region+1148",Romantic,City Break,Nightlife
City,"Las Vegas Region 1149, USA",336369,BWk,3,May - September,A major global urban destination in USA known for its tourism appeal.,19.19,"Las Vegas Region 1149, USA",Yes,4.6,14837,https://www.visitlasvegasregion1149.com,"https://www.google.com/maps/search/Afghanistan,CultureLas+Vegas+Region+1149",Nightlife,Romantic,Culture & Museums
City,"Miami Region 1150, USA",336033,Am,3,December - March,A major global urban destination in USA known for its tourism appeal.,17.56,"Miami Region 1150, USA",Yes,4.2,15180,https://www.visitmiamiregion1150.com,"https://www.google.com/maps/search/Afghanistan,CultureMiami+Region+1150",City Break,Nightlife,Culture & Museums
City,"Dublin Region 1151, Ireland",335697,Cfb,3,June - August,A major global urban destination in Ireland known for its tourism appeal.,16.07,"Dublin Region 1151, Ireland",Yes,4.0,10401,https://www.visitdublinregion1151.com,"https://www.google.com/maps/search/Afghanistan,CultureDublin+Region+1151",Family,Nightlife,Romantic
City,"Vancouver Region 1152, Canada",335361,Cfb,3,June - August,A major global urban destination in Canada known for its tourism appeal.,15.19,"Vancouver Region 1152, Canada",Yes,4.0,6259,https://www.visitvancouverregion1152.com,"https://www.google.com/maps/search/Afghanistan,CultureVancouver+Region+1152",Culture & Museums,Romantic,Family
City,"Marrakech Region 1153, Morocco",335026,BSh,1,October - March,A major global urban destination in Morocco known for its tourism appeal.,16.31,"Marrakech Region 1153, Morocco",Yes,4.3,6216,https://www.visitmarrakechregion1153.com,"https://www.google.com/maps/search/Afghanistan,CultureMarrakech+Region+1153",Nightlife,Culture & Museums,Family
City,"New Delhi Region 1154, India",334691,BSh,1,October - March,A major global urban destination in India known for its tourism appeal.,20.69,"New Delhi Region 1154, India",No,4.9,16668,https://www.visitnewdelhiregion1154.com,"https://www.google.com/maps/search/Afghanistan,CultureNew+Delhi+Region+1154",Nightlife,Family,City Break
City,"Stockholm Region 1155, Sweden",334356,Dfb,4,June - August,A major global urban destination in Sweden known for its tourism appeal.,15.77,"Stockholm Region 1155, Sweden",No,3.9,11027,https://www.visitstockholmregion1155.com,"https://www.google.com/maps/search/Afghanistan,CultureStockholm+Region+1155",Food & Wine,Romantic,City Break
City,"Marrakech Region 1156, Morocco",334022,BSh,1,October - March,A major global urban destination in Morocco known for its tourism appeal.,17.31,"Marrakech Region 1156, Morocco",Yes,4.5,7008,https://www.visitmarrakechregion1156.com,"https://www.google.com/maps/search/Afghanistan,CultureMarrakech+Region+1156",Romantic,Food & Wine,Nightlife
City,"Shanghai Region 1157, China",333687,Cfa,2,"March - May, September - November",A major global urban destination in China known for its tourism appeal.,20.05,"Shanghai Region 1157, China",No,4.9,12374,https://www.visitshanghairegion1157.com,"https://www.google.com/maps/search/Afghanistan,CultureShanghai+Region+1157",City Break,Romantic,Culture & Museums
City,"Rome Region 1158, Italy",333354,Csa,3,"April - June, September - October",A major global urban destination in Italy known for its tourism appeal.,19.69,"Rome Region 1158, Italy",No,4.7,15445,https://www.visitromeregion1158.com,"https://www.google.com/maps/search/Afghanistan,CultureRome+Region+1158",Romantic,Culture & Museums,Nightlife
City,"Prague Region 1159, Czech Republic",333020,Cfb,2,June - August,A major global urban destination in Czech Republic known for its tourism appeal.,16.76,"Prague Region 1159, Czech Republic",No,4.2,9808,https://www.visitpragueregion1159.com,"https://www.google.com/maps/search/Afghanistan,CulturePrague+Region+1159",Food & Wine,Nightlife,Romantic
City,"Cape Town Region 1160, South Africa",332687,Csb,2,May - September,A major global urban destination in South Africa known for its tourism appeal.,14.81,"Cape Town Region 1160, South Africa",No,3.9,6259,https://www.visitcapetownregion1160.com,"https://www.google.com/maps/search/Afghanistan,CultureCape+Town+Region+1160",Nightlife,Family,City Break
City,"Pattaya Region 1161, Thailand",332355,Aw,1,November - April,A major global urban destination in Thailand known for its tourism appeal.,19.62,"Pattaya Region 1161, Thailand",No,4.7,14916,https://www.visitpattayaregion1161.com,"https://www.google.com/maps/search/Afghanistan,CulturePattaya+Region+1161",Nightlife,Family,City Break
City,"Miami Region 1162, USA",332022,Am,3,December - March,A major global urban destination in USA known for its tourism appeal.,16.36,"Miami Region 1162, USA",Yes,4.4,5223,https://www.visitmiamiregion1162.com,"https://www.google.com/maps/search/Afghanistan,CultureMiami+Region+1162",Family,Culture & Museums,Romantic
City,"Florence Region 1163, Italy",331690,Cfa,3,"March - May, September - November",A major global urban destination in Italy known for its tourism appeal.,18.41,"Florence Region 1163, Italy",No,4.5,12304,https://www.visitflorenceregion1163.com,"https://www.google.com/maps/search/Afghanistan,CultureFlorence+Region+1163",Nightlife,Culture & Museums,Family
City,"Kyoto Region 1164, Japan",331359,Cfa,2,"March - May, September - November",A major global urban destination in Japan known for its tourism appeal.,18.16,"Kyoto Region 1164, Japan",Yes,4.7,7326,https://www.visitkyotoregion1164.com,"https://www.google.com/maps/search/Afghanistan,CultureKyoto+Region+1164",City Break,Romantic,Food & Wine
City,"Mexico City Region 1165, Mexico",331027,Cwb,1,April - October,A major global urban destination in Mexico known for its tourism appeal.,17.37,"Mexico City Region 1165, Mexico",Yes,4.7,4955,https://www.visitmexicocityregion1165.com,"https://www.google.com/maps/search/Afghanistan,CultureMexico+City+Region+1165",Nightlife,Family,Romantic
City,"Athens Region 1166, Greece",330696,Csa,2,"April - June, September - October",A major global urban destination in Greece known for its tourism appeal.,19.41,"Athens Region 1166, Greece",Yes,4.8,11066,https://www.visitathensregion1166.com,"https://www.google.com/maps/search/Afghanistan,CultureAthens+Region+1166",Nightlife,Culture & Museums,City Break
City,"London Region 1167, UK",330366,Cfb,4,June - August,A major global urban destination in UK known for its tourism appeal.,17.75,"London Region 1167, UK",No,4.4,10811,https://www.visitlondonregion1167.com,"https://www.google.com/maps/search/Afghanistan,CultureLondon+Region+1167",Romantic,Family,City Break
City,"Copenhagen Region 1168, Denmark",330035,Cfb,4,June - August,A major global urban destination in Denmark known for its tourism appeal.,18.18,"Copenhagen Region 1168, Denmark",No,4.9,5135,https://www.visitcopenhagenregion1168.com,"https://www.google.com/maps/search/Afghanistan,CultureCopenhagen+Region+1168",Nightlife,Family,Food & Wine
City,"Dublin Region 1169, Ireland",329705,Cfb,3,June - August,A major global urban destination in Ireland known for its tourism appeal.,18.66,"Dublin Region 1169, Ireland",Yes,4.6,11404,https://www.visitdublinregion1169.com,"https://www.google.com/maps/search/Afghanistan,CultureDublin+Region+1169",Food & Wine,City Break,Nightlife
City,"Istanbul Region 1170, Turkey",329375,Csa,1,"April - June, September - October",A major global urban destination in Turkey known for its tourism appeal.,17.33,"Istanbul Region 1170, Turkey",No,4.3,10748,https://www.visitistanbulregion1170.com,"https://www.google.com/maps/search/Afghanistan,CultureIstanbul+Region+1170",Romantic,Nightlife,City Break
City,"Bangalore Region 1171, India",329046,Aw,1,November - April,A major global urban destination in India known for its tourism appeal.,19.05,"Bangalore Region 1171, India",No,4.6,13817,https://www.visitbangaloreregion1171.com,"https://www.google.com/maps/search/Afghanistan,CultureBangalore+Region+1171",Nightlife,Food & Wine,City Break
City,"Munich Region 1172, Germany",328717,Cfb,3,June - August,A major global urban destination in Germany known for its tourism appeal.,16.76,"Munich Region 1172, Germany",Yes,4.1,12253,https://www.visitmunichregion1172.com,"https://www.google.com/maps/search/Afghanistan,CultureMunich+Region+1172",Food & Wine,City Break,Nightlife
City,"New York City Region 1173, USA",328388,Cfa,4,"March - May, September - November",A major global urban destination in USA known for its tourism appeal.,16.24,"New York City Region 1173, USA",No,4.5,4066,https://www.visitnewyorkcityregion1173.com,"https://www.google.com/maps/search/Afghanistan,CultureNew+York+City+Region+1173",Nightlife,Food & Wine,Family
City,"Bangalore Region 1174, India",328060,Aw,1,November - April,A major global urban destination in India known for its tourism appeal.,19.2,"Bangalore Region 1174, India",No,4.6,14933,https://www.visitbangaloreregion1174.com,"https://www.google.com/maps/search/Afghanistan,CultureBangalore+Region+1174",Family,Nightlife,City Break
City,"Los Angeles Region 1175, USA",327732,Csb,3,May - September,A major global urban destination in USA known for its tourism appeal.,16.6,"Los Angeles Region 1175, USA",No,4.2,8937,https://www.visitlosangelesregion1175.com,"https://www.google.com/maps/search/Afghanistan,CultureLos+Angeles+Region+1175",Romantic,Culture & Museums,Food & Wine
City,"San Francisco Region 1176, USA",327404,Csb,4,May - September,A major global urban destination in USA known for its tourism appeal.,18.15,"San Francisco Region 1176, USA",Yes,4.4,13344,https://www.visitsanfranciscoregion1176.com,"https://www.google.com/maps/search/Afghanistan,CultureSan+Francisco+Region+1176",Romantic,Nightlife,City Break
City,"Rio de Janeiro Region 1177, Brazil",327077,Aw,1,November - April,A major global urban destination in Brazil known for its tourism appeal.,16.4,"Rio de Janeiro Region 1177, Brazil",Yes,4.3,6505,https://www.visitriodejaneiroregion1177.com,"https://www.google.com/maps/search/Afghanistan,CultureRio+de+Janeiro+Region+1177",Romantic,Family,Food & Wine
City,"Palma de Mallorca Region 1178, Spain",326750,Csa,2,"April - June, September - October",A major global urban destination in Spain known for its tourism appeal.,14.43,"Palma de Mallorca Region 1178, Spain",No,3.9,5000,https://www.visitpalmademallorcaregion1178.com,"https://www.google.com/maps/search/Afghanistan,CulturePalma+de+Mallorca+Region+1178",Food & Wine,Culture & Museums,Romantic
City,"Las Vegas Region 1179, USA",326423,BWk,3,May - September,A major global urban destination in USA known for its tourism appeal.,16.59,"Las Vegas Region 1179, USA",Yes,4.0,14067,https://www.visitlasvegasregion1179.com,"https://www.google.com/maps/search/Afghanistan,CultureLas+Vegas+Region+1179",Food & Wine,Family,Romantic
City,"Dubai Region 1180, UAE",326097,BWh,4,November - March,A major global urban destination in UAE known for its tourism appeal.,16.09,"Dubai Region 1180, UAE",No,4.3,5509,https://www.visitdubairegion1180.com,"https://www.google.com/maps/search/Afghanistan,CultureDubai+Region+1180",Food & Wine,Culture & Museums,Romantic
City,"Amsterdam Region 1181, Netherlands",325770,Cfb,3,June - August,A major global urban destination in Netherlands known for its tourism appeal.,17.92,"Amsterdam Region 1181, Netherlands",No,4.6,7849,https://www.visitamsterdamregion1181.com,"https://www.google.com/maps/search/Afghanistan,CultureAmsterdam+Region+1181",Family,Culture & Museums,City Break
City,"Athens Region 1182, Greece",325445,Csa,2,"April - June, September - October",A major global urban destination in Greece known for its tourism appeal.,17.01,"Athens Region 1182, Greece",No,4.6,4980,https://www.visitathensregion1182.com,"https://www.google.com/maps/search/Afghanistan,CultureAthens+Region+1182",Food & Wine,City Break,Romantic
City,"Bangkok Region 1183, Thailand",325119,Aw,1,November - April,A major global urban destination in Thailand known for its tourism appeal.,19.91,"Bangkok Region 1183, Thailand",Yes,4.8,14085,https://www.visitbangkokregion1183.com,"https://www.google.com/maps/search/Afghanistan,CultureBangkok+Region+1183",Food & Wine,Family,Romantic
City,"Miami Region 1184, USA",324794,Am,3,December - March,A major global urban destination in USA known for its tourism appeal.,15.43,"Miami Region 1184, USA",No,4.1,5799,https://www.visitmiamiregion1184.com,"https://www.google.com/maps/search/Afghanistan,CultureMiami+Region+1184",Culture & Museums,City Break,Romantic
City,"Singapore Region 1185, Singapore",324469,Af,4,Year Round,A major global urban destination in Singapore known for its tourism appeal.,16.6,"Singapore Region 1185, Singapore",Yes,4.2,8945,https://www.visitsingaporeregion1185.com,"https://www.google.com/maps/search/Afghanistan,CultureSingapore+Region+1185",Nightlife,Romantic,Family
City,"Budapest Region 1186, Hungary",324145,Cfb,2,June - August,A major global urban destination in Hungary known for its tourism appeal.,16.8,"Budapest Region 1186, Hungary",Yes,4.3,8059,https://www.visitbudapestregion1186.com,"https://www.google.com/maps/search/Afghanistan,CultureBudapest+Region+1186",Nightlife,Family,Culture & Museums
City,"Stockholm Region 1187, Sweden",323821,Dfb,4,June - August,A major global urban destination in Sweden known for its tourism appeal.,15.21,"Stockholm Region 1187, Sweden",Yes,3.8,10070,https://www.visitstockholmregion1187.com,"https://www.google.com/maps/search/Afghanistan,CultureStockholm+Region+1187",Food & Wine,City Break,Nightlife
City,"Stockholm Region 1188, Sweden",323497,Dfb,4,June - August,A major global urban destination in Sweden known for its tourism appeal.,15.82,"Stockholm Region 1188, Sweden",No,3.9,11393,https://www.visitstockholmregion1188.com,"https://www.google.com/maps/search/Afghanistan,CultureStockholm+Region+1188",Family,Culture & Museums,Nightlife
City,"New Delhi Region 1189, India",323173,BSh,1,October - March,A major global urban destination in India known for its tourism appeal.,16.35,"New Delhi Region 1189, India",No,4.0,12239,https://www.visitnewdelhiregion1189.com,"https://www.google.com/maps/search/Afghanistan,CultureNew+Delhi+Region+1189",Family,Romantic,Food & Wine
City,"Milan Region 1190, Italy",322850,Cfa,3,"March - May, September - November",A major global urban destination in Italy known for its tourism appeal.,15.42,"Milan Region 1190, Italy",No,4.2,4693,https://www.visitmilanregion1190.com,"https://www.google.com/maps/search/Afghanistan,CultureMilan+Region+1190",Nightlife,City Break,Food & Wine
City,"Seoul Region 1191, South Korea",322527,Dwa,2,May - October,A major global urban destination in South Korea known for its tourism appeal.,17.67,"Seoul Region 1191, South Korea",Yes,4.7,5742,https://www.visitseoulregion1191.com,"https://www.google.com/maps/search/Afghanistan,CultureSeoul+Region+1191",Family,Nightlife,Food & Wine
City,"Munich Region 1192, Germany",322205,Cfb,3,June - August,A major global urban destination in Germany known for its tourism appeal.,17.86,"Munich Region 1192, Germany",No,4.6,7614,https://www.visitmunichregion1192.com,"https://www.google.com/maps/search/Afghanistan,CultureMunich+Region+1192",Nightlife,Food & Wine,City Break
City,"Singapore Region 1193, Singapore",321883,Af,4,Year Round,A major global urban destination in Singapore known for its tourism appeal.,18.7,"Singapore Region 1193, Singapore",Yes,4.7,9544,https://www.visitsingaporeregion1193.com,"https://www.google.com/maps/search/Afghanistan,CultureSingapore+Region+1193",Family,Culture & Museums,Nightlife
City,"Jaipur Region 1194, India",321561,BSh,1,October - March,A major global urban destination in India known for its tourism appeal.,17.1,"Jaipur Region 1194, India",No,4.3,9495,https://www.visitjaipurregion1194.com,"https://www.google.com/maps/search/Afghanistan,CultureJaipur+Region+1194",Family,Romantic,Culture & Museums
City,"Barcelona Region 1195, Spain",321239,Csa,2,"April - June, September - October",A major global urban destination in Spain known for its tourism appeal.,19.94,"Barcelona Region 1195, Spain",No,4.9,11709,https://www.visitbarcelonaregion1195.com,"https://www.google.com/maps/search/Afghanistan,CultureBarcelona+Region+1195",Nightlife,Food & Wine,City Break
City,"Dublin Region 1196, Ireland",320918,Cfb,3,June - August,A major global urban destination in Ireland known for its tourism appeal.,19.04,"Dublin Region 1196, Ireland",No,4.6,13755,https://www.visitdublinregion1196.com,"https://www.google.com/maps/search/Afghanistan,CultureDublin+Region+1196",Nightlife,Culture & Museums,Food & Wine
City,"Seoul Region 1197, South Korea",320597,Dwa,2,May - October,A major global urban destination in South Korea known for its tourism appeal.,17.52,"Seoul Region 1197, South Korea",Yes,4.2,14805,https://www.visitseoulregion1197.com,"https://www.google.com/maps/search/Afghanistan,CultureSeoul+Region+1197",City Break,Family,Romantic
City,"Athens Region 1198, Greece",320276,Csa,2,"April - June, September - October",A major global urban destination in Greece known for its tourism appeal.,17.18,"Athens Region 1198, Greece",Yes,4.3,9919,https://www.visitathensregion1198.com,"https://www.google.com/maps/search/Afghanistan,CultureAthens+Region+1198",Nightlife,City Break,Family
City,"Shanghai Region 1199, China",319956,Cfa,2,"March - May, September - November",A major global urban destination in China known for its tourism appeal.,17.74,"Shanghai Region 1199, China",Yes,4.4,10757,https://www.visitshanghairegion1199.com,"https://www.google.com/maps/search/Afghanistan,CultureShanghai+Region+1199",Romantic,Food & Wine,Culture & Museums
City,"Florence Region 1200, Italy",319636,Cfa,3,"March - May, September - November",A major global urban destination in Italy known for its tourism appeal.,15.84,"Florence Region 1200, Italy",Yes,4.4,3978,https://www.visitflorenceregion1200.com,"https://www.google.com/maps/search/Afghanistan,CultureFlorence+Region+1200",Food & Wine,Culture & Museums,Nightlife
City,"Taipei Region 1201, Taiwan",319317,Cfa,2,"March - May, September - November",A major global urban destination in Taiwan known for its tourism appeal.,17.05,"Taipei Region 1201, Taiwan",Yes,4.1,14393,https://www.visittaipeiregion1201.com,"https://www.google.com/maps/search/Afghanistan,CultureTaipei+Region+1201",Food & Wine,Nightlife,Family
City,"Sydney Region 1202, Australia",318997,Cfa,3,"March - May, September - November",A major global urban destination in Australia known for its tourism appeal.,20.04,"Sydney Region 1202, Australia",No,4.8,14932,https://www.visitsydneyregion1202.com,"https://www.google.com/maps/search/Afghanistan,CultureSydney+Region+1202",Romantic,Culture & Museums,Family
City,"Jaipur Region 1203, India",318678,BSh,1,October - March,A major global urban destination in India known for its tourism appeal.,19.55,"Jaipur Region 1203, India",Yes,4.7,14441,https://www.visitjaipurregion1203.com,"https://www.google.com/maps/search/Afghanistan,CultureJaipur+Region+1203",Nightlife,Culture & Museums,Food & Wine
City,"Kyoto Region 1204, Japan",318360,Cfa,2,"March - May, September - November",A major global urban destination in Japan known for its tourism appeal.,16.93,"Kyoto Region 1204, Japan",No,4.1,13446,https://www.visitkyotoregion1204.com,"https://www.google.com/maps/search/Afghanistan,CultureKyoto+Region+1204",City Break,Romantic,Food & Wine
City,"Stockholm Region 1205, Sweden",318041,Dfb,4,June - August,A major global urban destination in Sweden known for its tourism appeal.,18.58,"Stockholm Region 1205, Sweden",Yes,4.5,13465,https://www.visitstockholmregion1205.com,"https://www.google.com/maps/search/Afghanistan,CultureStockholm+Region+1205",City Break,Romantic,Nightlife
City,"Barcelona Region 1206, Spain",317723,Csa,2,"April - June, September - October",A major global urban destination in Spain known for its tourism appeal.,19.27,"Barcelona Region 1206, Spain",Yes,4.9,8577,https://www.visitbarcelonaregion1206.com,"https://www.google.com/maps/search/Afghanistan,CultureBarcelona+Region+1206",City Break,Nightlife,Romantic
City,"Warsaw Region 1207, Poland",317405,Dfb,2,June - August,A major global urban destination in Poland known for its tourism appeal.,17.6,"Warsaw Region 1207, Poland",No,4.2,15531,https://www.visitwarsawregion1207.com,"https://www.google.com/maps/search/Afghanistan,CultureWarsaw+Region+1207",City Break,Food & Wine,Nightlife
City,"Jaipur Region 1208, India",317088,BSh,1,October - March,A major global urban destination in India known for its tourism appeal.,19.01,"Jaipur Region 1208, India",No,4.6,13540,https://www.visitjaipurregion1208.com,"https://www.google.com/maps/search/Afghanistan,CultureJaipur+Region+1208",Romantic,Food & Wine,City Break
City,"Kyoto Region 1209, Japan",316771,Cfa,2,"March - May, September - November",A major global urban destination in Japan known for its tourism appeal.,15.84,"Kyoto Region 1209, Japan",No,4.4,3971,https://www.visitkyotoregion1209.com,"https://www.google.com/maps/search/Afghanistan,CultureKyoto+Region+1209",Food & Wine,Culture & Museums,City Break
City,"Jerusalem Region 1210, Israel",316454,Csa,3,"April - June, September - October",A major global urban destination in Israel known for its tourism appeal.,16.73,"Jerusalem Region 1210, Israel",No,4.1,12046,https://www.visitjerusalemregion1210.com,"https://www.google.com/maps/search/Afghanistan,CultureJerusalem+Region+1210",Nightlife,City Break,Food & Wine
City,"Stockholm Region 1211, Sweden",316138,Dfb,4,June - August,A major global urban destination in Sweden known for its tourism appeal.,16.31,"Stockholm Region 1211, Sweden",Yes,4.6,3521,https://www.visitstockholmregion1211.com,"https://www.google.com/maps/search/Afghanistan,CultureStockholm+Region+1211",Nightlife,City Break,Culture & Museums
City,"Pattaya Region 1212, Thailand",315822,Aw,1,November - April,A major global urban destination in Thailand known for its tourism appeal.,19.13,"Pattaya Region 1212, Thailand",Yes,4.7,11780,https://www.visitpattayaregion1212.com,"https://www.google.com/maps/search/Afghanistan,CulturePattaya+Region+1212",City Break,Family,Nightlife
City,"Florence Region 1213, Italy",315506,Cfa,3,"March - May, September - November",A major global urban destination in Italy known for its tourism appeal.,17.25,"Florence Region 1213, Italy",Yes,4.6,5618,https://www.visitflorenceregion1213.com,"https://www.google.com/maps/search/Afghanistan,CultureFlorence+Region+1213",Romantic,Nightlife,Food & Wine
City,"Mumbai Region 1214, India",315190,Aw,1,November - April,A major global urban destination in India known for its tourism appeal.,16.01,"Mumbai Region 1214, India",Yes,4.5,3605,https://www.visitmumbairegion1214.com,"https://www.google.com/maps/search/Afghanistan,CultureMumbai+Region+1214",Food & Wine,Family,Culture & Museums
City,"Vienna Region 1215, Austria",314875,Cfb,3,June - August,A major global urban destination in Austria known for its tourism appeal.,15.91,"Vienna Region 1215, Austria",No,3.8,15344,https://www.visitviennaregion1215.com,"https://www.google.com/maps/search/Afghanistan,CultureVienna+Region+1215",Food & Wine,Nightlife,Romantic
City,"Cairo Region 1216, Egypt",314560,BWh,1,November - March,A major global urban destination in Egypt known for its tourism appeal.,15.37,"Cairo Region 1216, Egypt",No,3.9,8742,https://www.visitcairoregion1216.com,"https://www.google.com/maps/search/Afghanistan,CultureCairo+Region+1216",City Break,Nightlife,Family
City,"Tokyo Region 1217, Japan",314246,Cfa,3,"March - May, September - November",A major global urban destination in Japan known for its tourism appeal.,14.57,"Tokyo Region 1217, Japan",No,3.9,5439,https://www.visittokyoregion1217.com,"https://www.google.com/maps/search/Afghanistan,CultureTokyo+Region+1217",Romantic,City Break,Family
City,"Copenhagen Region 1218, Denmark",313931,Cfb,4,June - August,A major global urban destination in Denmark known for its tourism appeal.,17.76,"Copenhagen Region 1218, Denmark",Yes,4.3,13495,https://www.visitcopenhagenregion1218.com,"https://www.google.com/maps/search/Afghanistan,CultureCopenhagen+Region+1218",City Break,Nightlife,Family
City,"Antalya Region 1219, Turkey",313617,Csa,1,"April - June, September - October",A major global urban destination in Turkey known for its tourism appeal.,16.72,"Antalya Region 1219, Turkey",No,4.6,4308,https://www.visitantalyaregion1219.com,"https://www.google.com/maps/search/Afghanistan,CultureAntalya+Region+1219",Nightlife,City Break,Culture & Museums
City,"Copenhagen Region 1220, Denmark",313304,Cfb,4,June - August,A major global urban destination in Denmark known for its tourism appeal.,16.29,"Copenhagen Region 1220, Denmark",Yes,4.5,4178,https://www.visitcopenhagenregion1220.com,"https://www.google.com/maps/search/Afghanistan,CultureCopenhagen+Region+1220",Family,Culture & Museums,Nightlife
City,"Lisbon Region 1221, Portugal",312990,Csa,2,"April - June, September - October",A major global urban destination in Portugal known for its tourism appeal.,17.02,"Lisbon Region 1221, Portugal",No,4.2,11258,https://www.visitlisbonregion1221.com,"https://www.google.com/maps/search/Afghanistan,CultureLisbon+Region+1221",Nightlife,Family,Food & Wine
City,"Lisbon Region 1222, Portugal",312677,Csa,2,"April - June, September - October",A major global urban destination in Portugal known for its tourism appeal.,14.8,"Lisbon Region 1222, Portugal",Yes,4.0,5024,https://www.visitlisbonregion1222.com,"https://www.google.com/maps/search/Afghanistan,CultureLisbon+Region+1222",Food & Wine,Family,Culture & Museums
City,"Los Angeles Region 1223, USA",312365,Csb,3,May - September,A major global urban destination in USA known for its tourism appeal.,15.71,"Los Angeles Region 1223, USA",Yes,3.9,10675,https://www.visitlosangelesregion1223.com,"https://www.google.com/maps/search/Afghanistan,CultureLos+Angeles+Region+1223",Culture & Museums,City Break,Family
City,"Istanbul Region 1224, Turkey",312052,Csa,1,"April - June, September - October",A major global urban destination in Turkey known for its tourism appeal.,17.37,"Istanbul Region 1224, Turkey",Yes,4.8,4159,https://www.visitistanbulregion1224.com,"https://www.google.com/maps/search/Afghanistan,CultureIstanbul+Region+1224",City Break,Culture & Museums,Food & Wine
City,"Los Angeles Region 1225, USA",311740,Csb,3,May - September,A major global urban destination in USA known for its tourism appeal.,18.86,"Los Angeles Region 1225, USA",No,4.5,15566,https://www.visitlosangelesregion1225.com,"https://www.google.com/maps/search/Afghanistan,CultureLos+Angeles+Region+1225",Nightlife,Food & Wine,Family
City,"Vienna Region 1226, Austria",311429,Cfb,3,June - August,A major global urban destination in Austria known for its tourism appeal.,18.43,"Vienna Region 1226, Austria",Yes,4.5,12454,https://www.visitviennaregion1226.com,"https://www.google.com/maps/search/Afghanistan,CultureVienna+Region+1226",Culture & Museums,Family,Food & Wine
City,"Antalya Region 1227, Turkey",311117,Csa,1,"April - June, September - October",A major global urban destination in Turkey known for its tourism appeal.,15.69,"Antalya Region 1227, Turkey",Yes,3.9,10569,https://www.visitantalyaregion1227.com,"https://www.google.com/maps/search/Afghanistan,CultureAntalya+Region+1227",Culture & Museums,Romantic,Nightlife
City,"Hong Kong Region 1228, China",310806,Cwa,3,October - April,A major global urban destination in China known for its tourism appeal.,16.16,"Hong Kong Region 1228, China",Yes,4.2,7058,https://www.visithongkongregion1228.com,"https://www.google.com/maps/search/Afghanistan,CultureHong+Kong+Region+1228",Family,Nightlife,Culture & Museums
City,"Antalya Region 1229, Turkey",310495,Csa,1,"April - June, September - October",A major global urban destination in Turkey known for its tourism appeal.,15.65,"Antalya Region 1229, Turkey",No,4.1,6550,https://www.visitantalyaregion1229.com,"https://www.google.com/maps/search/Afghanistan,CultureAntalya+Region+1229",Nightlife,Family,City Break
City,"Antalya Region 1230, Turkey",310185,Csa,1,"April - June, September - October",A major global urban destination in Turkey known for its tourism appeal.,17.72,"Antalya Region 1230, Turkey",Yes,4.9,4137,https://www.visitantalyaregion1230.com,"https://www.google.com/maps/search/Afghanistan,CultureAntalya+Region+1230",Food & Wine,Nightlife,Culture & Museums
City,"Miami Region 1231, USA",309875,Am,3,December - March,A major global urban destination in USA known for its tourism appeal.,15.4,"Miami Region 1231, USA",Yes,4.0,7095,https://www.visitmiamiregion1231.com,"https://www.google.com/maps/search/Afghanistan,CultureMiami+Region+1231",Nightlife,Food & Wine,City Break
City,"Ho Chi Minh City Region 1232, Vietnam",309565,Aw,1,November - April,A major global urban destination in Vietnam known for its tourism appeal.,15.77,"Ho Chi Minh City Region 1232, Vietnam",No,3.9,11074,https://www.visithochiminhcityregion1232.com,"https://www.google.com/maps/search/Afghanistan,CultureHo+Chi+Minh+City+Region+1232",Nightlife,Culture & Museums,Family
City,"Mumbai Region 1233, India",309255,Aw,1,November - April,A major global urban destination in India known for its tourism appeal.,16.15,"Mumbai Region 1233, India",Yes,4.2,7005,https://www.visitmumbairegion1233.com,"https://www.google.com/maps/search/Afghanistan,CultureMumbai+Region+1233",City Break,Family,Nightlife
City,"Tokyo Region 1234, Japan",308946,Cfa,3,"March - May, September - November",A major global urban destination in Japan known for its tourism appeal.,17.34,"Tokyo Region 1234, Japan",No,4.2,13445,https://www.visittokyoregion1234.com,"https://www.google.com/maps/search/Afghanistan,CultureTokyo+Region+1234",City Break,Romantic,Nightlife
City,"Budapest Region 1235, Hungary",308637,Cfb,2,June - August,A major global urban destination in Hungary known for its tourism appeal.,16.68,"Budapest Region 1235, Hungary",Yes,4.1,11680,https://www.visitbudapestregion1235.com,"https://www.google.com/maps/search/Afghanistan,CultureBudapest+Region+1235",Family,Food & Wine,City Break
City,"Vancouver Region 1236, Canada",308328,Cfb,3,June - August,A major global urban destination in Canada known for its tourism appeal.,19.32,"Vancouver Region 1236, Canada",No,4.7,12884,https://www.visitvancouverregion1236.com,"https://www.google.com/maps/search/Afghanistan,CultureVancouver+Region+1236",Romantic,Family,Nightlife
City,"Palma de Mallorca Region 1237, Spain",308020,Csa,2,"April - June, September - October",A major global urban destination in Spain known for its tourism appeal.,17.79,"Palma de Mallorca Region 1237, Spain",No,4.3,13682,https://www.visitpalmademallorcaregion1237.com,"https://www.google.com/maps/search/Afghanistan,CulturePalma+de+Mallorca+Region+1237",Culture & Museums,Food & Wine,Family
City,"Sydney Region 1238, Australia",307712,Cfa,3,"March - May, September - November",A major global urban destination in Australia known for its tourism appeal.,17.96,"Sydney Region 1238, Australia",No,4.8,5519,https://www.visitsydneyregion1238.com,"https://www.google.com/maps/search/Afghanistan,CultureSydney+Region+1238",Nightlife,Culture & Museums,Family
City,"Bangalore Region 1239, India",307404,Aw,1,November - April,A major global urban destination in India known for its tourism appeal.,16.95,"Bangalore Region 1239, India",No,4.1,13587,https://www.visitbangaloreregion1239.com,"https://www.google.com/maps/search/Afghanistan,CultureBangalore+Region+1239",Culture & Museums,Food & Wine,City Break
City,"Mumbai Region 1240, India",307097,Aw,1,November - April,A major global urban destination in India known for its tourism appeal.,16.53,"Mumbai Region 1240, India",No,4.0,13543,https://www.visitmumbairegion1240.com,"https://www.google.com/maps/search/Afghanistan,CultureMumbai+Region+1240",Family,Food & Wine,Culture & Museums
City,"Hanoi Region 1241, Vietnam",306790,Cwa,1,October - April,A major global urban destination in Vietnam known for its tourism appeal.,15.26,"Hanoi Region 1241, Vietnam",Yes,3.9,8158,https://www.visithanoiregion1241.com,"https://www.google.com/maps/search/Afghanistan,CultureHanoi+Region+1241",Food & Wine,City Break,Nightlife
City,"Amsterdam Region 1242, Netherlands",306483,Cfb,3,June - August,A major global urban destination in Netherlands known for its tourism appeal.,19.37,"Amsterdam Region 1242, Netherlands",No,4.9,8990,https://www.visitamsterdamregion1242.com,"https://www.google.com/maps/search/Afghanistan,CultureAmsterdam+Region+1242",Culture & Museums,Food & Wine,Romantic
City,"Singapore Region 1243, Singapore",306177,Af,4,Year Round,A major global urban destination in Singapore known for its tourism appeal.,14.7,"Singapore Region 1243, Singapore",Yes,4.0,4729,https://www.visitsingaporeregion1243.com,"https://www.google.com/maps/search/Afghanistan,CultureSingapore+Region+1243",Family,Food & Wine,City Break
City,"Ho Chi Minh City Region 1244, Vietnam",305870,Aw,1,November - April,A major global urban destination in Vietnam known for its tourism appeal.,18.66,"Ho Chi Minh City Region 1244, Vietnam",Yes,4.5,14049,https://www.visithochiminhcityregion1244.com,"https://www.google.com/maps/search/Afghanistan,CultureHo+Chi+Minh+City+Region+1244",Food & Wine,Nightlife,Culture & Museums
City,"Mecca Region 1245, Saudi Arabia",305564,BWh,2,November - March,A major global urban destination in Saudi Arabia known for its tourism appeal.,16.29,"Mecca Region 1245, Saudi Arabia",No,3.9,15058,https://www.visitmeccaregion1245.com,"https://www.google.com/maps/search/Afghanistan,CultureMecca+Region+1245",Romantic,Culture & Museums,Family
City,"Marrakech Region 1246, Morocco",305259,BSh,1,October - March,A major global urban destination in Morocco known for its tourism appeal.,15.99,"Marrakech Region 1246, Morocco",Yes,4.2,6420,https://www.visitmarrakechregion1246.com,"https://www.google.com/maps/search/Afghanistan,CultureMarrakech+Region+1246",Romantic,City Break,Food & Wine
City,"London Region 1247, UK",304954,Cfb,4,June - August,A major global urban destination in UK known for its tourism appeal.,17.69,"London Region 1247, UK",No,4.3,13020,https://www.visitlondonregion1247.com,"https://www.google.com/maps/search/Afghanistan,CultureLondon+Region+1247",Culture & Museums,Family,Nightlife
City,"Prague Region 1248, Czech Republic",304649,Cfb,2,June - August,A major global urban destination in Czech Republic known for its tourism appeal.,18.7,"Prague Region 1248, Czech Republic",No,4.8,7849,https://www.visitpragueregion1248.com,"https://www.google.com/maps/search/Afghanistan,CulturePrague+Region+1248",Family,City Break,Nightlife
City,"Bangalore Region 1249, India",304344,Aw,1,November - April,A major global urban destination in India known for its tourism appeal.,16.23,"Bangalore Region 1249, India",Yes,4.1,9112,https://www.visitbangaloreregion1249.com,"https://www.google.com/maps/search/Afghanistan,CultureBangalore+Region+1249",Food & Wine,Romantic,Nightlife
City,"Kuala Lumpur Region 1250, Malaysia",304040,Af,1,Year Round,A major global urban destination in Malaysia known for its tourism appeal.,16.26,"Kuala Lumpur Region 1250, Malaysia",No,4.6,3426,https://www.visitkualalumpurregion1250.com,"https://www.google.com/maps/search/Afghanistan,CultureKuala+Lumpur+Region+1250",City Break,Nightlife,Family
City,"Stockholm Region 1251, Sweden",303736,Dfb,4,June - August,A major global urban destination in Sweden known for its tourism appeal.,19.87,"Stockholm Region 1251, Sweden",No,4.9,11330,https://www.visitstockholmregion1251.com,"https://www.google.com/maps/search/Afghanistan,CultureStockholm+Region+1251",Family,Nightlife,Culture & Museums
City,"Shanghai Region 1252, China",303432,Cfa,2,"March - May, September - November",A major global urban destination in China known for its tourism appeal.,16.72,"Shanghai Region 1252, China",Yes,4.2,9579,https://www.visitshanghairegion1252.com,"https://www.google.com/maps/search/Afghanistan,CultureShanghai+Region+1252",Romantic,Family,Culture & Museums
City,"Rio de Janeiro Region 1253, Brazil",303128,Aw,1,November - April,A major global urban destination in Brazil known for its tourism appeal.,16.15,"Rio de Janeiro Region 1253, Brazil",Yes,3.9,13871,https://www.visitriodejaneiroregion1253.com,"https://www.google.com/maps/search/Afghanistan,CultureRio+de+Janeiro+Region+1253",Nightlife,Family,City Break
City,"New York City Region 1254, USA",302825,Cfa,4,"March - May, September - November",A major global urban destination in USA known for its tourism appeal.,16.63,"New York City Region 1254, USA",Yes,4.3,7361,https://www.visitnewyorkcityregion1254.com,"https://www.google.com/maps/search/Afghanistan,CultureNew+York+City+Region+1254",City Break,Family,Culture & Museums
City,"Pattaya Region 1255, Thailand",302523,Aw,1,November - April,A major global urban destination in Thailand known for its tourism appeal.,19.58,"Pattaya Region 1255, Thailand",No,4.9,9910,https://www.visitpattayaregion1255.com,"https://www.google.com/maps/search/Afghanistan,CulturePattaya+Region+1255",City Break,Family,Romantic
City,"Las Vegas Region 1256, USA",302220,BWk,3,May - September,A major global urban destination in USA known for its tourism appeal.,15.33,"Las Vegas Region 1256, USA",Yes,4.1,5495,https://www.visitlasvegasregion1256.com,"https://www.google.com/maps/search/Afghanistan,CultureLas+Vegas+Region+1256",Romantic,Culture & Museums,Nightlife
City,"Tokyo Region 1257, Japan",301918,Cfa,3,"March - May, September - November",A major global urban destination in Japan known for its tourism appeal.,17.62,"Tokyo Region 1257, Japan",No,4.5,8251,https://www.visittokyoregion1257.com,"https://www.google.com/maps/search/Afghanistan,CultureTokyo+Region+1257",Food & Wine,City Break,Culture & Museums
City,"Zurich Region 1258, Switzerland",301616,Cfb,4,June - August,A major global urban destination in Switzerland known for its tourism appeal.,15.76,"Zurich Region 1258, Switzerland",No,4.0,8700,https://www.visitzurichregion1258.com,"https://www.google.com/maps/search/Afghanistan,CultureZurich+Region+1258",Romantic,Food & Wine,Family
City,"New York City Region 1259, USA",301314,Cfa,4,"March - May, September - November",A major global urban destination in USA known for its tourism appeal.,17.31,"New York City Region 1259, USA",Yes,4.6,5782,https://www.visitnewyorkcityregion1259.com,"https://www.google.com/maps/search/Afghanistan,CultureNew+York+City+Region+1259",City Break,Culture & Museums,Nightlife
City,"Bangkok Region 1260, Thailand",301013,Aw,1,November - April,A major global urban destination in Thailand known for its tourism appeal.,18.41,"Bangkok Region 1260, Thailand",Yes,4.7,8275,https://www.visitbangkokregion1260.com,"https://www.google.com/maps/search/Afghanistan,CultureBangkok+Region+1260",Nightlife,Family,Romantic
City,"New York City Region 1261, USA",300712,Cfa,4,"March - May, September - November",A major global urban destination in USA known for its tourism appeal.,17.36,"New York City Region 1261, USA",No,4.8,4134,https://www.visitnewyorkcityregion1261.com,"https://www.google.com/maps/search/Afghanistan,CultureNew+York+City+Region+1261",City Break,Romantic,Food & Wine
City,"Vienna Region 1262, Austria",300411,Cfb,3,June - August,A major global urban destination in Austria known for its tourism appeal.,16.15,"Vienna Region 1262, Austria",No,3.9,13797,https://www.visitviennaregion1262.com,"https://www.google.com/maps/search/Afghanistan,CultureVienna+Region+1262",City Break,Nightlife,Romantic
City,"Barcelona Region 1263, Spain",300111,Csa,2,"April - June, September - October",A major global urban destination in Spain known for its tourism appeal.,13.77,"Barcelona Region 1263, Spain",Yes,3.9,3392,https://www.visitbarcelonaregion1263.com,"https://www.google.com/maps/search/Afghanistan,CultureBarcelona+Region+1263",Food & Wine,Culture & Museums,Family
City,"Buenos Aires Region 1264, Argentina",299811,Cfa,1,"March - May, September - November",A major global urban destination in Argentina known for its tourism appeal.,14.84,"Buenos Aires Region 1264, Argentina",No,4.2,3420,https://www.visitbuenosairesregion1264.com,"https://www.google.com/maps/search/Afghanistan,CultureBuenos+Aires+Region+1264",Romantic,Nightlife,Family
City,"Istanbul Region 1265, Turkey",299511,Csa,1,"April - June, September - October",A major global urban destination in Turkey known for its tourism appeal.,14.9,"Istanbul Region 1265, Turkey",Yes,3.9,6607,https://www.visitistanbulregion1265.com,"https://www.google.com/maps/search/Afghanistan,CultureIstanbul+Region+1265",Culture & Museums,Family,Nightlife
City,"Bangkok Region 1266, Thailand",299211,Aw,1,November - April,A major global urban destination in Thailand known for its tourism appeal.,15.73,"Bangkok Region 1266, Thailand",Yes,3.8,13756,https://www.visitbangkokregion1266.com,"https://www.google.com/maps/search/Afghanistan,CultureBangkok+Region+1266",City Break,Family,Culture & Museums
City,"Las Vegas Region 1267, USA",298912,BWk,3,May - September,A major global urban destination in USA known for its tourism appeal.,13.4,"Las Vegas Region 1267, USA",Yes,3.8,3367,https://www.visitlasvegasregion1267.com,"https://www.google.com/maps/search/Afghanistan,CultureLas+Vegas+Region+1267",Nightlife,Romantic,Food & Wine
City,"Osaka Region 1268, Japan",298613,Cfa,2,"March - May, September - November",A major global urban destination in Japan known for its tourism appeal.,14.88,"Osaka Region 1268, Japan",Yes,3.8,8262,https://www.visitosakaregion1268.com,"https://www.google.com/maps/search/Afghanistan,CultureOsaka+Region+1268",City Break,Romantic,Food & Wine
City,"Budapest Region 1269, Hungary",298315,Cfb,2,June - August,A major global urban destination in Hungary known for its tourism appeal.,17.04,"Budapest Region 1269, Hungary",No,4.8,3556,https://www.visitbudapestregion1269.com,"https://www.google.com/maps/search/Afghanistan,CultureBudapest+Region+1269",Culture & Museums,Family,City Break
City,"Milan Region 1270, Italy",298016,Cfa,3,"March - May, September - November",A major global urban destination in Italy known for its tourism appeal.,16.87,"Milan Region 1270, Italy",No,4.2,10404,https://www.visitmilanregion1270.com,"https://www.google.com/maps/search/Afghanistan,CultureMilan+Region+1270",Romantic,Nightlife,Culture & Museums
City,"Sydney Region 1271, Australia",297718,Cfa,3,"March - May, September - November",A major global urban destination in Australia known for its tourism appeal.,17.03,"Sydney Region 1271, Australia",Yes,4.8,3537,https://www.visitsydneyregion1271.com,"https://www.google.com/maps/search/Afghanistan,CultureSydney+Region+1271",Romantic,Family,Food & Wine
City,"Berlin Region 1272, Germany",297421,Cfb,2,June - August,A major global urban destination in Germany known for its tourism appeal.,18.96,"Berlin Region 1272, Germany",No,4.6,13252,https://www.visitberlinregion1272.com,"https://www.google.com/maps/search/Afghanistan,CultureBerlin+Region+1272",City Break,Food & Wine,Culture & Museums
City,"Vienna Region 1273, Austria",297123,Cfb,3,June - August,A major global urban destination in Austria known for its tourism appeal.,15.73,"Vienna Region 1273, Austria",No,4.0,8579,https://www.visitviennaregion1273.com,"https://www.google.com/maps/search/Afghanistan,CultureVienna+Region+1273",Culture & Museums,Nightlife,Romantic
City,"Stockholm Region 1274, Sweden",296826,Dfb,4,June - August,A major global urban destination in Sweden known for its tourism appeal.,14.83,"Stockholm Region 1274, Sweden",No,4.1,4131,https://www.visitstockholmregion1274.com,"https://www.google.com/maps/search/Afghanistan,CultureStockholm+Region+1274",Romantic,Family,City Break
City,"Amsterdam Region 1275, Netherlands",296529,Cfb,3,June - August,A major global urban destination in Netherlands known for its tourism appeal.,16.62,"Amsterdam Region 1275, Netherlands",Yes,4.2,9070,https://www.visitamsterdamregion1275.com,"https://www.google.com/maps/search/Afghanistan,CultureAmsterdam+Region+1275",Nightlife,City Break,Family
City,"Prague Region 1276, Czech Republic",296233,Cfb,2,June - August,A major global urban destination in Czech Republic known for its tourism appeal.,17.73,"Prague Region 1276, Czech Republic",No,4.6,7146,https://www.visitpragueregion1276.com,"https://www.google.com/maps/search/Afghanistan,CulturePrague+Region+1276",Romantic,City Break,Culture & Museums
City,"London Region 1277, UK",295936,Cfb,4,June - August,A major global urban destination in UK known for its tourism appeal.,16.91,"London Region 1277, UK",Yes,4.7,3965,https://www.visitlondonregion1277.com,"https://www.google.com/maps/search/Afghanistan,CultureLondon+Region+1277",Nightlife,Family,City Break
City,"Buenos Aires Region 1278, Argentina",295640,Cfa,1,"March - May, September - November",A major global urban destination in Argentina known for its tourism appeal.,17.04,"Buenos Aires Region 1278, Argentina",No,4.4,7455,https://www.visitbuenosairesregion1278.com,"https://www.google.com/maps/search/Afghanistan,CultureBuenos+Aires+Region+1278",City Break,Family,Culture & Museums
City,"Copenhagen Region 1279, Denmark",295345,Cfb,4,June - August,A major global urban destination in Denmark known for its tourism appeal.,16.02,"Copenhagen Region 1279, Denmark",No,4.2,6524,https://www.visitcopenhagenregion1279.com,"https://www.google.com/maps/search/Afghanistan,CultureCopenhagen+Region+1279",Nightlife,Family,Food & Wine
City,"Rome Region 1280, Italy",295050,Csa,3,"April - June, September - October",A major global urban destination in Italy known for its tourism appeal.,17.47,"Rome Region 1280, Italy",Yes,4.2,14412,https://www.visitromeregion1280.com,"https://www.google.com/maps/search/Afghanistan,CultureRome+Region+1280",Romantic,City Break,Family
City,"Amsterdam Region 1281, Netherlands",294754,Cfb,3,June - August,A major global urban destination in Netherlands known for its tourism appeal.,15.13,"Amsterdam Region 1281, Netherlands",Yes,4.2,4003,https://www.visitamsterdamregion1281.com,"https://www.google.com/maps/search/Afghanistan,CultureAmsterdam+Region+1281",Nightlife,Food & Wine,City Break
City,"Kuala Lumpur Region 1282, Malaysia",294460,Af,1,Year Round,A major global urban destination in Malaysia known for its tourism appeal.,15.36,"Kuala Lumpur Region 1282, Malaysia",No,4.2,4535,https://www.visitkualalumpurregion1282.com,"https://www.google.com/maps/search/Afghanistan,CultureKuala+Lumpur+Region+1282",Food & Wine,Nightlife,Romantic
City,"Buenos Aires Region 1283, Argentina",294165,Cfa,1,"March - May, September - November",A major global urban destination in Argentina known for its tourism appeal.,17.77,"Buenos Aires Region 1283, Argentina",No,4.6,7281,https://www.visitbuenosairesregion1283.com,"https://www.google.com/maps/search/Afghanistan,CultureBuenos+Aires+Region+1283",Food & Wine,Culture & Museums,Family
City,"New Delhi Region 1284, India",293871,BSh,1,October - March,A major global urban destination in India known for its tourism appeal.,17.28,"New Delhi Region 1284, India",Yes,4.5,6915,https://www.visitnewdelhiregion1284.com,"https://www.google.com/maps/search/Afghanistan,CultureNew+Delhi+Region+1284",Romantic,Nightlife,Family
City,"Cape Town Region 1285, South Africa",293577,Csb,2,May - September,A major global urban destination in South Africa known for its tourism appeal.,15.45,"Cape Town Region 1285, South Africa",No,3.9,9135,https://www.visitcapetownregion1285.com,"https://www.google.com/maps/search/Afghanistan,CultureCape+Town+Region+1285",Nightlife,City Break,Food & Wine
City,"Vienna Region 1286, Austria",293284,Cfb,3,June - August,A major global urban destination in Austria known for its tourism appeal.,16.3,"Vienna Region 1286, Austria",Yes,4.1,9463,https://www.visitviennaregion1286.com,"https://www.google.com/maps/search/Afghanistan,CultureVienna+Region+1286",City Break,Culture & Museums,Family
City,"Mecca Region 1287, Saudi Arabia",292990,BWh,2,November - March,A major global urban destination in Saudi Arabia known for its tourism appeal.,14.44,"Mecca Region 1287, Saudi Arabia",Yes,3.8,6304,https://www.visitmeccaregion1287.com,"https://www.google.com/maps/search/Afghanistan,CultureMecca+Region+1287",Food & Wine,Nightlife,City Break
City,"Las Vegas Region 1288, USA",292697,BWk,3,May - September,A major global urban destination in USA known for its tourism appeal.,16.71,"Las Vegas Region 1288, USA",No,4.3,7675,https://www.visitlasvegasregion1288.com,"https://www.google.com/maps/search/Afghanistan,CultureLas+Vegas+Region+1288",Romantic,City Break,Food & Wine
City,"Venice Region 1289, Italy",292405,Cfa,3,"March - May, September - November",A major global urban destination in Italy known for its tourism appeal.,17.51,"Venice Region 1289, Italy",Yes,4.3,11836,https://www.visitveniceregion1289.com,"https://www.google.com/maps/search/Afghanistan,CultureVenice+Region+1289",Nightlife,Romantic,Culture & Museums
City,"Hong Kong Region 1290, China",292112,Cwa,3,October - April,A major global urban destination in China known for its tourism appeal.,19.06,"Hong Kong Region 1290, China",No,4.8,9366,https://www.visithongkongregion1290.com,"https://www.google.com/maps/search/Afghanistan,CultureHong+Kong+Region+1290",Culture & Museums,Romantic,Food & Wine
City,"Vienna Region 1291, Austria",291820,Cfb,3,June - August,A major global urban destination in Austria known for its tourism appeal.,18.78,"Vienna Region 1291, Austria",No,4.6,12100,https://www.visitviennaregion1291.com,"https://www.google.com/maps/search/Afghanistan,CultureVienna+Region+1291",City Break,Culture & Museums,Romantic
City,"Jaipur Region 1292, India",291528,BSh,1,October - March,A major global urban destination in India known for its tourism appeal.,18.32,"Jaipur Region 1292, India",Yes,4.6,9613,https://www.visitjaipurregion1292.com,"https://www.google.com/maps/search/Afghanistan,CultureJaipur+Region+1292",City Break,Culture & Museums,Food & Wine
City,"Jerusalem Region 1293, Israel",291237,Csa,3,"April - June, September - October",A major global urban destination in Israel known for its tourism appeal.,16.0,"Jerusalem Region 1293, Israel",No,4.1,7974,https://www.visitjerusalemregion1293.com,"https://www.google.com/maps/search/Afghanistan,CultureJerusalem+Region+1293",Romantic,Food & Wine,Family
City,"Mexico City Region 1294, Mexico",290946,Cwb,1,April - October,A major global urban destination in Mexico known for its tourism appeal.,19.55,"Mexico City Region 1294, Mexico",No,4.8,11835,https://www.visitmexicocityregion1294.com,"https://www.google.com/maps/search/Afghanistan,CultureMexico+City+Region+1294",Romantic,Culture & Museums,City Break
City,"Florence Region 1295, Italy",290655,Cfa,3,"March - May, September - November",A major global urban destination in Italy known for its tourism appeal.,16.16,"Florence Region 1295, Italy",Yes,4.0,10951,https://www.visitflorenceregion1295.com,"https://www.google.com/maps/search/Afghanistan,CultureFlorence+Region+1295",Romantic,Nightlife,Food & Wine
City,"Ho Chi Minh City Region 1296, Vietnam",290364,Aw,1,November - April,A major global urban destination in Vietnam known for its tourism appeal.,16.62,"Ho Chi Minh City Region 1296, Vietnam",Yes,4.4,5995,https://www.visithochiminhcityregion1296.com,"https://www.google.com/maps/search/Afghanistan,CultureHo+Chi+Minh+City+Region+1296",City Break,Family,Romantic
City,"Rome Region 1297, Italy",290074,Csa,3,"April - June, September - October",A major global urban destination in Italy known for its tourism appeal.,15.3,"Rome Region 1297, Italy",No,4.0,6692,https://www.visitromeregion1297.com,"https://www.google.com/maps/search/Afghanistan,CultureRome+Region+1297",Family,Culture & Museums,Romantic
City,"Milan Region 1298, Italy",289784,Cfa,3,"March - May, September - November",A major global urban destination in Italy known for its tourism appeal.,17.05,"Milan Region 1298, Italy",Yes,4.4,7484,https://www.visitmilanregion1298.com,"https://www.google.com/maps/search/Afghanistan,CultureMilan+Region+1298",Romantic,Nightlife,Family
City,"Miami Region 1299, USA",289494,Am,3,December - March,A major global urban destination in USA known for its tourism appeal.,15.94,"Miami Region 1299, USA",No,4.1,7716,https://www.visitmiamiregion1299.com,"https://www.google.com/maps/search/Afghanistan,CultureMiami+Region+1299",City Break,Nightlife,Culture & Museums
City,"Phuket Region 1300, Thailand",289204,Am,1,December - March,A major global urban destination in Thailand known for its tourism appeal.,15.59,"Phuket Region 1300, Thailand",Yes,4.1,6330,https://www.visitphuketregion1300.com,"https://www.google.com/maps/search/Afghanistan,CulturePhuket+Region+1300",Family,Culture & Museums,Romantic
City,"Mexico City Region 1301, Mexico",288915,Cwb,1,April - October,A major global urban destination in Mexico known for its tourism appeal.,18.87,"Mexico City Region 1301, Mexico",No,4.9,7094,https://www.visitmexicocityregion1301.com,"https://www.google.com/maps/search/Afghanistan,CultureMexico+City+Region+1301",Nightlife,Romantic,Culture & Museums
City,"Sydney Region 1302, Australia",288626,Cfa,3,"March - May, September - November",A major global urban destination in Australia known for its tourism appeal.,14.27,"Sydney Region 1302, Australia",No,3.9,4572,https://www.visitsydneyregion1302.com,"https://www.google.com/maps/search/Afghanistan,CultureSydney+Region+1302",Family,Food & Wine,City Break
City,"Tokyo Region 1303, Japan",288337,Cfa,3,"March - May, September - November",A major global urban destination in Japan known for its tourism appeal.,16.56,"Tokyo Region 1303, Japan",No,4.0,13836,https://www.visittokyoregion1303.com,"https://www.google.com/maps/search/Afghanistan,CultureTokyo+Region+1303",City Break,Culture & Museums,Food & Wine
City,"Mecca Region 1304, Saudi Arabia",288049,BWh,2,November - March,A major global urban destination in Saudi Arabia known for its tourism appeal.,16.19,"Mecca Region 1304, Saudi Arabia",No,3.9,14174,https://www.visitmeccaregion1304.com,"https://www.google.com/maps/search/Afghanistan,CultureMecca+Region+1304",Nightlife,Romantic,Culture & Museums
City,"Los Angeles Region 1305, USA",287761,Csb,3,May - September,A major global urban destination in USA known for its tourism appeal.,15.06,"Los Angeles Region 1305, USA",No,3.8,9177,https://www.visitlosangelesregion1305.com,"https://www.google.com/maps/search/Afghanistan,CultureLos+Angeles+Region+1305",Romantic,Family,Nightlife
City,"Warsaw Region 1306, Poland",287473,Dfb,2,June - August,A major global urban destination in Poland known for its tourism appeal.,16.28,"Warsaw Region 1306, Poland",No,4.4,5023,https://www.visitwarsawregion1306.com,"https://www.google.com/maps/search/Afghanistan,CultureWarsaw+Region+1306",Culture & Museums,Romantic,Family
City,"Vancouver Region 1307, Canada",287186,Cfb,3,June - August,A major global urban destination in Canada known for its tourism appeal.,18.08,"Vancouver Region 1307, Canada",No,4.7,7024,https://www.visitvancouverregion1307.com,"https://www.google.com/maps/search/Afghanistan,CultureVancouver+Region+1307",Nightlife,Family,Food & Wine
City,"Seoul Region 1308, South Korea",286899,Dwa,2,May - October,A major global urban destination in South Korea known for its tourism appeal.,16.77,"Seoul Region 1308, South Korea",No,4.1,12276,https://www.visitseoulregion1308.com,"https://www.google.com/maps/search/Afghanistan,CultureSeoul+Region+1308",Culture & Museums,Food & Wine,Nightlife
City,"Antalya Region 1309, Turkey",286612,Csa,1,"April - June, September - October",A major global urban destination in Turkey known for its tourism appeal.,13.88,"Antalya Region 1309, Turkey",Yes,3.8,4495,https://www.visitantalyaregion1309.com,"https://www.google.com/maps/search/Afghanistan,CultureAntalya+Region+1309",Food & Wine,Culture & Museums,Nightlife
City,"Tokyo Region 1310, Japan",286325,Cfa,3,"March - May, September - November",A major global urban destination in Japan known for its tourism appeal.,16.67,"Tokyo Region 1310, Japan",Yes,4.1,11651,https://www.visittokyoregion1310.com,"https://www.google.com/maps/search/Afghanistan,CultureTokyo+Region+1310",Nightlife,Romantic,Family
City,"Copenhagen Region 1311, Denmark",286039,Cfb,4,June - August,A major global urban destination in Denmark known for its tourism appeal.,18.81,"Copenhagen Region 1311, Denmark",Yes,4.8,8288,https://www.visitcopenhagenregion1311.com,"https://www.google.com/maps/search/Afghanistan,CultureCopenhagen+Region+1311",City Break,Nightlife,Culture & Museums
City,"Madrid Region 1312, Spain",285753,Csa,2,"April - June, September - October",A major global urban destination in Spain known for its tourism appeal.,18.42,"Madrid Region 1312, Spain",No,4.8,6882,https://www.visitmadridregion1312.com,"https://www.google.com/maps/search/Afghanistan,CultureMadrid+Region+1312",Romantic,City Break,Family
City,"Kyoto Region 1313, Japan",285467,Cfa,2,"March - May, September - November",A major global urban destination in Japan known for its tourism appeal.,16.26,"Kyoto Region 1313, Japan",Yes,4.1,9263,https://www.visitkyotoregion1313.com,"https://www.google.com/maps/search/Afghanistan,CultureKyoto+Region+1313",City Break,Food & Wine,Romantic
City,"San Francisco Region 1314, USA",285182,Csb,4,May - September,A major global urban destination in USA known for its tourism appeal.,19.45,"San Francisco Region 1314, USA",Yes,4.7,13727,https://www.visitsanfranciscoregion1314.com,"https://www.google.com/maps/search/Afghanistan,CultureSan+Francisco+Region+1314",City Break,Family,Romantic
City,"Las Vegas Region 1315, USA",284896,BWk,3,May - September,A major global urban destination in USA known for its tourism appeal.,18.23,"Las Vegas Region 1315, USA",No,4.5,11237,https://www.visitlasvegasregion1315.com,"https://www.google.com/maps/search/Afghanistan,CultureLas+Vegas+Region+1315",Romantic,Culture & Museums,Nightlife
City,"Mecca Region 1316, Saudi Arabia",284612,BWh,2,November - March,A major global urban destination in Saudi Arabia known for its tourism appeal.,17.37,"Mecca Region 1316, Saudi Arabia",No,4.3,10967,https://www.visitmeccaregion1316.com,"https://www.google.com/maps/search/Afghanistan,CultureMecca+Region+1316",Culture & Museums,Food & Wine,Nightlife
City,"Athens Region 1317, Greece",284327,Csa,2,"April - June, September - October",A major global urban destination in Greece known for its tourism appeal.,18.07,"Athens Region 1317, Greece",No,4.7,6998,https://www.visitathensregion1317.com,"https://www.google.com/maps/search/Afghanistan,CultureAthens+Region+1317",City Break,Food & Wine,Family
City,"Zurich Region 1318, Switzerland",284043,Cfb,4,June - August,A major global urban destination in Switzerland known for its tourism appeal.,15.31,"Zurich Region 1318, Switzerland",Yes,4.1,5429,https://www.visitzurichregion1318.com,"https://www.google.com/maps/search/Afghanistan,CultureZurich+Region+1318",Nightlife,Culture & Museums,Romantic
City,"Paris Region 1319, France",283759,Cfb,3,June - August,A major global urban destination in France known for its tourism appeal.,16.14,"Paris Region 1319, France",Yes,3.9,13790,https://www.visitparisregion1319.com,"https://www.google.com/maps/search/Afghanistan,CultureParis+Region+1319",Family,Culture & Museums,Nightlife
City,"Vienna Region 1320, Austria",283475,Cfb,3,June - August,A major global urban destination in Austria known for its tourism appeal.,19.58,"Vienna Region 1320, Austria",No,4.8,12013,https://www.visitviennaregion1320.com,"https://www.google.com/maps/search/Afghanistan,CultureVienna+Region+1320",Food & Wine,Nightlife,Family
City,"Shanghai Region 1321, China",283191,Cfa,2,"March - May, September - November",A major global urban destination in China known for its tourism appeal.,17.75,"Shanghai Region 1321, China",Yes,4.3,13450,https://www.visitshanghairegion1321.com,"https://www.google.com/maps/search/Afghanistan,CultureShanghai+Region+1321",City Break,Culture & Museums,Romantic
City,"Kyoto Region 1322, Japan",282908,Cfa,2,"March - May, September - November",A major global urban destination in Japan known for its tourism appeal.,15.99,"Kyoto Region 1322, Japan",No,4.5,3568,https://www.visitkyotoregion1322.com,"https://www.google.com/maps/search/Afghanistan,CultureKyoto+Region+1322",Nightlife,Culture & Museums,Romantic
City,"Istanbul Region 1323, Turkey",282625,Csa,1,"April - June, September - October",A major global urban destination in Turkey known for its tourism appeal.,15.87,"Istanbul Region 1323, Turkey",Yes,4.1,7446,https://www.visitistanbulregion1323.com,"https://www.google.com/maps/search/Afghanistan,CultureIstanbul+Region+1323",Food & Wine,Romantic,City Break
City,"Toronto Region 1324, Canada",282343,Dfa,3,May - September,A major global urban destination in Canada known for its tourism appeal.,14.22,"Toronto Region 1324, Canada",No,4.1,2932,https://www.visittorontoregion1324.com,"https://www.google.com/maps/search/Afghanistan,CultureToronto+Region+1324",Family,City Break,Food & Wine
City,"Kyoto Region 1325, Japan",282060,Cfa,2,"March - May, September - November",A major global urban destination in Japan known for its tourism appeal.,18.17,"Kyoto Region 1325, Japan",Yes,4.5,10887,https://www.visitkyotoregion1325.com,"https://www.google.com/maps/search/Afghanistan,CultureKyoto+Region+1325",Nightlife,City Break,Food & Wine
City,"Kyoto Region 1326, Japan",281778,Cfa,2,"March - May, September - November",A major global urban destination in Japan known for its tourism appeal.,15.68,"Kyoto Region 1326, Japan",No,4.3,4427,https://www.visitkyotoregion1326.com,"https://www.google.com/maps/search/Afghanistan,CultureKyoto+Region+1326",Food & Wine,Family,Culture & Museums
City,"Pattaya Region 1327, Thailand",281496,Aw,1,November - April,A major global urban destination in Thailand known for its tourism appeal.,15.06,"Pattaya Region 1327, Thailand",Yes,4.0,5836,https://www.visitpattayaregion1327.com,"https://www.google.com/maps/search/Afghanistan,CulturePattaya+Region+1327",Culture & Museums,Romantic,Family
City,"Cairo Region 1328, Egypt",281215,BWh,1,November - March,A major global urban destination in Egypt known for its tourism appeal.,18.86,"Cairo Region 1328, Egypt",No,4.7,10274,https://www.visitcairoregion1328.com,"https://www.google.com/maps/search/Afghanistan,CultureCairo+Region+1328",Family,Nightlife,Culture & Museums
City,"Sydney Region 1329, Australia",280934,Cfa,3,"March - May, September - November",A major global urban destination in Australia known for its tourism appeal.,17.03,"Sydney Region 1329, Australia",No,4.7,4210,https://www.visitsydneyregion1329.com,"https://www.google.com/maps/search/Afghanistan,CultureSydney+Region+1329",City Break,Romantic,Food & Wine
City,"Toronto Region 1330, Canada",280653,Dfa,3,May - September,A major global urban destination in Canada known for its tourism appeal.,15.37,"Toronto Region 1330, Canada",No,3.8,11118,https://www.visittorontoregion1330.com,"https://www.google.com/maps/search/Afghanistan,CultureToronto+Region+1330",Food & Wine,Culture & Museums,Romantic
City,"Jaipur Region 1331, India",280372,BSh,1,October - March,A major global urban destination in India known for its tourism appeal.,18.4,"Jaipur Region 1331, India",No,4.6,10012,https://www.visitjaipurregion1331.com,"https://www.google.com/maps/search/Afghanistan,CultureJaipur+Region+1331",Family,Food & Wine,Culture & Museums
City,"Milan Region 1332, Italy",280092,Cfa,3,"March - May, September - November",A major global urban destination in Italy known for its tourism appeal.,17.03,"Milan Region 1332, Italy",Yes,4.3,9120,https://www.visitmilanregion1332.com,"https://www.google.com/maps/search/Afghanistan,CultureMilan+Region+1332",Nightlife,Food & Wine,Culture & Museums
City,"Berlin Region 1333, Germany",279812,Cfb,2,June - August,A major global urban destination in Germany known for its tourism appeal.,16.32,"Berlin Region 1333, Germany",No,4.2,7693,https://www.visitberlinregion1333.com,"https://www.google.com/maps/search/Afghanistan,CultureBerlin+Region+1333",Culture & Museums,Romantic,Food & Wine
City,"Pattaya Region 1334, Thailand",279532,Aw,1,November - April,A major global urban destination in Thailand known for its tourism appeal.,15.37,"Pattaya Region 1334, Thailand",Yes,4.4,3105,https://www.visitpattayaregion1334.com,"https://www.google.com/maps/search/Afghanistan,CulturePattaya+Region+1334",Culture & Museums,Romantic,Nightlife
City,"Jerusalem Region 1335, Israel",279252,Csa,3,"April - June, September - October",A major global urban destination in Israel known for its tourism appeal.,16.04,"Jerusalem Region 1335, Israel",Yes,4.0,10257,https://www.visitjerusalemregion1335.com,"https://www.google.com/maps/search/Afghanistan,CultureJerusalem+Region+1335",City Break,Culture & Museums,Romantic
City,"Venice Region 1336, Italy",278973,Cfa,3,"March - May, September - November",A major global urban destination in Italy known for its tourism appeal.,17.91,"Venice Region 1336, Italy",Yes,4.6,7810,https://www.visitveniceregion1336.com,"https://www.google.com/maps/search/Afghanistan,CultureVenice+Region+1336",Culture & Museums,Family,Nightlife
City,"Milan Region 1337, Italy",278694,Cfa,3,"March - May, September - November",A major global urban destination in Italy known for its tourism appeal.,18.82,"Milan Region 1337, Italy",No,4.9,6930,https://www.visitmilanregion1337.com,"https://www.google.com/maps/search/Afghanistan,CultureMilan+Region+1337",City Break,Romantic,Family
City,"Seoul Region 1338, South Korea",278415,Dwa,2,May - October,A major global urban destination in South Korea known for its tourism appeal.,17.29,"Seoul Region 1338, South Korea",Yes,4.4,8522,https://www.visitseoulregion1338.com,"https://www.google.com/maps/search/Afghanistan,CultureSeoul+Region+1338",Nightlife,Family,City Break
City,"Lisbon Region 1339, Portugal",278137,Csa,2,"April - June, September - October",A major global urban destination in Portugal known for its tourism appeal.,19.07,"Lisbon Region 1339, Portugal",Yes,4.9,7782,https://www.visitlisbonregion1339.com,"https://www.google.com/maps/search/Afghanistan,CultureLisbon+Region+1339",City Break,Romantic,Culture & Museums
City,"Palma de Mallorca Region 1340, Spain",277859,Csa,2,"April - June, September - October",A major global urban destination in Spain known for its tourism appeal.,16.23,"Palma de Mallorca Region 1340, Spain",No,4.0,11392,https://www.visitpalmademallorcaregion1340.com,"https://www.google.com/maps/search/Afghanistan,CulturePalma+de+Mallorca+Region+1340",Family,City Break,Culture & Museums
City,"Shanghai Region 1341, China",277581,Cfa,2,"March - May, September - November",A major global urban destination in China known for its tourism appeal.,17.93,"Shanghai Region 1341, China",Yes,4.6,7893,https://www.visitshanghairegion1341.com,"https://www.google.com/maps/search/Afghanistan,CultureShanghai+Region+1341",Culture & Museums,Nightlife,Food & Wine
City,"Prague Region 1342, Czech Republic",277303,Cfb,2,June - August,A major global urban destination in Czech Republic known for its tourism appeal.,19.05,"Prague Region 1342, Czech Republic",No,4.8,9298,https://www.visitpragueregion1342.com,"https://www.google.com/maps/search/Afghanistan,CulturePrague+Region+1342",City Break,Food & Wine,Romantic
City,"Dublin Region 1343, Ireland",277026,Cfb,3,June - August,A major global urban destination in Ireland known for its tourism appeal.,15.56,"Dublin Region 1343, Ireland",Yes,3.9,9777,https://www.visitdublinregion1343.com,"https://www.google.com/maps/search/Afghanistan,CultureDublin+Region+1343",Romantic,City Break,Family
City,"Berlin Region 1344, Germany",276749,Cfb,2,June - August,A major global urban destination in Germany known for its tourism appeal.,15.36,"Berlin Region 1344, Germany",Yes,3.8,11030,https://www.visitberlinregion1344.com,"https://www.google.com/maps/search/Afghanistan,CultureBerlin+Region+1344",Family,Culture & Museums,Nightlife
City,"Barcelona Region 1345, Spain",276472,Csa,2,"April - June, September - October",A major global urban destination in Spain known for its tourism appeal.,17.44,"Barcelona Region 1345, Spain",No,4.5,7494,https://www.visitbarcelonaregion1345.com,"https://www.google.com/maps/search/Afghanistan,CultureBarcelona+Region+1345",Culture & Museums,City Break,Nightlife
City,"Mumbai Region 1346, India",276196,Aw,1,November - April,A major global urban destination in India known for its tourism appeal.,14.46,"Mumbai Region 1346, India",Yes,3.9,5101,https://www.visitmumbairegion1346.com,"https://www.google.com/maps/search/Afghanistan,CultureMumbai+Region+1346",Culture & Museums,Nightlife,Romantic
City,"Miami Region 1347, USA",275920,Am,3,December - March,A major global urban destination in USA known for its tourism appeal.,18.33,"Miami Region 1347, USA",No,4.5,11819,https://www.visitmiamiregion1347.com,"https://www.google.com/maps/search/Afghanistan,CultureMiami+Region+1347",Romantic,City Break,Food & Wine
City,"Berlin Region 1348, Germany",275644,Cfb,2,June - August,A major global urban destination in Germany known for its tourism appeal.,14.4,"Berlin Region 1348, Germany",Yes,3.9,4928,https://www.visitberlinregion1348.com,"https://www.google.com/maps/search/Afghanistan,CultureBerlin+Region+1348",Family,Romantic,Food & Wine
City,"Hanoi Region 1349, Vietnam",275368,Cwa,1,October - April,A major global urban destination in Vietnam known for its tourism appeal.,18.1,"Hanoi Region 1349, Vietnam",Yes,4.8,5894,https://www.visithanoiregion1349.com,"https://www.google.com/maps/search/Afghanistan,CultureHanoi+Region+1349",Romantic,Culture & Museums,Family
City,"Barcelona Region 1350, Spain",275093,Csa,2,"April - June, September - October",A major global urban destination in Spain known for its tourism appeal.,14.83,"Barcelona Region 1350, Spain",No,3.8,7988,https://www.visitbarcelonaregion1350.com,"https://www.google.com/maps/search/Afghanistan,CultureBarcelona+Region+1350",Food & Wine,City Break,Culture & Museums
City,"Sydney Region 1351, Australia",274818,Cfa,3,"March - May, September - November",A major global urban destination in Australia known for its tourism appeal.,15.24,"Sydney Region 1351, Australia",Yes,4.3,3500,https://www.visitsydneyregion1351.com,"https://www.google.com/maps/search/Afghanistan,CultureSydney+Region+1351",Family,Romantic,Food & Wine
City,"Madrid Region 1352, Spain",274543,Csa,2,"April - June, September - October",A major global urban destination in Spain known for its tourism appeal.,15.41,"Madrid Region 1352, Spain",No,4.2,4678,https://www.visitmadridregion1352.com,"https://www.google.com/maps/search/Afghanistan,CultureMadrid+Region+1352",Family,City Break,Nightlife
City,"Berlin Region 1353, Germany",274268,Cfb,2,June - August,A major global urban destination in Germany known for its tourism appeal.,18.9,"Berlin Region 1353, Germany",No,4.8,8654,https://www.visitberlinregion1353.com,"https://www.google.com/maps/search/Afghanistan,CultureBerlin+Region+1353",Culture & Museums,Family,Romantic
City,"Warsaw Region 1354, Poland",273994,Dfb,2,June - August,A major global urban destination in Poland known for its tourism appeal.,18.09,"Warsaw Region 1354, Poland",Yes,4.6,8548,https://www.visitwarsawregion1354.com,"https://www.google.com/maps/search/Afghanistan,CultureWarsaw+Region+1354",City Break,Food & Wine,Culture & Museums
City,"Las Vegas Region 1355, USA",273720,BWk,3,May - September,A major global urban destination in USA known for its tourism appeal.,14.84,"Las Vegas Region 1355, USA",No,3.8,8039,https://www.visitlasvegasregion1355.com,"https://www.google.com/maps/search/Afghanistan,CultureLas+Vegas+Region+1355",Food & Wine,Family,City Break
City,"Amsterdam Region 1356, Netherlands",273446,Cfb,3,June - August,A major global urban destination in Netherlands known for its tourism appeal.,18.86,"Amsterdam Region 1356, Netherlands",Yes,4.8,8495,https://www.visitamsterdamregion1356.com,"https://www.google.com/maps/search/Afghanistan,CultureAmsterdam+Region+1356",Food & Wine,Nightlife,Family
City,"Hong Kong Region 1357, China",273173,Cwa,3,October - April,A major global urban destination in China known for its tourism appeal.,19.6,"Hong Kong Region 1357, China",Yes,4.8,12112,https://www.visithongkongregion1357.com,"https://www.google.com/maps/search/Afghanistan,CultureHong+Kong+Region+1357",Food & Wine,Nightlife,Culture & Museums
City,"Bali Region 1358, Indonesia",272900,Aw,1,November - April,A major global urban destination in Indonesia known for its tourism appeal.,16.32,"Bali Region 1358, Indonesia",No,4.3,6240,https://www.visitbaliregion1358.com,"https://www.google.com/maps/search/Afghanistan,CultureBali+Region+1358",Food & Wine,City Break,Culture & Museums
City,"Sydney Region 1359, Australia",272627,Cfa,3,"March - May, September - November",A major global urban destination in Australia known for its tourism appeal.,18.42,"Sydney Region 1359, Australia",Yes,4.7,8286,https://www.visitsydneyregion1359.com,"https://www.google.com/maps/search/Afghanistan,CultureSydney+Region+1359",Food & Wine,Romantic,City Break
City,"Munich Region 1360, Germany",272354,Cfb,3,June - August,A major global urban destination in Germany known for its tourism appeal.,18.3,"Munich Region 1360, Germany",No,4.7,7811,https://www.visitmunichregion1360.com,"https://www.google.com/maps/search/Afghanistan,CultureMunich+Region+1360",Romantic,Culture & Museums,Family
City,"Hanoi Region 1361, Vietnam",272082,Cwa,1,October - April,A major global urban destination in Vietnam known for its tourism appeal.,15.92,"Hanoi Region 1361, Vietnam",No,3.9,12061,https://www.visithanoiregion1361.com,"https://www.google.com/maps/search/Afghanistan,CultureHanoi+Region+1361",Romantic,City Break,Family
City,"Jerusalem Region 1362, Israel",271810,Csa,3,"April - June, September - October",A major global urban destination in Israel known for its tourism appeal.,16.41,"Jerusalem Region 1362, Israel",No,4.0,12662,https://www.visitjerusalemregion1362.com,"https://www.google.com/maps/search/Afghanistan,CultureJerusalem+Region+1362",Culture & Museums,City Break,Nightlife
City,"Madrid Region 1363, Spain",271538,Csa,2,"April - June, September - October",A major global urban destination in Spain known for its tourism appeal.,16.78,"Madrid Region 1363, Spain",Yes,4.3,7970,https://www.visitmadridregion1363.com,"https://www.google.com/maps/search/Afghanistan,CultureMadrid+Region+1363",Family,Romantic,Culture & Museums
City,"Vienna Region 1364, Austria",271266,Cfb,3,June - August,A major global urban destination in Austria known for its tourism appeal.,17.44,"Vienna Region 1364, Austria",Yes,4.3,11366,https://www.visitviennaregion1364.com,"https://www.google.com/maps/search/Afghanistan,CultureVienna+Region+1364",Family,Culture & Museums,Nightlife
City,"Buenos Aires Region 1365, Argentina",270995,Cfa,1,"March - May, September - November",A major global urban destination in Argentina known for its tourism appeal.,15.85,"Buenos Aires Region 1365, Argentina",No,4.1,7345,https://www.visitbuenosairesregion1365.com,"https://www.google.com/maps/search/Afghanistan,CultureBuenos+Aires+Region+1365",City Break,Culture & Museums,Family
City,"Toronto Region 1366, Canada",270724,Dfa,3,May - September,A major global urban destination in Canada known for its tourism appeal.,15.96,"Toronto Region 1366, Canada",No,4.0,9747,https://www.visittorontoregion1366.com,"https://www.google.com/maps/search/Afghanistan,CultureToronto+Region+1366",Romantic,Culture & Museums,Nightlife
City,"Bangkok Region 1367, Thailand",270453,Aw,1,November - April,A major global urban destination in Thailand known for its tourism appeal.,17.96,"Bangkok Region 1367, Thailand",No,4.7,6626,https://www.visitbangkokregion1367.com,"https://www.google.com/maps/search/Afghanistan,CultureBangkok+Region+1367",Nightlife,Culture & Museums,City Break
City,"Stockholm Region 1368, Sweden",270183,Dfb,4,June - August,A major global urban destination in Sweden known for its tourism appeal.,18.62,"Stockholm Region 1368, Sweden",No,4.8,7573,https://www.visitstockholmregion1368.com,"https://www.google.com/maps/search/Afghanistan,CultureStockholm+Region+1368",Nightlife,City Break,Culture & Museums
City,"New Delhi Region 1369, India",269913,BSh,1,October - March,A major global urban destination in India known for its tourism appeal.,19.38,"New Delhi Region 1369, India",Yes,4.7,13312,https://www.visitnewdelhiregion1369.com,"https://www.google.com/maps/search/Afghanistan,CultureNew+Delhi+Region+1369",Nightlife,Family,Culture & Museums
City,"Bangalore Region 1370, India",269643,Aw,1,November - April,A major global urban destination in India known for its tourism appeal.,14.4,"Bangalore Region 1370, India",No,4.0,3982,https://www.visitbangaloreregion1370.com,"https://www.google.com/maps/search/Afghanistan,CultureBangalore+Region+1370",Family,Culture & Museums,City Break
City,"Osaka Region 1371, Japan",269373,Cfa,2,"March - May, September - November",A major global urban destination in Japan known for its tourism appeal.,15.98,"Osaka Region 1371, Japan",Yes,3.9,12523,https://www.visitosakaregion1371.com,"https://www.google.com/maps/search/Afghanistan,CultureOsaka+Region+1371",Food & Wine,City Break,Culture & Museums
City,"Kyoto Region 1372, Japan",269104,Cfa,2,"March - May, September - November",A major global urban destination in Japan known for its tourism appeal.,19.48,"Kyoto Region 1372, Japan",No,4.8,11445,https://www.visitkyotoregion1372.com,"https://www.google.com/maps/search/Afghanistan,CultureKyoto+Region+1372",Romantic,Food & Wine,Nightlife
City,"Zurich Region 1373, Switzerland",268835,Cfb,4,June - August,A major global urban destination in Switzerland known for its tourism appeal.,18.51,"Zurich Region 1373, Switzerland",No,4.7,8688,https://www.visitzurichregion1373.com,"https://www.google.com/maps/search/Afghanistan,CultureZurich+Region+1373",Family,Culture & Museums,Food & Wine
City,"Budapest Region 1374, Hungary",268566,Cfb,2,June - August,A major global urban destination in Hungary known for its tourism appeal.,18.49,"Budapest Region 1374, Hungary",No,4.6,10481,https://www.visitbudapestregion1374.com,"https://www.google.com/maps/search/Afghanistan,CultureBudapest+Region+1374",Food & Wine,Family,Romantic
City,"Paris Region 1375, France",268297,Cfb,3,June - August,A major global urban destination in France known for its tourism appeal.,17.06,"Paris Region 1375, France",Yes,4.5,6191,https://www.visitparisregion1375.com,"https://www.google.com/maps/search/Afghanistan,CultureParis+Region+1375",Nightlife,Family,Culture & Museums
City,"Marrakech Region 1376, Morocco",268029,BSh,1,October - March,A major global urban destination in Morocco known for its tourism appeal.,19.28,"Marrakech Region 1376, Morocco",Yes,4.7,12630,https://www.visitmarrakechregion1376.com,"https://www.google.com/maps/search/Afghanistan,CultureMarrakech+Region+1376",Romantic,Culture & Museums,Family
City,"Jaipur Region 1377, India",267761,BSh,1,October - March,A major global urban destination in India known for its tourism appeal.,17.57,"Jaipur Region 1377, India",Yes,4.3,12205,https://www.visitjaipurregion1377.com,"https://www.google.com/maps/search/Afghanistan,CultureJaipur+Region+1377",Romantic,Culture & Museums,City Break
City,"Ho Chi Minh City Region 1378, Vietnam",267493,Aw,1,November - April,A major global urban destination in Vietnam known for its tourism appeal.,15.34,"Ho Chi Minh City Region 1378, Vietnam",Yes,3.9,8595,https://www.visithochiminhcityregion1378.com,"https://www.google.com/maps/search/Afghanistan,CultureHo+Chi+Minh+City+Region+1378",Family,Nightlife,Culture & Museums
City,"Ho Chi Minh City Region 1379, Vietnam",267226,Aw,1,November - April,A major global urban destination in Vietnam known for its tourism appeal.,17.66,"Ho Chi Minh City Region 1379, Vietnam",No,4.5,8405,https://www.visithochiminhcityregion1379.com,"https://www.google.com/maps/search/Afghanistan,CultureHo+Chi+Minh+City+Region+1379",Family,Romantic,Culture & Museums
City,"Antalya Region 1380, Turkey",266958,Csa,1,"April - June, September - October",A major global urban destination in Turkey known for its tourism appeal.,18.91,"Antalya Region 1380, Turkey",No,4.6,12880,https://www.visitantalyaregion1380.com,"https://www.google.com/maps/search/Afghanistan,CultureAntalya+Region+1380",City Break,Family,Culture & Museums
City,"Lisbon Region 1381, Portugal",266691,Csa,2,"April - June, September - October",A major global urban destination in Portugal known for its tourism appeal.,16.78,"Lisbon Region 1381, Portugal",Yes,4.1,12411,https://www.visitlisbonregion1381.com,"https://www.google.com/maps/search/Afghanistan,CultureLisbon+Region+1381",Culture & Museums,Romantic,Family
City,"Seoul Region 1382, South Korea",266425,Dwa,2,May - October,A major global urban destination in South Korea known for its tourism appeal.,17.23,"Seoul Region 1382, South Korea",Yes,4.8,3890,https://www.visitseoulregion1382.com,"https://www.google.com/maps/search/Afghanistan,CultureSeoul+Region+1382",Family,Nightlife,Food & Wine
City,"Buenos Aires Region 1383, Argentina",266158,Cfa,1,"March - May, September - November",A major global urban destination in Argentina known for its tourism appeal.,17.93,"Buenos Aires Region 1383, Argentina",No,4.5,9658,https://www.visitbuenosairesregion1383.com,"https://www.google.com/maps/search/Afghanistan,CultureBuenos+Aires+Region+1383",Nightlife,Family,Romantic
City,"Osaka Region 1384, Japan",265892,Cfa,2,"March - May, September - November",A major global urban destination in Japan known for its tourism appeal.,16.88,"Osaka Region 1384, Japan",Yes,4.1,13107,https://www.visitosakaregion1384.com,"https://www.google.com/maps/search/Afghanistan,CultureOsaka+Region+1384",Family,Romantic,Culture & Museums
City,"Kyoto Region 1385, Japan",265626,Cfa,2,"March - May, September - November",A major global urban destination in Japan known for its tourism appeal.,18.68,"Kyoto Region 1385, Japan",Yes,4.7,9444,https://www.visitkyotoregion1385.com,"https://www.google.com/maps/search/Afghanistan,CultureKyoto+Region+1385",Romantic,Culture & Museums,Family
City,"Mexico City Region 1386, Mexico",265361,Cwb,1,April - October,A major global urban destination in Mexico known for its tourism appeal.,14.7,"Mexico City Region 1386, Mexico",Yes,4.0,4723,https://www.visitmexicocityregion1386.com,"https://www.google.com/maps/search/Afghanistan,CultureMexico+City+Region+1386",Nightlife,Food & Wine,Romantic
City,"Rio de Janeiro Region 1387, Brazil",265095,Aw,1,November - April,A major global urban destination in Brazil known for its tourism appeal.,18.73,"Rio de Janeiro Region 1387, Brazil",Yes,4.6,11772,https://www.visitriodejaneiroregion1387.com,"https://www.google.com/maps/search/Afghanistan,CultureRio+de+Janeiro+Region+1387",Nightlife,City Break,Family
City,"Florence Region 1388, Italy",264830,Cfa,3,"March - May, September - November",A major global urban destination in Italy known for its tourism appeal.,16.47,"Florence Region 1388, Italy",Yes,4.0,13125,https://www.visitflorenceregion1388.com,"https://www.google.com/maps/search/Afghanistan,CultureFlorence+Region+1388",Food & Wine,Family,Nightlife
City,"Athens Region 1389, Greece",264565,Csa,2,"April - June, September - October",A major global urban destination in Greece known for its tourism appeal.,16.76,"Athens Region 1389, Greece",No,4.5,5291,https://www.visitathensregion1389.com,"https://www.google.com/maps/search/Afghanistan,CultureAthens+Region+1389",City Break,Family,Culture & Museums
City,"Madrid Region 1390, Spain",264301,Csa,2,"April - June, September - October",A major global urban destination in Spain known for its tourism appeal.,18.4,"Madrid Region 1390, Spain",No,4.7,8209,https://www.visitmadridregion1390.com,"https://www.google.com/maps/search/Afghanistan,CultureMadrid+Region+1390",Food & Wine,Culture & Museums,Romantic
City,"Marrakech Region 1391, Morocco",264037,BSh,1,October - March,A major global urban destination in Morocco known for its tourism appeal.,16.74,"Marrakech Region 1391, Morocco",No,4.3,7816,https://www.visitmarrakechregion1391.com,"https://www.google.com/maps/search/Afghanistan,CultureMarrakech+Region+1391",Romantic,Culture & Museums,City Break
City,"Milan Region 1392, Italy",263772,Cfa,3,"March - May, September - November",A major global urban destination in Italy known for its tourism appeal.,19.35,"Milan Region 1392, Italy",No,4.7,13067,https://www.visitmilanregion1392.com,"https://www.google.com/maps/search/Afghanistan,CultureMilan+Region+1392",City Break,Culture & Museums,Family
City,"Dublin Region 1393, Ireland",263509,Cfb,3,June - August,A major global urban destination in Ireland known for its tourism appeal.,15.62,"Dublin Region 1393, Ireland",No,3.9,10146,https://www.visitdublinregion1393.com,"https://www.google.com/maps/search/Afghanistan,CultureDublin+Region+1393",Culture & Museums,Romantic,Food & Wine
City,"Cape Town Region 1394, South Africa",263245,Csb,2,May - September,A major global urban destination in South Africa known for its tourism appeal.,16.5,"Cape Town Region 1394, South Africa",No,4.1,10594,https://www.visitcapetownregion1394.com,"https://www.google.com/maps/search/Afghanistan,CultureCape+Town+Region+1394",Culture & Museums,Nightlife,Family
City,"Mecca Region 1395, Saudi Arabia",262982,BWh,2,November - March,A major global urban destination in Saudi Arabia known for its tourism appeal.,16.18,"Mecca Region 1395, Saudi Arabia",No,4.0,11108,https://www.visitmeccaregion1395.com,"https://www.google.com/maps/search/Afghanistan,CultureMecca+Region+1395",City Break,Food & Wine,Family
City,"Warsaw Region 1396, Poland",262719,Dfb,2,June - August,A major global urban destination in Poland known for its tourism appeal.,19.31,"Warsaw Region 1396, Poland",No,4.7,12869,https://www.visitwarsawregion1396.com,"https://www.google.com/maps/search/Afghanistan,CultureWarsaw+Region+1396",Food & Wine,Culture & Museums,Family
City,"Marrakech Region 1397, Morocco",262456,BSh,1,October - March,A major global urban destination in Morocco known for its tourism appeal.,19.03,"Marrakech Region 1397, Morocco",No,4.7,11208,https://www.visitmarrakechregion1397.com,"https://www.google.com/maps/search/Afghanistan,CultureMarrakech+Region+1397",Romantic,City Break,Culture & Museums
City,"Dublin Region 1398, Ireland",262194,Cfb,3,June - August,A major global urban destination in Ireland known for its tourism appeal.,15.16,"Dublin Region 1398, Ireland",No,4.1,4972,https://www.visitdublinregion1398.com,"https://www.google.com/maps/search/Afghanistan,CultureDublin+Region+1398",Culture & Museums,Romantic,Food & Wine
City,"Florence Region 1399, Italy",261932,Cfa,3,"March - May, September - November",A major global urban destination in Italy known for its tourism appeal.,16.75,"Florence Region 1399, Italy",No,4.4,6408,https://www.visitflorenceregion1399.com,"https://www.google.com/maps/search/Afghanistan,CultureFlorence+Region+1399",Food & Wine,Nightlife,Culture & Museums
City,"Taipei Region 1400, Taiwan",261670,Cfa,2,"March - May, September - November",A major global urban destination in Taiwan known for its tourism appeal.,19.03,"Taipei Region 1400, Taiwan",No,4.8,9222,https://www.visittaipeiregion1400.com,"https://www.google.com/maps/search/Afghanistan,CultureTaipei+Region+1400",Food & Wine,Nightlife,Romantic
City,"Cape Town Region 1401, South Africa",261408,Csb,2,May - September,A major global urban destination in South Africa known for its tourism appeal.,18.84,"Cape Town Region 1401, South Africa",Yes,4.7,10174,https://www.visitcapetownregion1401.com,"https://www.google.com/maps/search/Afghanistan,CultureCape+Town+Region+1401",Nightlife,City Break,Food & Wine
City,"Jaipur Region 1402, India",261147,BSh,1,October - March,A major global urban destination in India known for its tourism appeal.,18.27,"Jaipur Region 1402, India",Yes,4.5,11494,https://www.visitjaipurregion1402.com,"https://www.google.com/maps/search/Afghanistan,CultureJaipur+Region+1402",Nightlife,Family,Food & Wine
City,"Bangalore Region 1403, India",260885,Aw,1,November - April,A major global urban destination in India known for its tourism appeal.,14.87,"Bangalore Region 1403, India",No,3.9,6480,https://www.visitbangaloreregion1403.com,"https://www.google.com/maps/search/Afghanistan,CultureBangalore+Region+1403",Culture & Museums,Nightlife,City Break
City,"Singapore Region 1404, Singapore",260625,Af,4,Year Round,A major global urban destination in Singapore known for its tourism appeal.,15.99,"Singapore Region 1404, Singapore",Yes,4.0,9957,https://www.visitsingaporeregion1404.com,"https://www.google.com/maps/search/Afghanistan,CultureSingapore+Region+1404",Romantic,Culture & Museums,Nightlife
City,"Budapest Region 1405, Hungary",260364,Cfb,2,June - August,A major global urban destination in Hungary known for its tourism appeal.,17.1,"Budapest Region 1405, Hungary",No,4.4,7697,https://www.visitbudapestregion1405.com,"https://www.google.com/maps/search/Afghanistan,CultureBudapest+Region+1405",Culture & Museums,Nightlife,City Break
City,"Kyoto Region 1406, Japan",260104,Cfa,2,"March - May, September - November",A major global urban destination in Japan known for its tourism appeal.,17.15,"Kyoto Region 1406, Japan",Yes,4.9,3157,https://www.visitkyotoregion1406.com,"https://www.google.com/maps/search/Afghanistan,CultureKyoto+Region+1406",Nightlife,Family,City Break
City,"Tokyo Region 1407, Japan",259843,Cfa,3,"March - May, September - November",A major global urban destination in Japan known for its tourism appeal.,19.57,"Tokyo Region 1407, Japan",Yes,4.9,9869,https://www.visittokyoregion1407.com,"https://www.google.com/maps/search/Afghanistan,CultureTokyo+Region+1407",Culture & Museums,Nightlife,City Break
City,"Rome Region 1408, Italy",259584,Csa,3,"April - June, September - October",A major global urban destination in Italy known for its tourism appeal.,15.32,"Rome Region 1408, Italy",Yes,3.9,8497,https://www.visitromeregion1408.com,"https://www.google.com/maps/search/Afghanistan,CultureRome+Region+1408",Culture & Museums,Family,Food & Wine
City,"Stockholm Region 1409, Sweden",259324,Dfb,4,June - August,A major global urban destination in Sweden known for its tourism appeal.,14.3,"Stockholm Region 1409, Sweden",No,4.0,3769,https://www.visitstockholmregion1409.com,"https://www.google.com/maps/search/Afghanistan,CultureStockholm+Region+1409",Romantic,Family,Nightlife
City,"Bali Region 1410, Indonesia",259065,Aw,1,November - April,A major global urban destination in Indonesia known for its tourism appeal.,18.5,"Bali Region 1410, Indonesia",Yes,4.5,12909,https://www.visitbaliregion1410.com,"https://www.google.com/maps/search/Afghanistan,CultureBali+Region+1410",City Break,Culture & Museums,Food & Wine
City,"Marrakech Region 1411, Morocco",258806,BSh,1,October - March,A major global urban destination in Morocco known for its tourism appeal.,16.89,"Marrakech Region 1411, Morocco",No,4.6,4699,https://www.visitmarrakechregion1411.com,"https://www.google.com/maps/search/Afghanistan,CultureMarrakech+Region+1411",Food & Wine,Culture & Museums,Nightlife
City,"New Delhi Region 1412, India",258547,BSh,1,October - March,A major global urban destination in India known for its tourism appeal.,18.33,"New Delhi Region 1412, India",No,4.5,11842,https://www.visitnewdelhiregion1412.com,"https://www.google.com/maps/search/Afghanistan,CultureNew+Delhi+Region+1412",Romantic,Culture & Museums,Family
City,"Berlin Region 1413, Germany",258288,Cfb,2,June - August,A major global urban destination in Germany known for its tourism appeal.,16.74,"Berlin Region 1413, Germany",No,4.8,3072,https://www.visitberlinregion1413.com,"https://www.google.com/maps/search/Afghanistan,CultureBerlin+Region+1413",Romantic,Family,City Break
City,"Amsterdam Region 1414, Netherlands",258030,Cfb,3,June - August,A major global urban destination in Netherlands known for its tourism appeal.,15.77,"Amsterdam Region 1414, Netherlands",No,3.9,11071,https://www.visitamsterdamregion1414.com,"https://www.google.com/maps/search/Afghanistan,CultureAmsterdam+Region+1414",Food & Wine,Romantic,Culture & Museums
City,"Singapore Region 1415, Singapore",257772,Af,4,Year Round,A major global urban destination in Singapore known for its tourism appeal.,19.56,"Singapore Region 1415, Singapore",Yes,4.9,9825,https://www.visitsingaporeregion1415.com,"https://www.google.com/maps/search/Afghanistan,CultureSingapore+Region+1415",Culture & Museums,City Break,Romantic
City,"Bangkok Region 1416, Thailand",257514,Aw,1,November - April,A major global urban destination in Thailand known for its tourism appeal.,13.85,"Bangkok Region 1416, Thailand",Yes,4.0,2894,https://www.visitbangkokregion1416.com,"https://www.google.com/maps/search/Afghanistan,CultureBangkok+Region+1416",Romantic,Food & Wine,Culture & Museums
City,"Stockholm Region 1417, Sweden",257257,Dfb,4,June - August,A major global urban destination in Sweden known for its tourism appeal.,17.71,"Stockholm Region 1417, Sweden",No,4.6,7063,https://www.visitstockholmregion1417.com,"https://www.google.com/maps/search/Afghanistan,CultureStockholm+Region+1417",Romantic,Food & Wine,City Break
City,"Amsterdam Region 1418, Netherlands",256999,Cfb,3,June - August,A major global urban destination in Netherlands known for its tourism appeal.,15.5,"Amsterdam Region 1418, Netherlands",Yes,4.4,3339,https://www.visitamsterdamregion1418.com,"https://www.google.com/maps/search/Afghanistan,CultureAmsterdam+Region+1418",City Break,Food & Wine,Family
City,"Rome Region 1419, Italy",256742,Csa,3,"April - June, September - October",A major global urban destination in Italy known for its tourism appeal.,17.35,"Rome Region 1419, Italy",Yes,4.7,4918,https://www.visitromeregion1419.com,"https://www.google.com/maps/search/Afghanistan,CultureRome+Region+1419",Food & Wine,Family,Culture & Museums
City,"Prague Region 1420, Czech Republic",256486,Cfb,2,June - August,A major global urban destination in Czech Republic known for its tourism appeal.,17.84,"Prague Region 1420, Czech Republic",No,4.4,11317,https://www.visitpragueregion1420.com,"https://www.google.com/maps/search/Afghanistan,CulturePrague+Region+1420",Nightlife,Family,Culture & Museums
City,"Jaipur Region 1421, India",256229,BSh,1,October - March,A major global urban destination in India known for its tourism appeal.,16.29,"Jaipur Region 1421, India",No,4.2,7554,https://www.visitjaipurregion1421.com,"https://www.google.com/maps/search/Afghanistan,CultureJaipur+Region+1421",Family,Food & Wine,Romantic
City,"Osaka Region 1422, Japan",255973,Cfa,2,"March - May, September - November",A major global urban destination in Japan known for its tourism appeal.,16.44,"Osaka Region 1422, Japan",Yes,4.4,5449,https://www.visitosakaregion1422.com,"https://www.google.com/maps/search/Afghanistan,CultureOsaka+Region+1422",Culture & Museums,Food & Wine,Romantic
City,"Dubai Region 1423, UAE",255717,BWh,4,November - March,A major global urban destination in UAE known for its tourism appeal.,15.98,"Dubai Region 1423, UAE",Yes,4.2,6368,https://www.visitdubairegion1423.com,"https://www.google.com/maps/search/Afghanistan,CultureDubai+Region+1423",Food & Wine,Romantic,Culture & Museums
City,"Cape Town Region 1424, South Africa",255461,Csb,2,May - September,A major global urban destination in South Africa known for its tourism appeal.,16.92,"Cape Town Region 1424, South Africa",Yes,4.4,6995,https://www.visitcapetownregion1424.com,"https://www.google.com/maps/search/Afghanistan,CultureCape+Town+Region+1424",City Break,Food & Wine,Culture & Museums
City,"Los Angeles Region 1425, USA",255206,Csb,3,May - September,A major global urban destination in USA known for its tourism appeal.,19.65,"Los Angeles Region 1425, USA",No,4.8,12404,https://www.visitlosangelesregion1425.com,"https://www.google.com/maps/search/Afghanistan,CultureLos+Angeles+Region+1425",Family,Culture & Museums,Romantic
City,"Stockholm Region 1426, Sweden",254951,Dfb,4,June - August,A major global urban destination in Sweden known for its tourism appeal.,14.67,"Stockholm Region 1426, Sweden",Yes,4.3,2581,https://www.visitstockholmregion1426.com,"https://www.google.com/maps/search/Afghanistan,CultureStockholm+Region+1426",Nightlife,Food & Wine,Family
City,"Paris Region 1427, France",254696,Cfb,3,June - August,A major global urban destination in France known for its tourism appeal.,19.7,"Paris Region 1427, France",Yes,4.8,12688,https://www.visitparisregion1427.com,"https://www.google.com/maps/search/Afghanistan,CultureParis+Region+1427",Family,Romantic,Food & Wine
City,"Taipei Region 1428, Taiwan",254441,Cfa,2,"March - May, September - November",A major global urban destination in Taiwan known for its tourism appeal.,18.17,"Taipei Region 1428, Taiwan",No,4.5,10924,https://www.visittaipeiregion1428.com,"https://www.google.com/maps/search/Afghanistan,CultureTaipei+Region+1428",Family,Nightlife,Romantic
City,"Tokyo Region 1429, Japan",254187,Cfa,3,"March - May, September - November",A major global urban destination in Japan known for its tourism appeal.,17.86,"Tokyo Region 1429, Japan",No,4.4,11450,https://www.visittokyoregion1429.com,"https://www.google.com/maps/search/Afghanistan,CultureTokyo+Region+1429",City Break,Nightlife,Romantic
City,"San Francisco Region 1430, USA",253932,Csb,4,May - September,A major global urban destination in USA known for its tourism appeal.,16.44,"San Francisco Region 1430, USA",No,4.2,8220,https://www.visitsanfranciscoregion1430.com,"https://www.google.com/maps/search/Afghanistan,CultureSan+Francisco+Region+1430",Romantic,Nightlife,Culture & Museums
City,"Barcelona Region 1431, Spain",253678,Csa,2,"April - June, September - October",A major global urban destination in Spain known for its tourism appeal.,15.25,"Barcelona Region 1431, Spain",No,3.8,10330,https://www.visitbarcelonaregion1431.com,"https://www.google.com/maps/search/Afghanistan,CultureBarcelona+Region+1431",Nightlife,Romantic,Culture & Museums
City,"Phuket Region 1432, Thailand",253425,Am,1,December - March,A major global urban destination in Thailand known for its tourism appeal.,17.16,"Phuket Region 1432, Thailand",Yes,4.2,12155,https://www.visitphuketregion1432.com,"https://www.google.com/maps/search/Afghanistan,CulturePhuket+Region+1432",City Break,Nightlife,Food & Wine
City,"Hong Kong Region 1433, China",253171,Cwa,3,October - April,A major global urban destination in China known for its tourism appeal.,18.2,"Hong Kong Region 1433, China",Yes,4.8,6201,https://www.visithongkongregion1433.com,"https://www.google.com/maps/search/Afghanistan,CultureHong+Kong+Region+1433",Culture & Museums,Food & Wine,City Break
City,"Barcelona Region 1434, Spain",252918,Csa,2,"April - June, September - October",A major global urban destination in Spain known for its tourism appeal.,17.71,"Barcelona Region 1434, Spain",No,4.7,5855,https://www.visitbarcelonaregion1434.com,"https://www.google.com/maps/search/Afghanistan,CultureBarcelona+Region+1434",Food & Wine,City Break,Family
City,"Ho Chi Minh City Region 1435, Vietnam",252665,Aw,1,November - April,A major global urban destination in Vietnam known for its tourism appeal.,17.88,"Ho Chi Minh City Region 1435, Vietnam",Yes,4.4,11559,https://www.visithochiminhcityregion1435.com,"https://www.google.com/maps/search/Afghanistan,CultureHo+Chi+Minh+City+Region+1435",Nightlife,Romantic,Culture & Museums
City,"Jerusalem Region 1436, Israel",252413,Csa,3,"April - June, September - October",A major global urban destination in Israel known for its tourism appeal.,14.55,"Jerusalem Region 1436, Israel",No,3.8,6734,https://www.visitjerusalemregion1436.com,"https://www.google.com/maps/search/Afghanistan,CultureJerusalem+Region+1436",Nightlife,Culture & Museums,Family
City,"Cape Town Region 1437, South Africa",252160,Csb,2,May - September,A major global urban destination in South Africa known for its tourism appeal.,15.54,"Cape Town Region 1437, South Africa",No,4.0,7670,https://www.visitcapetownregion1437.com,"https://www.google.com/maps/search/Afghanistan,CultureCape+Town+Region+1437",Culture & Museums,Nightlife,Family
City,"Taipei Region 1438, Taiwan",251908,Cfa,2,"March - May, September - November",A major global urban destination in Taiwan known for its tourism appeal.,16.84,"Taipei Region 1438, Taiwan",Yes,4.4,6729,https://www.visittaipeiregion1438.com,"https://www.google.com/maps/search/Afghanistan,CultureTaipei+Region+1438",Food & Wine,City Break,Family
City,"Budapest Region 1439, Hungary",251656,Cfb,2,June - August,A major global urban destination in Hungary known for its tourism appeal.,15.01,"Budapest Region 1439, Hungary",Yes,4.0,5669,https://www.visitbudapestregion1439.com,"https://www.google.com/maps/search/Afghanistan,CultureBudapest+Region+1439",Culture & Museums,City Break,Nightlife
City,"Osaka Region 1440, Japan",251404,Cfa,2,"March - May, September - November",A major global urban destination in Japan known for its tourism appeal.,17.62,"Osaka Region 1440, Japan",No,4.8,4692,https://www.visitosakaregion1440.com,"https://www.google.com/maps/search/Afghanistan,CultureOsaka+Region+1440",Romantic,Family,Culture & Museums
City,"Bangalore Region 1441, India",251153,Aw,1,November - April,A major global urban destination in India known for its tourism appeal.,15.13,"Bangalore Region 1441, India",Yes,3.9,7595,https://www.visitbangaloreregion1441.com,"https://www.google.com/maps/search/Afghanistan,CultureBangalore+Region+1441",City Break,Romantic,Culture & Museums
City,"London Region 1442, UK",250902,Cfb,4,June - August,A major global urban destination in UK known for its tourism appeal.,15.16,"London Region 1442, UK",No,3.9,7726,https://www.visitlondonregion1442.com,"https://www.google.com/maps/search/Afghanistan,CultureLondon+Region+1442",Culture & Museums,Nightlife,Food & Wine
City,"Los Angeles Region 1443, USA",250651,Csb,3,May - September,A major global urban destination in USA known for its tourism appeal.,14.81,"Los Angeles Region 1443, USA",No,4.2,3352,https://www.visitlosangelesregion1443.com,"https://www.google.com/maps/search/Afghanistan,CultureLos+Angeles+Region+1443",Romantic,Culture & Museums,City Break
City,"Singapore Region 1444, Singapore",250400,Af,4,Year Round,A major global urban destination in Singapore known for its tourism appeal.,14.75,"Singapore Region 1444, Singapore",No,4.3,2691,https://www.visitsingaporeregion1444.com,"https://www.google.com/maps/search/Afghanistan,CultureSingapore+Region+1444",Culture & Museums,Family,City Break
City,"Cape Town Region 1445, South Africa",250150,Csb,2,May - September,A major global urban destination in South Africa known for its tourism appeal.,15.15,"Cape Town Region 1445, South Africa",Yes,4.4,2772,https://www.visitcapetownregion1445.com,"https://www.google.com/maps/search/Afghanistan,CultureCape+Town+Region+1445",Romantic,City Break,Culture & Museums
City,"Antalya Region 1446, Turkey",249900,Csa,1,"April - June, September - October",A major global urban destination in Turkey known for its tourism appeal.,18.93,"Antalya Region 1446, Turkey",Yes,4.7,10671,https://www.visitantalyaregion1446.com,"https://www.google.com/maps/search/Afghanistan,CultureAntalya+Region+1446",Romantic,Nightlife,Family
City,"Prague Region 1447, Czech Republic",249650,Cfb,2,June - August,A major global urban destination in Czech Republic known for its tourism appeal.,13.88,"Prague Region 1447, Czech Republic",Yes,4.0,2944,https://www.visitpragueregion1447.com,"https://www.google.com/maps/search/Afghanistan,CulturePrague+Region+1447",Family,City Break,Nightlife
City,"Kuala Lumpur Region 1448, Malaysia",249400,Af,1,Year Round,A major global urban destination in Malaysia known for its tourism appeal.,15.53,"Kuala Lumpur Region 1448, Malaysia",Yes,4.0,7618,https://www.visitkualalumpurregion1448.com,"https://www.google.com/maps/search/Afghanistan,CultureKuala+Lumpur+Region+1448",Food & Wine,City Break,Family
City,"Kyoto Region 1449, Japan",249151,Cfa,2,"March - May, September - November",A major global urban destination in Japan known for its tourism appeal.,14.4,"Kyoto Region 1449, Japan",No,4.0,3983,https://www.visitkyotoregion1449.com,"https://www.google.com/maps/search/Afghanistan,CultureKyoto+Region+1449",City Break,Romantic,Nightlife
City,"Hong Kong Region 1450, China",248902,Cwa,3,October - April,A major global urban destination in China known for its tourism appeal.,16.97,"Hong Kong Region 1450, China",Yes,4.2,10995,https://www.visithongkongregion1450.com,"https://www.google.com/maps/search/Afghanistan,CultureHong+Kong+Region+1450",Romantic,City Break,Culture & Museums
City,"Jaipur Region 1451, India",248653,BSh,1,October - March,A major global urban destination in India known for its tourism appeal.,15.3,"Jaipur Region 1451, India",No,4.1,5382,https://www.visitjaipurregion1451.com,"https://www.google.com/maps/search/Afghanistan,CultureJaipur+Region+1451",Nightlife,Romantic,Culture & Museums
City,"Dublin Region 1452, Ireland",248404,Cfb,3,June - August,A major global urban destination in Ireland known for its tourism appeal.,16.28,"Dublin Region 1452, Ireland",No,4.1,9335,https://www.visitdublinregion1452.com,"https://www.google.com/maps/search/Afghanistan,CultureDublin+Region+1452",City Break,Culture & Museums,Nightlife
City,"Florence Region 1453, Italy",248156,Cfa,3,"March - May, September - November",A major global urban destination in Italy known for its tourism appeal.,17.6,"Florence Region 1453, Italy",No,4.3,12379,https://www.visitflorenceregion1453.com,"https://www.google.com/maps/search/Afghanistan,CultureFlorence+Region+1453",Family,Romantic,City Break
City,"Lisbon Region 1454, Portugal",247908,Csa,2,"April - June, September - October",A major global urban destination in Portugal known for its tourism appeal.,17.77,"Lisbon Region 1454, Portugal",Yes,4.5,8883,https://www.visitlisbonregion1454.com,"https://www.google.com/maps/search/Afghanistan,CultureLisbon+Region+1454",Family,Food & Wine,Romantic
City,"Hanoi Region 1455, Vietnam",247660,Cwa,1,October - April,A major global urban destination in Vietnam known for its tourism appeal.,16.3,"Hanoi Region 1455, Vietnam",No,4.5,4186,https://www.visithanoiregion1455.com,"https://www.google.com/maps/search/Afghanistan,CultureHanoi+Region+1455",City Break,Family,Food & Wine
City,"Prague Region 1456, Czech Republic",247412,Cfb,2,June - August,A major global urban destination in Czech Republic known for its tourism appeal.,17.58,"Prague Region 1456, Czech Republic",No,4.4,9902,https://www.visitpragueregion1456.com,"https://www.google.com/maps/search/Afghanistan,CulturePrague+Region+1456",City Break,Culture & Museums,Romantic
City,"Singapore Region 1457, Singapore",247165,Af,4,Year Round,A major global urban destination in Singapore known for its tourism appeal.,14.52,"Singapore Region 1457, Singapore",No,4.0,4263,https://www.visitsingaporeregion1457.com,"https://www.google.com/maps/search/Afghanistan,CultureSingapore+Region+1457",Food & Wine,Nightlife,City Break
City,"Paris Region 1458, France",246917,Cfb,3,June - August,A major global urban destination in France known for its tourism appeal.,16.93,"Paris Region 1458, France",No,4.5,5789,https://www.visitparisregion1458.com,"https://www.google.com/maps/search/Afghanistan,CultureParis+Region+1458",Romantic,Food & Wine,Nightlife
City,"Kuala Lumpur Region 1459, Malaysia",246670,Af,1,Year Round,A major global urban destination in Malaysia known for its tourism appeal.,18.29,"Kuala Lumpur Region 1459, Malaysia",No,4.6,9453,https://www.visitkualalumpurregion1459.com,"https://www.google.com/maps/search/Afghanistan,CultureKuala+Lumpur+Region+1459",Romantic,City Break,Family
City,"Jerusalem Region 1460, Israel",246424,Csa,3,"April - June, September - October",A major global urban destination in Israel known for its tourism appeal.,17.97,"Jerusalem Region 1460, Israel",No,4.7,6657,https://www.visitjerusalemregion1460.com,"https://www.google.com/maps/search/Afghanistan,CultureJerusalem+Region+1460",Family,Nightlife,Romantic
City,"Stockholm Region 1461, Sweden",246177,Dfb,4,June - August,A major global urban destination in Sweden known for its tourism appeal.,15.71,"Stockholm Region 1461, Sweden",No,4.3,4497,https://www.visitstockholmregion1461.com,"https://www.google.com/maps/search/Afghanistan,CultureStockholm+Region+1461",Culture & Museums,Family,Nightlife
City,"Seoul Region 1462, South Korea",245931,Dwa,2,May - October,A major global urban destination in South Korea known for its tourism appeal.,14.92,"Seoul Region 1462, South Korea",No,4.3,2953,https://www.visitseoulregion1462.com,"https://www.google.com/maps/search/Afghanistan,CultureSeoul+Region+1462",Family,Romantic,City Break
City,"Osaka Region 1463, Japan",245685,Cfa,2,"March - May, September - November",A major global urban destination in Japan known for its tourism appeal.,15.2,"Osaka Region 1463, Japan",Yes,4.1,5093,https://www.visitosakaregion1463.com,"https://www.google.com/maps/search/Afghanistan,CultureOsaka+Region+1463",Family,Nightlife,Food & Wine
City,"Milan Region 1464, Italy",245440,Cfa,3,"March - May, September - November",A major global urban destination in Italy known for its tourism appeal.,15.71,"Milan Region 1464, Italy",No,4.5,3102,https://www.visitmilanregion1464.com,"https://www.google.com/maps/search/Afghanistan,CultureMilan+Region+1464",Food & Wine,Family,Nightlife
City,"Hong Kong Region 1465, China",245194,Cwa,3,October - April,A major global urban destination in China known for its tourism appeal.,17.29,"Hong Kong Region 1465, China",Yes,4.3,10481,https://www.visithongkongregion1465.com,"https://www.google.com/maps/search/Afghanistan,CultureHong+Kong+Region+1465",Romantic,Nightlife,Food & Wine
City,"Paris Region 1466, France",244949,Cfb,3,June - August,A major global urban destination in France known for its tourism appeal.,15.17,"Paris Region 1466, France",No,3.9,7737,https://www.visitparisregion1466.com,"https://www.google.com/maps/search/Afghanistan,CultureParis+Region+1466",Family,Culture & Museums,City Break
City,"Ho Chi Minh City Region 1467, Vietnam",244704,Aw,1,November - April,A major global urban destination in Vietnam known for its tourism appeal.,17.31,"Ho Chi Minh City Region 1467, Vietnam",No,4.5,7011,https://www.visithochiminhcityregion1467.com,"https://www.google.com/maps/search/Afghanistan,CultureHo+Chi+Minh+City+Region+1467",Family,Food & Wine,Romantic
City,"Milan Region 1468, Italy",244459,Cfa,3,"March - May, September - November",A major global urban destination in Italy known for its tourism appeal.,16.24,"Milan Region 1468, Italy",Yes,4.6,3385,https://www.visitmilanregion1468.com,"https://www.google.com/maps/search/Afghanistan,CultureMilan+Region+1468",City Break,Nightlife,Family
City,"Barcelona Region 1469, Spain",244215,Csa,2,"April - June, September - October",A major global urban destination in Spain known for its tourism appeal.,16.98,"Barcelona Region 1469, Spain",No,4.9,2918,https://www.visitbarcelonaregion1469.com,"https://www.google.com/maps/search/Afghanistan,CultureBarcelona+Region+1469",Family,Culture & Museums,Nightlife
City,"Barcelona Region 1470, Spain",243971,Csa,2,"April - June, September - October",A major global urban destination in Spain known for its tourism appeal.,16.16,"Barcelona Region 1470, Spain",No,4.7,2740,https://www.visitbarcelonaregion1470.com,"https://www.google.com/maps/search/Afghanistan,CultureBarcelona+Region+1470",Culture & Museums,Romantic,Nightlife
City,"Athens Region 1471, Greece",243727,Csa,2,"April - June, September - October",A major global urban destination in Greece known for its tourism appeal.,14.46,"Athens Region 1471, Greece",No,3.8,6370,https://www.visitathensregion1471.com,"https://www.google.com/maps/search/Afghanistan,CultureAthens+Region+1471",City Break,Family,Culture & Museums
City,"Toronto Region 1472, Canada",243483,Dfa,3,May - September,A major global urban destination in Canada known for its tourism appeal.,15.66,"Toronto Region 1472, Canada",No,4.0,8210,https://www.visittorontoregion1472.com,"https://www.google.com/maps/search/Afghanistan,CultureToronto+Region+1472",Food & Wine,Family,Culture & Museums
City,"Tokyo Region 1473, Japan",243239,Cfa,3,"March - May, September - November",A major global urban destination in Japan known for its tourism appeal.,17.45,"Tokyo Region 1473, Japan",Yes,4.7,5162,https://www.visittokyoregion1473.com,"https://www.google.com/maps/search/Afghanistan,CultureTokyo+Region+1473",City Break,Nightlife,Culture & Museums
City,"Vancouver Region 1474, Canada",242996,Cfb,3,June - August,A major global urban destination in Canada known for its tourism appeal.,18.95,"Vancouver Region 1474, Canada",Yes,4.7,10760,https://www.visitvancouverregion1474.com,"https://www.google.com/maps/search/Afghanistan,CultureVancouver+Region+1474",Romantic,Food & Wine,Nightlife
City,"Bangkok Region 1475, Thailand",242753,Aw,1,November - April,A major global urban destination in Thailand known for its tourism appeal.,16.41,"Bangkok Region 1475, Thailand",Yes,4.5,4434,https://www.visitbangkokregion1475.com,"https://www.google.com/maps/search/Afghanistan,CultureBangkok+Region+1475",Culture & Museums,Family,City Break
City,"Cape Town Region 1476, South Africa",242510,Csb,2,May - September,A major global urban destination in South Africa known for its tourism appeal.,17.66,"Cape Town Region 1476, South Africa",No,4.7,5725,https://www.visitcapetownregion1476.com,"https://www.google.com/maps/search/Afghanistan,CultureCape+Town+Region+1476",Family,City Break,Food & Wine
City,"Milan Region 1477, Italy",242268,Cfa,3,"March - May, September - November",A major global urban destination in Italy known for its tourism appeal.,15.05,"Milan Region 1477, Italy",Yes,3.9,7232,https://www.visitmilanregion1477.com,"https://www.google.com/maps/search/Afghanistan,CultureMilan+Region+1477",Food & Wine,City Break,Culture & Museums
City,"Pattaya Region 1478, Thailand",242026,Aw,1,November - April,A major global urban destination in Thailand known for its tourism appeal.,16.74,"Pattaya Region 1478, Thailand",No,4.2,9665,https://www.visitpattayaregion1478.com,"https://www.google.com/maps/search/Afghanistan,CulturePattaya+Region+1478",Culture & Museums,Family,Food & Wine
City,"Milan Region 1479, Italy",241784,Cfa,3,"March - May, September - November",A major global urban destination in Italy known for its tourism appeal.,18.49,"Milan Region 1479, Italy",No,4.6,10487,https://www.visitmilanregion1479.com,"https://www.google.com/maps/search/Afghanistan,CultureMilan+Region+1479",City Break,Romantic,Family
City,"Miami Region 1480, USA",241542,Am,3,December - March,A major global urban destination in USA known for its tourism appeal.,16.68,"Miami Region 1480, USA",No,4.6,4227,https://www.visitmiamiregion1480.com,"https://www.google.com/maps/search/Afghanistan,CultureMiami+Region+1480",Food & Wine,Romantic,Family
City,"Milan Region 1481, Italy",241300,Cfa,3,"March - May, September - November",A major global urban destination in Italy known for its tourism appeal.,14.3,"Milan Region 1481, Italy",No,3.8,5791,https://www.visitmilanregion1481.com,"https://www.google.com/maps/search/Afghanistan,CultureMilan+Region+1481",City Break,Romantic,Family
City,"Budapest Region 1482, Hungary",241059,Cfb,2,June - August,A major global urban destination in Hungary known for its tourism appeal.,18.38,"Budapest Region 1482, Hungary",Yes,4.7,8160,https://www.visitbudapestregion1482.com,"https://www.google.com/maps/search/Afghanistan,CultureBudapest+Region+1482",City Break,Food & Wine,Romantic
City,"Milan Region 1483, Italy",240818,Cfa,3,"March - May, September - November",A major global urban destination in Italy known for its tourism appeal.,17.36,"Milan Region 1483, Italy",No,4.8,4142,https://www.visitmilanregion1483.com,"https://www.google.com/maps/search/Afghanistan,CultureMilan+Region+1483",Romantic,Nightlife,Food & Wine
City,"Las Vegas Region 1484, USA",240577,BWk,3,May - September,A major global urban destination in USA known for its tourism appeal.,15.31,"Las Vegas Region 1484, USA",No,4.1,5416,https://www.visitlasvegasregion1484.com,"https://www.google.com/maps/search/Afghanistan,CultureLas+Vegas+Region+1484",Nightlife,Family,Romantic
City,"Palma de Mallorca Region 1485, Spain",240337,Csa,2,"April - June, September - October",A major global urban destination in Spain known for its tourism appeal.,15.76,"Palma de Mallorca Region 1485, Spain",No,4.2,5654,https://www.visitpalmademallorcaregion1485.com,"https://www.google.com/maps/search/Afghanistan,CulturePalma+de+Mallorca+Region+1485",City Break,Nightlife,Culture & Museums
City,"Bali Region 1486, Indonesia",240096,Aw,1,November - April,A major global urban destination in Indonesia known for its tourism appeal.,15.39,"Bali Region 1486, Indonesia",No,4.2,4607,https://www.visitbaliregion1486.com,"https://www.google.com/maps/search/Afghanistan,CultureBali+Region+1486",Nightlife,Romantic,City Break
City,"Vancouver Region 1487, Canada",239856,Cfb,3,June - August,A major global urban destination in Canada known for its tourism appeal.,14.74,"Vancouver Region 1487, Canada",No,3.8,7545,https://www.visitvancouverregion1487.com,"https://www.google.com/maps/search/Afghanistan,CultureVancouver+Region+1487",Romantic,Food & Wine,Family
City,"Dublin Region 1488, Ireland",239616,Cfb,3,June - August,A major global urban destination in Ireland known for its tourism appeal.,16.16,"Dublin Region 1488, Ireland",No,4.0,10942,https://www.visitdublinregion1488.com,"https://www.google.com/maps/search/Afghanistan,CultureDublin+Region+1488",Family,Romantic,City Break
City,"Miami Region 1489, USA",239377,Am,3,December - March,A major global urban destination in USA known for its tourism appeal.,16.08,"Miami Region 1489, USA",No,4.1,8377,https://www.visitmiamiregion1489.com,"https://www.google.com/maps/search/Afghanistan,CultureMiami+Region+1489",Nightlife,Food & Wine,Romantic
City,"Lisbon Region 1490, Portugal",239137,Csa,2,"April - June, September - October",A major global urban destination in Portugal known for its tourism appeal.,15.6,"Lisbon Region 1490, Portugal",Yes,4.4,3520,https://www.visitlisbonregion1490.com,"https://www.google.com/maps/search/Afghanistan,CultureLisbon+Region+1490",Family,Culture & Museums,Romantic
City,"Rome Region 1491, Italy",238898,Csa,3,"April - June, September - October",A major global urban destination in Italy known for its tourism appeal.,18.99,"Rome Region 1491, Italy",No,4.7,10971,https://www.visitromeregion1491.com,"https://www.google.com/maps/search/Afghanistan,CultureRome+Region+1491",Romantic,Family,Nightlife
City,"Dublin Region 1492, Ireland",238659,Cfb,3,June - August,A major global urban destination in Ireland known for its tourism appeal.,16.21,"Dublin Region 1492, Ireland",Yes,4.4,4840,https://www.visitdublinregion1492.com,"https://www.google.com/maps/search/Afghanistan,CultureDublin+Region+1492",Family,City Break,Nightlife
City,"San Francisco Region 1493, USA",238421,Csb,4,May - September,A major global urban destination in USA known for its tourism appeal.,15.75,"San Francisco Region 1493, USA",Yes,4.2,5619,https://www.visitsanfranciscoregion1493.com,"https://www.google.com/maps/search/Afghanistan,CultureSan+Francisco+Region+1493",Food & Wine,Culture & Museums,Nightlife
City,"Marrakech Region 1494, Morocco",238182,BSh,1,October - March,A major global urban destination in Morocco known for its tourism appeal.,18.44,"Marrakech Region 1494, Morocco",No,4.8,6934,https://www.visitmarrakechregion1494.com,"https://www.google.com/maps/search/Afghanistan,CultureMarrakech+Region+1494",Food & Wine,Culture & Museums,Romantic
City,"New Delhi Region 1495, India",237944,BSh,1,October - March,A major global urban destination in India known for its tourism appeal.,17.13,"New Delhi Region 1495, India",Yes,4.3,9633,https://www.visitnewdelhiregion1495.com,"https://www.google.com/maps/search/Afghanistan,CultureNew+Delhi+Region+1495",City Break,Nightlife,Romantic
City,"Kuala Lumpur Region 1496, Malaysia",237706,Af,1,Year Round,A major global urban destination in Malaysia known for its tourism appeal.,15.09,"Kuala Lumpur Region 1496, Malaysia",No,4.2,3914,https://www.visitkualalumpurregion1496.com,"https://www.google.com/maps/search/Afghanistan,CultureKuala+Lumpur+Region+1496",Family,Nightlife,City Break
City,"Cairo Region 1497, Egypt",237468,BWh,1,November - March,A major global urban destination in Egypt known for its tourism appeal.,18.11,"Cairo Region 1497, Egypt",Yes,4.7,7126,https://www.visitcairoregion1497.com,"https://www.google.com/maps/search/Afghanistan,CultureCairo+Region+1497",Food & Wine,Nightlife,Culture & Museums
City,"Berlin Region 1498, Germany",237231,Cfb,2,June - August,A major global urban destination in Germany known for its tourism appeal.,16.65,"Berlin Region 1498, Germany",No,4.3,7465,https://www.visitberlinregion1498.com,"https://www.google.com/maps/search/Afghanistan,CultureBerlin+Region+1498",City Break,Nightlife,Food & Wine
City,"Munich Region 1499, Germany",236994,Cfb,3,June - August,A major global urban destination in Germany known for its tourism appeal.,15.96,"Munich Region 1499, Germany",Yes,4.5,3530,https://www.visitmunichregion1499.com,"https://www.google.com/maps/search/Afghanistan,CultureMunich+Region+1499",City Break,Food & Wine,Culture & Museums
City,"Palma de Mallorca Region 1500, Spain",236757,Csa,2,"April - June, September - October",A major global urban destination in Spain known for its tourism appeal.,18.07,"Palma de Mallorca Region 1500, Spain",Yes,4.8,5826,https://www.visitpalmademallorcaregion1500.com,"https://www.google.com/maps/search/Afghanistan,CulturePalma+de+Mallorca+Region+1500",Nightlife,Romantic,Family
City,"Vienna Region 1501, Austria",236520,Cfb,3,June - August,A major global urban destination in Austria known for its tourism appeal.,14.3,"Vienna Region 1501, Austria",Yes,3.9,4637,https://www.visitviennaregion1501.com,"https://www.google.com/maps/search/Afghanistan,CultureVienna+Region+1501",Food & Wine,Culture & Museums,City Break
City,"Marrakech Region 1502, Morocco",236283,BSh,1,October - March,A major global urban destination in Morocco known for its tourism appeal.,15.84,"Marrakech Region 1502, Morocco",Yes,3.9,11513,https://www.visitmarrakechregion1502.com,"https://www.google.com/maps/search/Afghanistan,CultureMarrakech+Region+1502",Food & Wine,Culture & Museums,Nightlife
City,"Mecca Region 1503, Saudi Arabia",236047,BWh,2,November - March,A major global urban destination in Saudi Arabia known for its tourism appeal.,14.84,"Mecca Region 1503, Saudi Arabia",Yes,4.3,2823,https://www.visitmeccaregion1503.com,"https://www.google.com/maps/search/Afghanistan,CultureMecca+Region+1503",Food & Wine,City Break,Family
City,"Ho Chi Minh City Region 1504, Vietnam",235811,Aw,1,November - April,A major global urban destination in Vietnam known for its tourism appeal.,15.81,"Ho Chi Minh City Region 1504, Vietnam",No,4.5,3267,https://www.visithochiminhcityregion1504.com,"https://www.google.com/maps/search/Afghanistan,CultureHo+Chi+Minh+City+Region+1504",Food & Wine,Romantic,Nightlife
City,"Hanoi Region 1505, Vietnam",235575,Cwa,1,October - April,A major global urban destination in Vietnam known for its tourism appeal.,15.73,"Hanoi Region 1505, Vietnam",No,4.1,6874,https://www.visithanoiregion1505.com,"https://www.google.com/maps/search/Afghanistan,CultureHanoi+Region+1505",Food & Wine,City Break,Nightlife
City,"Dubai Region 1506, UAE",235340,BWh,4,November - March,A major global urban destination in UAE known for its tourism appeal.,14.43,"Dubai Region 1506, UAE",No,3.9,5025,https://www.visitdubairegion1506.com,"https://www.google.com/maps/search/Afghanistan,CultureDubai+Region+1506",Food & Wine,Family,Nightlife
City,"Copenhagen Region 1507, Denmark",235104,Cfb,4,June - August,A major global urban destination in Denmark known for its tourism appeal.,16.17,"Copenhagen Region 1507, Denmark",No,4.2,7066,https://www.visitcopenhagenregion1507.com,"https://www.google.com/maps/search/Afghanistan,CultureCopenhagen+Region+1507",City Break,Food & Wine,Romantic
City,"Copenhagen Region 1508, Denmark",234869,Cfb,4,June - August,A major global urban destination in Denmark known for its tourism appeal.,14.74,"Copenhagen Region 1508, Denmark",No,4.0,4838,https://www.visitcopenhagenregion1508.com,"https://www.google.com/maps/search/Afghanistan,CultureCopenhagen+Region+1508",Culture & Museums,City Break,Nightlife
City,"Budapest Region 1509, Hungary",234634,Cfb,2,June - August,A major global urban destination in Hungary known for its tourism appeal.,17.57,"Budapest Region 1509, Hungary",No,4.5,8015,https://www.visitbudapestregion1509.com,"https://www.google.com/maps/search/Afghanistan,CultureBudapest+Region+1509",Family,Nightlife,Romantic
City,"Antalya Region 1510, Turkey",234400,Csa,1,"April - June, September - October",A major global urban destination in Turkey known for its tourism appeal.,17.71,"Antalya Region 1510, Turkey",No,4.4,10576,https://www.visitantalyaregion1510.com,"https://www.google.com/maps/search/Afghanistan,CultureAntalya+Region+1510",Culture & Museums,Romantic,Food & Wine
City,"Kuala Lumpur Region 1511, Malaysia",234165,Af,1,Year Round,A major global urban destination in Malaysia known for its tourism appeal.,15.89,"Kuala Lumpur Region 1511, Malaysia",No,4.0,9369,https://www.visitkualalumpurregion1511.com,"https://www.google.com/maps/search/Afghanistan,CultureKuala+Lumpur+Region+1511",Romantic,Nightlife,Food & Wine
City,"Venice Region 1512, Italy",233931,Cfa,3,"March - May, September - November",A major global urban destination in Italy known for its tourism appeal.,18.66,"Venice Region 1512, Italy",Yes,4.7,9347,https://www.visitveniceregion1512.com,"https://www.google.com/maps/search/Afghanistan,CultureVenice+Region+1512",Culture & Museums,Family,City Break
City,"Marrakech Region 1513, Morocco",233697,BSh,1,October - March,A major global urban destination in Morocco known for its tourism appeal.,19.18,"Marrakech Region 1513, Morocco",Yes,4.8,9885,https://www.visitmarrakechregion1513.com,"https://www.google.com/maps/search/Afghanistan,CultureMarrakech+Region+1513",Culture & Museums,Nightlife,Romantic
City,"Venice Region 1514, Italy",233463,Cfa,3,"March - May, September - November",A major global urban destination in Italy known for its tourism appeal.,16.64,"Venice Region 1514, Italy",No,4.4,6043,https://www.visitveniceregion1514.com,"https://www.google.com/maps/search/Afghanistan,CultureVenice+Region+1514",Family,Food & Wine,Culture & Museums
City,"Palma de Mallorca Region 1515, Spain",233230,Csa,2,"April - June, September - October",A major global urban destination in Spain known for its tourism appeal.,17.32,"Palma de Mallorca Region 1515, Spain",No,4.9,3427,https://www.visitpalmademallorcaregion1515.com,"https://www.google.com/maps/search/Afghanistan,CulturePalma+de+Mallorca+Region+1515",City Break,Food & Wine,Culture & Museums
City,"Palma de Mallorca Region 1516, Spain",232997,Csa,2,"April - June, September - October",A major global urban destination in Spain known for its tourism appeal.,17.07,"Palma de Mallorca Region 1516, Spain",No,4.2,11567,https://www.visitpalmademallorcaregion1516.com,"https://www.google.com/maps/search/Afghanistan,CulturePalma+de+Mallorca+Region+1516",Nightlife,Family,Culture & Museums
City,"New Delhi Region 1517, India",232764,BSh,1,October - March,A major global urban destination in India known for its tourism appeal.,16.1,"New Delhi Region 1517, India",Yes,4.4,4550,https://www.visitnewdelhiregion1517.com,"https://www.google.com/maps/search/Afghanistan,CultureNew+Delhi+Region+1517",Nightlife,Family,Culture & Museums
City,"Vienna Region 1518, Austria",232531,Cfb,3,June - August,A major global urban destination in Austria known for its tourism appeal.,19.33,"Vienna Region 1518, Austria",No,4.9,8792,https://www.visitviennaregion1518.com,"https://www.google.com/maps/search/Afghanistan,CultureVienna+Region+1518",Family,Romantic,Nightlife
City,"Bali Region 1519, Indonesia",232298,Aw,1,November - April,A major global urban destination in Indonesia known for its tourism appeal.,17.0,"Bali Region 1519, Indonesia",Yes,4.3,8990,https://www.visitbaliregion1519.com,"https://www.google.com/maps/search/Afghanistan,CultureBali+Region+1519",Family,Romantic,Nightlife
City,"Amsterdam Region 1520, Netherlands",232066,Cfb,3,June - August,A major global urban destination in Netherlands known for its tourism appeal.,16.78,"Amsterdam Region 1520, Netherlands",No,4.5,5367,https://www.visitamsterdamregion1520.com,"https://www.google.com/maps/search/Afghanistan,CultureAmsterdam+Region+1520",Food & Wine,Romantic,Nightlife
City,"Amsterdam Region 1521, Netherlands",231834,Cfb,3,June - August,A major global urban destination in Netherlands known for its tourism appeal.,16.93,"Amsterdam Region 1521, Netherlands",No,4.3,8637,https://www.visitamsterdamregion1521.com,"https://www.google.com/maps/search/Afghanistan,CultureAmsterdam+Region+1521",Culture & Museums,Nightlife,Romantic
City,"Osaka Region 1522, Japan",231602,Cfa,2,"March - May, September - November",A major global urban destination in Japan known for its tourism appeal.,16.68,"Osaka Region 1522, Japan",No,4.3,7563,https://www.visitosakaregion1522.com,"https://www.google.com/maps/search/Afghanistan,CultureOsaka+Region+1522",Culture & Museums,Family,Romantic
City,"Cape Town Region 1523, South Africa",231371,Csb,2,May - September,A major global urban destination in South Africa known for its tourism appeal.,18.55,"Cape Town Region 1523, South Africa",Yes,4.8,7307,https://www.visitcapetownregion1523.com,"https://www.google.com/maps/search/Afghanistan,CultureCape+Town+Region+1523",Food & Wine,Romantic,City Break
City,"Copenhagen Region 1524, Denmark",231139,Cfb,4,June - August,A major global urban destination in Denmark known for its tourism appeal.,17.15,"Copenhagen Region 1524, Denmark",Yes,4.7,4449,https://www.visitcopenhagenregion1524.com,"https://www.google.com/maps/search/Afghanistan,CultureCopenhagen+Region+1524",Romantic,City Break,Nightlife
City,"Jerusalem Region 1525, Israel",230908,Csa,3,"April - June, September - October",A major global urban destination in Israel known for its tourism appeal.,15.18,"Jerusalem Region 1525, Israel",No,3.9,7797,https://www.visitjerusalemregion1525.com,"https://www.google.com/maps/search/Afghanistan,CultureJerusalem+Region+1525",Romantic,Nightlife,Food & Wine
City,"Cape Town Region 1526, South Africa",230677,Csb,2,May - September,A major global urban destination in South Africa known for its tourism appeal.,14.69,"Cape Town Region 1526, South Africa",Yes,4.1,3832,https://www.visitcapetownregion1526.com,"https://www.google.com/maps/search/Afghanistan,CultureCape+Town+Region+1526",Family,City Break,Culture & Museums
City,"Bangalore Region 1527, India",230447,Aw,1,November - April,A major global urban destination in India known for its tourism appeal.,14.57,"Bangalore Region 1527, India",No,3.9,5457,https://www.visitbangaloreregion1527.com,"https://www.google.com/maps/search/Afghanistan,CultureBangalore+Region+1527",Culture & Museums,Nightlife,Food & Wine
City,"Singapore Region 1528, Singapore",230216,Af,4,Year Round,A major global urban destination in Singapore known for its tourism appeal.,16.61,"Singapore Region 1528, Singapore",Yes,4.2,8993,https://www.visitsingaporeregion1528.com,"https://www.google.com/maps/search/Afghanistan,CultureSingapore+Region+1528",Culture & Museums,Romantic,Family
City,"Istanbul Region 1529, Turkey",229986,Csa,1,"April - June, September - October",A major global urban destination in Turkey known for its tourism appeal.,18.53,"Istanbul Region 1529, Turkey",No,4.6,10687,https://www.visitistanbulregion1529.com,"https://www.google.com/maps/search/Afghanistan,CultureIstanbul+Region+1529",Romantic,City Break,Family
City,"Antalya Region 1530, Turkey",229756,Csa,1,"April - June, September - October",A major global urban destination in Turkey known for its tourism appeal.,16.78,"Antalya Region 1530, Turkey",Yes,4.2,9905,https://www.visitantalyaregion1530.com,"https://www.google.com/maps/search/Afghanistan,CultureAntalya+Region+1530",Culture & Museums,City Break,Food & Wine
City,"Hanoi Region 1531, Vietnam",229526,Cwa,1,October - April,A major global urban destination in Vietnam known for its tourism appeal.,17.15,"Hanoi Region 1531, Vietnam",Yes,4.8,3741,https://www.visithanoiregion1531.com,"https://www.google.com/maps/search/Afghanistan,CultureHanoi+Region+1531",Culture & Museums,Romantic,City Break
City,"Sydney Region 1532, Australia",229297,Cfa,3,"March - May, September - November",A major global urban destination in Australia known for its tourism appeal.,16.82,"Sydney Region 1532, Australia",Yes,4.3,8144,https://www.visitsydneyregion1532.com,"https://www.google.com/maps/search/Afghanistan,CultureSydney+Region+1532",Romantic,Food & Wine,City Break
City,"Dublin Region 1533, Ireland",229067,Cfb,3,June - August,A major global urban destination in Ireland known for its tourism appeal.,13.75,"Dublin Region 1533, Ireland",Yes,3.9,3357,https://www.visitdublinregion1533.com,"https://www.google.com/maps/search/Afghanistan,CultureDublin+Region+1533",Culture & Museums,Nightlife,Food & Wine
City,"Cairo Region 1534, Egypt",228838,BWh,1,November - March,A major global urban destination in Egypt known for its tourism appeal.,17.23,"Cairo Region 1534, Egypt",Yes,4.7,4636,https://www.visitcairoregion1534.com,"https://www.google.com/maps/search/Afghanistan,CultureCairo+Region+1534",Culture & Museums,Romantic,City Break
City,"Bali Region 1535, Indonesia",228609,Aw,1,November - April,A major global urban destination in Indonesia known for its tourism appeal.,15.59,"Bali Region 1535, Indonesia",Yes,4.6,2446,https://www.visitbaliregion1535.com,"https://www.google.com/maps/search/Afghanistan,CultureBali+Region+1535",Food & Wine,Nightlife,Romantic
City,"Dublin Region 1536, Ireland",228381,Cfb,3,June - August,A major global urban destination in Ireland known for its tourism appeal.,15.86,"Dublin Region 1536, Ireland",Yes,4.0,9246,https://www.visitdublinregion1536.com,"https://www.google.com/maps/search/Afghanistan,CultureDublin+Region+1536",Romantic,Food & Wine,City Break
City,"Phuket Region 1537, Thailand",228152,Am,1,December - March,A major global urban destination in Thailand known for its tourism appeal.,15.32,"Phuket Region 1537, Thailand",Yes,4.2,4435,https://www.visitphuketregion1537.com,"https://www.google.com/maps/search/Afghanistan,CulturePhuket+Region+1537",Food & Wine,Culture & Museums,Family
City,"Ho Chi Minh City Region 1538, Vietnam",227924,Aw,1,November - April,A major global urban destination in Vietnam known for its tourism appeal.,14.65,"Ho Chi Minh City Region 1538, Vietnam",Yes,3.9,5701,https://www.visithochiminhcityregion1538.com,"https://www.google.com/maps/search/Afghanistan,CultureHo+Chi+Minh+City+Region+1538",Family,Romantic,Culture & Museums
City,"Cape Town Region 1539, South Africa",227696,Csb,2,May - September,A major global urban destination in South Africa known for its tourism appeal.,16.55,"Cape Town Region 1539, South Africa",Yes,4.4,5774,https://www.visitcapetownregion1539.com,"https://www.google.com/maps/search/Afghanistan,CultureCape+Town+Region+1539",Family,Romantic,City Break
City,"Prague Region 1540, Czech Republic",227469,Cfb,2,June - August,A major global urban destination in Czech Republic known for its tourism appeal.,17.8,"Prague Region 1540, Czech Republic",No,4.5,9024,https://www.visitpragueregion1540.com,"https://www.google.com/maps/search/Afghanistan,CulturePrague+Region+1540",Culture & Museums,Family,Romantic
City,"Phuket Region 1541, Thailand",227241,Am,1,December - March,A major global urban destination in Thailand known for its tourism appeal.,15.14,"Phuket Region 1541, Thailand",Yes,3.8,9618,https://www.visitphuketregion1541.com,"https://www.google.com/maps/search/Afghanistan,CulturePhuket+Region+1541",Romantic,Family,Culture & Museums
City,"Tokyo Region 1542, Japan",227014,Cfa,3,"March - May, September - November",A major global urban destination in Japan known for its tourism appeal.,17.87,"Tokyo Region 1542, Japan",No,4.8,5290,https://www.visittokyoregion1542.com,"https://www.google.com/maps/search/Afghanistan,CultureTokyo+Region+1542",Nightlife,Family,City Break
City,"Ho Chi Minh City Region 1543, Vietnam",226787,Aw,1,November - April,A major global urban destination in Vietnam known for its tourism appeal.,15.64,"Ho Chi Minh City Region 1543, Vietnam",Yes,4.4,3587,https://www.visithochiminhcityregion1543.com,"https://www.google.com/maps/search/Afghanistan,CultureHo+Chi+Minh+City+Region+1543",Food & Wine,Romantic,Culture & Museums
City,"Tokyo Region 1544, Japan",226560,Cfa,3,"March - May, September - November",A major global urban destination in Japan known for its tourism appeal.,15.75,"Tokyo Region 1544, Japan",No,3.9,10902,https://www.visittokyoregion1544.com,"https://www.google.com/maps/search/Afghanistan,CultureTokyo+Region+1544",Romantic,Family,Food & Wine
City,"Tokyo Region 1545, Japan",226334,Cfa,3,"March - May, September - November",A major global urban destination in Japan known for its tourism appeal.,17.84,"Tokyo Region 1545, Japan",Yes,4.7,6251,https://www.visittokyoregion1545.com,"https://www.google.com/maps/search/Afghanistan,CultureTokyo+Region+1545",Nightlife,Food & Wine,Romantic
City,"Marrakech Region 1546, Morocco",226107,BSh,1,October - March,A major global urban destination in Morocco known for its tourism appeal.,17.59,"Marrakech Region 1546, Morocco",Yes,4.5,8126,https://www.visitmarrakechregion1546.com,"https://www.google.com/maps/search/Afghanistan,CultureMarrakech+Region+1546",Romantic,Family,Food & Wine
City,"New Delhi Region 1547, India",225881,BSh,1,October - March,A major global urban destination in India known for its tourism appeal.,13.37,"New Delhi Region 1547, India",Yes,3.9,2674,https://www.visitnewdelhiregion1547.com,"https://www.google.com/maps/search/Afghanistan,CultureNew+Delhi+Region+1547",Food & Wine,Family,Romantic
City,"Los Angeles Region 1548, USA",225655,Csb,3,May - September,A major global urban destination in USA known for its tourism appeal.,14.95,"Los Angeles Region 1548, USA",Yes,4.0,5460,https://www.visitlosangelesregion1548.com,"https://www.google.com/maps/search/Afghanistan,CultureLos+Angeles+Region+1548",City Break,Romantic,Nightlife
City,"Venice Region 1549, Italy",225430,Cfa,3,"March - May, September - November",A major global urban destination in Italy known for its tourism appeal.,14.82,"Venice Region 1549, Italy",No,3.8,7924,https://www.visitveniceregion1549.com,"https://www.google.com/maps/search/Afghanistan,CultureVenice+Region+1549",Romantic,Culture & Museums,Family
City,"Athens Region 1550, Greece",225204,Csa,2,"April - June, September - October",A major global urban destination in Greece known for its tourism appeal.,16.34,"Athens Region 1550, Greece",No,4.6,3558,https://www.visitathensregion1550.com,"https://www.google.com/maps/search/Afghanistan,CultureAthens+Region+1550",Nightlife,Food & Wine,Romantic
City,"Singapore Region 1551, Singapore",224979,Af,4,Year Round,A major global urban destination in Singapore known for its tourism appeal.,17.94,"Singapore Region 1551, Singapore",Yes,4.5,9676,https://www.visitsingaporeregion1551.com,"https://www.google.com/maps/search/Afghanistan,CultureSingapore+Region+1551",Family,Nightlife,City Break
City,"Phuket Region 1552, Thailand",224754,Am,1,December - March,A major global urban destination in Thailand known for its tourism appeal.,14.62,"Phuket Region 1552, Thailand",Yes,4.2,3030,https://www.visitphuketregion1552.com,"https://www.google.com/maps/search/Afghanistan,CulturePhuket+Region+1552",Nightlife,Culture & Museums,Food & Wine
City,"Buenos Aires Region 1553, Argentina",224529,Cfa,1,"March - May, September - November",A major global urban destination in Argentina known for its tourism appeal.,13.48,"Buenos Aires Region 1553, Argentina",No,3.9,2865,https://www.visitbuenosairesregion1553.com,"https://www.google.com/maps/search/Afghanistan,CultureBuenos+Aires+Region+1553",Family,Nightlife,City Break
City,"Kyoto Region 1554, Japan",224305,Cfa,2,"March - May, September - November",A major global urban destination in Japan known for its tourism appeal.,17.92,"Kyoto Region 1554, Japan",No,4.7,6488,https://www.visitkyotoregion1554.com,"https://www.google.com/maps/search/Afghanistan,CultureKyoto+Region+1554",Culture & Museums,Romantic,City Break
City,"Los Angeles Region 1555, USA",224080,Csb,3,May - September,A major global urban destination in USA known for its tourism appeal.,16.9,"Los Angeles Region 1555, USA",No,4.9,2812,https://www.visitlosangelesregion1555.com,"https://www.google.com/maps/search/Afghanistan,CultureLos+Angeles+Region+1555",City Break,Culture & Museums,Family
City,"Munich Region 1556, Germany",223856,Cfb,3,June - August,A major global urban destination in Germany known for its tourism appeal.,14.54,"Munich Region 1556, Germany",No,4.3,2403,https://www.visitmunichregion1556.com,"https://www.google.com/maps/search/Afghanistan,CultureMunich+Region+1556",Culture & Museums,Family,City Break
City,"Marrakech Region 1557, Morocco",223632,BSh,1,October - March,A major global urban destination in Morocco known for its tourism appeal.,17.69,"Marrakech Region 1557, Morocco",Yes,4.5,8531,https://www.visitmarrakechregion1557.com,"https://www.google.com/maps/search/Afghanistan,CultureMarrakech+Region+1557",City Break,Nightlife,Family
City,"Venice Region 1558, Italy",223409,Cfa,3,"March - May, September - November",A major global urban destination in Italy known for its tourism appeal.,16.83,"Venice Region 1558, Italy",Yes,4.5,5496,https://www.visitveniceregion1558.com,"https://www.google.com/maps/search/Afghanistan,CultureVenice+Region+1558",Nightlife,Culture & Museums,Food & Wine
City,"Rome Region 1559, Italy",223185,Csa,3,"April - June, September - October",A major global urban destination in Italy known for its tourism appeal.,17.32,"Rome Region 1559, Italy",No,4.5,7073,https://www.visitromeregion1559.com,"https://www.google.com/maps/search/Afghanistan,CultureRome+Region+1559",Culture & Museums,City Break,Nightlife
City,"Rome Region 1560, Italy",222962,Csa,3,"April - June, September - October",A major global urban destination in Italy known for its tourism appeal.,15.57,"Rome Region 1560, Italy",No,3.9,9833,https://www.visitromeregion1560.com,"https://www.google.com/maps/search/Afghanistan,CultureRome+Region+1560",Nightlife,Romantic,Food & Wine
City,"New Delhi Region 1561, India",222739,BSh,1,October - March,A major global urban destination in India known for its tourism appeal.,14.35,"New Delhi Region 1561, India",Yes,3.8,5985,https://www.visitnewdelhiregion1561.com,"https://www.google.com/maps/search/Afghanistan,CultureNew+Delhi+Region+1561",Culture & Museums,Family,Food & Wine
City,"Warsaw Region 1562, Poland",222517,Dfb,2,June - August,A major global urban destination in Poland known for its tourism appeal.,14.25,"Warsaw Region 1562, Poland",No,3.9,4507,https://www.visitwarsawregion1562.com,"https://www.google.com/maps/search/Afghanistan,CultureWarsaw+Region+1562",Food & Wine,Family,Nightlife
City,"Zurich Region 1563, Switzerland",222294,Cfb,4,June - August,A major global urban destination in Switzerland known for its tourism appeal.,19.19,"Zurich Region 1563, Switzerland",Yes,4.9,8249,https://www.visitzurichregion1563.com,"https://www.google.com/maps/search/Afghanistan,CultureZurich+Region+1563",City Break,Food & Wine,Nightlife
City,"London Region 1564, UK",222072,Cfb,4,June - August,A major global urban destination in UK known for its tourism appeal.,18.19,"London Region 1564, UK",No,4.5,10995,https://www.visitlondonregion1564.com,"https://www.google.com/maps/search/Afghanistan,CultureLondon+Region+1564",Culture & Museums,Romantic,City Break
City,"New Delhi Region 1565, India",221850,BSh,1,October - March,A major global urban destination in India known for its tourism appeal.,17.18,"New Delhi Region 1565, India",Yes,4.3,9907,https://www.visitnewdelhiregion1565.com,"https://www.google.com/maps/search/Afghanistan,CultureNew+Delhi+Region+1565",Nightlife,Romantic,Culture & Museums
City,"Vienna Region 1566, Austria",221628,Cfb,3,June - August,A major global urban destination in Austria known for its tourism appeal.,19.13,"Vienna Region 1566, Austria",No,4.8,9666,https://www.visitviennaregion1566.com,"https://www.google.com/maps/search/Afghanistan,CultureVienna+Region+1566",City Break,Culture & Museums,Nightlife
City,"Sydney Region 1567, Australia",221406,Cfa,3,"March - May, September - November",A major global urban destination in Australia known for its tourism appeal.,14.23,"Sydney Region 1567, Australia",No,4.2,2438,https://www.visitsydneyregion1567.com,"https://www.google.com/maps/search/Afghanistan,CultureSydney+Region+1567",City Break,Nightlife,Food & Wine
City,"Mumbai Region 1568, India",221185,Aw,1,November - April,A major global urban destination in India known for its tourism appeal.,17.35,"Mumbai Region 1568, India",Yes,4.6,5914,https://www.visitmumbairegion1568.com,"https://www.google.com/maps/search/Afghanistan,CultureMumbai+Region+1568",Romantic,Nightlife,Culture & Museums
City,"Cairo Region 1569, Egypt",220964,BWh,1,November - March,A major global urban destination in Egypt known for its tourism appeal.,13.83,"Cairo Region 1569, Egypt",No,4.0,2861,https://www.visitcairoregion1569.com,"https://www.google.com/maps/search/Afghanistan,CultureCairo+Region+1569",Romantic,City Break,Nightlife
City,"Sydney Region 1570, Australia",220743,Cfa,3,"March - May, September - November",A major global urban destination in Australia known for its tourism appeal.,14.35,"Sydney Region 1570, Australia",No,3.9,4793,https://www.visitsydneyregion1570.com,"https://www.google.com/maps/search/Afghanistan,CultureSydney+Region+1570",City Break,Romantic,Family
City,"Kuala Lumpur Region 1571, Malaysia",220522,Af,1,Year Round,A major global urban destination in Malaysia known for its tourism appeal.,18.13,"Kuala Lumpur Region 1571, Malaysia",Yes,4.6,8719,https://www.visitkualalumpurregion1571.com,"https://www.google.com/maps/search/Afghanistan,CultureKuala+Lumpur+Region+1571",Romantic,Food & Wine,Family
City,"Seoul Region 1572, South Korea",220301,Dwa,2,May - October,A major global urban destination in South Korea known for its tourism appeal.,18.88,"Seoul Region 1572, South Korea",No,4.8,8564,https://www.visitseoulregion1572.com,"https://www.google.com/maps/search/Afghanistan,CultureSeoul+Region+1572",Romantic,Culture & Museums,Nightlife
City,"Stockholm Region 1573, Sweden",220081,Dfb,4,June - August,A major global urban destination in Sweden known for its tourism appeal.,14.49,"Stockholm Region 1573, Sweden",Yes,3.8,6523,https://www.visitstockholmregion1573.com,"https://www.google.com/maps/search/Afghanistan,CultureStockholm+Region+1573",Culture & Museums,Family,City Break
City,"Mexico City Region 1574, Mexico",219861,Cwb,1,April - October,A major global urban destination in Mexico known for its tourism appeal.,18.68,"Mexico City Region 1574, Mexico",No,4.7,9434,https://www.visitmexicocityregion1574.com,"https://www.google.com/maps/search/Afghanistan,CultureMexico+City+Region+1574",Romantic,City Break,Family
City,"Barcelona Region 1575, Spain",219641,Csa,2,"April - June, September - October",A major global urban destination in Spain known for its tourism appeal.,16.32,"Barcelona Region 1575, Spain",Yes,4.4,5113,https://www.visitbarcelonaregion1575.com,"https://www.google.com/maps/search/Afghanistan,CultureBarcelona+Region+1575",City Break,Culture & Museums,Nightlife
City,"Rome Region 1576, Italy",219421,Csa,3,"April - June, September - October",A major global urban destination in Italy known for its tourism appeal.,15.84,"Rome Region 1576, Italy",No,4.1,7288,https://www.visitromeregion1576.com,"https://www.google.com/maps/search/Afghanistan,CultureRome+Region+1576",Nightlife,Family,Culture & Museums
City,"Palma de Mallorca Region 1577, Spain",219202,Csa,2,"April - June, September - October",A major global urban destination in Spain known for its tourism appeal.,17.86,"Palma de Mallorca Region 1577, Spain",Yes,4.7,6318,https://www.visitpalmademallorcaregion1577.com,"https://www.google.com/maps/search/Afghanistan,CulturePalma+de+Mallorca+Region+1577",Family,Culture & Museums,Food & Wine
City,"Cape Town Region 1578, South Africa",218983,Csb,2,May - September,A major global urban destination in South Africa known for its tourism appeal.,16.87,"Cape Town Region 1578, South Africa",Yes,4.4,6838,https://www.visitcapetownregion1578.com,"https://www.google.com/maps/search/Afghanistan,CultureCape+Town+Region+1578",Romantic,Family,Food & Wine
City,"Hong Kong Region 1579, China",218764,Cwa,3,October - April,A major global urban destination in China known for its tourism appeal.,14.91,"Hong Kong Region 1579, China",Yes,4.3,2937,https://www.visithongkongregion1579.com,"https://www.google.com/maps/search/Afghanistan,CultureHong+Kong+Region+1579",Nightlife,Romantic,City Break
City,"Marrakech Region 1580, Morocco",218545,BSh,1,October - March,A major global urban destination in Morocco known for its tourism appeal.,17.45,"Marrakech Region 1580, Morocco",No,4.4,9242,https://www.visitmarrakechregion1580.com,"https://www.google.com/maps/search/Afghanistan,CultureMarrakech+Region+1580",Food & Wine,Culture & Museums,Family
City,"New Delhi Region 1581, India",218327,BSh,1,October - March,A major global urban destination in India known for its tourism appeal.,16.5,"New Delhi Region 1581, India",No,4.1,10562,https://www.visitnewdelhiregion1581.com,"https://www.google.com/maps/search/Afghanistan,CultureNew+Delhi+Region+1581",Food & Wine,Culture & Museums,Nightlife
City,"Osaka Region 1582, Japan",218108,Cfa,2,"March - May, September - November",A major global urban destination in Japan known for its tourism appeal.,15.27,"Osaka Region 1582, Japan",Yes,3.8,10405,https://www.visitosakaregion1582.com,"https://www.google.com/maps/search/Afghanistan,CultureOsaka+Region+1582",Food & Wine,Family,Romantic
City,"Tokyo Region 1583, Japan",217890,Cfa,3,"March - May, September - November",A major global urban destination in Japan known for its tourism appeal.,15.11,"Tokyo Region 1583, Japan",Yes,3.9,7469,https://www.visittokyoregion1583.com,"https://www.google.com/maps/search/Afghanistan,CultureTokyo+Region+1583",Family,Culture & Museums,City Break
City,"Hanoi Region 1584, Vietnam",217672,Cwa,1,October - April,A major global urban destination in Vietnam known for its tourism appeal.,17.01,"Hanoi Region 1584, Vietnam",No,4.7,4157,https://www.visithanoiregion1584.com,"https://www.google.com/maps/search/Afghanistan,CultureHanoi+Region+1584",Culture & Museums,Food & Wine,Romantic
City,"Phuket Region 1585, Thailand",217455,Am,1,December - March,A major global urban destination in Thailand known for its tourism appeal.,14.26,"Phuket Region 1585, Thailand",Yes,3.9,4544,https://www.visitphuketregion1585.com,"https://www.google.com/maps/search/Afghanistan,CulturePhuket+Region+1585",Culture & Museums,City Break,Food & Wine
City,"Kyoto Region 1586, Japan",217237,Cfa,2,"March - May, September - November",A major global urban destination in Japan known for its tourism appeal.,16.8,"Kyoto Region 1586, Japan",No,4.4,6573,https://www.visitkyotoregion1586.com,"https://www.google.com/maps/search/Afghanistan,CultureKyoto+Region+1586",Nightlife,Family,City Break
City,"Kyoto Region 1587, Japan",217020,Cfa,2,"March - May, September - November",A major global urban destination in Japan known for its tourism appeal.,17.23,"Kyoto Region 1587, Japan",Yes,4.4,8219,https://www.visitkyotoregion1587.com,"https://www.google.com/maps/search/Afghanistan,CultureKyoto+Region+1587",Food & Wine,City Break,Nightlife
City,"Ho Chi Minh City Region 1588, Vietnam",216803,Aw,1,November - April,A major global urban destination in Vietnam known for its tourism appeal.,17.6,"Ho Chi Minh City Region 1588, Vietnam",No,4.8,4649,https://www.visithochiminhcityregion1588.com,"https://www.google.com/maps/search/Afghanistan,CultureHo+Chi+Minh+City+Region+1588",Nightlife,Romantic,Food & Wine
City,"Athens Region 1589, Greece",216586,Csa,2,"April - June, September - October",A major global urban destination in Greece known for its tourism appeal.,16.55,"Athens Region 1589, Greece",Yes,4.4,5768,https://www.visitathensregion1589.com,"https://www.google.com/maps/search/Afghanistan,CultureAthens+Region+1589",Nightlife,Romantic,Culture & Museums
City,"Copenhagen Region 1590, Denmark",216369,Cfb,4,June - August,A major global urban destination in Denmark known for its tourism appeal.,15.19,"Copenhagen Region 1590, Denmark",No,3.9,7860,https://www.visitcopenhagenregion1590.com,"https://www.google.com/maps/search/Afghanistan,CultureCopenhagen+Region+1590",City Break,Culture & Museums,Family
City,"Pattaya Region 1591, Thailand",216153,Aw,1,November - April,A major global urban destination in Thailand known for its tourism appeal.,18.16,"Pattaya Region 1591, Thailand",Yes,4.6,8875,https://www.visitpattayaregion1591.com,"https://www.google.com/maps/search/Afghanistan,CulturePattaya+Region+1591",Romantic,Family,Nightlife
City,"Berlin Region 1592, Germany",215937,Cfb,2,June - August,A major global urban destination in Germany known for its tourism appeal.,15.35,"Berlin Region 1592, Germany",No,4.2,4518,https://www.visitberlinregion1592.com,"https://www.google.com/maps/search/Afghanistan,CultureBerlin+Region+1592",Nightlife,City Break,Food & Wine
City,"Bangalore Region 1593, India",215721,Aw,1,November - April,A major global urban destination in India known for its tourism appeal.,17.94,"Bangalore Region 1593, India",Yes,4.6,7949,https://www.visitbangaloreregion1593.com,"https://www.google.com/maps/search/Afghanistan,CultureBangalore+Region+1593",Nightlife,Culture & Museums,Family
City,"Lisbon Region 1594, Portugal",215505,Csa,2,"April - June, September - October",A major global urban destination in Portugal known for its tourism appeal.,15.86,"Lisbon Region 1594, Portugal",No,4.0,9218,https://www.visitlisbonregion1594.com,"https://www.google.com/maps/search/Afghanistan,CultureLisbon+Region+1594",Family,Food & Wine,City Break
City,"Mexico City Region 1595, Mexico",215290,Cwb,1,April - October,A major global urban destination in Mexico known for its tourism appeal.,17.66,"Mexico City Region 1595, Mexico",Yes,4.6,6898,https://www.visitmexicocityregion1595.com,"https://www.google.com/maps/search/Afghanistan,CultureMexico+City+Region+1595",Romantic,Food & Wine,Culture & Museums
City,"Cairo Region 1596, Egypt",215074,BWh,1,November - March,A major global urban destination in Egypt known for its tourism appeal.,15.78,"Cairo Region 1596, Egypt",Yes,4.0,8827,https://www.visitcairoregion1596.com,"https://www.google.com/maps/search/Afghanistan,CultureCairo+Region+1596",Culture & Museums,Food & Wine,Family
City,"Bangkok Region 1597, Thailand",214859,Aw,1,November - April,A major global urban destination in Thailand known for its tourism appeal.,13.38,"Bangkok Region 1597, Thailand",No,3.8,3321,https://www.visitbangkokregion1597.com,"https://www.google.com/maps/search/Afghanistan,CultureBangkok+Region+1597",Romantic,Food & Wine,City Break
City,"Milan Region 1598, Italy",214645,Cfa,3,"March - May, September - November",A major global urban destination in Italy known for its tourism appeal.,18.74,"Milan Region 1598, Italy",Yes,4.7,9715,https://www.visitmilanregion1598.com,"https://www.google.com/maps/search/Afghanistan,CultureMilan+Region+1598",Food & Wine,Nightlife,City Break
City,"Rome Region 1599, Italy",214430,Csa,3,"April - June, September - October",A major global urban destination in Italy known for its tourism appeal.,15.26,"Rome Region 1599, Italy",No,3.8,10384,https://www.visitromeregion1599.com,"https://www.google.com/maps/search/Afghanistan,CultureRome+Region+1599",City Break,Family,Culture & Museums
City,"Madrid Region 1600, Spain",214215,Csa,2,"April - June, September - October",A major global urban destination in Spain known for its tourism appeal.,16.06,"Madrid Region 1600, Spain",Yes,4.1,8264,https://www.visitmadridregion1600.com,"https://www.google.com/maps/search/Afghanistan,CultureMadrid+Region+1600",Food & Wine,City Break,Nightlife
City,"Seoul Region 1601, South Korea",214001,Dwa,2,May - October,A major global urban destination in South Korea known for its tourism appeal.,14.23,"Seoul Region 1601, South Korea",Yes,3.8,5555,https://www.visitseoulregion1601.com,"https://www.google.com/maps/search/Afghanistan,CultureSeoul+Region+1601",Family,Food & Wine,City Break
City,"Prague Region 1602, Czech Republic",213787,Cfb,2,June - August,A major global urban destination in Czech Republic known for its tourism appeal.,17.89,"Prague Region 1602, Czech Republic",Yes,4.8,5325,https://www.visitpragueregion1602.com,"https://www.google.com/maps/search/Afghanistan,CulturePrague+Region+1602",Culture & Museums,Nightlife,City Break
City,"Amsterdam Region 1603, Netherlands",213573,Cfb,3,June - August,A major global urban destination in Netherlands known for its tourism appeal.,13.34,"Amsterdam Region 1603, Netherlands",No,4.0,2167,https://www.visitamsterdamregion1603.com,"https://www.google.com/maps/search/Afghanistan,CultureAmsterdam+Region+1603",Nightlife,Culture & Museums,Food & Wine
City,"Los Angeles Region 1604, USA",213360,Csb,3,May - September,A major global urban destination in USA known for its tourism appeal.,15.96,"Los Angeles Region 1604, USA",Yes,4.0,9795,https://www.visitlosangelesregion1604.com,"https://www.google.com/maps/search/Afghanistan,CultureLos+Angeles+Region+1604",Nightlife,Family,Romantic
City,"Ho Chi Minh City Region 1605, Vietnam",213147,Aw,1,November - April,A major global urban destination in Vietnam known for its tourism appeal.,17.87,"Ho Chi Minh City Region 1605, Vietnam",Yes,4.5,9378,https://www.visithochiminhcityregion1605.com,"https://www.google.com/maps/search/Afghanistan,CultureHo+Chi+Minh+City+Region+1605",Family,City Break,Romantic
City,"New Delhi Region 1606, India",212933,BSh,1,October - March,A major global urban destination in India known for its tourism appeal.,15.77,"New Delhi Region 1606, India",No,4.0,8757,https://www.visitnewdelhiregion1606.com,"https://www.google.com/maps/search/Afghanistan,CultureNew+Delhi+Region+1606",Food & Wine,Nightlife,Family
City,"Mecca Region 1607, Saudi Arabia",212720,BWh,2,November - March,A major global urban destination in Saudi Arabia known for its tourism appeal.,16.52,"Mecca Region 1607, Saudi Arabia",Yes,4.8,2768,https://www.visitmeccaregion1607.com,"https://www.google.com/maps/search/Afghanistan,CultureMecca+Region+1607",Family,Culture & Museums,Nightlife
City,"Zurich Region 1608, Switzerland",212508,Cfb,4,June - August,A major global urban destination in Switzerland known for its tourism appeal.,15.54,"Zurich Region 1608, Switzerland",Yes,3.9,9644,https://www.visitzurichregion1608.com,"https://www.google.com/maps/search/Afghanistan,CultureZurich+Region+1608",Romantic,Food & Wine,City Break
City,"Shanghai Region 1609, China",212295,Cfa,2,"March - May, September - November",A major global urban destination in China known for its tourism appeal.,17.83,"Shanghai Region 1609, China",Yes,4.8,5179,https://www.visitshanghairegion1609.com,"https://www.google.com/maps/search/Afghanistan,CultureShanghai+Region+1609",Nightlife,Family,Romantic
City,"Taipei Region 1610, Taiwan",212083,Cfa,2,"March - May, September - November",A major global urban destination in Taiwan known for its tourism appeal.,19.19,"Taipei Region 1610, Taiwan",Yes,4.8,9948,https://www.visittaipeiregion1610.com,"https://www.google.com/maps/search/Afghanistan,CultureTaipei+Region+1610",Romantic,City Break,Family
City,"Copenhagen Region 1611, Denmark",211871,Cfb,4,June - August,A major global urban destination in Denmark known for its tourism appeal.,17.44,"Copenhagen Region 1611, Denmark",Yes,4.6,6182,https://www.visitcopenhagenregion1611.com,"https://www.google.com/maps/search/Afghanistan,CultureCopenhagen+Region+1611",Family,Romantic,Culture & Museums
City,"Seoul Region 1612, South Korea",211659,Dwa,2,May - October,A major global urban destination in South Korea known for its tourism appeal.,17.51,"Seoul Region 1612, South Korea",No,4.5,7764,https://www.visitseoulregion1612.com,"https://www.google.com/maps/search/Afghanistan,CultureSeoul+Region+1612",Romantic,Nightlife,City Break
City,"Mecca Region 1613, Saudi Arabia",211447,BWh,2,November - March,A major global urban destination in Saudi Arabia known for its tourism appeal.,16.72,"Mecca Region 1613, Saudi Arabia",No,4.7,3609,https://www.visitmeccaregion1613.com,"https://www.google.com/maps/search/Afghanistan,CultureMecca+Region+1613",Culture & Museums,Romantic,Family
City,"Vancouver Region 1614, Canada",211236,Cfb,3,June - August,A major global urban destination in Canada known for its tourism appeal.,14.73,"Vancouver Region 1614, Canada",No,3.9,5992,https://www.visitvancouverregion1614.com,"https://www.google.com/maps/search/Afghanistan,CultureVancouver+Region+1614",City Break,Food & Wine,Culture & Museums
City,"Budapest Region 1615, Hungary",211025,Cfb,2,June - August,A major global urban destination in Hungary known for its tourism appeal.,16.63,"Budapest Region 1615, Hungary",Yes,4.4,6024,https://www.visitbudapestregion1615.com,"https://www.google.com/maps/search/Afghanistan,CultureBudapest+Region+1615",City Break,Nightlife,Romantic
City,"Amsterdam Region 1616, Netherlands",210814,Cfb,3,June - August,A major global urban destination in Netherlands known for its tourism appeal.,15.75,"Amsterdam Region 1616, Netherlands",Yes,4.6,2654,https://www.visitamsterdamregion1616.com,"https://www.google.com/maps/search/Afghanistan,CultureAmsterdam+Region+1616",City Break,Food & Wine,Nightlife
City,"Jerusalem Region 1617, Israel",210603,Csa,3,"April - June, September - October",A major global urban destination in Israel known for its tourism appeal.,15.44,"Jerusalem Region 1617, Israel",No,4.0,7251,https://www.visitjerusalemregion1617.com,"https://www.google.com/maps/search/Afghanistan,CultureJerusalem+Region+1617",Family,Culture & Museums,Nightlife
City,"Osaka Region 1618, Japan",210392,Cfa,2,"March - May, September - November",A major global urban destination in Japan known for its tourism appeal.,18.03,"Osaka Region 1618, Japan",Yes,4.5,10149,https://www.visitosakaregion1618.com,"https://www.google.com/maps/search/Afghanistan,CultureOsaka+Region+1618",City Break,Food & Wine,Family
City,"Bangkok Region 1619, Thailand",210182,Aw,1,November - April,A major global urban destination in Thailand known for its tourism appeal.,16.29,"Bangkok Region 1619, Thailand",No,4.2,7544,https://www.visitbangkokregion1619.com,"https://www.google.com/maps/search/Afghanistan,CultureBangkok+Region+1619",Romantic,Family,City Break
City,"Ho Chi Minh City Region 1620, Vietnam",209972,Aw,1,November - April,A major global urban destination in Vietnam known for its tourism appeal.,18.42,"Ho Chi Minh City Region 1620, Vietnam",No,4.7,8288,https://www.visithochiminhcityregion1620.com,"https://www.google.com/maps/search/Afghanistan,CultureHo+Chi+Minh+City+Region+1620",Nightlife,Culture & Museums,Food & Wine
City,"Vienna Region 1621, Austria",209762,Cfb,3,June - August,A major global urban destination in Austria known for its tourism appeal.,16.99,"Vienna Region 1621, Austria",Yes,4.5,5957,https://www.visitviennaregion1621.com,"https://www.google.com/maps/search/Afghanistan,CultureVienna+Region+1621",Food & Wine,Family,Nightlife
City,"Bangkok Region 1622, Thailand",209552,Aw,1,November - April,A major global urban destination in Thailand known for its tourism appeal.,15.53,"Bangkok Region 1622, Thailand",No,4.0,7616,https://www.visitbangkokregion1622.com,"https://www.google.com/maps/search/Afghanistan,CultureBangkok+Region+1622",Family,City Break,Nightlife
City,"Prague Region 1623, Czech Republic",209342,Cfb,2,June - August,A major global urban destination in Czech Republic known for its tourism appeal.,15.42,"Prague Region 1623, Czech Republic",No,4.0,7162,https://www.visitpragueregion1623.com,"https://www.google.com/maps/search/Afghanistan,CulturePrague+Region+1623",City Break,Romantic,Culture & Museums
City,"Prague Region 1624, Czech Republic",209133,Cfb,2,June - August,A major global urban destination in Czech Republic known for its tourism appeal.,19.2,"Prague Region 1624, Czech Republic",Yes,4.9,8272,https://www.visitpragueregion1624.com,"https://www.google.com/maps/search/Afghanistan,CulturePrague+Region+1624",Nightlife,Romantic,Family
City,"Singapore Region 1625, Singapore",208924,Af,4,Year Round,A major global urban destination in Singapore known for its tourism appeal.,15.49,"Singapore Region 1625, Singapore",Yes,4.5,2773,https://www.visitsingaporeregion1625.com,"https://www.google.com/maps/search/Afghanistan,CultureSingapore+Region+1625",Romantic,Nightlife,Family
City,"Vancouver Region 1626, Canada",208715,Cfb,3,June - August,A major global urban destination in Canada known for its tourism appeal.,15.94,"Vancouver Region 1626, Canada",Yes,4.0,9654,https://www.visitvancouverregion1626.com,"https://www.google.com/maps/search/Afghanistan,CultureVancouver+Region+1626",Food & Wine,Nightlife,Romantic
City,"Palma de Mallorca Region 1627, Spain",208506,Csa,2,"April - June, September - October",A major global urban destination in Spain known for its tourism appeal.,16.02,"Palma de Mallorca Region 1627, Spain",No,4.3,5303,https://www.visitpalmademallorcaregion1627.com,"https://www.google.com/maps/search/Afghanistan,CulturePalma+de+Mallorca+Region+1627",City Break,Food & Wine,Romantic
City,"Tokyo Region 1628, Japan",208298,Cfa,3,"March - May, September - November",A major global urban destination in Japan known for its tourism appeal.,16.78,"Tokyo Region 1628, Japan",Yes,4.2,9907,https://www.visittokyoregion1628.com,"https://www.google.com/maps/search/Afghanistan,CultureTokyo+Region+1628",Romantic,Food & Wine,Family
City,"Phuket Region 1629, Thailand",208089,Am,1,December - March,A major global urban destination in Thailand known for its tourism appeal.,18.05,"Phuket Region 1629, Thailand",No,4.8,5757,https://www.visitphuketregion1629.com,"https://www.google.com/maps/search/Afghanistan,CulturePhuket+Region+1629",Food & Wine,Culture & Museums,Romantic
City,"Shanghai Region 1630, China",207881,Cfa,2,"March - May, September - November",A major global urban destination in China known for its tourism appeal.,16.12,"Shanghai Region 1630, China",No,4.1,8526,https://www.visitshanghairegion1630.com,"https://www.google.com/maps/search/Afghanistan,CultureShanghai+Region+1630",Culture & Museums,Food & Wine,Romantic
City,"Las Vegas Region 1631, USA",207673,BWk,3,May - September,A major global urban destination in USA known for its tourism appeal.,14.66,"Las Vegas Region 1631, USA",No,3.8,7220,https://www.visitlasvegasregion1631.com,"https://www.google.com/maps/search/Afghanistan,CultureLas+Vegas+Region+1631",City Break,Culture & Museums,Romantic
City,"Las Vegas Region 1632, USA",207466,BWk,3,May - September,A major global urban destination in USA known for its tourism appeal.,13.07,"Las Vegas Region 1632, USA",No,3.8,2759,https://www.visitlasvegasregion1632.com,"https://www.google.com/maps/search/Afghanistan,CultureLas+Vegas+Region+1632",Family,Culture & Museums,City Break
City,"New Delhi Region 1633, India",207258,BSh,1,October - March,A major global urban destination in India known for its tourism appeal.,19.6,"New Delhi Region 1633, India",No,4.9,9990,https://www.visitnewdelhiregion1633.com,"https://www.google.com/maps/search/Afghanistan,CultureNew+Delhi+Region+1633",Culture & Museums,Food & Wine,City Break
City,"Athens Region 1634, Greece",207051,Csa,2,"April - June, September - October",A major global urban destination in Greece known for its tourism appeal.,17.25,"Athens Region 1634, Greece",Yes,4.8,3927,https://www.visitathensregion1634.com,"https://www.google.com/maps/search/Afghanistan,CultureAthens+Region+1634",Food & Wine,Romantic,Nightlife
City,"Athens Region 1635, Greece",206844,Csa,2,"April - June, September - October",A major global urban destination in Greece known for its tourism appeal.,16.7,"Athens Region 1635, Greece",No,4.3,7647,https://www.visitathensregion1635.com,"https://www.google.com/maps/search/Afghanistan,CultureAthens+Region+1635",Food & Wine,Nightlife,Family
City,"Zurich Region 1636, Switzerland",206637,Cfb,4,June - August,A major global urban destination in Switzerland known for its tourism appeal.,16.63,"Zurich Region 1636, Switzerland",No,4.6,4116,https://www.visitzurichregion1636.com,"https://www.google.com/maps/search/Afghanistan,CultureZurich+Region+1636",City Break,Culture & Museums,Nightlife
City,"Dubai Region 1637, UAE",206431,BWh,4,November - March,A major global urban destination in UAE known for its tourism appeal.,17.5,"Dubai Region 1637, UAE",No,4.8,4432,https://www.visitdubairegion1637.com,"https://www.google.com/maps/search/Afghanistan,CultureDubai+Region+1637",City Break,Culture & Museums,Romantic
City,"Cape Town Region 1638, South Africa",206224,Csb,2,May - September,A major global urban destination in South Africa known for its tourism appeal.,17.92,"Cape Town Region 1638, South Africa",Yes,4.6,7873,https://www.visitcapetownregion1638.com,"https://www.google.com/maps/search/Afghanistan,CultureCape+Town+Region+1638",Family,Nightlife,Romantic
City,"New York City Region 1639, USA",206018,Cfa,4,"March - May, September - November",A major global urban destination in USA known for its tourism appeal.,16.79,"New York City Region 1639, USA",Yes,4.4,6552,https://www.visitnewyorkcityregion1639.com,"https://www.google.com/maps/search/Afghanistan,CultureNew+York+City+Region+1639",Family,City Break,Food & Wine
City,"Jaipur Region 1640, India",205812,BSh,1,October - March,A major global urban destination in India known for its tourism appeal.,17.7,"Jaipur Region 1640, India",Yes,4.6,7031,https://www.visitjaipurregion1640.com,"https://www.google.com/maps/search/Afghanistan,CultureJaipur+Region+1640",Culture & Museums,Nightlife,Romantic
City,"Buenos Aires Region 1641, Argentina",205606,Cfa,1,"March - May, September - November",A major global urban destination in Argentina known for its tourism appeal.,16.94,"Buenos Aires Region 1641, Argentina",Yes,4.5,5823,https://www.visitbuenosairesregion1641.com,"https://www.google.com/maps/search/Afghanistan,CultureBuenos+Aires+Region+1641",Nightlife,Romantic,Culture & Museums
City,"Antalya Region 1642, Turkey",205400,Csa,1,"April - June, September - October",A major global urban destination in Turkey known for its tourism appeal.,16.44,"Antalya Region 1642, Turkey",No,4.3,6665,https://www.visitantalyaregion1642.com,"https://www.google.com/maps/search/Afghanistan,CultureAntalya+Region+1642",City Break,Nightlife,Family
City,"Bali Region 1643, Indonesia",205195,Aw,1,November - April,A major global urban destination in Indonesia known for its tourism appeal.,19.12,"Bali Region 1643, Indonesia",Yes,4.8,9639,https://www.visitbaliregion1643.com,"https://www.google.com/maps/search/Afghanistan,CultureBali+Region+1643",Food & Wine,City Break,Family
City,"Pattaya Region 1644, Thailand",204990,Aw,1,November - April,A major global urban destination in Thailand known for its tourism appeal.,18.69,"Pattaya Region 1644, Thailand",No,4.8,7834,https://www.visitpattayaregion1644.com,"https://www.google.com/maps/search/Afghanistan,CulturePattaya+Region+1644",Food & Wine,Culture & Museums,Nightlife
City,"Hong Kong Region 1645, China",204785,Cwa,3,October - April,A major global urban destination in China known for its tourism appeal.,16.8,"Hong Kong Region 1645, China",Yes,4.3,8052,https://www.visithongkongregion1645.com,"https://www.google.com/maps/search/Afghanistan,CultureHong+Kong+Region+1645",Food & Wine,Nightlife,Romantic
City,"Kuala Lumpur Region 1646, Malaysia",204580,Af,1,Year Round,A major global urban destination in Malaysia known for its tourism appeal.,15.83,"Kuala Lumpur Region 1646, Malaysia",Yes,4.0,9058,https://www.visitkualalumpurregion1646.com,"https://www.google.com/maps/search/Afghanistan,CultureKuala+Lumpur+Region+1646",Culture & Museums,Family,Food & Wine
City,"Amsterdam Region 1647, Netherlands",204375,Cfb,3,June - August,A major global urban destination in Netherlands known for its tourism appeal.,16.41,"Amsterdam Region 1647, Netherlands",Yes,4.2,8075,https://www.visitamsterdamregion1647.com,"https://www.google.com/maps/search/Afghanistan,CultureAmsterdam+Region+1647",City Break,Food & Wine,Culture & Museums
City,"Jaipur Region 1648, India",204171,BSh,1,October - March,A major global urban destination in India known for its tourism appeal.,14.54,"Jaipur Region 1648, India",Yes,3.8,6709,https://www.visitjaipurregion1648.com,"https://www.google.com/maps/search/Afghanistan,CultureJaipur+Region+1648",Romantic,Culture & Museums,City Break
City,"Madrid Region 1649, Spain",203967,Csa,2,"April - June, September - October",A major global urban destination in Spain known for its tourism appeal.,16.4,"Madrid Region 1649, Spain",No,4.4,5342,https://www.visitmadridregion1649.com,"https://www.google.com/maps/search/Afghanistan,CultureMadrid+Region+1649",Food & Wine,City Break,Family
City,"Los Angeles Region 1650, USA",203763,Csb,3,May - September,A major global urban destination in USA known for its tourism appeal.,13.29,"Los Angeles Region 1650, USA",No,3.9,2551,https://www.visitlosangelesregion1650.com,"https://www.google.com/maps/search/Afghanistan,CultureLos+Angeles+Region+1650",Food & Wine,Romantic,Culture & Museums
City,"Milan Region 1651, Italy",203559,Cfa,3,"March - May, September - November",A major global urban destination in Italy known for its tourism appeal.,15.45,"Milan Region 1651, Italy",Yes,3.9,9177,https://www.visitmilanregion1651.com,"https://www.google.com/maps/search/Afghanistan,CultureMilan+Region+1651",Family,City Break,Culture & Museums
City,"Florence Region 1652, Italy",203356,Cfa,3,"March - May, September - November",A major global urban destination in Italy known for its tourism appeal.,15.98,"Florence Region 1652, Italy",Yes,4.0,9904,https://www.visitflorenceregion1652.com,"https://www.google.com/maps/search/Afghanistan,CultureFlorence+Region+1652",City Break,Family,Romantic
City,"Bali Region 1653, Indonesia",203152,Aw,1,November - April,A major global urban destination in Indonesia known for its tourism appeal.,18.15,"Bali Region 1653, Indonesia",No,4.7,7262,https://www.visitbaliregion1653.com,"https://www.google.com/maps/search/Afghanistan,CultureBali+Region+1653",Nightlife,Romantic,Culture & Museums
City,"Prague Region 1654, Czech Republic",202949,Cfb,2,June - August,A major global urban destination in Czech Republic known for its tourism appeal.,17.18,"Prague Region 1654, Czech Republic",Yes,4.6,5426,https://www.visitpragueregion1654.com,"https://www.google.com/maps/search/Afghanistan,CulturePrague+Region+1654",City Break,Nightlife,Culture & Museums
City,"Rome Region 1655, Italy",202746,Csa,3,"April - June, September - October",A major global urban destination in Italy known for its tourism appeal.,14.68,"Rome Region 1655, Italy",No,4.2,3125,https://www.visitromeregion1655.com,"https://www.google.com/maps/search/Afghanistan,CultureRome+Region+1655",Nightlife,Romantic,Family
City,"Mexico City Region 1656, Mexico",202543,Cwb,1,April - October,A major global urban destination in Mexico known for its tourism appeal.,15.27,"Mexico City Region 1656, Mexico",No,4.6,2089,https://www.visitmexicocityregion1656.com,"https://www.google.com/maps/search/Afghanistan,CultureMexico+City+Region+1656",City Break,Nightlife,Romantic
City,"Mexico City Region 1657, Mexico",202341,Cwb,1,April - October,A major global urban destination in Mexico known for its tourism appeal.,17.34,"Mexico City Region 1657, Mexico",Yes,4.8,4092,https://www.visitmexicocityregion1657.com,"https://www.google.com/maps/search/Afghanistan,CultureMexico+City+Region+1657",Family,Food & Wine,Romantic
City,"Cairo Region 1658, Egypt",202139,BWh,1,November - March,A major global urban destination in Egypt known for its tourism appeal.,18.39,"Cairo Region 1658, Egypt",Yes,4.7,8181,https://www.visitcairoregion1658.com,"https://www.google.com/maps/search/Afghanistan,CultureCairo+Region+1658",Nightlife,Food & Wine,Romantic
City,"Singapore Region 1659, Singapore",201936,Af,4,Year Round,A major global urban destination in Singapore known for its tourism appeal.,15.33,"Singapore Region 1659, Singapore",No,4.4,3051,https://www.visitsingaporeregion1659.com,"https://www.google.com/maps/search/Afghanistan,CultureSingapore+Region+1659",Romantic,City Break,Food & Wine
City,"Singapore Region 1660, Singapore",201734,Af,4,Year Round,A major global urban destination in Singapore known for its tourism appeal.,17.86,"Singapore Region 1660, Singapore",No,4.5,9286,https://www.visitsingaporeregion1660.com,"https://www.google.com/maps/search/Afghanistan,CultureSingapore+Region+1660",Romantic,Nightlife,Food & Wine
City,"Toronto Region 1661, Canada",201533,Dfa,3,May - September,A major global urban destination in Canada known for its tourism appeal.,16.82,"Toronto Region 1661, Canada",Yes,4.4,6664,https://www.visittorontoregion1661.com,"https://www.google.com/maps/search/Afghanistan,CultureToronto+Region+1661",Romantic,Family,Nightlife
City,"Vienna Region 1662, Austria",201331,Cfb,3,June - August,A major global urban destination in Austria known for its tourism appeal.,16.51,"Vienna Region 1662, Austria",Yes,4.3,6917,https://www.visitviennaregion1662.com,"https://www.google.com/maps/search/Afghanistan,CultureVienna+Region+1662",Nightlife,Family,Romantic
City,"Zurich Region 1663, Switzerland",201130,Cfb,4,June - August,A major global urban destination in Switzerland known for its tourism appeal.,15.78,"Zurich Region 1663, Switzerland",No,4.1,7061,https://www.visitzurichregion1663.com,"https://www.google.com/maps/search/Afghanistan,CultureZurich+Region+1663",City Break,Family,Culture & Museums
City,"Venice Region 1664, Italy",200929,Cfa,3,"March - May, September - November",A major global urban destination in Italy known for its tourism appeal.,14.73,"Venice Region 1664, Italy",No,3.8,7525,https://www.visitveniceregion1664.com,"https://www.google.com/maps/search/Afghanistan,CultureVenice+Region+1664",Culture & Museums,City Break,Food & Wine
City,"Tokyo Region 1665, Japan",200728,Cfa,3,"March - May, September - November",A major global urban destination in Japan known for its tourism appeal.,17.93,"Tokyo Region 1665, Japan",Yes,4.6,7885,https://www.visittokyoregion1665.com,"https://www.google.com/maps/search/Afghanistan,CultureTokyo+Region+1665",Food & Wine,Nightlife,City Break
City,"Mecca Region 1666, Saudi Arabia",200527,BWh,2,November - March,A major global urban destination in Saudi Arabia known for its tourism appeal.,15.54,"Mecca Region 1666, Saudi Arabia",No,4.6,2386,https://www.visitmeccaregion1666.com,"https://www.google.com/maps/search/Afghanistan,CultureMecca+Region+1666",Romantic,Culture & Museums,Nightlife
City,"London Region 1667, UK",200327,Cfb,4,June - August,A major global urban destination in UK known for its tourism appeal.,15.86,"London Region 1667, UK",No,4.1,7389,https://www.visitlondonregion1667.com,"https://www.google.com/maps/search/Afghanistan,CultureLondon+Region+1667",Family,City Break,Romantic
City,"Kyoto Region 1668, Japan",200126,Cfa,2,"March - May, September - November",A major global urban destination in Japan known for its tourism appeal.,16.19,"Kyoto Region 1668, Japan",No,4.1,8872,https://www.visitkyotoregion1668.com,"https://www.google.com/maps/search/Afghanistan,CultureKyoto+Region+1668",Family,Food & Wine,Nightlife
City,"Venice Region 1669, Italy",199926,Cfa,3,"March - May, September - November",A major global urban destination in Italy known for its tourism appeal.,14.99,"Venice Region 1669, Italy",No,4.0,5595,https://www.visitveniceregion1669.com,"https://www.google.com/maps/search/Afghanistan,CultureVenice+Region+1669",City Break,Nightlife,Family
City,"Pattaya Region 1670, Thailand",199726,Aw,1,November - April,A major global urban destination in Thailand known for its tourism appeal.,19.04,"Pattaya Region 1670, Thailand",No,4.9,7697,https://www.visitpattayaregion1670.com,"https://www.google.com/maps/search/Afghanistan,CulturePattaya+Region+1670",Food & Wine,Romantic,Family
City,"Sydney Region 1671, Australia",199526,Cfa,3,"March - May, September - November",A major global urban destination in Australia known for its tourism appeal.,18.53,"Sydney Region 1671, Australia",Yes,4.8,7268,https://www.visitsydneyregion1671.com,"https://www.google.com/maps/search/Afghanistan,CultureSydney+Region+1671",Family,Food & Wine,Culture & Museums
City,"Lisbon Region 1672, Portugal",199327,Csa,2,"April - June, September - October",A major global urban destination in Portugal known for its tourism appeal.,15.9,"Lisbon Region 1672, Portugal",No,4.4,4098,https://www.visitlisbonregion1672.com,"https://www.google.com/maps/search/Afghanistan,CultureLisbon+Region+1672",Romantic,Nightlife,Culture & Museums
City,"Prague Region 1673, Czech Republic",199128,Cfb,2,June - August,A major global urban destination in Czech Republic known for its tourism appeal.,15.94,"Prague Region 1673, Czech Republic",Yes,4.2,6226,https://www.visitpragueregion1673.com,"https://www.google.com/maps/search/Afghanistan,CulturePrague+Region+1673",City Break,Food & Wine,Romantic
City,"Osaka Region 1674, Japan",198928,Cfa,2,"March - May, September - November",A major global urban destination in Japan known for its tourism appeal.,17.02,"Osaka Region 1674, Japan",No,4.4,7390,https://www.visitosakaregion1674.com,"https://www.google.com/maps/search/Afghanistan,CultureOsaka+Region+1674",City Break,Culture & Museums,Food & Wine
City,"Mecca Region 1675, Saudi Arabia",198730,BWh,2,November - March,A major global urban destination in Saudi Arabia known for its tourism appeal.,14.74,"Mecca Region 1675, Saudi Arabia",Yes,4.4,2233,https://www.visitmeccaregion1675.com,"https://www.google.com/maps/search/Afghanistan,CultureMecca+Region+1675",Family,Romantic,City Break
City,"Palma de Mallorca Region 1676, Spain",198531,Csa,2,"April - June, September - October",A major global urban destination in Spain known for its tourism appeal.,19.31,"Palma de Mallorca Region 1676, Spain",No,4.9,8709,https://www.visitpalmademallorcaregion1676.com,"https://www.google.com/maps/search/Afghanistan,CulturePalma+de+Mallorca+Region+1676",Romantic,City Break,Nightlife
City,"Vancouver Region 1677, Canada",198332,Cfb,3,June - August,A major global urban destination in Canada known for its tourism appeal.,19.0,"Vancouver Region 1677, Canada",No,4.8,9085,https://www.visitvancouverregion1677.com,"https://www.google.com/maps/search/Afghanistan,CultureVancouver+Region+1677",Food & Wine,Culture & Museums,Romantic
City,"Stockholm Region 1678, Sweden",198134,Dfb,4,June - August,A major global urban destination in Sweden known for its tourism appeal.,15.2,"Stockholm Region 1678, Sweden",No,4.2,4150,https://www.visitstockholmregion1678.com,"https://www.google.com/maps/search/Afghanistan,CultureStockholm+Region+1678",Family,Food & Wine,Nightlife
City,"Buenos Aires Region 1679, Argentina",197936,Cfa,1,"March - May, September - November",A major global urban destination in Argentina known for its tourism appeal.,12.94,"Buenos Aires Region 1679, Argentina",Yes,3.9,2083,https://www.visitbuenosairesregion1679.com,"https://www.google.com/maps/search/Afghanistan,CultureBuenos+Aires+Region+1679",Family,Romantic,Culture & Museums
City,"Mecca Region 1680, Saudi Arabia",197738,BWh,2,November - March,A major global urban destination in Saudi Arabia known for its tourism appeal.,14.34,"Mecca Region 1680, Saudi Arabia",No,4.2,2598,https://www.visitmeccaregion1680.com,"https://www.google.com/maps/search/Afghanistan,CultureMecca+Region+1680",Culture & Museums,Food & Wine,City Break
City,"Prague Region 1681, Czech Republic",197540,Cfb,2,June - August,A major global urban destination in Czech Republic known for its tourism appeal.,17.82,"Prague Region 1681, Czech Republic",Yes,4.8,5150,https://www.visitpragueregion1681.com,"https://www.google.com/maps/search/Afghanistan,CulturePrague+Region+1681",Family,Romantic,City Break
City,"Rio de Janeiro Region 1682, Brazil",197343,Aw,1,November - April,A major global urban destination in Brazil known for its tourism appeal.,16.39,"Rio de Janeiro Region 1682, Brazil",Yes,4.3,6475,https://www.visitriodejaneiroregion1682.com,"https://www.google.com/maps/search/Afghanistan,CultureRio+de+Janeiro+Region+1682",Food & Wine,City Break,Family
City,"Pattaya Region 1683, Thailand",197145,Aw,1,November - April,A major global urban destination in Thailand known for its tourism appeal.,16.12,"Pattaya Region 1683, Thailand",Yes,4.7,2695,https://www.visitpattayaregion1683.com,"https://www.google.com/maps/search/Afghanistan,CulturePattaya+Region+1683",Culture & Museums,Romantic,Family
City,"Dublin Region 1684, Ireland",196948,Cfb,3,June - August,A major global urban destination in Ireland known for its tourism appeal.,16.07,"Dublin Region 1684, Ireland",No,4.2,6718,https://www.visitdublinregion1684.com,"https://www.google.com/maps/search/Afghanistan,CultureDublin+Region+1684",Culture & Museums,City Break,Family
City,"Paris Region 1685, France",196751,Cfb,3,June - August,A major global urban destination in France known for its tourism appeal.,18.45,"Paris Region 1685, France",No,4.7,8418,https://www.visitparisregion1685.com,"https://www.google.com/maps/search/Afghanistan,CultureParis+Region+1685",Nightlife,City Break,Culture & Museums
City,"Prague Region 1686, Czech Republic",196554,Cfb,2,June - August,A major global urban destination in Czech Republic known for its tourism appeal.,19.47,"Prague Region 1686, Czech Republic",Yes,4.9,9390,https://www.visitpragueregion1686.com,"https://www.google.com/maps/search/Afghanistan,CulturePrague+Region+1686",Romantic,Culture & Museums,Family
City,"Rio de Janeiro Region 1687, Brazil",196358,Aw,1,November - April,A major global urban destination in Brazil known for its tourism appeal.,16.17,"Rio de Janeiro Region 1687, Brazil",No,4.6,3272,https://www.visitriodejaneiroregion1687.com,"https://www.google.com/maps/search/Afghanistan,CultureRio+de+Janeiro+Region+1687",Nightlife,City Break,Family
City,"Hanoi Region 1688, Vietnam",196161,Cwa,1,October - April,A major global urban destination in Vietnam known for its tourism appeal.,16.26,"Hanoi Region 1688, Vietnam",Yes,4.4,4965,https://www.visithanoiregion1688.com,"https://www.google.com/maps/search/Afghanistan,CultureHanoi+Region+1688",City Break,Romantic,Nightlife
City,"Antalya Region 1689, Turkey",195965,Csa,1,"April - June, September - October",A major global urban destination in Turkey known for its tourism appeal.,14.72,"Antalya Region 1689, Turkey",Yes,4.3,2652,https://www.visitantalyaregion1689.com,"https://www.google.com/maps/search/Afghanistan,CultureAntalya+Region+1689",City Break,Culture & Museums,Food & Wine
City,"Cape Town Region 1690, South Africa",195769,Csb,2,May - September,A major global urban destination in South Africa known for its tourism appeal.,16.13,"Cape Town Region 1690, South Africa",Yes,4.8,2298,https://www.visitcapetownregion1690.com,"https://www.google.com/maps/search/Afghanistan,CultureCape+Town+Region+1690",Nightlife,Culture & Museums,City Break
City,"Hanoi Region 1691, Vietnam",195574,Cwa,1,October - April,A major global urban destination in Vietnam known for its tourism appeal.,16.4,"Hanoi Region 1691, Vietnam",Yes,4.5,4405,https://www.visithanoiregion1691.com,"https://www.google.com/maps/search/Afghanistan,CultureHanoi+Region+1691",Romantic,Culture & Museums,Family
City,"Jerusalem Region 1692, Israel",195378,Csa,3,"April - June, September - October",A major global urban destination in Israel known for its tourism appeal.,17.23,"Jerusalem Region 1692, Israel",No,4.6,5570,https://www.visitjerusalemregion1692.com,"https://www.google.com/maps/search/Afghanistan,CultureJerusalem+Region+1692",Food & Wine,Culture & Museums,City Break
City,"New York City Region 1693, USA",195183,Cfa,4,"March - May, September - November",A major global urban destination in USA known for its tourism appeal.,15.42,"New York City Region 1693, USA",Yes,4.0,7161,https://www.visitnewyorkcityregion1693.com,"https://www.google.com/maps/search/Afghanistan,CultureNew+York+City+Region+1693",Nightlife,Family,City Break
City,"Osaka Region 1694, Japan",194987,Cfa,2,"March - May, September - November",A major global urban destination in Japan known for its tourism appeal.,16.86,"Osaka Region 1694, Japan",Yes,4.5,5580,https://www.visitosakaregion1694.com,"https://www.google.com/maps/search/Afghanistan,CultureOsaka+Region+1694",Food & Wine,Romantic,Nightlife
City,"Jerusalem Region 1695, Israel",194792,Csa,3,"April - June, September - October",A major global urban destination in Israel known for its tourism appeal.,18.53,"Jerusalem Region 1695, Israel",Yes,4.9,6059,https://www.visitjerusalemregion1695.com,"https://www.google.com/maps/search/Afghanistan,CultureJerusalem+Region+1695",Nightlife,Romantic,Food & Wine
City,"Shanghai Region 1696, China",194598,Cfa,2,"March - May, September - November",A major global urban destination in China known for its tourism appeal.,15.25,"Shanghai Region 1696, China",Yes,4.1,5251,https://www.visitshanghairegion1696.com,"https://www.google.com/maps/search/Afghanistan,CultureShanghai+Region+1696",Romantic,Food & Wine,Nightlife
City,"Florence Region 1697, Italy",194403,Cfa,3,"March - May, September - November",A major global urban destination in Italy known for its tourism appeal.,16.16,"Florence Region 1697, Italy",Yes,4.5,3896,https://www.visitflorenceregion1697.com,"https://www.google.com/maps/search/Afghanistan,CultureFlorence+Region+1697",Family,Romantic,City Break
City,"Los Angeles Region 1698, USA",194209,Csb,3,May - September,A major global urban destination in USA known for its tourism appeal.,14.96,"Los Angeles Region 1698, USA",No,4.2,3643,https://www.visitlosangelesregion1698.com,"https://www.google.com/maps/search/Afghanistan,CultureLos+Angeles+Region+1698",Nightlife,Romantic,City Break
City,"Barcelona Region 1699, Spain",194014,Csa,2,"April - June, September - October",A major global urban destination in Spain known for its tourism appeal.,14.94,"Barcelona Region 1699, Spain",No,3.8,8543,https://www.visitbarcelonaregion1699.com,"https://www.google.com/maps/search/Afghanistan,CultureBarcelona+Region+1699",Culture & Museums,Nightlife,Family
City,"Ho Chi Minh City Region 1700, Vietnam",193820,Aw,1,November - April,A major global urban destination in Vietnam known for its tourism appeal.,13.56,"Ho Chi Minh City Region 1700, Vietnam",No,3.9,2991,https://www.visithochiminhcityregion1700.com,"https://www.google.com/maps/search/Afghanistan,CultureHo+Chi+Minh+City+Region+1700",City Break,Culture & Museums,Nightlife
City,"Paris Region 1701, France",193627,Cfb,3,June - August,A major global urban destination in France known for its tourism appeal.,16.95,"Paris Region 1701, France",No,4.7,4038,https://www.visitparisregion1701.com,"https://www.google.com/maps/search/Afghanistan,CultureParis+Region+1701",Family,Nightlife,City Break
City,"Tokyo Region 1702, Japan",193433,Cfa,3,"March - May, September - November",A major global urban destination in Japan known for its tourism appeal.,13.25,"Tokyo Region 1702, Japan",Yes,3.9,2499,https://www.visittokyoregion1702.com,"https://www.google.com/maps/search/Afghanistan,CultureTokyo+Region+1702",City Break,Nightlife,Food & Wine
City,"Bali Region 1703, Indonesia",193240,Aw,1,November - April,A major global urban destination in Indonesia known for its tourism appeal.,16.63,"Bali Region 1703, Indonesia",Yes,4.4,6021,https://www.visitbaliregion1703.com,"https://www.google.com/maps/search/Afghanistan,CultureBali+Region+1703",Culture & Museums,Romantic,Family
City,"Toronto Region 1704, Canada",193046,Dfa,3,May - September,A major global urban destination in Canada known for its tourism appeal.,17.3,"Toronto Region 1704, Canada",Yes,4.6,5773,https://www.visittorontoregion1704.com,"https://www.google.com/maps/search/Afghanistan,CultureToronto+Region+1704",City Break,Food & Wine,Culture & Museums
City,"San Francisco Region 1705, USA",192853,Csb,4,May - September,A major global urban destination in USA known for its tourism appeal.,17.01,"San Francisco Region 1705, USA",No,4.5,6024,https://www.visitsanfranciscoregion1705.com,"https://www.google.com/maps/search/Afghanistan,CultureSan+Francisco+Region+1705",Romantic,Culture & Museums,Family
City,"Pattaya Region 1706, Thailand",192660,Aw,1,November - April,A major global urban destination in Thailand known for its tourism appeal.,14.83,"Pattaya Region 1706, Thailand",Yes,4.1,4149,https://www.visitpattayaregion1706.com,"https://www.google.com/maps/search/Afghanistan,CulturePattaya+Region+1706",Family,Culture & Museums,City Break
City,"San Francisco Region 1707, USA",192468,Csb,4,May - September,A major global urban destination in USA known for its tourism appeal.,15.58,"San Francisco Region 1707, USA",Yes,4.4,3467,https://www.visitsanfranciscoregion1707.com,"https://www.google.com/maps/search/Afghanistan,CultureSan+Francisco+Region+1707",City Break,Family,Romantic
City,"Toronto Region 1708, Canada",192275,Dfa,3,May - September,A major global urban destination in Canada known for its tourism appeal.,16.68,"Toronto Region 1708, Canada",No,4.7,3537,https://www.visittorontoregion1708.com,"https://www.google.com/maps/search/Afghanistan,CultureToronto+Region+1708",Nightlife,Romantic,Family
City,"Buenos Aires Region 1709, Argentina",192083,Cfa,1,"March - May, September - November",A major global urban destination in Argentina known for its tourism appeal.,18.84,"Buenos Aires Region 1709, Argentina",No,4.9,7006,https://www.visitbuenosairesregion1709.com,"https://www.google.com/maps/search/Afghanistan,CultureBuenos+Aires+Region+1709",Romantic,Nightlife,Culture & Museums
City,"Mecca Region 1710, Saudi Arabia",191891,BWh,2,November - March,A major global urban destination in Saudi Arabia known for its tourism appeal.,16.36,"Mecca Region 1710, Saudi Arabia",No,4.5,4329,https://www.visitmeccaregion1710.com,"https://www.google.com/maps/search/Afghanistan,CultureMecca+Region+1710",City Break,Food & Wine,Family
City,"Kyoto Region 1711, Japan",191699,Cfa,2,"March - May, September - November",A major global urban destination in Japan known for its tourism appeal.,19.36,"Kyoto Region 1711, Japan",No,4.9,8915,https://www.visitkyotoregion1711.com,"https://www.google.com/maps/search/Afghanistan,CultureKyoto+Region+1711",Culture & Museums,City Break,Romantic
City,"Las Vegas Region 1712, USA",191507,BWk,3,May - September,A major global urban destination in USA known for its tourism appeal.,17.6,"Las Vegas Region 1712, USA",No,4.5,8147,https://www.visitlasvegasregion1712.com,"https://www.google.com/maps/search/Afghanistan,CultureLas+Vegas+Region+1712",Romantic,City Break,Food & Wine
City,"Vancouver Region 1713, Canada",191316,Cfb,3,June - August,A major global urban destination in Canada known for its tourism appeal.,13.02,"Vancouver Region 1713, Canada",Yes,3.8,2676,https://www.visitvancouverregion1713.com,"https://www.google.com/maps/search/Afghanistan,CultureVancouver+Region+1713",Food & Wine,Family,Culture & Museums
City,"Bangkok Region 1714, Thailand",191125,Aw,1,November - April,A major global urban destination in Thailand known for its tourism appeal.,16.51,"Bangkok Region 1714, Thailand",No,4.6,3889,https://www.visitbangkokregion1714.com,"https://www.google.com/maps/search/Afghanistan,CultureBangkok+Region+1714",City Break,Food & Wine,Nightlife
City,"Pattaya Region 1715, Thailand",190933,Aw,1,November - April,A major global urban destination in Thailand known for its tourism appeal.,14.89,"Pattaya Region 1715, Thailand",No,4.4,2424,https://www.visitpattayaregion1715.com,"https://www.google.com/maps/search/Afghanistan,CulturePattaya+Region+1715",Culture & Museums,City Break,Food & Wine
City,"Antalya Region 1716, Turkey",190742,Csa,1,"April - June, September - October",A major global urban destination in Turkey known for its tourism appeal.,15.35,"Antalya Region 1716, Turkey",No,4.3,3714,https://www.visitantalyaregion1716.com,"https://www.google.com/maps/search/Afghanistan,CultureAntalya+Region+1716",Nightlife,Family,Culture & Museums
City,"Osaka Region 1717, Japan",190552,Cfa,2,"March - May, September - November",A major global urban destination in Japan known for its tourism appeal.,19.15,"Osaka Region 1717, Japan",Yes,4.9,8103,https://www.visitosakaregion1717.com,"https://www.google.com/maps/search/Afghanistan,CultureOsaka+Region+1717",Romantic,Nightlife,Culture & Museums
City,"Bangalore Region 1718, India",190361,Aw,1,November - April,A major global urban destination in India known for its tourism appeal.,18.14,"Bangalore Region 1718, India",No,4.7,7251,https://www.visitbangaloreregion1718.com,"https://www.google.com/maps/search/Afghanistan,CultureBangalore+Region+1718",Nightlife,City Break,Family
City,"Antalya Region 1719, Turkey",190171,Csa,1,"April - June, September - October",A major global urban destination in Turkey known for its tourism appeal.,12.75,"Antalya Region 1719, Turkey",No,3.8,2268,https://www.visitantalyaregion1719.com,"https://www.google.com/maps/search/Afghanistan,CultureAntalya+Region+1719",City Break,Family,Food & Wine
City,"Singapore Region 1720, Singapore",189981,Af,4,Year Round,A major global urban destination in Singapore known for its tourism appeal.,13.79,"Singapore Region 1720, Singapore",Yes,4.1,2314,https://www.visitsingaporeregion1720.com,"https://www.google.com/maps/search/Afghanistan,CultureSingapore+Region+1720",City Break,Family,Food & Wine
City,"San Francisco Region 1721, USA",189791,Csb,4,May - September,A major global urban destination in USA known for its tourism appeal.,17.59,"San Francisco Region 1721, USA",No,4.6,6656,https://www.visitsanfranciscoregion1721.com,"https://www.google.com/maps/search/Afghanistan,CultureSan+Francisco+Region+1721",City Break,Culture & Museums,Food & Wine
City,"Kyoto Region 1722, Japan",189601,Cfa,2,"March - May, September - November",A major global urban destination in Japan known for its tourism appeal.,17.97,"Kyoto Region 1722, Japan",No,4.6,8053,https://www.visitkyotoregion1722.com,"https://www.google.com/maps/search/Afghanistan,CultureKyoto+Region+1722",Food & Wine,Romantic,Nightlife
City,"Sydney Region 1723, Australia",189411,Cfa,3,"March - May, September - November",A major global urban destination in Australia known for its tourism appeal.,15.53,"Sydney Region 1723, Australia",No,4.2,4994,https://www.visitsydneyregion1723.com,"https://www.google.com/maps/search/Afghanistan,CultureSydney+Region+1723",Family,Culture & Museums,City Break
City,"Jerusalem Region 1724, Israel",189222,Csa,3,"April - June, September - October",A major global urban destination in Israel known for its tourism appeal.,14.17,"Jerusalem Region 1724, Israel",No,3.9,4296,https://www.visitjerusalemregion1724.com,"https://www.google.com/maps/search/Afghanistan,CultureJerusalem+Region+1724",Family,City Break,Food & Wine
City,"Barcelona Region 1725, Spain",189033,Csa,2,"April - June, September - October",A major global urban destination in Spain known for its tourism appeal.,18.56,"Barcelona Region 1725, Spain",Yes,4.7,8879,https://www.visitbarcelonaregion1725.com,"https://www.google.com/maps/search/Afghanistan,CultureBarcelona+Region+1725",Romantic,Family,Culture & Museums
City,"Bangalore Region 1726, India",188844,Aw,1,November - April,A major global urban destination in India known for its tourism appeal.,16.57,"Bangalore Region 1726, India",No,4.3,7130,https://www.visitbangaloreregion1726.com,"https://www.google.com/maps/search/Afghanistan,CultureBangalore+Region+1726",Culture & Museums,Food & Wine,Nightlife
City,"Venice Region 1727, Italy",188655,Cfa,3,"March - May, September - November",A major global urban destination in Italy known for its tourism appeal.,16.08,"Venice Region 1727, Italy",No,4.3,5475,https://www.visitveniceregion1727.com,"https://www.google.com/maps/search/Afghanistan,CultureVenice+Region+1727",Culture & Museums,Food & Wine,Romantic
City,"Vienna Region 1728, Austria",188466,Cfb,3,June - August,A major global urban destination in Austria known for its tourism appeal.,15.46,"Vienna Region 1728, Austria",Yes,4.0,7313,https://www.visitviennaregion1728.com,"https://www.google.com/maps/search/Afghanistan,CultureVienna+Region+1728",City Break,Family,Food & Wine
City,"New York City Region 1729, USA",188278,Cfa,4,"March - May, September - November",A major global urban destination in USA known for its tourism appeal.,18.16,"New York City Region 1729, USA",No,4.6,8855,https://www.visitnewyorkcityregion1729.com,"https://www.google.com/maps/search/Afghanistan,CultureNew+York+City+Region+1729",Nightlife,Family,Romantic
City,"Venice Region 1730, Italy",188089,Cfa,3,"March - May, September - November",A major global urban destination in Italy known for its tourism appeal.,16.09,"Venice Region 1730, Italy",No,4.1,8411,https://www.visitveniceregion1730.com,"https://www.google.com/maps/search/Afghanistan,CultureVenice+Region+1730",City Break,Nightlife,Romantic
City,"Vancouver Region 1731, Canada",187901,Cfb,3,June - August,A major global urban destination in Canada known for its tourism appeal.,18.11,"Vancouver Region 1731, Canada",Yes,4.6,8648,https://www.visitvancouverregion1731.com,"https://www.google.com/maps/search/Afghanistan,CultureVancouver+Region+1731",Culture & Museums,Nightlife,Family
City,"Hong Kong Region 1732, China",187713,Cwa,3,October - April,A major global urban destination in China known for its tourism appeal.,17.41,"Hong Kong Region 1732, China",No,4.4,9045,https://www.visithongkongregion1732.com,"https://www.google.com/maps/search/Afghanistan,CultureHong+Kong+Region+1732",Culture & Museums,Nightlife,Romantic
City,"Jerusalem Region 1733, Israel",187526,Csa,3,"April - June, September - October",A major global urban destination in Israel known for its tourism appeal.,19.14,"Jerusalem Region 1733, Israel",No,4.9,8067,https://www.visitjerusalemregion1733.com,"https://www.google.com/maps/search/Afghanistan,CultureJerusalem+Region+1733",Nightlife,Romantic,Family
City,"Lisbon Region 1734, Portugal",187338,Csa,2,"April - June, September - October",A major global urban destination in Portugal known for its tourism appeal.,17.27,"Lisbon Region 1734, Portugal",No,4.6,5693,https://www.visitlisbonregion1734.com,"https://www.google.com/maps/search/Afghanistan,CultureLisbon+Region+1734",Culture & Museums,City Break,Food & Wine
City,"Osaka Region 1735, Japan",187151,Cfa,2,"March - May, September - November",A major global urban destination in Japan known for its tourism appeal.,14.28,"Osaka Region 1735, Japan",Yes,4.3,2098,https://www.visitosakaregion1735.com,"https://www.google.com/maps/search/Afghanistan,CultureOsaka+Region+1735",Family,City Break,Culture & Museums
City,"Palma de Mallorca Region 1736, Spain",186964,Csa,2,"April - June, September - October",A major global urban destination in Spain known for its tourism appeal.,13.83,"Palma de Mallorca Region 1736, Spain",No,3.8,4366,https://www.visitpalmademallorcaregion1736.com,"https://www.google.com/maps/search/Afghanistan,CulturePalma+de+Mallorca+Region+1736",Nightlife,Culture & Museums,Family
City,"Munich Region 1737, Germany",186777,Cfb,3,June - August,A major global urban destination in Germany known for its tourism appeal.,17.79,"Munich Region 1737, Germany",Yes,4.6,7364,https://www.visitmunichregion1737.com,"https://www.google.com/maps/search/Afghanistan,CultureMunich+Region+1737",Nightlife,Romantic,City Break
City,"New Delhi Region 1738, India",186590,BSh,1,October - March,A major global urban destination in India known for its tourism appeal.,15.2,"New Delhi Region 1738, India",No,3.9,7897,https://www.visitnewdelhiregion1738.com,"https://www.google.com/maps/search/Afghanistan,CultureNew+Delhi+Region+1738",Romantic,Family,Food & Wine
City,"New York City Region 1739, USA",186403,Cfa,4,"March - May, September - November",A major global urban destination in USA known for its tourism appeal.,15.61,"New York City Region 1739, USA",Yes,4.3,4279,https://www.visitnewyorkcityregion1739.com,"https://www.google.com/maps/search/Afghanistan,CultureNew+York+City+Region+1739",Romantic,Nightlife,City Break
City,"Bali Region 1740, Indonesia",186217,Aw,1,November - April,A major global urban destination in Indonesia known for its tourism appeal.,13.6,"Bali Region 1740, Indonesia",No,4.1,2075,https://www.visitbaliregion1740.com,"https://www.google.com/maps/search/Afghanistan,CultureBali+Region+1740",Culture & Museums,Nightlife,Family
City,"Jaipur Region 1741, India",186031,BSh,1,October - March,A major global urban destination in India known for its tourism appeal.,16.93,"Jaipur Region 1741, India",Yes,4.3,8656,https://www.visitjaipurregion1741.com,"https://www.google.com/maps/search/Afghanistan,CultureJaipur+Region+1741",Food & Wine,City Break,Family
City,"Shanghai Region 1742, China",185845,Cfa,2,"March - May, September - November",A major global urban destination in China known for its tourism appeal.,17.72,"Shanghai Region 1742, China",Yes,4.7,5897,https://www.visitshanghairegion1742.com,"https://www.google.com/maps/search/Afghanistan,CultureShanghai+Region+1742",City Break,Food & Wine,Nightlife
City,"Lisbon Region 1743, Portugal",185659,Csa,2,"April - June, September - October",A major global urban destination in Portugal known for its tourism appeal.,17.58,"Lisbon Region 1743, Portugal",Yes,4.7,5502,https://www.visitlisbonregion1743.com,"https://www.google.com/maps/search/Afghanistan,CultureLisbon+Region+1743",Food & Wine,Nightlife,Family
City,"Osaka Region 1744, Japan",185473,Cfa,2,"March - May, September - November",A major global urban destination in Japan known for its tourism appeal.,15.13,"Osaka Region 1744, Japan",No,4.1,4895,https://www.visitosakaregion1744.com,"https://www.google.com/maps/search/Afghanistan,CultureOsaka+Region+1744",Romantic,Food & Wine,Culture & Museums
City,"Singapore Region 1745, Singapore",185288,Af,4,Year Round,A major global urban destination in Singapore known for its tourism appeal.,17.96,"Singapore Region 1745, Singapore",Yes,4.6,8027,https://www.visitsingaporeregion1745.com,"https://www.google.com/maps/search/Afghanistan,CultureSingapore+Region+1745",Food & Wine,Culture & Museums,City Break
City,"San Francisco Region 1746, USA",185102,Csb,4,May - September,A major global urban destination in USA known for its tourism appeal.,15.45,"San Francisco Region 1746, USA",Yes,4.7,1934,https://www.visitsanfranciscoregion1746.com,"https://www.google.com/maps/search/Afghanistan,CultureSan+Francisco+Region+1746",Food & Wine,Family,Nightlife
City,"Phuket Region 1747, Thailand",184917,Am,1,December - March,A major global urban destination in Thailand known for its tourism appeal.,15.37,"Phuket Region 1747, Thailand",No,3.9,8739,https://www.visitphuketregion1747.com,"https://www.google.com/maps/search/Afghanistan,CulturePhuket+Region+1747",City Break,Romantic,Culture & Museums
City,"Buenos Aires Region 1748, Argentina",184732,Cfa,1,"March - May, September - November",A major global urban destination in Argentina known for its tourism appeal.,16.04,"Buenos Aires Region 1748, Argentina",Yes,4.2,6599,https://www.visitbuenosairesregion1748.com,"https://www.google.com/maps/search/Afghanistan,CultureBuenos+Aires+Region+1748",Romantic,Culture & Museums,City Break
City,"Las Vegas Region 1749, USA",184548,BWk,3,May - September,A major global urban destination in USA known for its tourism appeal.,16.23,"Las Vegas Region 1749, USA",Yes,4.6,3376,https://www.visitlasvegasregion1749.com,"https://www.google.com/maps/search/Afghanistan,CultureLas+Vegas+Region+1749",Romantic,Food & Wine,City Break
City,"New Delhi Region 1750, India",184363,BSh,1,October - March,A major global urban destination in India known for its tourism appeal.,15.84,"New Delhi Region 1750, India",Yes,4.2,5914,https://www.visitnewdelhiregion1750.com,"https://www.google.com/maps/search/Afghanistan,CultureNew+Delhi+Region+1750",Romantic,Food & Wine,Culture & Museums
City,"Kuala Lumpur Region 1751, Malaysia",184179,Af,1,Year Round,A major global urban destination in Malaysia known for its tourism appeal.,15.29,"Kuala Lumpur Region 1751, Malaysia",Yes,4.1,5356,https://www.visitkualalumpurregion1751.com,"https://www.google.com/maps/search/Afghanistan,CultureKuala+Lumpur+Region+1751",Food & Wine,Romantic,City Break
City,"Bangkok Region 1752, Thailand",183995,Aw,1,November - April,A major global urban destination in Thailand known for its tourism appeal.,15.64,"Bangkok Region 1752, Thailand",No,4.2,5296,https://www.visitbangkokregion1752.com,"https://www.google.com/maps/search/Afghanistan,CultureBangkok+Region+1752",City Break,Food & Wine,Romantic
City,"Mumbai Region 1753, India",183811,Aw,1,November - April,A major global urban destination in India known for its tourism appeal.,17.05,"Mumbai Region 1753, India",Yes,4.4,7496,https://www.visitmumbairegion1753.com,"https://www.google.com/maps/search/Afghanistan,CultureMumbai+Region+1753",Culture & Museums,Nightlife,City Break
City,"Miami Region 1754, USA",183627,Am,3,December - March,A major global urban destination in USA known for its tourism appeal.,15.31,"Miami Region 1754, USA",No,3.9,8438,https://www.visitmiamiregion1754.com,"https://www.google.com/maps/search/Afghanistan,CultureMiami+Region+1754",Family,Nightlife,Culture & Museums
City,"Hong Kong Region 1755, China",183443,Cwa,3,October - April,A major global urban destination in China known for its tourism appeal.,15.4,"Hong Kong Region 1755, China",No,4.1,5693,https://www.visithongkongregion1755.com,"https://www.google.com/maps/search/Afghanistan,CultureHong+Kong+Region+1755",Nightlife,Food & Wine,City Break
City,"Singapore Region 1756, Singapore",183260,Af,4,Year Round,A major global urban destination in Singapore known for its tourism appeal.,13.96,"Singapore Region 1756, Singapore",Yes,3.8,4718,https://www.visitsingaporeregion1756.com,"https://www.google.com/maps/search/Afghanistan,CultureSingapore+Region+1756",Family,Nightlife,Romantic
City,"Barcelona Region 1757, Spain",183076,Csa,2,"April - June, September - October",A major global urban destination in Spain known for its tourism appeal.,18.4,"Barcelona Region 1757, Spain",No,4.9,5694,https://www.visitbarcelonaregion1757.com,"https://www.google.com/maps/search/Afghanistan,CultureBarcelona+Region+1757",Food & Wine,City Break,Nightlife
City,"Budapest Region 1758, Hungary",182893,Cfb,2,June - August,A major global urban destination in Hungary known for its tourism appeal.,14.16,"Budapest Region 1758, Hungary",No,4.2,2358,https://www.visitbudapestregion1758.com,"https://www.google.com/maps/search/Afghanistan,CultureBudapest+Region+1758",Food & Wine,City Break,Romantic
City,"Phuket Region 1759, Thailand",182710,Am,1,December - March,A major global urban destination in Thailand known for its tourism appeal.,15.57,"Phuket Region 1759, Thailand",No,4.0,7822,https://www.visitphuketregion1759.com,"https://www.google.com/maps/search/Afghanistan,CulturePhuket+Region+1759",Nightlife,Culture & Museums,Romantic
City,"Vienna Region 1760, Austria",182528,Cfb,3,June - August,A major global urban destination in Austria known for its tourism appeal.,17.93,"Vienna Region 1760, Austria",Yes,4.6,7920,https://www.visitviennaregion1760.com,"https://www.google.com/maps/search/Afghanistan,CultureVienna+Region+1760",Food & Wine,Romantic,Family
City,"Paris Region 1761, France",182345,Cfb,3,June - August,A major global urban destination in France known for its tourism appeal.,14.64,"Paris Region 1761, France",Yes,3.8,7116,https://www.visitparisregion1761.com,"https://www.google.com/maps/search/Afghanistan,CultureParis+Region+1761",Culture & Museums,Family,Romantic
City,"Copenhagen Region 1762, Denmark",182163,Cfb,4,June - August,A major global urban destination in Denmark known for its tourism appeal.,18.07,"Copenhagen Region 1762, Denmark",No,4.7,6993,https://www.visitcopenhagenregion1762.com,"https://www.google.com/maps/search/Afghanistan,CultureCopenhagen+Region+1762",Family,Romantic,City Break
City,"Paris Region 1763, France",181981,Cfb,3,June - August,A major global urban destination in France known for its tourism appeal.,18.0,"Paris Region 1763, France",No,4.7,6744,https://www.visitparisregion1763.com,"https://www.google.com/maps/search/Afghanistan,CultureParis+Region+1763",City Break,Nightlife,Culture & Museums
City,"Toronto Region 1764, Canada",181799,Dfa,3,May - September,A major global urban destination in Canada known for its tourism appeal.,12.42,"Toronto Region 1764, Canada",No,3.8,1859,https://www.visittorontoregion1764.com,"https://www.google.com/maps/search/Afghanistan,CultureToronto+Region+1764",Nightlife,Family,Culture & Museums
City,"Hong Kong Region 1765, China",181617,Cwa,3,October - April,A major global urban destination in China known for its tourism appeal.,15.92,"Hong Kong Region 1765, China",Yes,4.4,4151,https://www.visithongkongregion1765.com,"https://www.google.com/maps/search/Afghanistan,CultureHong+Kong+Region+1765",Culture & Museums,City Break,Romantic
City,"Vienna Region 1766, Austria",181435,Cfb,3,June - August,A major global urban destination in Austria known for its tourism appeal.,15.64,"Vienna Region 1766, Austria",Yes,4.0,8123,https://www.visitviennaregion1766.com,"https://www.google.com/maps/search/Afghanistan,CultureVienna+Region+1766",City Break,Family,Nightlife
City,"Taipei Region 1767, Taiwan",181254,Cfa,2,"March - May, September - November",A major global urban destination in Taiwan known for its tourism appeal.,18.54,"Taipei Region 1767, Taiwan",No,4.8,7281,https://www.visittaipeiregion1767.com,"https://www.google.com/maps/search/Afghanistan,CultureTaipei+Region+1767",City Break,Romantic,Culture & Museums
City,"Hanoi Region 1768, Vietnam",181073,Cwa,1,October - April,A major global urban destination in Vietnam known for its tourism appeal.,14.41,"Hanoi Region 1768, Vietnam",Yes,4.1,3272,https://www.visithanoiregion1768.com,"https://www.google.com/maps/search/Afghanistan,CultureHanoi+Region+1768",Nightlife,Food & Wine,City Break
City,"Berlin Region 1769, Germany",180892,Cfb,2,June - August,A major global urban destination in Germany known for its tourism appeal.,14.82,"Berlin Region 1769, Germany",No,3.9,6320,https://www.visitberlinregion1769.com,"https://www.google.com/maps/search/Afghanistan,CultureBerlin+Region+1769",Nightlife,Romantic,Family
City,"Seoul Region 1770, South Korea",180711,Dwa,2,May - October,A major global urban destination in South Korea known for its tourism appeal.,18.19,"Seoul Region 1770, South Korea",Yes,4.6,8990,https://www.visitseoulregion1770.com,"https://www.google.com/maps/search/Afghanistan,CultureSeoul+Region+1770",City Break,Food & Wine,Nightlife
City,"Ho Chi Minh City Region 1771, Vietnam",180530,Aw,1,November - April,A major global urban destination in Vietnam known for its tourism appeal.,18.37,"Ho Chi Minh City Region 1771, Vietnam",No,4.7,8101,https://www.visithochiminhcityregion1771.com,"https://www.google.com/maps/search/Afghanistan,CultureHo+Chi+Minh+City+Region+1771",City Break,Family,Romantic
City,"Sydney Region 1772, Australia",180349,Cfa,3,"March - May, September - November",A major global urban destination in Australia known for its tourism appeal.,14.58,"Sydney Region 1772, Australia",No,4.1,3589,https://www.visitsydneyregion1772.com,"https://www.google.com/maps/search/Afghanistan,CultureSydney+Region+1772",Food & Wine,Romantic,Family
City,"Marrakech Region 1773, Morocco",180169,BSh,1,October - March,A major global urban destination in Morocco known for its tourism appeal.,14.57,"Marrakech Region 1773, Morocco",No,4.1,3573,https://www.visitmarrakechregion1773.com,"https://www.google.com/maps/search/Afghanistan,CultureMarrakech+Region+1773",Romantic,City Break,Family
City,"Hong Kong Region 1774, China",179989,Cwa,3,October - April,A major global urban destination in China known for its tourism appeal.,17.77,"Hong Kong Region 1774, China",No,4.5,8911,https://www.visithongkongregion1774.com,"https://www.google.com/maps/search/Afghanistan,CultureHong+Kong+Region+1774",City Break,Nightlife,Culture & Museums
City,"Lisbon Region 1775, Portugal",179809,Csa,2,"April - June, September - October",A major global urban destination in Portugal known for its tourism appeal.,13.18,"Lisbon Region 1775, Portugal",Yes,3.9,2393,https://www.visitlisbonregion1775.com,"https://www.google.com/maps/search/Afghanistan,CultureLisbon+Region+1775",City Break,Food & Wine,Romantic
City,"Amsterdam Region 1776, Netherlands",179629,Cfb,3,June - August,A major global urban destination in Netherlands known for its tourism appeal.,16.8,"Amsterdam Region 1776, Netherlands",Yes,4.3,8089,https://www.visitamsterdamregion1776.com,"https://www.google.com/maps/search/Afghanistan,CultureAmsterdam+Region+1776",Romantic,Culture & Museums,City Break
City,"Vienna Region 1777, Austria",179449,Cfb,3,June - August,A major global urban destination in Austria known for its tourism appeal.,16.07,"Vienna Region 1777, Austria",No,4.1,8330,https://www.visitviennaregion1777.com,"https://www.google.com/maps/search/Afghanistan,CultureVienna+Region+1777",Family,Culture & Museums,Food & Wine
City,"Los Angeles Region 1778, USA",179270,Csb,3,May - September,A major global urban destination in USA known for its tourism appeal.,16.29,"Los Angeles Region 1778, USA",No,4.3,6159,https://www.visitlosangelesregion1778.com,"https://www.google.com/maps/search/Afghanistan,CultureLos+Angeles+Region+1778",Culture & Museums,City Break,Family
City,"Dubai Region 1779, UAE",179091,BWh,4,November - March,A major global urban destination in UAE known for its tourism appeal.,15.22,"Dubai Region 1779, UAE",Yes,4.3,3467,https://www.visitdubairegion1779.com,"https://www.google.com/maps/search/Afghanistan,CultureDubai+Region+1779",City Break,Culture & Museums,Romantic
City,"Dubai Region 1780, UAE",178912,BWh,4,November - March,A major global urban destination in UAE known for its tourism appeal.,15.08,"Dubai Region 1780, UAE",Yes,3.9,7352,https://www.visitdubairegion1780.com,"https://www.google.com/maps/search/Afghanistan,CultureDubai+Region+1780",Food & Wine,Family,Romantic
City,"Kuala Lumpur Region 1781, Malaysia",178733,Af,1,Year Round,A major global urban destination in Malaysia known for its tourism appeal.,16.36,"Kuala Lumpur Region 1781, Malaysia",Yes,4.4,5223,https://www.visitkualalumpurregion1781.com,"https://www.google.com/maps/search/Afghanistan,CultureKuala+Lumpur+Region+1781",Culture & Museums,Nightlife,Food & Wine
City,"Amsterdam Region 1782, Netherlands",178554,Cfb,3,June - August,A major global urban destination in Netherlands known for its tourism appeal.,16.06,"Amsterdam Region 1782, Netherlands",No,4.7,2617,https://www.visitamsterdamregion1782.com,"https://www.google.com/maps/search/Afghanistan,CultureAmsterdam+Region+1782",Nightlife,Culture & Museums,City Break
City,"Pattaya Region 1783, Thailand",178375,Aw,1,November - April,A major global urban destination in Thailand known for its tourism appeal.,17.8,"Pattaya Region 1783, Thailand",Yes,4.7,6122,https://www.visitpattayaregion1783.com,"https://www.google.com/maps/search/Afghanistan,CulturePattaya+Region+1783",City Break,Romantic,Family
City,"Stockholm Region 1784, Sweden",178197,Dfb,4,June - August,A major global urban destination in Sweden known for its tourism appeal.,16.45,"Stockholm Region 1784, Sweden",No,4.6,3776,https://www.visitstockholmregion1784.com,"https://www.google.com/maps/search/Afghanistan,CultureStockholm+Region+1784",City Break,Nightlife,Food & Wine
City,"Berlin Region 1785, Germany",178019,Cfb,2,June - August,A major global urban destination in Germany known for its tourism appeal.,15.4,"Berlin Region 1785, Germany",Yes,4.2,4633,https://www.visitberlinregion1785.com,"https://www.google.com/maps/search/Afghanistan,CultureBerlin+Region+1785",Food & Wine,Romantic,Culture & Museums
City,"Las Vegas Region 1786, USA",177841,BWk,3,May - September,A major global urban destination in USA known for its tourism appeal.,16.04,"Las Vegas Region 1786, USA",No,4.5,3665,https://www.visitlasvegasregion1786.com,"https://www.google.com/maps/search/Afghanistan,CultureLas+Vegas+Region+1786",Culture & Museums,Romantic,Food & Wine
City,"Istanbul Region 1787, Turkey",177663,Csa,1,"April - June, September - October",A major global urban destination in Turkey known for its tourism appeal.,15.97,"Istanbul Region 1787, Turkey",Yes,4.6,2959,https://www.visitistanbulregion1787.com,"https://www.google.com/maps/search/Afghanistan,CultureIstanbul+Region+1787",Romantic,Culture & Museums,Food & Wine
City,"Amsterdam Region 1788, Netherlands",177485,Cfb,3,June - August,A major global urban destination in Netherlands known for its tourism appeal.,18.41,"Amsterdam Region 1788, Netherlands",Yes,4.8,6847,https://www.visitamsterdamregion1788.com,"https://www.google.com/maps/search/Afghanistan,CultureAmsterdam+Region+1788",Romantic,Culture & Museums,City Break
City,"Jerusalem Region 1789, Israel",177308,Csa,3,"April - June, September - October",A major global urban destination in Israel known for its tourism appeal.,17.73,"Jerusalem Region 1789, Israel",No,4.5,8716,https://www.visitjerusalemregion1789.com,"https://www.google.com/maps/search/Afghanistan,CultureJerusalem+Region+1789",Food & Wine,Romantic,Culture & Museums
City,"Dubai Region 1790, UAE",177131,BWh,4,November - March,A major global urban destination in UAE known for its tourism appeal.,16.54,"Dubai Region 1790, UAE",Yes,4.6,3947,https://www.visitdubairegion1790.com,"https://www.google.com/maps/search/Afghanistan,CultureDubai+Region+1790",Nightlife,Food & Wine,Family
City,"Zurich Region 1791, Switzerland",176953,Cfb,4,June - August,A major global urban destination in Switzerland known for its tourism appeal.,16.6,"Zurich Region 1791, Switzerland",No,4.4,5937,https://www.visitzurichregion1791.com,"https://www.google.com/maps/search/Afghanistan,CultureZurich+Region+1791",Romantic,Nightlife,Culture & Museums
City,"Lisbon Region 1792, Portugal",176776,Csa,2,"April - June, September - October",A major global urban destination in Portugal known for its tourism appeal.,16.09,"Lisbon Region 1792, Portugal",No,4.1,8408,https://www.visitlisbonregion1792.com,"https://www.google.com/maps/search/Afghanistan,CultureLisbon+Region+1792",Family,City Break,Nightlife
City,"Ho Chi Minh City Region 1793, Vietnam",176600,Aw,1,November - April,A major global urban destination in Vietnam known for its tourism appeal.,14.49,"Ho Chi Minh City Region 1793, Vietnam",No,3.9,5188,https://www.visithochiminhcityregion1793.com,"https://www.google.com/maps/search/Afghanistan,CultureHo+Chi+Minh+City+Region+1793",Nightlife,Romantic,Family
City,"Vancouver Region 1794, Canada",176423,Cfb,3,June - August,A major global urban destination in Canada known for its tourism appeal.,18.17,"Vancouver Region 1794, Canada",No,4.7,7360,https://www.visitvancouverregion1794.com,"https://www.google.com/maps/search/Afghanistan,CultureVancouver+Region+1794",Nightlife,City Break,Family
City,"San Francisco Region 1795, USA",176247,Csb,4,May - September,A major global urban destination in USA known for its tourism appeal.,15.23,"San Francisco Region 1795, USA",No,3.9,8028,https://www.visitsanfranciscoregion1795.com,"https://www.google.com/maps/search/Afghanistan,CultureSan+Francisco+Region+1795",Culture & Museums,Romantic,City Break
City,"Venice Region 1796, Italy",176070,Cfa,3,"March - May, September - November",A major global urban destination in Italy known for its tourism appeal.,15.51,"Venice Region 1796, Italy",No,4.1,6056,https://www.visitveniceregion1796.com,"https://www.google.com/maps/search/Afghanistan,CultureVenice+Region+1796",City Break,Nightlife,Romantic
City,"Bangalore Region 1797, India",175894,Aw,1,November - April,A major global urban destination in India known for its tourism appeal.,18.72,"Bangalore Region 1797, India",Yes,4.8,7942,https://www.visitbangaloreregion1797.com,"https://www.google.com/maps/search/Afghanistan,CultureBangalore+Region+1797",Food & Wine,Family,Culture & Museums
City,"Buenos Aires Region 1798, Argentina",175718,Cfa,1,"March - May, September - November",A major global urban destination in Argentina known for its tourism appeal.,15.29,"Buenos Aires Region 1798, Argentina",Yes,3.9,8332,https://www.visitbuenosairesregion1798.com,"https://www.google.com/maps/search/Afghanistan,CultureBuenos+Aires+Region+1798",Food & Wine,Nightlife,Culture & Museums
City,"Ho Chi Minh City Region 1799, Vietnam",175543,Aw,1,November - April,A major global urban destination in Vietnam known for its tourism appeal.,16.04,"Ho Chi Minh City Region 1799, Vietnam",No,4.4,4420,https://www.visithochiminhcityregion1799.com,"https://www.google.com/maps/search/Afghanistan,CultureHo+Chi+Minh+City+Region+1799",Family,Nightlife,City Break
City,"Buenos Aires Region 1800, Argentina",175367,Cfa,1,"March - May, September - November",A major global urban destination in Argentina known for its tourism appeal.,14.13,"Buenos Aires Region 1800, Argentina",No,4.1,2795,https://www.visitbuenosairesregion1800.com,"https://www.google.com/maps/search/Afghanistan,CultureBuenos+Aires+Region+1800",Family,Romantic,Food & Wine
City,"Venice Region 1801, Italy",175192,Cfa,3,"March - May, September - November",A major global urban destination in Italy known for its tourism appeal.,15.39,"Venice Region 1801, Italy",Yes,4.7,1879,https://www.visitveniceregion1801.com,"https://www.google.com/maps/search/Afghanistan,CultureVenice+Region+1801",Nightlife,Food & Wine,Family
City,"Shanghai Region 1802, China",175017,Cfa,2,"March - May, September - November",A major global urban destination in China known for its tourism appeal.,18.68,"Shanghai Region 1802, China",No,4.8,7807,https://www.visitshanghairegion1802.com,"https://www.google.com/maps/search/Afghanistan,CultureShanghai+Region+1802",Family,Romantic,Food & Wine
City,"Taipei Region 1803, Taiwan",174842,Cfa,2,"March - May, September - November",A major global urban destination in Taiwan known for its tourism appeal.,15.61,"Taipei Region 1803, Taiwan",No,4.5,2945,https://www.visittaipeiregion1803.com,"https://www.google.com/maps/search/Afghanistan,CultureTaipei+Region+1803",City Break,Family,Romantic
City,"Munich Region 1804, Germany",174667,Cfb,3,June - August,A major global urban destination in Germany known for its tourism appeal.,13.99,"Munich Region 1804, Germany",Yes,4.0,3137,https://www.visitmunichregion1804.com,"https://www.google.com/maps/search/Afghanistan,CultureMunich+Region+1804",Family,Food & Wine,City Break
City,"Buenos Aires Region 1805, Argentina",174492,Cfa,1,"March - May, September - November",A major global urban destination in Argentina known for its tourism appeal.,13.47,"Buenos Aires Region 1805, Argentina",No,3.8,3502,https://www.visitbuenosairesregion1805.com,"https://www.google.com/maps/search/Afghanistan,CultureBuenos+Aires+Region+1805",City Break,Romantic,Family
City,"San Francisco Region 1806, USA",174318,Csb,4,May - September,A major global urban destination in USA known for its tourism appeal.,15.89,"San Francisco Region 1806, USA",No,4.4,4087,https://www.visitsanfranciscoregion1806.com,"https://www.google.com/maps/search/Afghanistan,CultureSan+Francisco+Region+1806",Romantic,Family,Food & Wine
City,"New Delhi Region 1807, India",174143,BSh,1,October - March,A major global urban destination in India known for its tourism appeal.,18.72,"New Delhi Region 1807, India",Yes,4.8,7959,https://www.visitnewdelhiregion1807.com,"https://www.google.com/maps/search/Afghanistan,CultureNew+Delhi+Region+1807",Nightlife,Food & Wine,Family
City,"Mecca Region 1808, Saudi Arabia",173969,BWh,2,November - March,A major global urban destination in Saudi Arabia known for its tourism appeal.,16.46,"Mecca Region 1808, Saudi Arabia",No,4.7,3174,https://www.visitmeccaregion1808.com,"https://www.google.com/maps/search/Afghanistan,CultureMecca+Region+1808",Romantic,Culture & Museums,Nightlife
City,"Las Vegas Region 1809, USA",173795,BWk,3,May - September,A major global urban destination in USA known for its tourism appeal.,16.66,"Las Vegas Region 1809, USA",Yes,4.4,6101,https://www.visitlasvegasregion1809.com,"https://www.google.com/maps/search/Afghanistan,CultureLas+Vegas+Region+1809",Food & Wine,Romantic,Nightlife
City,"Marrakech Region 1810, Morocco",173621,BSh,1,October - March,A major global urban destination in Morocco known for its tourism appeal.,15.06,"Marrakech Region 1810, Morocco",Yes,4.1,4722,https://www.visitmarrakechregion1810.com,"https://www.google.com/maps/search/Afghanistan,CultureMarrakech+Region+1810",Food & Wine,Culture & Museums,Romantic
City,"Athens Region 1811, Greece",173448,Csa,2,"April - June, September - October",A major global urban destination in Greece known for its tourism appeal.,14.57,"Athens Region 1811, Greece",Yes,4.2,2939,https://www.visitathensregion1811.com,"https://www.google.com/maps/search/Afghanistan,CultureAthens+Region+1811",Nightlife,Romantic,City Break
City,"Athens Region 1812, Greece",173274,Csa,2,"April - June, September - October",A major global urban destination in Greece known for its tourism appeal.,17.34,"Athens Region 1812, Greece",No,4.5,7121,https://www.visitathensregion1812.com,"https://www.google.com/maps/search/Afghanistan,CultureAthens+Region+1812",Family,Nightlife,Food & Wine
City,"London Region 1813, UK",173101,Cfb,4,June - August,A major global urban destination in UK known for its tourism appeal.,14.9,"London Region 1813, UK",Yes,4.2,3537,https://www.visitlondonregion1813.com,"https://www.google.com/maps/search/Afghanistan,CultureLondon+Region+1813",Culture & Museums,Family,City Break
City,"Osaka Region 1814, Japan",172928,Cfa,2,"March - May, September - November",A major global urban destination in Japan known for its tourism appeal.,16.16,"Osaka Region 1814, Japan",Yes,4.4,4695,https://www.visitosakaregion1814.com,"https://www.google.com/maps/search/Afghanistan,CultureOsaka+Region+1814",Nightlife,Family,Food & Wine
City,"Osaka Region 1815, Japan",172755,Cfa,2,"March - May, September - November",A major global urban destination in Japan known for its tourism appeal.,13.9,"Osaka Region 1815, Japan",No,4.1,2459,https://www.visitosakaregion1815.com,"https://www.google.com/maps/search/Afghanistan,CultureOsaka+Region+1815",Culture & Museums,Family,Food & Wine
City,"Florence Region 1816, Italy",172582,Cfa,3,"March - May, September - November",A major global urban destination in Italy known for its tourism appeal.,17.74,"Florence Region 1816, Italy",No,4.6,7190,https://www.visitflorenceregion1816.com,"https://www.google.com/maps/search/Afghanistan,CultureFlorence+Region+1816",Food & Wine,Romantic,Culture & Museums
City,"Amsterdam Region 1817, Netherlands",172410,Cfb,3,June - August,A major global urban destination in Netherlands known for its tourism appeal.,15.77,"Amsterdam Region 1817, Netherlands",No,4.1,7010,https://www.visitamsterdamregion1817.com,"https://www.google.com/maps/search/Afghanistan,CultureAmsterdam+Region+1817",Culture & Museums,Romantic,Nightlife
City,"Mecca Region 1818, Saudi Arabia",172237,BWh,2,November - March,A major global urban destination in Saudi Arabia known for its tourism appeal.,15.71,"Mecca Region 1818, Saudi Arabia",No,4.2,5499,https://www.visitmeccaregion1818.com,"https://www.google.com/maps/search/Afghanistan,CultureMecca+Region+1818",Family,Nightlife,Culture & Museums
City,"Palma de Mallorca Region 1819, Spain",172065,Csa,2,"April - June, September - October",A major global urban destination in Spain known for its tourism appeal.,14.95,"Palma de Mallorca Region 1819, Spain",No,3.9,6826,https://www.visitpalmademallorcaregion1819.com,"https://www.google.com/maps/search/Afghanistan,CulturePalma+de+Mallorca+Region+1819",City Break,Romantic,Family
City,"Madrid Region 1820, Spain",171893,Csa,2,"April - June, September - October",A major global urban destination in Spain known for its tourism appeal.,13.92,"Madrid Region 1820, Spain",No,3.9,3716,https://www.visitmadridregion1820.com,"https://www.google.com/maps/search/Afghanistan,CultureMadrid+Region+1820",Nightlife,Food & Wine,Culture & Museums
City,"Taipei Region 1821, Taiwan",171721,Cfa,2,"March - May, September - November",A major global urban destination in Taiwan known for its tourism appeal.,17.68,"Taipei Region 1821, Taiwan",Yes,4.8,4820,https://www.visittaipeiregion1821.com,"https://www.google.com/maps/search/Afghanistan,CultureTaipei+Region+1821",Romantic,Culture & Museums,City Break
City,"Hanoi Region 1822, Vietnam",171549,Cwa,1,October - April,A major global urban destination in Vietnam known for its tourism appeal.,17.51,"Hanoi Region 1822, Vietnam",No,4.9,3752,https://www.visithanoiregion1822.com,"https://www.google.com/maps/search/Afghanistan,CultureHanoi+Region+1822",Culture & Museums,Food & Wine,City Break
City,"Marrakech Region 1823, Morocco",171378,BSh,1,October - March,A major global urban destination in Morocco known for its tourism appeal.,16.23,"Marrakech Region 1823, Morocco",Yes,4.3,5942,https://www.visitmarrakechregion1823.com,"https://www.google.com/maps/search/Afghanistan,CultureMarrakech+Region+1823",City Break,Nightlife,Culture & Museums
City,"Paris Region 1824, France",171206,Cfb,3,June - August,A major global urban destination in France known for its tourism appeal.,18.53,"Paris Region 1824, France",Yes,4.8,7249,https://www.visitparisregion1824.com,"https://www.google.com/maps/search/Afghanistan,CultureParis+Region+1824",Romantic,Food & Wine,City Break
City,"Vienna Region 1825, Austria",171035,Cfb,3,June - August,A major global urban destination in Austria known for its tourism appeal.,14.2,"Vienna Region 1825, Austria",Yes,4.1,2905,https://www.visitviennaregion1825.com,"https://www.google.com/maps/search/Afghanistan,CultureVienna+Region+1825",Nightlife,Culture & Museums,Food & Wine
City,"Dublin Region 1826, Ireland",170864,Cfb,3,June - August,A major global urban destination in Ireland known for its tourism appeal.,16.81,"Dublin Region 1826, Ireland",Yes,4.5,5426,https://www.visitdublinregion1826.com,"https://www.google.com/maps/search/Afghanistan,CultureDublin+Region+1826",City Break,Family,Romantic
City,"Istanbul Region 1827, Turkey",170693,Csa,1,"April - June, September - October",A major global urban destination in Turkey known for its tourism appeal.,14.92,"Istanbul Region 1827, Turkey",No,4.1,4350,https://www.visitistanbulregion1827.com,"https://www.google.com/maps/search/Afghanistan,CultureIstanbul+Region+1827",Culture & Museums,Romantic,City Break
City,"Berlin Region 1828, Germany",170523,Cfb,2,June - August,A major global urban destination in Germany known for its tourism appeal.,18.7,"Berlin Region 1828, Germany",No,4.9,6540,https://www.visitberlinregion1828.com,"https://www.google.com/maps/search/Afghanistan,CultureBerlin+Region+1828",City Break,Romantic,Food & Wine
City,"Paris Region 1829, France",170352,Cfb,3,June - August,A major global urban destination in France known for its tourism appeal.,16.96,"Paris Region 1829, France",No,4.8,3414,https://www.visitparisregion1829.com,"https://www.google.com/maps/search/Afghanistan,CultureParis+Region+1829",Culture & Museums,Nightlife,Romantic
City,"Kyoto Region 1830, Japan",170182,Cfa,2,"March - May, September - November",A major global urban destination in Japan known for its tourism appeal.,14.83,"Kyoto Region 1830, Japan",No,4.3,2815,https://www.visitkyotoregion1830.com,"https://www.google.com/maps/search/Afghanistan,CultureKyoto+Region+1830",City Break,Culture & Museums,Food & Wine
City,"Bangkok Region 1831, Thailand",170012,Aw,1,November - April,A major global urban destination in Thailand known for its tourism appeal.,14.33,"Bangkok Region 1831, Thailand",No,4.2,2581,https://www.visitbangkokregion1831.com,"https://www.google.com/maps/search/Afghanistan,CultureBangkok+Region+1831",Culture & Museums,Nightlife,Family
City,"Ho Chi Minh City Region 1832, Vietnam",169842,Aw,1,November - April,A major global urban destination in Vietnam known for its tourism appeal.,16.85,"Ho Chi Minh City Region 1832, Vietnam",No,4.7,3855,https://www.visithochiminhcityregion1832.com,"https://www.google.com/maps/search/Afghanistan,CultureHo+Chi+Minh+City+Region+1832",Romantic,Culture & Museums,Food & Wine
City,"New Delhi Region 1833, India",169672,BSh,1,October - March,A major global urban destination in India known for its tourism appeal.,15.03,"New Delhi Region 1833, India",No,4.3,3132,https://www.visitnewdelhiregion1833.com,"https://www.google.com/maps/search/Afghanistan,CultureNew+Delhi+Region+1833",Romantic,Culture & Museums,Food & Wine
City,"Toronto Region 1834, Canada",169502,Dfa,3,May - September,A major global urban destination in Canada known for its tourism appeal.,14.66,"Toronto Region 1834, Canada",No,3.8,7230,https://www.visittorontoregion1834.com,"https://www.google.com/maps/search/Afghanistan,CultureToronto+Region+1834",Food & Wine,Nightlife,Romantic
City,"Miami Region 1835, USA",169332,Am,3,December - March,A major global urban destination in USA known for its tourism appeal.,15.58,"Miami Region 1835, USA",No,4.2,5132,https://www.visitmiamiregion1835.com,"https://www.google.com/maps/search/Afghanistan,CultureMiami+Region+1835",Romantic,Family,Culture & Museums
City,"Amsterdam Region 1836, Netherlands",169163,Cfb,3,June - August,A major global urban destination in Netherlands known for its tourism appeal.,15.73,"Amsterdam Region 1836, Netherlands",No,4.7,2225,https://www.visitamsterdamregion1836.com,"https://www.google.com/maps/search/Afghanistan,CultureAmsterdam+Region+1836",Food & Wine,Romantic,Nightlife
City,"Jerusalem Region 1837, Israel",168994,Csa,3,"April - June, September - October",A major global urban destination in Israel known for its tourism appeal.,16.88,"Jerusalem Region 1837, Israel",No,4.4,6853,https://www.visitjerusalemregion1837.com,"https://www.google.com/maps/search/Afghanistan,CultureJerusalem+Region+1837",Nightlife,Family,City Break
City,"Dublin Region 1838, Ireland",168825,Cfb,3,June - August,A major global urban destination in Ireland known for its tourism appeal.,18.28,"Dublin Region 1838, Ireland",No,4.8,6436,https://www.visitdublinregion1838.com,"https://www.google.com/maps/search/Afghanistan,CultureDublin+Region+1838",Culture & Museums,Family,Nightlife
City,"Osaka Region 1839, Japan",168656,Cfa,2,"March - May, September - November",A major global urban destination in Japan known for its tourism appeal.,14.95,"Osaka Region 1839, Japan",Yes,4.0,5456,https://www.visitosakaregion1839.com,"https://www.google.com/maps/search/Afghanistan,CultureOsaka+Region+1839",Nightlife,Romantic,City Break
City,"Los Angeles Region 1840, USA",168488,Csb,3,May - September,A major global urban destination in USA known for its tourism appeal.,16.99,"Los Angeles Region 1840, USA",No,4.5,5963,https://www.visitlosangelesregion1840.com,"https://www.google.com/maps/search/Afghanistan,CultureLos+Angeles+Region+1840",Family,Romantic,Food & Wine
City,"Kuala Lumpur Region 1841, Malaysia",168319,Af,1,Year Round,A major global urban destination in Malaysia known for its tourism appeal.,17.22,"Kuala Lumpur Region 1841, Malaysia",Yes,4.7,4622,https://www.visitkualalumpurregion1841.com,"https://www.google.com/maps/search/Afghanistan,CultureKuala+Lumpur+Region+1841",Romantic,City Break,Nightlife
City,"Las Vegas Region 1842, USA",168151,BWk,3,May - September,A major global urban destination in USA known for its tourism appeal.,18.14,"Las Vegas Region 1842, USA",No,4.8,6009,https://www.visitlasvegasregion1842.com,"https://www.google.com/maps/search/Afghanistan,CultureLas+Vegas+Region+1842",City Break,Food & Wine,Culture & Museums
City,"Bali Region 1843, Indonesia",167983,Aw,1,November - April,A major global urban destination in Indonesia known for its tourism appeal.,15.22,"Bali Region 1843, Indonesia",Yes,4.0,6375,https://www.visitbaliregion1843.com,"https://www.google.com/maps/search/Afghanistan,CultureBali+Region+1843",Nightlife,Food & Wine,Culture & Museums
City,"Marrakech Region 1844, Morocco",167815,BSh,1,October - March,A major global urban destination in Morocco known for its tourism appeal.,18.03,"Marrakech Region 1844, Morocco",Yes,4.7,6846,https://www.visitmarrakechregion1844.com,"https://www.google.com/maps/search/Afghanistan,CultureMarrakech+Region+1844",Food & Wine,Culture & Museums,Romantic
City,"Toronto Region 1845, Canada",167647,Dfa,3,May - September,A major global urban destination in Canada known for its tourism appeal.,17.4,"Toronto Region 1845, Canada",Yes,4.8,4211,https://www.visittorontoregion1845.com,"https://www.google.com/maps/search/Afghanistan,CultureToronto+Region+1845",Food & Wine,City Break,Family
City,"Stockholm Region 1846, Sweden",167479,Dfb,4,June - August,A major global urban destination in Sweden known for its tourism appeal.,16.5,"Stockholm Region 1846, Sweden",Yes,4.5,4649,https://www.visitstockholmregion1846.com,"https://www.google.com/maps/search/Afghanistan,CultureStockholm+Region+1846",Food & Wine,Culture & Museums,City Break
City,"Vancouver Region 1847, Canada",167312,Cfb,3,June - August,A major global urban destination in Canada known for its tourism appeal.,15.14,"Vancouver Region 1847, Canada",No,4.6,1952,https://www.visitvancouverregion1847.com,"https://www.google.com/maps/search/Afghanistan,CultureVancouver+Region+1847",Food & Wine,City Break,Nightlife
City,"Rome Region 1848, Italy",167144,Csa,3,"April - June, September - October",A major global urban destination in Italy known for its tourism appeal.,14.22,"Rome Region 1848, Italy",Yes,4.0,3592,https://www.visitromeregion1848.com,"https://www.google.com/maps/search/Afghanistan,CultureRome+Region+1848",Family,Food & Wine,Romantic
City,"Lisbon Region 1849, Portugal",166977,Csa,2,"April - June, September - October",A major global urban destination in Portugal known for its tourism appeal.,17.85,"Lisbon Region 1849, Portugal",Yes,4.8,5245,https://www.visitlisbonregion1849.com,"https://www.google.com/maps/search/Afghanistan,CultureLisbon+Region+1849",Romantic,Food & Wine,Family
City,"Milan Region 1850, Italy",166810,Cfa,3,"March - May, September - November",A major global urban destination in Italy known for its tourism appeal.,18.06,"Milan Region 1850, Italy",Yes,4.7,6970,https://www.visitmilanregion1850.com,"https://www.google.com/maps/search/Afghanistan,CultureMilan+Region+1850",Family,Romantic,Culture & Museums
City,"Rio de Janeiro Region 1851, Brazil",166643,Aw,1,November - April,A major global urban destination in Brazil known for its tourism appeal.,14.06,"Rio de Janeiro Region 1851, Brazil",No,4.0,3270,https://www.visitriodejaneiroregion1851.com,"https://www.google.com/maps/search/Afghanistan,CultureRio+de+Janeiro+Region+1851",Family,Culture & Museums,Nightlife
City,"Dubai Region 1852, UAE",166477,BWh,4,November - March,A major global urban destination in UAE known for its tourism appeal.,13.17,"Dubai Region 1852, UAE",Yes,3.9,2379,https://www.visitdubairegion1852.com,"https://www.google.com/maps/search/Afghanistan,CultureDubai+Region+1852",Romantic,Family,Nightlife
City,"Kuala Lumpur Region 1853, Malaysia",166310,Af,1,Year Round,A major global urban destination in Malaysia known for its tourism appeal.,13.5,"Kuala Lumpur Region 1853, Malaysia",Yes,3.8,3567,https://www.visitkualalumpurregion1853.com,"https://www.google.com/maps/search/Afghanistan,CultureKuala+Lumpur+Region+1853",City Break,Culture & Museums,Food & Wine
City,"Miami Region 1854, USA",166144,Am,3,December - March,A major global urban destination in USA known for its tourism appeal.,14.69,"Miami Region 1854, USA",Yes,4.5,1843,https://www.visitmiamiregion1854.com,"https://www.google.com/maps/search/Afghanistan,CultureMiami+Region+1854",Romantic,Family,Culture & Museums
City,"Vienna Region 1855, Austria",165978,Cfb,3,June - August,A major global urban destination in Austria known for its tourism appeal.,16.02,"Vienna Region 1855, Austria",Yes,4.4,4380,https://www.visitviennaregion1855.com,"https://www.google.com/maps/search/Afghanistan,CultureVienna+Region+1855",City Break,Romantic,Nightlife
City,"London Region 1856, UK",165812,Cfb,4,June - August,A major global urban destination in UK known for its tourism appeal.,14.06,"London Region 1856, UK",No,4.0,3279,https://www.visitlondonregion1856.com,"https://www.google.com/maps/search/Afghanistan,CultureLondon+Region+1856",Family,Culture & Museums,City Break
City,"Osaka Region 1857, Japan",165646,Cfa,2,"March - May, September - November",A major global urban destination in Japan known for its tourism appeal.,15.51,"Osaka Region 1857, Japan",Yes,4.3,4048,https://www.visitosakaregion1857.com,"https://www.google.com/maps/search/Afghanistan,CultureOsaka+Region+1857",Food & Wine,City Break,Culture & Museums
City,"London Region 1858, UK",165480,Cfb,4,June - August,A major global urban destination in UK known for its tourism appeal.,14.97,"London Region 1858, UK",Yes,4.2,3658,https://www.visitlondonregion1858.com,"https://www.google.com/maps/search/Afghanistan,CultureLondon+Region+1858",Food & Wine,Romantic,Nightlife
City,"Barcelona Region 1859, Spain",165315,Csa,2,"April - June, September - October",A major global urban destination in Spain known for its tourism appeal.,15.16,"Barcelona Region 1859, Spain",No,4.7,1680,https://www.visitbarcelonaregion1859.com,"https://www.google.com/maps/search/Afghanistan,CultureBarcelona+Region+1859",Culture & Museums,Romantic,Family
City,"Bali Region 1860, Indonesia",165150,Aw,1,November - April,A major global urban destination in Indonesia known for its tourism appeal.,15.4,"Bali Region 1860, Indonesia",Yes,4.0,7074,https://www.visitbaliregion1860.com,"https://www.google.com/maps/search/Afghanistan,CultureBali+Region+1860",Family,Food & Wine,Nightlife
City,"London Region 1861, UK",164984,Cfb,4,June - August,A major global urban destination in UK known for its tourism appeal.,15.14,"London Region 1861, UK",Yes,3.9,7632,https://www.visitlondonregion1861.com,"https://www.google.com/maps/search/Afghanistan,CultureLondon+Region+1861",Romantic,Nightlife,Family
City,"Bangalore Region 1862, India",164819,Aw,1,November - April,A major global urban destination in India known for its tourism appeal.,15.04,"Bangalore Region 1862, India",No,4.3,3141,https://www.visitbangaloreregion1862.com,"https://www.google.com/maps/search/Afghanistan,CultureBangalore+Region+1862",Romantic,Family,City Break
City,"Sydney Region 1863, Australia",164655,Cfa,3,"March - May, September - November",A major global urban destination in Australia known for its tourism appeal.,16.67,"Sydney Region 1863, Australia",No,4.3,7536,https://www.visitsydneyregion1863.com,"https://www.google.com/maps/search/Afghanistan,CultureSydney+Region+1863",Romantic,Family,City Break
City,"Kyoto Region 1864, Japan",164490,Cfa,2,"March - May, September - November",A major global urban destination in Japan known for its tourism appeal.,15.97,"Kyoto Region 1864, Japan",No,4.2,6328,https://www.visitkyotoregion1864.com,"https://www.google.com/maps/search/Afghanistan,CultureKyoto+Region+1864",Family,Romantic,Culture & Museums
City,"Jerusalem Region 1865, Israel",164325,Csa,3,"April - June, September - October",A major global urban destination in Israel known for its tourism appeal.,14.7,"Jerusalem Region 1865, Israel",Yes,4.3,2621,https://www.visitjerusalemregion1865.com,"https://www.google.com/maps/search/Afghanistan,CultureJerusalem+Region+1865",Nightlife,City Break,Romantic
City,"Amsterdam Region 1866, Netherlands",164161,Cfb,3,June - August,A major global urban destination in Netherlands known for its tourism appeal.,15.52,"Amsterdam Region 1866, Netherlands",No,4.3,4076,https://www.visitamsterdamregion1866.com,"https://www.google.com/maps/search/Afghanistan,CultureAmsterdam+Region+1866",Nightlife,Food & Wine,Culture & Museums
City,"Amsterdam Region 1867, Netherlands",163997,Cfb,3,June - August,A major global urban destination in Netherlands known for its tourism appeal.,16.47,"Amsterdam Region 1867, Netherlands",No,4.3,6781,https://www.visitamsterdamregion1867.com,"https://www.google.com/maps/search/Afghanistan,CultureAmsterdam+Region+1867",Food & Wine,Nightlife,Culture & Museums
City,"Cape Town Region 1868, South Africa",163833,Csb,2,May - September,A major global urban destination in South Africa known for its tourism appeal.,18.03,"Cape Town Region 1868, South Africa",Yes,4.8,5713,https://www.visitcapetownregion1868.com,"https://www.google.com/maps/search/Afghanistan,CultureCape+Town+Region+1868",Romantic,Food & Wine,Culture & Museums
City,"Rome Region 1869, Italy",163669,Csa,3,"April - June, September - October",A major global urban destination in Italy known for its tourism appeal.,17.44,"Rome Region 1869, Italy",No,4.7,5138,https://www.visitromeregion1869.com,"https://www.google.com/maps/search/Afghanistan,CultureRome+Region+1869",Food & Wine,City Break,Family
City,"Dubai Region 1870, UAE",163505,BWh,4,November - March,A major global urban destination in UAE known for its tourism appeal.,15.56,"Dubai Region 1870, UAE",No,4.3,4154,https://www.visitdubairegion1870.com,"https://www.google.com/maps/search/Afghanistan,CultureDubai+Region+1870",Culture & Museums,Food & Wine,City Break
City,"Jerusalem Region 1871, Israel",163342,Csa,3,"April - June, September - October",A major global urban destination in Israel known for its tourism appeal.,14.55,"Jerusalem Region 1871, Israel",Yes,3.9,5388,https://www.visitjerusalemregion1871.com,"https://www.google.com/maps/search/Afghanistan,CultureJerusalem+Region+1871",Family,Food & Wine,Culture & Museums
City,"Pattaya Region 1872, Thailand",163179,Aw,1,November - April,A major global urban destination in Thailand known for its tourism appeal.,13.84,"Pattaya Region 1872, Thailand",No,4.0,2878,https://www.visitpattayaregion1872.com,"https://www.google.com/maps/search/Afghanistan,CulturePattaya+Region+1872",Nightlife,City Break,Family
City,"Milan Region 1873, Italy",163015,Cfa,3,"March - May, September - November",A major global urban destination in Italy known for its tourism appeal.,17.09,"Milan Region 1873, Italy",No,4.4,7657,https://www.visitmilanregion1873.com,"https://www.google.com/maps/search/Afghanistan,CultureMilan+Region+1873",Food & Wine,Family,Romantic
City,"Tokyo Region 1874, Japan",162852,Cfa,3,"March - May, September - November",A major global urban destination in Japan known for its tourism appeal.,17.62,"Tokyo Region 1874, Japan",Yes,4.7,5602,https://www.visittokyoregion1874.com,"https://www.google.com/maps/search/Afghanistan,CultureTokyo+Region+1874",City Break,Romantic,Culture & Museums
City,"Berlin Region 1875, Germany",162690,Cfb,2,June - August,A major global urban destination in Germany known for its tourism appeal.,16.87,"Berlin Region 1875, Germany",Yes,4.8,3274,https://www.visitberlinregion1875.com,"https://www.google.com/maps/search/Afghanistan,CultureBerlin+Region+1875",Family,City Break,Nightlife
City,"New York City Region 1876, USA",162527,Cfa,4,"March - May, September - November",A major global urban destination in USA known for its tourism appeal.,15.05,"New York City Region 1876, USA",No,4.1,4688,https://www.visitnewyorkcityregion1876.com,"https://www.google.com/maps/search/Afghanistan,CultureNew+York+City+Region+1876",Food & Wine,Romantic,Culture & Museums
City,"Palma de Mallorca Region 1877, Spain",162364,Csa,2,"April - June, September - October",A major global urban destination in Spain known for its tourism appeal.,16.9,"Palma de Mallorca Region 1877, Spain",Yes,4.4,6926,https://www.visitpalmademallorcaregion1877.com,"https://www.google.com/maps/search/Afghanistan,CulturePalma+de+Mallorca+Region+1877",Culture & Museums,Food & Wine,Nightlife
City,"Zurich Region 1878, Switzerland",162202,Cfb,4,June - August,A major global urban destination in Switzerland known for its tourism appeal.,14.63,"Zurich Region 1878, Switzerland",Yes,3.9,5645,https://www.visitzurichregion1878.com,"https://www.google.com/maps/search/Afghanistan,CultureZurich+Region+1878",Romantic,City Break,Culture & Museums
City,"Hong Kong Region 1879, China",162040,Cwa,3,October - April,A major global urban destination in China known for its tourism appeal.,18.28,"Hong Kong Region 1879, China",No,4.7,7754,https://www.visithongkongregion1879.com,"https://www.google.com/maps/search/Afghanistan,CultureHong+Kong+Region+1879",Culture & Museums,City Break,Romantic
City,"Bangalore Region 1880, India",161878,Aw,1,November - April,A major global urban destination in India known for its tourism appeal.,17.47,"Bangalore Region 1880, India",Yes,4.7,5203,https://www.visitbangaloreregion1880.com,"https://www.google.com/maps/search/Afghanistan,CultureBangalore+Region+1880",Culture & Museums,Romantic,City Break
City,"Miami Region 1881, USA",161716,Am,3,December - March,A major global urban destination in USA known for its tourism appeal.,17.12,"Miami Region 1881, USA",No,4.5,6359,https://www.visitmiamiregion1881.com,"https://www.google.com/maps/search/Afghanistan,CultureMiami+Region+1881",Food & Wine,Family,City Break
City,"Tokyo Region 1882, Japan",161554,Cfa,3,"March - May, September - November",A major global urban destination in Japan known for its tourism appeal.,15.87,"Tokyo Region 1882, Japan",Yes,4.6,2822,https://www.visittokyoregion1882.com,"https://www.google.com/maps/search/Afghanistan,CultureTokyo+Region+1882",Nightlife,Family,City Break
City,"Venice Region 1883, Italy",161393,Cfa,3,"March - May, September - November",A major global urban destination in Italy known for its tourism appeal.,14.24,"Venice Region 1883, Italy",Yes,4.0,3633,https://www.visitveniceregion1883.com,"https://www.google.com/maps/search/Afghanistan,CultureVenice+Region+1883",Family,Nightlife,Romantic
City,"Vienna Region 1884, Austria",161231,Cfb,3,June - August,A major global urban destination in Austria known for its tourism appeal.,15.16,"Vienna Region 1884, Austria",Yes,4.2,4067,https://www.visitviennaregion1884.com,"https://www.google.com/maps/search/Afghanistan,CultureVienna+Region+1884",Culture & Museums,Family,City Break
City,"Buenos Aires Region 1885, Argentina",161070,Cfa,1,"March - May, September - November",A major global urban destination in Argentina known for its tourism appeal.,14.29,"Buenos Aires Region 1885, Argentina",No,3.9,4616,https://www.visitbuenosairesregion1885.com,"https://www.google.com/maps/search/Afghanistan,CultureBuenos+Aires+Region+1885",Culture & Museums,Romantic,Family
City,"Milan Region 1886, Italy",160909,Cfa,3,"March - May, September - November",A major global urban destination in Italy known for its tourism appeal.,15.79,"Milan Region 1886, Italy",Yes,4.2,5741,https://www.visitmilanregion1886.com,"https://www.google.com/maps/search/Afghanistan,CultureMilan+Region+1886",Food & Wine,Romantic,Nightlife
City,"Buenos Aires Region 1887, Argentina",160748,Cfa,1,"March - May, September - November",A major global urban destination in Argentina known for its tourism appeal.,16.37,"Buenos Aires Region 1887, Argentina",Yes,4.6,3619,https://www.visitbuenosairesregion1887.com,"https://www.google.com/maps/search/Afghanistan,CultureBuenos+Aires+Region+1887",City Break,Culture & Museums,Romantic
City,"Buenos Aires Region 1888, Argentina",160587,Cfa,1,"March - May, September - November",A major global urban destination in Argentina known for its tourism appeal.,18.41,"Buenos Aires Region 1888, Argentina",Yes,4.9,5719,https://www.visitbuenosairesregion1888.com,"https://www.google.com/maps/search/Afghanistan,CultureBuenos+Aires+Region+1888",Food & Wine,Culture & Museums,City Break
City,"Cape Town Region 1889, South Africa",160427,Csb,2,May - September,A major global urban destination in South Africa known for its tourism appeal.,15.45,"Cape Town Region 1889, South Africa",No,4.2,4760,https://www.visitcapetownregion1889.com,"https://www.google.com/maps/search/Afghanistan,CultureCape+Town+Region+1889",City Break,Family,Food & Wine
City,"Lisbon Region 1890, Portugal",160266,Csa,2,"April - June, September - October",A major global urban destination in Portugal known for its tourism appeal.,15.21,"Lisbon Region 1890, Portugal",Yes,4.0,6344,https://www.visitlisbonregion1890.com,"https://www.google.com/maps/search/Afghanistan,CultureLisbon+Region+1890",Romantic,City Break,Food & Wine
City,"Istanbul Region 1891, Turkey",160106,Csa,1,"April - June, September - October",A major global urban destination in Turkey known for its tourism appeal.,14.51,"Istanbul Region 1891, Turkey",No,4.2,2843,https://www.visitistanbulregion1891.com,"https://www.google.com/maps/search/Afghanistan,CultureIstanbul+Region+1891",Culture & Museums,Food & Wine,City Break
City,"Cape Town Region 1892, South Africa",159946,Csb,2,May - September,A major global urban destination in South Africa known for its tourism appeal.,15.62,"Cape Town Region 1892, South Africa",Yes,4.3,4296,https://www.visitcapetownregion1892.com,"https://www.google.com/maps/search/Afghanistan,CultureCape+Town+Region+1892",Food & Wine,Romantic,Family
City,"Munich Region 1893, Germany",159786,Cfb,3,June - August,A major global urban destination in Germany known for its tourism appeal.,14.71,"Munich Region 1893, Germany",No,4.1,3862,https://www.visitmunichregion1893.com,"https://www.google.com/maps/search/Afghanistan,CultureMunich+Region+1893",Family,Romantic,Nightlife
City,"Mumbai Region 1894, India",159626,Aw,1,November - April,A major global urban destination in India known for its tourism appeal.,17.03,"Mumbai Region 1894, India",Yes,4.5,6081,https://www.visitmumbairegion1894.com,"https://www.google.com/maps/search/Afghanistan,CultureMumbai+Region+1894",Culture & Museums,City Break,Romantic
City,"San Francisco Region 1895, USA",159467,Csb,4,May - September,A major global urban destination in USA known for its tourism appeal.,15.73,"San Francisco Region 1895, USA",No,4.3,4546,https://www.visitsanfranciscoregion1895.com,"https://www.google.com/maps/search/Afghanistan,CultureSan+Francisco+Region+1895",Nightlife,Food & Wine,Family
City,"Palma de Mallorca Region 1896, Spain",159307,Csa,2,"April - June, September - October",A major global urban destination in Spain known for its tourism appeal.,16.73,"Palma de Mallorca Region 1896, Spain",Yes,4.3,7775,https://www.visitpalmademallorcaregion1896.com,"https://www.google.com/maps/search/Afghanistan,CulturePalma+de+Mallorca+Region+1896",City Break,Food & Wine,Culture & Museums
City,"Ho Chi Minh City Region 1897, Vietnam",159148,Aw,1,November - April,A major global urban destination in Vietnam known for its tourism appeal.,17.38,"Ho Chi Minh City Region 1897, Vietnam",No,4.9,3527,https://www.visithochiminhcityregion1897.com,"https://www.google.com/maps/search/Afghanistan,CultureHo+Chi+Minh+City+Region+1897",Romantic,Nightlife,Food & Wine
City,"Palma de Mallorca Region 1898, Spain",158989,Csa,2,"April - June, September - October",A major global urban destination in Spain known for its tourism appeal.,16.7,"Palma de Mallorca Region 1898, Spain",Yes,4.8,3009,https://www.visitpalmademallorcaregion1898.com,"https://www.google.com/maps/search/Afghanistan,CulturePalma+de+Mallorca+Region+1898",City Break,Family,Nightlife
City,"New Delhi Region 1899, India",158830,BSh,1,October - March,A major global urban destination in India known for its tourism appeal.,14.99,"New Delhi Region 1899, India",No,4.2,3699,https://www.visitnewdelhiregion1899.com,"https://www.google.com/maps/search/Afghanistan,CultureNew+Delhi+Region+1899",Food & Wine,Family,Culture & Museums
City,"New Delhi Region 1900, India",158671,BSh,1,October - March,A major global urban destination in India known for its tourism appeal.,17.45,"New Delhi Region 1900, India",Yes,4.5,7558,https://www.visitnewdelhiregion1900.com,"https://www.google.com/maps/search/Afghanistan,CultureNew+Delhi+Region+1900",Family,Romantic,Culture & Museums
City,"Palma de Mallorca Region 1901, Spain",158512,Csa,2,"April - June, September - October",A major global urban destination in Spain known for its tourism appeal.,14.57,"Palma de Mallorca Region 1901, Spain",Yes,4.0,4386,https://www.visitpalmademallorcaregion1901.com,"https://www.google.com/maps/search/Afghanistan,CulturePalma+de+Mallorca+Region+1901",Family,Nightlife,City Break
City,"New Delhi Region 1902, India",158354,BSh,1,October - March,A major global urban destination in India known for its tourism appeal.,15.23,"New Delhi Region 1902, India",Yes,4.1,5178,https://www.visitnewdelhiregion1902.com,"https://www.google.com/maps/search/Afghanistan,CultureNew+Delhi+Region+1902",City Break,Nightlife,Family
City,"Paris Region 1903, France",158195,Cfb,3,June - August,A major global urban destination in France known for its tourism appeal.,17.19,"Paris Region 1903, France",Yes,4.9,3215,https://www.visitparisregion1903.com,"https://www.google.com/maps/search/Afghanistan,CultureParis+Region+1903",Family,Romantic,Culture & Museums
City,"New York City Region 1904, USA",158037,Cfa,4,"March - May, September - November",A major global urban destination in USA known for its tourism appeal.,14.71,"New York City Region 1904, USA",Yes,4.0,4746,https://www.visitnewyorkcityregion1904.com,"https://www.google.com/maps/search/Afghanistan,CultureNew+York+City+Region+1904",Family,Food & Wine,Culture & Museums
City,"Singapore Region 1905, Singapore",157879,Af,4,Year Round,A major global urban destination in Singapore known for its tourism appeal.,17.52,"Singapore Region 1905, Singapore",No,4.7,5330,https://www.visitsingaporeregion1905.com,"https://www.google.com/maps/search/Afghanistan,CultureSingapore+Region+1905",Food & Wine,Family,City Break
City,"Pattaya Region 1906, Thailand",157721,Aw,1,November - April,A major global urban destination in Thailand known for its tourism appeal.,15.63,"Pattaya Region 1906, Thailand",No,4.5,2973,https://www.visitpattayaregion1906.com,"https://www.google.com/maps/search/Afghanistan,CulturePattaya+Region+1906",Food & Wine,City Break,Culture & Museums
City,"Jerusalem Region 1907, Israel",157563,Csa,3,"April - June, September - October",A major global urban destination in Israel known for its tourism appeal.,17.96,"Jerusalem Region 1907, Israel",No,4.7,6633,https://www.visitjerusalemregion1907.com,"https://www.google.com/maps/search/Afghanistan,CultureJerusalem+Region+1907",Family,City Break,Romantic
City,"Taipei Region 1908, Taiwan",157406,Cfa,2,"March - May, September - November",A major global urban destination in Taiwan known for its tourism appeal.,15.74,"Taipei Region 1908, Taiwan",No,4.8,1904,https://www.visittaipeiregion1908.com,"https://www.google.com/maps/search/Afghanistan,CultureTaipei+Region+1908",City Break,Family,Culture & Museums
City,"Toronto Region 1909, Canada",157248,Dfa,3,May - September,A major global urban destination in Canada known for its tourism appeal.,13.97,"Toronto Region 1909, Canada",No,4.3,1771,https://www.visittorontoregion1909.com,"https://www.google.com/maps/search/Afghanistan,CultureToronto+Region+1909",Romantic,Family,City Break
City,"Munich Region 1910, Germany",157091,Cfb,3,June - August,A major global urban destination in Germany known for its tourism appeal.,15.61,"Munich Region 1910, Germany",Yes,4.2,5196,https://www.visitmunichregion1910.com,"https://www.google.com/maps/search/Afghanistan,CultureMunich+Region+1910",City Break,Romantic,Nightlife
City,"Hong Kong Region 1911, China",156934,Cwa,3,October - April,A major global urban destination in China known for its tourism appeal.,14.03,"Hong Kong Region 1911, China",Yes,4.2,2189,https://www.visithongkongregion1911.com,"https://www.google.com/maps/search/Afghanistan,CultureHong+Kong+Region+1911",Romantic,Nightlife,City Break
City,"Sydney Region 1912, Australia",156777,Cfa,3,"March - May, September - November",A major global urban destination in Australia known for its tourism appeal.,12.81,"Sydney Region 1912, Australia",Yes,3.9,1928,https://www.visitsydneyregion1912.com,"https://www.google.com/maps/search/Afghanistan,CultureSydney+Region+1912",City Break,Romantic,Culture & Museums
City,"Jerusalem Region 1913, Israel",156620,Csa,3,"April - June, September - October",A major global urban destination in Israel known for its tourism appeal.,14.01,"Jerusalem Region 1913, Israel",No,4.1,2616,https://www.visitjerusalemregion1913.com,"https://www.google.com/maps/search/Afghanistan,CultureJerusalem+Region+1913",Food & Wine,Culture & Museums,Family
City,"Vienna Region 1914, Austria",156464,Cfb,3,June - August,A major global urban destination in Austria known for its tourism appeal.,18.35,"Vienna Region 1914, Austria",Yes,4.8,6666,https://www.visitviennaregion1914.com,"https://www.google.com/maps/search/Afghanistan,CultureVienna+Region+1914",Family,Culture & Museums,Romantic
City,"Madrid Region 1915, Spain",156307,Csa,2,"April - June, September - October",A major global urban destination in Spain known for its tourism appeal.,15.7,"Madrid Region 1915, Spain",No,4.2,5474,https://www.visitmadridregion1915.com,"https://www.google.com/maps/search/Afghanistan,CultureMadrid+Region+1915",Romantic,Food & Wine,Culture & Museums
City,"Dubai Region 1916, UAE",156151,BWh,4,November - March,A major global urban destination in UAE known for its tourism appeal.,17.37,"Dubai Region 1916, UAE",No,4.7,4963,https://www.visitdubairegion1916.com,"https://www.google.com/maps/search/Afghanistan,CultureDubai+Region+1916",Family,Nightlife,Food & Wine
City,"Bangkok Region 1917, Thailand",155995,Aw,1,November - April,A major global urban destination in Thailand known for its tourism appeal.,14.4,"Bangkok Region 1917, Thailand",No,4.1,3259,https://www.visitbangkokregion1917.com,"https://www.google.com/maps/search/Afghanistan,CultureBangkok+Region+1917",City Break,Romantic,Food & Wine
City,"Milan Region 1918, Italy",155839,Cfa,3,"March - May, September - November",A major global urban destination in Italy known for its tourism appeal.,17.73,"Milan Region 1918, Italy",No,4.9,4145,https://www.visitmilanregion1918.com,"https://www.google.com/maps/search/Afghanistan,CultureMilan+Region+1918",Culture & Museums,Food & Wine,Romantic
City,"Florence Region 1919, Italy",155683,Cfa,3,"March - May, September - November",A major global urban destination in Italy known for its tourism appeal.,13.7,"Florence Region 1919, Italy",Yes,4.1,2199,https://www.visitflorenceregion1919.com,"https://www.google.com/maps/search/Afghanistan,CultureFlorence+Region+1919",Family,Culture & Museums,Food & Wine
City,"Los Angeles Region 1920, USA",155527,Csb,3,May - September,A major global urban destination in USA known for its tourism appeal.,16.53,"Los Angeles Region 1920, USA",Yes,4.5,4723,https://www.visitlosangelesregion1920.com,"https://www.google.com/maps/search/Afghanistan,CultureLos+Angeles+Region+1920",Romantic,Culture & Museums,City Break
City,"Bangkok Region 1921, Thailand",155372,Aw,1,November - April,A major global urban destination in Thailand known for its tourism appeal.,14.38,"Bangkok Region 1921, Thailand",Yes,4.1,3209,https://www.visitbangkokregion1921.com,"https://www.google.com/maps/search/Afghanistan,CultureBangkok+Region+1921",Nightlife,Food & Wine,City Break
City,"Stockholm Region 1922, Sweden",155216,Dfb,4,June - August,A major global urban destination in Sweden known for its tourism appeal.,17.98,"Stockholm Region 1922, Sweden",No,4.9,4676,https://www.visitstockholmregion1922.com,"https://www.google.com/maps/search/Afghanistan,CultureStockholm+Region+1922",Family,City Break,Culture & Museums
City,"Los Angeles Region 1923, USA",155061,Csb,3,May - September,A major global urban destination in USA known for its tourism appeal.,16.43,"Los Angeles Region 1923, USA",No,4.6,3725,https://www.visitlosangelesregion1923.com,"https://www.google.com/maps/search/Afghanistan,CultureLos+Angeles+Region+1923",Food & Wine,Culture & Museums,Nightlife
City,"Zurich Region 1924, Switzerland",154906,Cfb,4,June - August,A major global urban destination in Switzerland known for its tourism appeal.,14.58,"Zurich Region 1924, Switzerland",Yes,4.4,2059,https://www.visitzurichregion1924.com,"https://www.google.com/maps/search/Afghanistan,CultureZurich+Region+1924",Food & Wine,Family,Nightlife
City,"Paris Region 1925, France",154751,Cfb,3,June - August,A major global urban destination in France known for its tourism appeal.,16.14,"Paris Region 1925, France",No,4.4,4664,https://www.visitparisregion1925.com,"https://www.google.com/maps/search/Afghanistan,CultureParis+Region+1925",City Break,Culture & Museums,Nightlife
City,"Amsterdam Region 1926, Netherlands",154596,Cfb,3,June - August,A major global urban destination in Netherlands known for its tourism appeal.,14.07,"Amsterdam Region 1926, Netherlands",Yes,4.3,1870,https://www.visitamsterdamregion1926.com,"https://www.google.com/maps/search/Afghanistan,CultureAmsterdam+Region+1926",Family,Culture & Museums,Food & Wine
City,"Rome Region 1927, Italy",154442,Csa,3,"April - June, September - October",A major global urban destination in Italy known for its tourism appeal.,14.74,"Rome Region 1927, Italy",Yes,4.4,2236,https://www.visitromeregion1927.com,"https://www.google.com/maps/search/Afghanistan,CultureRome+Region+1927",Culture & Museums,Nightlife,Food & Wine
City,"Taipei Region 1928, Taiwan",154287,Cfa,2,"March - May, September - November",A major global urban destination in Taiwan known for its tourism appeal.,15.33,"Taipei Region 1928, Taiwan",Yes,4.4,3051,https://www.visittaipeiregion1928.com,"https://www.google.com/maps/search/Afghanistan,CultureTaipei+Region+1928",Romantic,Nightlife,Food & Wine
City,"Mexico City Region 1929, Mexico",154133,Cwb,1,April - October,A major global urban destination in Mexico known for its tourism appeal.,14.44,"Mexico City Region 1929, Mexico",No,4.4,1910,https://www.visitmexicocityregion1929.com,"https://www.google.com/maps/search/Afghanistan,CultureMexico+City+Region+1929",Nightlife,Family,Culture & Museums
City,"New York City Region 1930, USA",153979,Cfa,4,"March - May, September - November",A major global urban destination in USA known for its tourism appeal.,15.5,"New York City Region 1930, USA",No,4.8,1698,https://www.visitnewyorkcityregion1930.com,"https://www.google.com/maps/search/Afghanistan,CultureNew+York+City+Region+1930",Nightlife,Family,City Break
City,"Las Vegas Region 1931, USA",153825,BWk,3,May - September,A major global urban destination in USA known for its tourism appeal.,13.1,"Las Vegas Region 1931, USA",Yes,4.0,1889,https://www.visitlasvegasregion1931.com,"https://www.google.com/maps/search/Afghanistan,CultureLas+Vegas+Region+1931",Culture & Museums,Food & Wine,City Break
City,"Miami Region 1932, USA",153671,Am,3,December - March,A major global urban destination in USA known for its tourism appeal.,14.35,"Miami Region 1932, USA",Yes,3.8,5967,https://www.visitmiamiregion1932.com,"https://www.google.com/maps/search/Afghanistan,CultureMiami+Region+1932",Food & Wine,City Break,Culture & Museums
City,"Palma de Mallorca Region 1933, Spain",153518,Csa,2,"April - June, September - October",A major global urban destination in Spain known for its tourism appeal.,16.5,"Palma de Mallorca Region 1933, Spain",Yes,4.4,5612,https://www.visitpalmademallorcaregion1933.com,"https://www.google.com/maps/search/Afghanistan,CulturePalma+de+Mallorca+Region+1933",Culture & Museums,City Break,Family
City,"Cape Town Region 1934, South Africa",153364,Csb,2,May - September,A major global urban destination in South Africa known for its tourism appeal.,18.13,"Cape Town Region 1934, South Africa",No,4.7,7209,https://www.visitcapetownregion1934.com,"https://www.google.com/maps/search/Afghanistan,CultureCape+Town+Region+1934",City Break,Food & Wine,Family
City,"Phuket Region 1935, Thailand",153211,Am,1,December - March,A major global urban destination in Thailand known for its tourism appeal.,15.29,"Phuket Region 1935, Thailand",Yes,4.8,1533,https://www.visitphuketregion1935.com,"https://www.google.com/maps/search/Afghanistan,CulturePhuket+Region+1935",Food & Wine,Romantic,Family
City,"Taipei Region 1936, Taiwan",153057,Cfa,2,"March - May, September - November",A major global urban destination in Taiwan known for its tourism appeal.,15.44,"Taipei Region 1936, Taiwan",No,4.5,2702,https://www.visittaipeiregion1936.com,"https://www.google.com/maps/search/Afghanistan,CultureTaipei+Region+1936",City Break,Family,Culture & Museums
City,"Sydney Region 1937, Australia",152904,Cfa,3,"March - May, September - November",A major global urban destination in Australia known for its tourism appeal.,18.44,"Sydney Region 1937, Australia",Yes,4.9,5801,https://www.visitsydneyregion1937.com,"https://www.google.com/maps/search/Afghanistan,CultureSydney+Region+1937",Romantic,Culture & Museums,City Break
City,"Dublin Region 1938, Ireland",152751,Cfb,3,June - August,A major global urban destination in Ireland known for its tourism appeal.,16.75,"Dublin Region 1938, Ireland",No,4.6,4380,https://www.visitdublinregion1938.com,"https://www.google.com/maps/search/Afghanistan,CultureDublin+Region+1938",Nightlife,Culture & Museums,Food & Wine
City,"Venice Region 1939, Italy",152599,Cfa,3,"March - May, September - November",A major global urban destination in Italy known for its tourism appeal.,15.48,"Venice Region 1939, Italy",No,4.2,4857,https://www.visitveniceregion1939.com,"https://www.google.com/maps/search/Afghanistan,CultureVenice+Region+1939",Food & Wine,Nightlife,Culture & Museums
City,"Sydney Region 1940, Australia",152446,Cfa,3,"March - May, September - November",A major global urban destination in Australia known for its tourism appeal.,15.47,"Sydney Region 1940, Australia",No,4.1,5919,https://www.visitsydneyregion1940.com,"https://www.google.com/maps/search/Afghanistan,CultureSydney+Region+1940",Romantic,City Break,Nightlife
City,"Toronto Region 1941, Canada",152294,Dfa,3,May - September,A major global urban destination in Canada known for its tourism appeal.,13.75,"Toronto Region 1941, Canada",Yes,4.2,1882,https://www.visittorontoregion1941.com,"https://www.google.com/maps/search/Afghanistan,CultureToronto+Region+1941",Nightlife,Romantic,City Break
City,"New Delhi Region 1942, India",152141,BSh,1,October - March,A major global urban destination in India known for its tourism appeal.,14.0,"New Delhi Region 1942, India",No,4.2,2158,https://www.visitnewdelhiregion1942.com,"https://www.google.com/maps/search/Afghanistan,CultureNew+Delhi+Region+1942",Culture & Museums,City Break,Family
City,"Phuket Region 1943, Thailand",151989,Am,1,December - March,A major global urban destination in Thailand known for its tourism appeal.,16.41,"Phuket Region 1943, Thailand",Yes,4.4,5367,https://www.visitphuketregion1943.com,"https://www.google.com/maps/search/Afghanistan,CulturePhuket+Region+1943",Culture & Museums,Food & Wine,Nightlife
City,"Warsaw Region 1944, Poland",151837,Dfb,2,June - August,A major global urban destination in Poland known for its tourism appeal.,16.99,"Warsaw Region 1944, Poland",Yes,4.5,5963,https://www.visitwarsawregion1944.com,"https://www.google.com/maps/search/Afghanistan,CultureWarsaw+Region+1944",Romantic,City Break,Nightlife
City,"Bangkok Region 1945, Thailand",151685,Aw,1,November - April,A major global urban destination in Thailand known for its tourism appeal.,14.14,"Bangkok Region 1945, Thailand",No,4.3,1944,https://www.visitbangkokregion1945.com,"https://www.google.com/maps/search/Afghanistan,CultureBangkok+Region+1945",Food & Wine,Family,City Break
City,"Lisbon Region 1946, Portugal",151534,Csa,2,"April - June, September - October",A major global urban destination in Portugal known for its tourism appeal.,15.95,"Lisbon Region 1946, Portugal",Yes,4.2,6267,https://www.visitlisbonregion1946.com,"https://www.google.com/maps/search/Afghanistan,CultureLisbon+Region+1946",Romantic,City Break,Culture & Museums
City,"Las Vegas Region 1947, USA",151382,BWk,3,May - September,A major global urban destination in USA known for its tourism appeal.,15.6,"Las Vegas Region 1947, USA",Yes,4.2,5179,https://www.visitlasvegasregion1947.com,"https://www.google.com/maps/search/Afghanistan,CultureLas+Vegas+Region+1947",Nightlife,City Break,Family
City,"Copenhagen Region 1948, Denmark",151231,Cfb,4,June - August,A major global urban destination in Denmark known for its tourism appeal.,14.66,"Copenhagen Region 1948, Denmark",No,4.5,1813,https://www.visitcopenhagenregion1948.com,"https://www.google.com/maps/search/Afghanistan,CultureCopenhagen+Region+1948",Romantic,Family,City Break
City,"Stockholm Region 1949, Sweden",151080,Dfb,4,June - August,A major global urban destination in Sweden known for its tourism appeal.,14.54,"Stockholm Region 1949, Sweden",Yes,4.3,2407,https://www.visitstockholmregion1949.com,"https://www.google.com/maps/search/Afghanistan,CultureStockholm+Region+1949",Food & Wine,City Break,Culture & Museums
City,"Florence Region 1950, Italy",150929,Cfa,3,"March - May, September - November",A major global urban destination in Italy known for its tourism appeal.,15.52,"Florence Region 1950, Italy",No,4.6,2363,https://www.visitflorenceregion1950.com,"https://www.google.com/maps/search/Afghanistan,CultureFlorence+Region+1950",Romantic,City Break,Culture & Museums
City,"New Delhi Region 1951, India",150778,BSh,1,October - March,A major global urban destination in India known for its tourism appeal.,17.46,"New Delhi Region 1951, India",Yes,4.7,5175,https://www.visitnewdelhiregion1951.com,"https://www.google.com/maps/search/Afghanistan,CultureNew+Delhi+Region+1951",Family,Romantic,Culture & Museums
City,"Buenos Aires Region 1952, Argentina",150627,Cfa,1,"March - May, September - November",A major global urban destination in Argentina known for its tourism appeal.,14.2,"Buenos Aires Region 1952, Argentina",No,3.8,5441,https://www.visitbuenosairesregion1952.com,"https://www.google.com/maps/search/Afghanistan,CultureBuenos+Aires+Region+1952",Family,Nightlife,City Break
City,"Athens Region 1953, Greece",150476,Csa,2,"April - June, September - October",A major global urban destination in Greece known for its tourism appeal.,15.25,"Athens Region 1953, Greece",Yes,4.2,4284,https://www.visitathensregion1953.com,"https://www.google.com/maps/search/Afghanistan,CultureAthens+Region+1953",Romantic,Nightlife,Food & Wine
City,"Shanghai Region 1954, China",150326,Cfa,2,"March - May, September - November",A major global urban destination in China known for its tourism appeal.,15.75,"Shanghai Region 1954, China",Yes,4.3,4595,https://www.visitshanghairegion1954.com,"https://www.google.com/maps/search/Afghanistan,CultureShanghai+Region+1954",Romantic,Nightlife,Food & Wine
City,"Buenos Aires Region 1955, Argentina",150175,Cfa,1,"March - May, September - November",A major global urban destination in Argentina known for its tourism appeal.,13.98,"Buenos Aires Region 1955, Argentina",Yes,4.1,2567,https://www.visitbuenosairesregion1955.com,"https://www.google.com/maps/search/Afghanistan,CultureBuenos+Aires+Region+1955",Nightlife,Romantic,Family
City,"Barcelona Region 1956, Spain",150025,Csa,2,"April - June, September - October",A major global urban destination in Spain known for its tourism appeal.,16.43,"Barcelona Region 1956, Spain",No,4.3,6613,https://www.visitbarcelonaregion1956.com,"https://www.google.com/maps/search/Afghanistan,CultureBarcelona+Region+1956",Nightlife,City Break,Family
City,"Toronto Region 1957, Canada",149875,Dfa,3,May - September,A major global urban destination in Canada known for its tourism appeal.,16.18,"Toronto Region 1957, Canada",No,4.2,7128,https://www.visittorontoregion1957.com,"https://www.google.com/maps/search/Afghanistan,CultureToronto+Region+1957",Romantic,Family,Nightlife
City,"Seoul Region 1958, South Korea",149725,Dwa,2,May - October,A major global urban destination in South Korea known for its tourism appeal.,12.57,"Seoul Region 1958, South Korea",Yes,3.9,1675,https://www.visitseoulregion1958.com,"https://www.google.com/maps/search/Afghanistan,CultureSeoul+Region+1958",Romantic,City Break,Nightlife
City,"Lisbon Region 1959, Portugal",149576,Csa,2,"April - June, September - October",A major global urban destination in Portugal known for its tourism appeal.,16.48,"Lisbon Region 1959, Portugal",No,4.7,3209,https://www.visitlisbonregion1959.com,"https://www.google.com/maps/search/Afghanistan,CultureLisbon+Region+1959",City Break,Family,Culture & Museums
City,"Dublin Region 1960, Ireland",149426,Cfb,3,June - August,A major global urban destination in Ireland known for its tourism appeal.,16.1,"Dublin Region 1960, Ireland",No,4.3,5561,https://www.visitdublinregion1960.com,"https://www.google.com/maps/search/Afghanistan,CultureDublin+Region+1960",City Break,Food & Wine,Family
City,"Rome Region 1961, Italy",149277,Csa,3,"April - June, September - October",A major global urban destination in Italy known for its tourism appeal.,17.42,"Rome Region 1961, Italy",No,4.8,4261,https://www.visitromeregion1961.com,"https://www.google.com/maps/search/Afghanistan,CultureRome+Region+1961",City Break,Culture & Museums,Romantic
City,"Jerusalem Region 1962, Israel",149127,Csa,3,"April - June, September - October",A major global urban destination in Israel known for its tourism appeal.,16.17,"Jerusalem Region 1962, Israel",No,4.7,2760,https://www.visitjerusalemregion1962.com,"https://www.google.com/maps/search/Afghanistan,CultureJerusalem+Region+1962",City Break,Romantic,Culture & Museums
City,"Osaka Region 1963, Japan",148978,Cfa,2,"March - May, September - November",A major global urban destination in Japan known for its tourism appeal.,14.99,"Osaka Region 1963, Japan",No,3.9,6960,https://www.visitosakaregion1963.com,"https://www.google.com/maps/search/Afghanistan,CultureOsaka+Region+1963",Nightlife,Family,Culture & Museums
City,"Mexico City Region 1964, Mexico",148829,Cwb,1,April - October,A major global urban destination in Mexico known for its tourism appeal.,16.95,"Mexico City Region 1964, Mexico",Yes,4.8,3404,https://www.visitmexicocityregion1964.com,"https://www.google.com/maps/search/Afghanistan,CultureMexico+City+Region+1964",Culture & Museums,City Break,Nightlife
City,"Tokyo Region 1965, Japan",148680,Cfa,3,"March - May, September - November",A major global urban destination in Japan known for its tourism appeal.,17.28,"Tokyo Region 1965, Japan",Yes,4.8,3987,https://www.visittokyoregion1965.com,"https://www.google.com/maps/search/Afghanistan,CultureTokyo+Region+1965",City Break,Family,Romantic
City,"Istanbul Region 1966, Turkey",148532,Csa,1,"April - June, September - October",A major global urban destination in Turkey known for its tourism appeal.,13.71,"Istanbul Region 1966, Turkey",No,3.9,3271,https://www.visitistanbulregion1966.com,"https://www.google.com/maps/search/Afghanistan,CultureIstanbul+Region+1966",Family,City Break,Romantic
City,"Sydney Region 1967, Australia",148383,Cfa,3,"March - May, September - November",A major global urban destination in Australia known for its tourism appeal.,17.32,"Sydney Region 1967, Australia",Yes,4.9,3431,https://www.visitsydneyregion1967.com,"https://www.google.com/maps/search/Afghanistan,CultureSydney+Region+1967",Romantic,Food & Wine,Family
City,"Palma de Mallorca Region 1968, Spain",148235,Csa,2,"April - June, September - October",A major global urban destination in Spain known for its tourism appeal.,15.43,"Palma de Mallorca Region 1968, Spain",No,4.1,5800,https://www.visitpalmademallorcaregion1968.com,"https://www.google.com/maps/search/Afghanistan,CulturePalma+de+Mallorca+Region+1968",Nightlife,City Break,Food & Wine
City,"Madrid Region 1969, Spain",148087,Csa,2,"April - June, September - October",A major global urban destination in Spain known for its tourism appeal.,15.83,"Madrid Region 1969, Spain",Yes,4.2,5869,https://www.visitmadridregion1969.com,"https://www.google.com/maps/search/Afghanistan,CultureMadrid+Region+1969",Romantic,Food & Wine,Family
City,"Kyoto Region 1970, Japan",147938,Cfa,2,"March - May, September - November",A major global urban destination in Japan known for its tourism appeal.,18.33,"Kyoto Region 1970, Japan",No,4.8,6581,https://www.visitkyotoregion1970.com,"https://www.google.com/maps/search/Afghanistan,CultureKyoto+Region+1970",Culture & Museums,City Break,Nightlife
City,"Osaka Region 1971, Japan",147791,Cfa,2,"March - May, September - November",A major global urban destination in Japan known for its tourism appeal.,16.67,"Osaka Region 1971, Japan",Yes,4.8,2967,https://www.visitosakaregion1971.com,"https://www.google.com/maps/search/Afghanistan,CultureOsaka+Region+1971",Nightlife,City Break,Food & Wine
City,"Kuala Lumpur Region 1972, Malaysia",147643,Af,1,Year Round,A major global urban destination in Malaysia known for its tourism appeal.,14.2,"Kuala Lumpur Region 1972, Malaysia",Yes,4.3,2001,https://www.visitkualalumpurregion1972.com,"https://www.google.com/maps/search/Afghanistan,CultureKuala+Lumpur+Region+1972",Culture & Museums,Romantic,Nightlife
City,"Bangalore Region 1973, India",147495,Aw,1,November - April,A major global urban destination in India known for its tourism appeal.,15.33,"Bangalore Region 1973, India",No,4.3,3674,https://www.visitbangaloreregion1973.com,"https://www.google.com/maps/search/Afghanistan,CultureBangalore+Region+1973",Food & Wine,Family,Romantic
City,"Amsterdam Region 1974, Netherlands",147348,Cfb,3,June - August,A major global urban destination in Netherlands known for its tourism appeal.,15.48,"Amsterdam Region 1974, Netherlands",No,4.1,5950,https://www.visitamsterdamregion1974.com,"https://www.google.com/maps/search/Afghanistan,CultureAmsterdam+Region+1974",Culture & Museums,City Break,Romantic
City,"Osaka Region 1975, Japan",147200,Cfa,2,"March - May, September - November",A major global urban destination in Japan known for its tourism appeal.,15.82,"Osaka Region 1975, Japan",Yes,4.3,4783,https://www.visitosakaregion1975.com,"https://www.google.com/maps/search/Afghanistan,CultureOsaka+Region+1975",Family,Romantic,Food & Wine
City,"Rome Region 1976, Italy",147053,Csa,3,"April - June, September - October",A major global urban destination in Italy known for its tourism appeal.,15.69,"Rome Region 1976, Italy",No,4.2,5455,https://www.visitromeregion1976.com,"https://www.google.com/maps/search/Afghanistan,CultureRome+Region+1976",Family,City Break,Food & Wine
City,"Marrakech Region 1977, Morocco",146906,BSh,1,October - March,A major global urban destination in Morocco known for its tourism appeal.,13.45,"Marrakech Region 1977, Morocco",Yes,3.8,3471,https://www.visitmarrakechregion1977.com,"https://www.google.com/maps/search/Afghanistan,CultureMarrakech+Region+1977",Family,Nightlife,Romantic
City,"Dublin Region 1978, Ireland",146759,Cfb,3,June - August,A major global urban destination in Ireland known for its tourism appeal.,15.21,"Dublin Region 1978, Ireland",No,4.1,5140,https://www.visitdublinregion1978.com,"https://www.google.com/maps/search/Afghanistan,CultureDublin+Region+1978",Romantic,Family,Nightlife
City,"Hanoi Region 1979, Vietnam",146612,Cwa,1,October - April,A major global urban destination in Vietnam known for its tourism appeal.,16.36,"Hanoi Region 1979, Vietnam",Yes,4.4,5217,https://www.visithanoiregion1979.com,"https://www.google.com/maps/search/Afghanistan,CultureHanoi+Region+1979",City Break,Culture & Museums,Food & Wine
City,"Jerusalem Region 1980, Israel",146466,Csa,3,"April - June, September - October",A major global urban destination in Israel known for its tourism appeal.,17.97,"Jerusalem Region 1980, Israel",No,4.7,6656,https://www.visitjerusalemregion1980.com,"https://www.google.com/maps/search/Afghanistan,CultureJerusalem+Region+1980",Food & Wine,Culture & Museums,Family
City,"Munich Region 1981, Germany",146319,Cfb,3,June - August,A major global urban destination in Germany known for its tourism appeal.,16.79,"Munich Region 1981, Germany",No,4.5,5390,https://www.visitmunichregion1981.com,"https://www.google.com/maps/search/Afghanistan,CultureMunich+Region+1981",Family,City Break,Culture & Museums
City,"Mecca Region 1982, Saudi Arabia",146173,BWh,2,November - March,A major global urban destination in Saudi Arabia known for its tourism appeal.,15.6,"Mecca Region 1982, Saudi Arabia",No,4.1,6391,https://www.visitmeccaregion1982.com,"https://www.google.com/maps/search/Afghanistan,CultureMecca+Region+1982",Culture & Museums,Romantic,Food & Wine
City,"Dublin Region 1983, Ireland",146027,Cfb,3,June - August,A major global urban destination in Ireland known for its tourism appeal.,14.64,"Dublin Region 1983, Ireland",Yes,3.8,7137,https://www.visitdublinregion1983.com,"https://www.google.com/maps/search/Afghanistan,CultureDublin+Region+1983",Family,Culture & Museums,City Break
City,"Madrid Region 1984, Spain",145881,Csa,2,"April - June, September - October",A major global urban destination in Spain known for its tourism appeal.,16.82,"Madrid Region 1984, Spain",No,4.7,3783,https://www.visitmadridregion1984.com,"https://www.google.com/maps/search/Afghanistan,CultureMadrid+Region+1984",Nightlife,Family,Culture & Museums
City,"Athens Region 1985, Greece",145735,Csa,2,"April - June, September - October",A major global urban destination in Greece known for its tourism appeal.,15.57,"Athens Region 1985, Greece",Yes,4.4,3455,https://www.visitathensregion1985.com,"https://www.google.com/maps/search/Afghanistan,CultureAthens+Region+1985",Culture & Museums,Family,Romantic
City,"Tokyo Region 1986, Japan",145589,Cfa,3,"March - May, September - November",A major global urban destination in Japan known for its tourism appeal.,16.67,"Tokyo Region 1986, Japan",No,4.4,6144,https://www.visittokyoregion1986.com,"https://www.google.com/maps/search/Afghanistan,CultureTokyo+Region+1986",Culture & Museums,Romantic,Nightlife
City,"Madrid Region 1987, Spain",145444,Csa,2,"April - June, September - October",A major global urban destination in Spain known for its tourism appeal.,17.42,"Madrid Region 1987, Spain",No,4.6,6131,https://www.visitmadridregion1987.com,"https://www.google.com/maps/search/Afghanistan,CultureMadrid+Region+1987",City Break,Romantic,Family
City,"Shanghai Region 1988, China",145298,Cfa,2,"March - May, September - November",A major global urban destination in China known for its tourism appeal.,17.57,"Shanghai Region 1988, China",No,4.6,6589,https://www.visitshanghairegion1988.com,"https://www.google.com/maps/search/Afghanistan,CultureShanghai+Region+1988",Food & Wine,Family,Culture & Museums
City,"Phuket Region 1989, Thailand",145153,Am,1,December - March,A major global urban destination in Thailand known for its tourism appeal.,13.65,"Phuket Region 1989, Thailand",No,4.1,2129,https://www.visitphuketregion1989.com,"https://www.google.com/maps/search/Afghanistan,CulturePhuket+Region+1989",Family,Culture & Museums,Nightlife
City,"Jaipur Region 1990, India",145008,BSh,1,October - March,A major global urban destination in India known for its tourism appeal.,15.49,"Jaipur Region 1990, India",Yes,4.4,3321,https://www.visitjaipurregion1990.com,"https://www.google.com/maps/search/Afghanistan,CultureJaipur+Region+1990",Romantic,Nightlife,City Break
City,"Phuket Region 1991, Thailand",144863,Am,1,December - March,A major global urban destination in Thailand known for its tourism appeal.,15.97,"Phuket Region 1991, Thailand",Yes,4.3,5180,https://www.visitphuketregion1991.com,"https://www.google.com/maps/search/Afghanistan,CulturePhuket+Region+1991",Romantic,Nightlife,Food & Wine
City,"Warsaw Region 1992, Poland",144718,Dfb,2,June - August,A major global urban destination in Poland known for its tourism appeal.,17.08,"Warsaw Region 1992, Poland",Yes,4.5,6257,https://www.visitwarsawregion1992.com,"https://www.google.com/maps/search/Afghanistan,CultureWarsaw+Region+1992",Family,Romantic,Culture & Museums
City,"Bangalore Region 1993, India",144573,Aw,1,November - April,A major global urban destination in India known for its tourism appeal.,15.56,"Bangalore Region 1993, India",Yes,4.2,5076,https://www.visitbangaloreregion1993.com,"https://www.google.com/maps/search/Afghanistan,CultureBangalore+Region+1993",Culture & Museums,Nightlife,City Break
City,"Mecca Region 1994, Saudi Arabia",144428,BWh,2,November - March,A major global urban destination in Saudi Arabia known for its tourism appeal.,17.02,"Mecca Region 1994, Saudi Arabia",Yes,4.7,4175,https://www.visitmeccaregion1994.com,"https://www.google.com/maps/search/Afghanistan,CultureMecca+Region+1994",Romantic,Family,Food & Wine
City,"Sydney Region 1995, Australia",144284,Cfa,3,"March - May, September - November",A major global urban destination in Australia known for its tourism appeal.,14.88,"Sydney Region 1995, Australia",Yes,4.0,5263,https://www.visitsydneyregion1995.com,"https://www.google.com/maps/search/Afghanistan,CultureSydney+Region+1995",City Break,Romantic,Culture & Museums
City,"Palma de Mallorca Region 1996, Spain",144140,Csa,2,"April - June, September - October",A major global urban destination in Spain known for its tourism appeal.,13.41,"Palma de Mallorca Region 1996, Spain",No,4.2,1557,https://www.visitpalmademallorcaregion1996.com,"https://www.google.com/maps/search/Afghanistan,CulturePalma+de+Mallorca+Region+1996",Romantic,Food & Wine,Family
City,"Cairo Region 1997, Egypt",143996,BWh,1,November - March,A major global urban destination in Egypt known for its tourism appeal.,16.3,"Cairo Region 1997, Egypt",No,4.6,3492,https://www.visitcairoregion1997.com,"https://www.google.com/maps/search/Afghanistan,CultureCairo+Region+1997",City Break,Romantic,Food & Wine
City,"Singapore Region 1998, Singapore",143852,Af,4,Year Round,A major global urban destination in Singapore known for its tourism appeal.,13.44,"Singapore Region 1998, Singapore",No,4.1,1897,https://www.visitsingaporeregion1998.com,"https://www.google.com/maps/search/Afghanistan,CultureSingapore+Region+1998",Food & Wine,Culture & Museums,Family
City,"Singapore Region 1999, Singapore",143708,Af,4,Year Round,A major global urban destination in Singapore known for its tourism appeal.,14.95,"Singapore Region 1999, Singapore",Yes,3.9,6825,https://www.visitsingaporeregion1999.com,"https://www.google.com/maps/search/Afghanistan,CultureSingapore+Region+1999",City Break,Nightlife,Romantic
